recognizer,far,tar,threshold
fp32,0.000000,0.000335,0.957995
fp32,0.000000,0.000671,0.930483
fp32,0.000000,0.001006,0.922546
fp32,0.000000,0.001342,0.921717
fp32,0.000000,0.001677,0.912907
fp32,0.000000,0.002013,0.906169
fp32,0.000000,0.002348,0.905885
fp32,0.000000,0.002684,0.903261
fp32,0.000000,0.003019,0.902745
fp32,0.000000,0.003355,0.902605
fp32,0.000000,0.003690,0.900090
fp32,0.000000,0.004025,0.897106
fp32,0.000000,0.004361,0.891329
fp32,0.000000,0.004696,0.888051
fp32,0.000000,0.005032,0.887574
fp32,0.000000,0.005367,0.886453
fp32,0.000000,0.005703,0.885119
fp32,0.000000,0.006038,0.880002
fp32,0.000000,0.006374,0.875144
fp32,0.000000,0.006709,0.875104
fp32,0.000000,0.007045,0.874129
fp32,0.000000,0.007380,0.872911
fp32,0.000000,0.007716,0.868952
fp32,0.000000,0.008051,0.867997
fp32,0.000000,0.008386,0.866814
fp32,0.000000,0.008722,0.865991
fp32,0.000000,0.009057,0.864367
fp32,0.000000,0.009393,0.863679
fp32,0.000000,0.009728,0.862577
fp32,0.000000,0.010064,0.861130
fp32,0.000000,0.010399,0.860989
fp32,0.000000,0.010735,0.860978
fp32,0.000000,0.011070,0.860349
fp32,0.000000,0.011406,0.858679
fp32,0.000000,0.011741,0.858520
fp32,0.000000,0.012076,0.858260
fp32,0.000000,0.012412,0.856200
fp32,0.000000,0.012747,0.856161
fp32,0.000000,0.013083,0.854367
fp32,0.000000,0.013418,0.853699
fp32,0.000000,0.013754,0.847719
fp32,0.000000,0.014089,0.847051
fp32,0.000000,0.014425,0.844437
fp32,0.000000,0.014760,0.842886
fp32,0.000000,0.015096,0.842809
fp32,0.000000,0.015431,0.841986
fp32,0.000000,0.015767,0.841542
fp32,0.000000,0.016102,0.838649
fp32,0.000000,0.016437,0.837174
fp32,0.000000,0.016773,0.836979
fp32,0.000000,0.017108,0.836076
fp32,0.000000,0.017444,0.835848
fp32,0.000000,0.017779,0.835537
fp32,0.000000,0.018115,0.835261
fp32,0.000000,0.018450,0.835042
fp32,0.000000,0.018786,0.835002
fp32,0.000000,0.019121,0.834955
fp32,0.000000,0.019457,0.834287
fp32,0.000000,0.019792,0.833658
fp32,0.000000,0.020127,0.830858
fp32,0.000000,0.020463,0.830561
fp32,0.000000,0.020798,0.827510
fp32,0.000000,0.021134,0.827505
fp32,0.000000,0.021469,0.826800
fp32,0.000000,0.021805,0.824879
fp32,0.000000,0.022140,0.824316
fp32,0.000000,0.022476,0.823423
fp32,0.000000,0.022811,0.822880
fp32,0.000000,0.023147,0.822033
fp32,0.000000,0.023482,0.821916
fp32,0.000000,0.023818,0.821599
fp32,0.000000,0.024153,0.821567
fp32,0.000000,0.024488,0.821560
fp32,0.000000,0.024824,0.821050
fp32,0.000000,0.025159,0.820700
fp32,0.000000,0.025495,0.820562
fp32,0.000000,0.025830,0.819058
fp32,0.000000,0.026166,0.817870
fp32,0.000000,0.026501,0.817209
fp32,0.000000,0.026837,0.816552
fp32,0.000000,0.027172,0.815278
fp32,0.000000,0.027508,0.813893
fp32,0.000000,0.027843,0.813094
fp32,0.000000,0.028178,0.812449
fp32,0.000000,0.028514,0.812148
fp32,0.000000,0.028849,0.811517
fp32,0.000000,0.029185,0.811262
fp32,0.000000,0.029520,0.811065
fp32,0.000000,0.029856,0.810910
fp32,0.000000,0.030191,0.810527
fp32,0.000000,0.030527,0.810413
fp32,0.000000,0.030862,0.809726
fp32,0.000000,0.031198,0.809418
fp32,0.000000,0.031533,0.809241
fp32,0.000000,0.031869,0.809240
fp32,0.000000,0.032204,0.808877
fp32,0.000000,0.032539,0.808800
fp32,0.000000,0.032875,0.808646
fp32,0.000000,0.033210,0.808113
fp32,0.000000,0.033546,0.807959
fp32,0.000000,0.033881,0.807823
fp32,0.000000,0.034217,0.806646
fp32,0.000000,0.034552,0.805558
fp32,0.000000,0.034888,0.805493
fp32,0.000000,0.035223,0.805243
fp32,0.000000,0.035559,0.804075
fp32,0.000000,0.035894,0.803859
fp32,0.000000,0.036229,0.802472
fp32,0.000000,0.036565,0.802382
fp32,0.000000,0.036900,0.801415
fp32,0.000000,0.037236,0.801179
fp32,0.000000,0.037571,0.801163
fp32,0.000000,0.037907,0.800263
fp32,0.000000,0.038242,0.800068
fp32,0.000000,0.038578,0.799991
fp32,0.000000,0.038913,0.799857
fp32,0.000000,0.039249,0.799061
fp32,0.000000,0.039584,0.798832
fp32,0.000000,0.039919,0.798208
fp32,0.000000,0.040255,0.798130
fp32,0.000000,0.040590,0.798010
fp32,0.000000,0.040926,0.797244
fp32,0.000000,0.041261,0.796808
fp32,0.000000,0.041597,0.796258
fp32,0.000000,0.041932,0.795591
fp32,0.000000,0.042268,0.795437
fp32,0.000000,0.042603,0.794697
fp32,0.000000,0.042939,0.794475
fp32,0.000000,0.043274,0.793786
fp32,0.000000,0.043610,0.793488
fp32,0.000000,0.043945,0.792715
fp32,0.000000,0.044280,0.792673
fp32,0.000000,0.044616,0.792389
fp32,0.000000,0.044951,0.792256
fp32,0.000000,0.045287,0.792155
fp32,0.000000,0.045622,0.791116
fp32,0.000000,0.045958,0.790768
fp32,0.000000,0.046293,0.789729
fp32,0.000000,0.046629,0.789691
fp32,0.000000,0.046964,0.789664
fp32,0.000000,0.047300,0.788450
fp32,0.000000,0.047635,0.788079
fp32,0.000000,0.047970,0.788025
fp32,0.000000,0.048306,0.787669
fp32,0.000000,0.048641,0.786903
fp32,0.000000,0.048977,0.786488
fp32,0.000000,0.049312,0.786461
fp32,0.000000,0.049648,0.786027
fp32,0.000000,0.049983,0.785328
fp32,0.000000,0.050319,0.785291
fp32,0.000000,0.050654,0.785191
fp32,0.000000,0.050990,0.783294
fp32,0.000000,0.051325,0.783142
fp32,0.000000,0.051661,0.783125
fp32,0.000000,0.051996,0.783118
fp32,0.000000,0.052331,0.782737
fp32,0.000000,0.052667,0.782651
fp32,0.000000,0.053002,0.782575
fp32,0.000000,0.053338,0.782452
fp32,0.000000,0.053673,0.782299
fp32,0.000000,0.054009,0.781852
fp32,0.000000,0.054344,0.781821
fp32,0.000000,0.054680,0.781820
fp32,0.000000,0.055015,0.781227
fp32,0.000000,0.055351,0.781113
fp32,0.000000,0.055686,0.780850
fp32,0.000000,0.056021,0.780635
fp32,0.000000,0.056357,0.780613
fp32,0.000000,0.056692,0.780101
fp32,0.000000,0.057028,0.780010
fp32,0.000000,0.057363,0.779600
fp32,0.000000,0.057699,0.779263
fp32,0.000000,0.058034,0.779232
fp32,0.000000,0.058370,0.778916
fp32,0.000000,0.058705,0.778912
fp32,0.000000,0.059041,0.778860
fp32,0.000000,0.059376,0.778645
fp32,0.000000,0.059712,0.777726
fp32,0.000000,0.060047,0.777376
fp32,0.000000,0.060382,0.777087
fp32,0.000000,0.060718,0.776268
fp32,0.000000,0.061053,0.775672
fp32,0.000000,0.061389,0.775608
fp32,0.000000,0.061724,0.775559
fp32,0.000000,0.062060,0.775544
fp32,0.000000,0.062395,0.775533
fp32,0.000000,0.062731,0.775245
fp32,0.000000,0.063066,0.775184
fp32,0.000000,0.063402,0.775078
fp32,0.000000,0.063737,0.774859
fp32,0.000000,0.064072,0.774826
fp32,0.000000,0.064408,0.774642
fp32,0.000000,0.064743,0.774537
fp32,0.000000,0.065079,0.774472
fp32,0.000000,0.065414,0.774402
fp32,0.000000,0.065750,0.774271
fp32,0.000000,0.066085,0.774083
fp32,0.000000,0.066421,0.773911
fp32,0.000000,0.066756,0.773892
fp32,0.000000,0.067092,0.773831
fp32,0.000000,0.067427,0.773757
fp32,0.000000,0.067762,0.773709
fp32,0.000000,0.068098,0.772878
fp32,0.000000,0.068433,0.772860
fp32,0.000000,0.068769,0.771274
fp32,0.000000,0.069104,0.770965
fp32,0.000000,0.069440,0.770768
fp32,0.000000,0.069775,0.770460
fp32,0.000000,0.070111,0.770317
fp32,0.000000,0.070446,0.769718
fp32,0.000000,0.070782,0.769427
fp32,0.000000,0.071117,0.769317
fp32,0.000000,0.071453,0.769278
fp32,0.000000,0.071788,0.768961
fp32,0.000000,0.072123,0.768847
fp32,0.000000,0.072459,0.768664
fp32,0.000000,0.072794,0.768449
fp32,0.000000,0.073130,0.768409
fp32,0.000000,0.073465,0.768403
fp32,0.000000,0.073801,0.768332
fp32,0.000000,0.074136,0.767342
fp32,0.000000,0.074472,0.766626
fp32,0.000000,0.074807,0.766558
fp32,0.000000,0.075143,0.766176
fp32,0.000000,0.075478,0.766098
fp32,0.000000,0.075813,0.766020
fp32,0.000000,0.076149,0.765438
fp32,0.000000,0.076484,0.765415
fp32,0.000000,0.076820,0.764965
fp32,0.000000,0.077155,0.764825
fp32,0.000000,0.077491,0.764473
fp32,0.000000,0.077826,0.764174
fp32,0.000000,0.078162,0.764150
fp32,0.000000,0.078497,0.763568
fp32,0.000000,0.078833,0.763554
fp32,0.000000,0.079168,0.763400
fp32,0.000000,0.079504,0.763331
fp32,0.000000,0.079839,0.763040
fp32,0.000000,0.080174,0.762552
fp32,0.000000,0.080510,0.762420
fp32,0.000000,0.080845,0.762123
fp32,0.000000,0.081181,0.761057
fp32,0.000000,0.081516,0.760854
fp32,0.000000,0.081852,0.760846
fp32,0.000000,0.082187,0.760369
fp32,0.000000,0.082523,0.760230
fp32,0.000000,0.082858,0.760180
fp32,0.000000,0.083194,0.760101
fp32,0.000000,0.083529,0.759720
fp32,0.000000,0.083864,0.759711
fp32,0.000000,0.084200,0.759691
fp32,0.000000,0.084535,0.759632
fp32,0.000000,0.084871,0.759625
fp32,0.000000,0.085206,0.759618
fp32,0.000000,0.085542,0.759275
fp32,0.000000,0.085877,0.759093
fp32,0.000000,0.086213,0.759021
fp32,0.000000,0.086548,0.758972
fp32,0.000000,0.086884,0.758709
fp32,0.000000,0.087219,0.758345
fp32,0.000000,0.087555,0.758146
fp32,0.000000,0.087890,0.757807
fp32,0.000000,0.088225,0.757651
fp32,0.000000,0.088561,0.757282
fp32,0.000000,0.088896,0.757280
fp32,0.000000,0.089232,0.757246
fp32,0.000000,0.089567,0.756514
fp32,0.000000,0.089903,0.755958
fp32,0.000000,0.090238,0.755385
fp32,0.000000,0.090574,0.755261
fp32,0.000000,0.090909,0.755234
fp32,0.000000,0.091245,0.755088
fp32,0.000000,0.091580,0.754597
fp32,0.000000,0.091915,0.754323
fp32,0.000000,0.092251,0.754021
fp32,0.000000,0.092586,0.753903
fp32,0.000000,0.092922,0.753743
fp32,0.000000,0.093257,0.752889
fp32,0.000000,0.093593,0.752272
fp32,0.000000,0.093928,0.752035
fp32,0.000000,0.094264,0.751706
fp32,0.000000,0.094599,0.751499
fp32,0.000000,0.094935,0.751450
fp32,0.000000,0.095270,0.751410
fp32,0.000000,0.095606,0.751194
fp32,0.000000,0.095941,0.751141
fp32,0.000000,0.096276,0.751032
fp32,0.000000,0.096612,0.751005
fp32,0.000000,0.096947,0.750916
fp32,0.000000,0.097283,0.750666
fp32,0.000000,0.097618,0.750379
fp32,0.000000,0.097954,0.749700
fp32,0.000000,0.098289,0.749674
fp32,0.000000,0.098625,0.749452
fp32,0.000000,0.098960,0.749338
fp32,0.000000,0.099296,0.749301
fp32,0.000000,0.099631,0.748970
fp32,0.000000,0.099966,0.748576
fp32,0.000000,0.100302,0.748298
fp32,0.000000,0.100637,0.748208
fp32,0.000000,0.100973,0.748132
fp32,0.000000,0.101308,0.747663
fp32,0.000000,0.101644,0.747298
fp32,0.000000,0.101979,0.747176
fp32,0.000000,0.102315,0.746949
fp32,0.000000,0.102650,0.746941
fp32,0.000000,0.102986,0.746840
fp32,0.000000,0.103321,0.746528
fp32,0.000000,0.103656,0.746150
fp32,0.000000,0.103992,0.746013
fp32,0.000000,0.104327,0.746005
fp32,0.000000,0.104663,0.745440
fp32,0.000000,0.104998,0.745204
fp32,0.000000,0.105334,0.744896
fp32,0.000000,0.105669,0.744778
fp32,0.000000,0.106005,0.744093
fp32,0.000000,0.106340,0.744089
fp32,0.000000,0.106676,0.743969
fp32,0.000000,0.107011,0.743840
fp32,0.000000,0.107347,0.743751
fp32,0.000000,0.107682,0.743684
fp32,0.000000,0.108017,0.743553
fp32,0.000000,0.108353,0.743269
fp32,0.000000,0.108688,0.743263
fp32,0.000000,0.109024,0.743261
fp32,0.000000,0.109359,0.743159
fp32,0.000000,0.109695,0.742769
fp32,0.000000,0.110030,0.742694
fp32,0.000000,0.110366,0.742284
fp32,0.000000,0.110701,0.742136
fp32,0.000000,0.111037,0.742118
fp32,0.000000,0.111372,0.741924
fp32,0.000000,0.111707,0.741876
fp32,0.000000,0.112043,0.741514
fp32,0.000000,0.112378,0.741280
fp32,0.000000,0.112714,0.741107
fp32,0.000000,0.113049,0.740868
fp32,0.000000,0.113385,0.740710
fp32,0.000000,0.113720,0.740614
fp32,0.000000,0.114056,0.740497
fp32,0.000000,0.114391,0.740467
fp32,0.000000,0.114727,0.740213
fp32,0.000000,0.115062,0.739957
fp32,0.000000,0.115398,0.739779
fp32,0.000000,0.115733,0.739761
fp32,0.000000,0.116068,0.739740
fp32,0.000000,0.116404,0.739523
fp32,0.000000,0.116739,0.739358
fp32,0.000000,0.117075,0.739230
fp32,0.000000,0.117410,0.738857
fp32,0.000000,0.117746,0.738826
fp32,0.000000,0.118081,0.738729
fp32,0.000000,0.118417,0.738699
fp32,0.000000,0.118752,0.738659
fp32,0.000000,0.119088,0.738656
fp32,0.000000,0.119423,0.738430
fp32,0.000000,0.119758,0.738362
fp32,0.000000,0.120094,0.737733
fp32,0.000000,0.120429,0.737629
fp32,0.000000,0.120765,0.737532
fp32,0.000000,0.121100,0.737400
fp32,0.000000,0.121436,0.737221
fp32,0.000000,0.121771,0.737146
fp32,0.000000,0.122107,0.737110
fp32,0.000000,0.122442,0.736588
fp32,0.000000,0.122778,0.736565
fp32,0.000000,0.123113,0.736241
fp32,0.000000,0.123449,0.736231
fp32,0.000000,0.123784,0.736048
fp32,0.000000,0.124119,0.735703
fp32,0.000000,0.124455,0.735682
fp32,0.000000,0.124790,0.735058
fp32,0.000000,0.125126,0.734971
fp32,0.000000,0.125461,0.734833
fp32,0.000000,0.125797,0.734304
fp32,0.000000,0.126132,0.734297
fp32,0.000000,0.126468,0.734083
fp32,0.000000,0.126803,0.734052
fp32,0.000000,0.127139,0.733655
fp32,0.000000,0.127474,0.733633
fp32,0.000000,0.127809,0.733489
fp32,0.000000,0.128145,0.733425
fp32,0.000000,0.128480,0.733297
fp32,0.000000,0.128816,0.733284
fp32,0.000000,0.129151,0.733221
fp32,0.000000,0.129487,0.733181
fp32,0.000000,0.129822,0.732968
fp32,0.000000,0.130158,0.732769
fp32,0.000000,0.130493,0.732610
fp32,0.000000,0.130829,0.732608
fp32,0.000000,0.131164,0.732589
fp32,0.000000,0.131499,0.732547
fp32,0.000000,0.131835,0.732450
fp32,0.000000,0.132170,0.732346
fp32,0.000000,0.132506,0.732313
fp32,0.000000,0.132841,0.732225
fp32,0.000000,0.133177,0.731978
fp32,0.000000,0.133512,0.731940
fp32,0.000000,0.133848,0.731929
fp32,0.000000,0.134183,0.731879
fp32,0.000000,0.134519,0.731741
fp32,0.000000,0.134854,0.731529
fp32,0.000000,0.135190,0.731431
fp32,0.000000,0.135525,0.731316
fp32,0.000000,0.135860,0.731270
fp32,0.000000,0.136196,0.731166
fp32,0.000000,0.136531,0.730690
fp32,0.000000,0.136867,0.730675
fp32,0.000000,0.137202,0.730656
fp32,0.000000,0.137538,0.730463
fp32,0.000000,0.137873,0.730459
fp32,0.000000,0.138209,0.729868
fp32,0.000000,0.138544,0.729659
fp32,0.000000,0.138880,0.729490
fp32,0.000000,0.139215,0.729380
fp32,0.000000,0.139550,0.729317
fp32,0.000000,0.139886,0.729066
fp32,0.000000,0.140221,0.729022
fp32,0.000000,0.140557,0.728848
fp32,0.000000,0.140892,0.728606
fp32,0.000000,0.141228,0.728520
fp32,0.000000,0.141563,0.728309
fp32,0.000000,0.141899,0.728291
fp32,0.000000,0.142234,0.728262
fp32,0.000000,0.142570,0.728183
fp32,0.000000,0.142905,0.728043
fp32,0.000000,0.143241,0.727631
fp32,0.000000,0.143576,0.727555
fp32,0.000000,0.143911,0.727519
fp32,0.000000,0.144247,0.726990
fp32,0.000000,0.144582,0.726694
fp32,0.000000,0.144918,0.726542
fp32,0.000000,0.145253,0.726478
fp32,0.000000,0.145589,0.726365
fp32,0.000000,0.145924,0.726351
fp32,0.000000,0.146260,0.726095
fp32,0.000000,0.146595,0.725802
fp32,0.000000,0.146931,0.724947
fp32,0.000000,0.147266,0.724942
fp32,0.000000,0.147601,0.724237
fp32,0.000000,0.147937,0.723948
fp32,0.000000,0.148272,0.723739
fp32,0.000000,0.148608,0.723728
fp32,0.000000,0.148943,0.723710
fp32,0.000000,0.149279,0.723603
fp32,0.000000,0.149614,0.723566
fp32,0.000000,0.149950,0.723555
fp32,0.000000,0.150285,0.723478
fp32,0.000000,0.150621,0.723444
fp32,0.000000,0.150956,0.722817
fp32,0.000000,0.151292,0.722813
fp32,0.000000,0.151627,0.722786
fp32,0.000000,0.151962,0.722693
fp32,0.000000,0.152298,0.722656
fp32,0.000000,0.152633,0.722616
fp32,0.000000,0.152969,0.722546
fp32,0.000000,0.153304,0.722404
fp32,0.000000,0.153640,0.722208
fp32,0.000000,0.153975,0.722193
fp32,0.000000,0.154311,0.722090
fp32,0.000000,0.154646,0.722020
fp32,0.000000,0.154982,0.721577
fp32,0.000000,0.155317,0.721488
fp32,0.000000,0.155652,0.721432
fp32,0.000000,0.155988,0.721365
fp32,0.000000,0.156323,0.721320
fp32,0.000000,0.156659,0.721264
fp32,0.000000,0.156994,0.721179
fp32,0.000000,0.157330,0.721172
fp32,0.000000,0.157665,0.721096
fp32,0.000000,0.158001,0.721007
fp32,0.000000,0.158336,0.720971
fp32,0.000000,0.158672,0.720940
fp32,0.000000,0.159007,0.720817
fp32,0.000000,0.159343,0.720494
fp32,0.000000,0.159678,0.720373
fp32,0.000000,0.160013,0.720314
fp32,0.000000,0.160349,0.720265
fp32,0.000000,0.160684,0.720171
fp32,0.000000,0.161020,0.719636
fp32,0.000000,0.161355,0.719301
fp32,0.000000,0.161691,0.718982
fp32,0.000000,0.162026,0.718715
fp32,0.000000,0.162362,0.718665
fp32,0.000000,0.162697,0.718579
fp32,0.000000,0.163033,0.718522
fp32,0.000000,0.163368,0.718490
fp32,0.000000,0.163703,0.718056
fp32,0.000000,0.164039,0.717805
fp32,0.000000,0.164374,0.717743
fp32,0.000000,0.164710,0.717684
fp32,0.000000,0.165045,0.717627
fp32,0.000000,0.165381,0.717570
fp32,0.000000,0.165716,0.717481
fp32,0.000000,0.166052,0.717353
fp32,0.000000,0.166387,0.716989
fp32,0.000000,0.166723,0.716742
fp32,0.000000,0.167058,0.716652
fp32,0.000000,0.167393,0.716619
fp32,0.000000,0.167729,0.716616
fp32,0.000000,0.168064,0.716384
fp32,0.000000,0.168400,0.716335
fp32,0.000000,0.168735,0.716233
fp32,0.000000,0.169071,0.716046
fp32,0.000000,0.169406,0.716002
fp32,0.000000,0.169742,0.715883
fp32,0.000000,0.170077,0.715593
fp32,0.000000,0.170413,0.715527
fp32,0.000000,0.170748,0.715187
fp32,0.000000,0.171084,0.715173
fp32,0.000000,0.171419,0.714998
fp32,0.000000,0.171754,0.714904
fp32,0.000000,0.172090,0.714887
fp32,0.000000,0.172425,0.714723
fp32,0.000000,0.172761,0.714490
fp32,0.000000,0.173096,0.714224
fp32,0.000000,0.173432,0.714055
fp32,0.000000,0.173767,0.714015
fp32,0.000000,0.174103,0.713930
fp32,0.000000,0.174438,0.713690
fp32,0.000000,0.174774,0.713646
fp32,0.000000,0.175109,0.713457
fp32,0.000000,0.175444,0.713393
fp32,0.000000,0.175780,0.713090
fp32,0.000000,0.176115,0.712582
fp32,0.000000,0.176451,0.712442
fp32,0.000000,0.176786,0.712389
fp32,0.000000,0.177122,0.712355
fp32,0.000000,0.177457,0.712051
fp32,0.000000,0.177793,0.711787
fp32,0.000000,0.178128,0.711668
fp32,0.000000,0.178464,0.711466
fp32,0.000000,0.178799,0.711430
fp32,0.000000,0.179135,0.711340
fp32,0.000000,0.179470,0.710984
fp32,0.000000,0.179805,0.710650
fp32,0.000000,0.180141,0.710546
fp32,0.000000,0.180476,0.710492
fp32,0.000000,0.180812,0.710483
fp32,0.000000,0.181147,0.710233
fp32,0.000000,0.181483,0.710123
fp32,0.000000,0.181818,0.710098
fp32,0.000000,0.182154,0.709938
fp32,0.000000,0.182489,0.709831
fp32,0.000000,0.182825,0.709773
fp32,0.000000,0.183160,0.709439
fp32,0.000000,0.183495,0.709234
fp32,0.000000,0.183831,0.709024
fp32,0.000000,0.184166,0.708919
fp32,0.000000,0.184502,0.708745
fp32,0.000000,0.184837,0.708700
fp32,0.000000,0.185173,0.708642
fp32,0.000000,0.185508,0.708565
fp32,0.000000,0.185844,0.708462
fp32,0.000000,0.186179,0.708440
fp32,0.000000,0.186515,0.708375
fp32,0.000000,0.186850,0.708180
fp32,0.000000,0.187186,0.708085
fp32,0.000000,0.187521,0.707993
fp32,0.000000,0.187856,0.707966
fp32,0.000000,0.188192,0.707878
fp32,0.000000,0.188527,0.707630
fp32,0.000000,0.188863,0.707503
fp32,0.000000,0.189198,0.706837
fp32,0.000000,0.189534,0.706631
fp32,0.000000,0.189869,0.706466
fp32,0.000000,0.190205,0.706456
fp32,0.000000,0.190540,0.706437
fp32,0.000000,0.190876,0.706220
fp32,0.000000,0.191211,0.706217
fp32,0.000000,0.191546,0.705616
fp32,0.000000,0.191882,0.705373
fp32,0.000000,0.192217,0.705225
fp32,0.000000,0.192553,0.705218
fp32,0.000000,0.192888,0.705202
fp32,0.000000,0.193224,0.704955
fp32,0.000000,0.193559,0.704879
fp32,0.000000,0.193895,0.704874
fp32,0.000000,0.194230,0.704858
fp32,0.000000,0.194566,0.704829
fp32,0.000000,0.194901,0.704812
fp32,0.000000,0.195236,0.704712
fp32,0.000000,0.195572,0.704680
fp32,0.000000,0.195907,0.704456
fp32,0.000000,0.196243,0.704436
fp32,0.000000,0.196578,0.704398
fp32,0.000000,0.196914,0.704332
fp32,0.000000,0.197249,0.704270
fp32,0.000000,0.197585,0.704201
fp32,0.000000,0.197920,0.703337
fp32,0.000000,0.198256,0.703222
fp32,0.000000,0.198591,0.703170
fp32,0.000000,0.198927,0.702937
fp32,0.000000,0.199262,0.702934
fp32,0.000000,0.199597,0.702783
fp32,0.000000,0.199933,0.702771
fp32,0.000000,0.200268,0.702683
fp32,0.000000,0.200604,0.702574
fp32,0.000000,0.200939,0.702419
fp32,0.000000,0.201275,0.702396
fp32,0.000000,0.201610,0.702290
fp32,0.000000,0.201946,0.702251
fp32,0.000000,0.202281,0.702205
fp32,0.000000,0.202617,0.702180
fp32,0.000000,0.202952,0.701893
fp32,0.000000,0.203287,0.701765
fp32,0.000000,0.203623,0.701753
fp32,0.000000,0.203958,0.701551
fp32,0.000000,0.204294,0.701514
fp32,0.000000,0.204629,0.701501
fp32,0.000000,0.204965,0.701386
fp32,0.000000,0.205300,0.701232
fp32,0.000000,0.205636,0.701091
fp32,0.000000,0.205971,0.701020
fp32,0.000000,0.206307,0.701001
fp32,0.000000,0.206642,0.700927
fp32,0.000000,0.206978,0.700914
fp32,0.000000,0.207313,0.700786
fp32,0.000000,0.207648,0.700670
fp32,0.000000,0.207984,0.700656
fp32,0.000000,0.208319,0.700637
fp32,0.000000,0.208655,0.700406
fp32,0.000000,0.208990,0.700350
fp32,0.000000,0.209326,0.700281
fp32,0.000000,0.209661,0.700217
fp32,0.000000,0.209997,0.700125
fp32,0.000000,0.210332,0.700008
fp32,0.000000,0.210668,0.699896
fp32,0.000000,0.211003,0.699727
fp32,0.000000,0.211338,0.699722
fp32,0.000000,0.211674,0.699718
fp32,0.000000,0.212009,0.699664
fp32,0.000000,0.212345,0.699602
fp32,0.000000,0.212680,0.699307
fp32,0.000000,0.213016,0.699233
fp32,0.000000,0.213351,0.699153
fp32,0.000000,0.213687,0.699122
fp32,0.000000,0.214022,0.698679
fp32,0.000000,0.214358,0.698621
fp32,0.000000,0.214693,0.698531
fp32,0.000000,0.215029,0.698289
fp32,0.000000,0.215364,0.698213
fp32,0.000000,0.215699,0.698104
fp32,0.000000,0.216035,0.697961
fp32,0.000000,0.216370,0.697867
fp32,0.000000,0.216706,0.697641
fp32,0.000000,0.217041,0.697444
fp32,0.000000,0.217377,0.697389
fp32,0.000000,0.217712,0.697338
fp32,0.000000,0.218048,0.697139
fp32,0.000000,0.218383,0.696773
fp32,0.000000,0.218719,0.696390
fp32,0.000000,0.219054,0.695830
fp32,0.000000,0.219389,0.695682
fp32,0.000000,0.219725,0.695670
fp32,0.000000,0.220060,0.695552
fp32,0.000000,0.220396,0.695467
fp32,0.000000,0.220731,0.695114
fp32,0.000000,0.221067,0.694980
fp32,0.000000,0.221402,0.694945
fp32,0.000000,0.221738,0.694891
fp32,0.000000,0.222073,0.694653
fp32,0.000000,0.222409,0.694599
fp32,0.000000,0.222744,0.694500
fp32,0.000000,0.223080,0.694381
fp32,0.000000,0.223415,0.694270
fp32,0.000000,0.223750,0.694184
fp32,0.000000,0.224086,0.694153
fp32,0.000000,0.224421,0.694075
fp32,0.000000,0.224757,0.694026
fp32,0.000000,0.225092,0.693918
fp32,0.000000,0.225428,0.693762
fp32,0.000000,0.225763,0.693594
fp32,0.000000,0.226099,0.693373
fp32,0.000000,0.226434,0.693367
fp32,0.000000,0.226770,0.693212
fp32,0.000000,0.227105,0.693087
fp32,0.000000,0.227440,0.693050
fp32,0.000000,0.227776,0.692826
fp32,0.000000,0.228111,0.692805
fp32,0.000000,0.228447,0.692666
fp32,0.000000,0.228782,0.692516
fp32,0.000000,0.229118,0.692244
fp32,0.000000,0.229453,0.692211
fp32,0.000000,0.229789,0.692147
fp32,0.000000,0.230124,0.691747
fp32,0.000000,0.230460,0.691351
fp32,0.000000,0.230795,0.691253
fp32,0.000000,0.231130,0.691225
fp32,0.000000,0.231466,0.691156
fp32,0.000000,0.231801,0.691093
fp32,0.000000,0.232137,0.691073
fp32,0.000000,0.232472,0.690935
fp32,0.000000,0.232808,0.690897
fp32,0.000000,0.233143,0.690865
fp32,0.000000,0.233479,0.690543
fp32,0.000000,0.233814,0.690206
fp32,0.000000,0.234150,0.690079
fp32,0.000000,0.234485,0.689980
fp32,0.000000,0.234821,0.689978
fp32,0.000000,0.235156,0.689616
fp32,0.000000,0.235491,0.689483
fp32,0.000000,0.235827,0.689419
fp32,0.000000,0.236162,0.689234
fp32,0.000000,0.236498,0.689186
fp32,0.000000,0.236833,0.688998
fp32,0.000000,0.237169,0.688959
fp32,0.000000,0.237504,0.688785
fp32,0.000000,0.237840,0.688778
fp32,0.000000,0.238175,0.688650
fp32,0.000000,0.238511,0.688577
fp32,0.000000,0.238846,0.688542
fp32,0.000000,0.239181,0.688524
fp32,0.000000,0.239517,0.688449
fp32,0.000000,0.239852,0.688365
fp32,0.000000,0.240188,0.688157
fp32,0.000000,0.240523,0.687922
fp32,0.000000,0.240859,0.687706
fp32,0.000000,0.241194,0.687540
fp32,0.000000,0.241530,0.687432
fp32,0.000000,0.241865,0.687415
fp32,0.000000,0.242201,0.687290
fp32,0.000000,0.242536,0.687267
fp32,0.000000,0.242872,0.687231
fp32,0.000000,0.243207,0.687205
fp32,0.000000,0.243542,0.687110
fp32,0.000000,0.243878,0.687100
fp32,0.000000,0.244213,0.686807
fp32,0.000000,0.244549,0.686712
fp32,0.000000,0.244884,0.686588
fp32,0.000000,0.245220,0.686448
fp32,0.000000,0.245555,0.686442
fp32,0.000000,0.245891,0.686310
fp32,0.000000,0.246226,0.686099
fp32,0.000000,0.246562,0.686006
fp32,0.000000,0.246897,0.685990
fp32,0.000000,0.247232,0.685660
fp32,0.000000,0.247568,0.685536
fp32,0.000000,0.247903,0.685374
fp32,0.000000,0.248239,0.685321
fp32,0.000000,0.248574,0.685236
fp32,0.000000,0.248910,0.685017
fp32,0.000000,0.249245,0.684846
fp32,0.000000,0.249581,0.684831
fp32,0.000000,0.249916,0.684828
fp32,0.000000,0.250252,0.684591
fp32,0.000000,0.250587,0.684508
fp32,0.000000,0.250923,0.684472
fp32,0.000000,0.251258,0.684226
fp32,0.000000,0.251593,0.684188
fp32,0.000000,0.251929,0.684122
fp32,0.000000,0.252264,0.683954
fp32,0.000000,0.252600,0.683818
fp32,0.000000,0.252935,0.683709
fp32,0.000000,0.253271,0.683668
fp32,0.000000,0.253606,0.683510
fp32,0.000000,0.253942,0.683500
fp32,0.000000,0.254277,0.683419
fp32,0.000000,0.254613,0.683242
fp32,0.000000,0.254948,0.683194
fp32,0.000000,0.255283,0.682749
fp32,0.000000,0.255619,0.682700
fp32,0.000000,0.255954,0.682686
fp32,0.000000,0.256290,0.682616
fp32,0.000000,0.256625,0.682570
fp32,0.000000,0.256961,0.682541
fp32,0.000000,0.257296,0.682446
fp32,0.000000,0.257632,0.682433
fp32,0.000000,0.257967,0.682126
fp32,0.000000,0.258303,0.682075
fp32,0.000000,0.258638,0.681852
fp32,0.000000,0.258973,0.681802
fp32,0.000000,0.259309,0.681770
fp32,0.000000,0.259644,0.681591
fp32,0.000000,0.259980,0.681539
fp32,0.000000,0.260315,0.681515
fp32,0.000000,0.260651,0.681330
fp32,0.000000,0.260986,0.681120
fp32,0.000000,0.261322,0.681093
fp32,0.000000,0.261657,0.681087
fp32,0.000000,0.261993,0.681069
fp32,0.000000,0.262328,0.681067
fp32,0.000000,0.262664,0.681012
fp32,0.000000,0.262999,0.680985
fp32,0.000000,0.263334,0.680796
fp32,0.000000,0.263670,0.680552
fp32,0.000000,0.264005,0.680518
fp32,0.000000,0.264341,0.680253
fp32,0.000000,0.264676,0.680017
fp32,0.000000,0.265012,0.679938
fp32,0.000000,0.265347,0.679656
fp32,0.000000,0.265683,0.679640
fp32,0.000000,0.266018,0.679631
fp32,0.000000,0.266354,0.679297
fp32,0.000000,0.266689,0.678879
fp32,0.000000,0.267024,0.678782
fp32,0.000000,0.267360,0.678736
fp32,0.000000,0.267695,0.678664
fp32,0.000000,0.268031,0.678485
fp32,0.000000,0.268366,0.678420
fp32,0.000000,0.268702,0.678413
fp32,0.000000,0.269037,0.678399
fp32,0.000000,0.269373,0.678204
fp32,0.000000,0.269708,0.678133
fp32,0.000000,0.270044,0.678080
fp32,0.000000,0.270379,0.678028
fp32,0.000000,0.270715,0.677928
fp32,0.000000,0.271050,0.677875
fp32,0.000000,0.271385,0.677779
fp32,0.000000,0.271721,0.677727
fp32,0.000000,0.272056,0.677680
fp32,0.000000,0.272392,0.677631
fp32,0.000000,0.272727,0.677524
fp32,0.000000,0.273063,0.677515
fp32,0.000000,0.273398,0.677356
fp32,0.000000,0.273734,0.677239
fp32,0.000000,0.274069,0.677129
fp32,0.000000,0.274405,0.676926
fp32,0.000000,0.274740,0.676850
fp32,0.000000,0.275075,0.676847
fp32,0.000000,0.275411,0.676749
fp32,0.000000,0.275746,0.676607
fp32,0.000000,0.276082,0.676557
fp32,0.000000,0.276417,0.676391
fp32,0.000000,0.276753,0.676376
fp32,0.000000,0.277088,0.676302
fp32,0.000000,0.277424,0.675944
fp32,0.000000,0.277759,0.675376
fp32,0.000000,0.278095,0.675354
fp32,0.000000,0.278430,0.675339
fp32,0.000000,0.278766,0.675171
fp32,0.000000,0.279101,0.674967
fp32,0.000000,0.279436,0.674783
fp32,0.000000,0.279772,0.674708
fp32,0.000000,0.280107,0.674269
fp32,0.000000,0.280443,0.674094
fp32,0.000000,0.280778,0.673968
fp32,0.000000,0.281114,0.673962
fp32,0.000000,0.281449,0.673834
fp32,0.000000,0.281785,0.673759
fp32,0.000000,0.282120,0.673568
fp32,0.000000,0.282456,0.673552
fp32,0.000000,0.282791,0.673547
fp32,0.000000,0.283126,0.673455
fp32,0.000000,0.283462,0.673394
fp32,0.000000,0.283797,0.673350
fp32,0.000000,0.284133,0.673341
fp32,0.000000,0.284468,0.673309
fp32,0.000000,0.284804,0.673246
fp32,0.000000,0.285139,0.673108
fp32,0.000000,0.285475,0.673004
fp32,0.000000,0.285810,0.672836
fp32,0.000000,0.286146,0.672790
fp32,0.000000,0.286481,0.672749
fp32,0.000000,0.286817,0.672646
fp32,0.000000,0.287152,0.672397
fp32,0.000000,0.287487,0.672041
fp32,0.000000,0.287823,0.671913
fp32,0.000000,0.288158,0.671685
fp32,0.000000,0.288494,0.671570
fp32,0.000000,0.288829,0.671418
fp32,0.000000,0.289165,0.671302
fp32,0.000000,0.289500,0.671277
fp32,0.000000,0.289836,0.671252
fp32,0.000000,0.290171,0.671236
fp32,0.000000,0.290507,0.671044
fp32,0.000000,0.290842,0.670886
fp32,0.000000,0.291177,0.670714
fp32,0.000000,0.291513,0.670681
fp32,0.000000,0.291848,0.670583
fp32,0.000000,0.292184,0.670509
fp32,0.000000,0.292519,0.670499
fp32,0.000000,0.292855,0.670315
fp32,0.000000,0.293190,0.670280
fp32,0.000000,0.293526,0.670160
fp32,0.000000,0.293861,0.670089
fp32,0.000000,0.294197,0.670043
fp32,0.000000,0.294532,0.670027
fp32,0.000000,0.294867,0.669953
fp32,0.000000,0.295203,0.669837
fp32,0.000000,0.295538,0.669657
fp32,0.000000,0.295874,0.669609
fp32,0.000000,0.296209,0.669585
fp32,0.000000,0.296545,0.669556
fp32,0.000000,0.296880,0.669439
fp32,0.000000,0.297216,0.669432
fp32,0.000000,0.297551,0.669308
fp32,0.000000,0.297887,0.669260
fp32,0.000000,0.298222,0.669127
fp32,0.000000,0.298558,0.669035
fp32,0.000000,0.298893,0.668779
fp32,0.000000,0.299228,0.668687
fp32,0.000000,0.299564,0.668595
fp32,0.000000,0.299899,0.668369
fp32,0.000000,0.300235,0.668287
fp32,0.000000,0.300570,0.668234
fp32,0.000000,0.300906,0.668224
fp32,0.000000,0.301241,0.668127
fp32,0.000000,0.301577,0.668110
fp32,0.000000,0.301912,0.668097
fp32,0.000000,0.302248,0.667848
fp32,0.000000,0.302583,0.667840
fp32,0.000000,0.302918,0.667781
fp32,0.000000,0.303254,0.667735
fp32,0.000000,0.303589,0.667663
fp32,0.000000,0.303925,0.667631
fp32,0.000000,0.304260,0.667562
fp32,0.000000,0.304596,0.667551
fp32,0.000000,0.304931,0.667125
fp32,0.000000,0.305267,0.667121
fp32,0.000000,0.305602,0.667057
fp32,0.000000,0.305938,0.666908
fp32,0.000000,0.306273,0.666832
fp32,0.000000,0.306609,0.666686
fp32,0.000000,0.306944,0.666610
fp32,0.000000,0.307279,0.666498
fp32,0.000000,0.307615,0.666351
fp32,0.000000,0.307950,0.666337
fp32,0.000000,0.308286,0.666245
fp32,0.000000,0.308621,0.666244
fp32,0.000000,0.308957,0.666151
fp32,0.000000,0.309292,0.666133
fp32,0.000000,0.309628,0.666067
fp32,0.000000,0.309963,0.666055
fp32,0.000000,0.310299,0.665825
fp32,0.000000,0.310634,0.665772
fp32,0.000000,0.310969,0.665750
fp32,0.000000,0.311305,0.665607
fp32,0.000000,0.311640,0.665554
fp32,0.000000,0.311976,0.665382
fp32,0.000000,0.312311,0.665272
fp32,0.000000,0.312647,0.664882
fp32,0.000000,0.312982,0.664876
fp32,0.000000,0.313318,0.664824
fp32,0.000000,0.313653,0.664787
fp32,0.000000,0.313989,0.664716
fp32,0.000000,0.314324,0.664603
fp32,0.000000,0.314660,0.664581
fp32,0.000000,0.314995,0.664462
fp32,0.000000,0.315330,0.664405
fp32,0.000000,0.315666,0.664291
fp32,0.000000,0.316001,0.664086
fp32,0.000000,0.316337,0.664081
fp32,0.000000,0.316672,0.663753
fp32,0.000000,0.317008,0.663658
fp32,0.000000,0.317343,0.663306
fp32,0.000000,0.317679,0.663286
fp32,0.000000,0.318014,0.663066
fp32,0.000000,0.318350,0.662951
fp32,0.000000,0.318685,0.662933
fp32,0.000000,0.319020,0.662917
fp32,0.000000,0.319356,0.662915
fp32,0.000000,0.319691,0.662737
fp32,0.000000,0.320027,0.662654
fp32,0.000000,0.320362,0.662284
fp32,0.000000,0.320698,0.662203
fp32,0.000000,0.321033,0.662060
fp32,0.000000,0.321369,0.661838
fp32,0.000000,0.321704,0.661805
fp32,0.000000,0.322040,0.661801
fp32,0.000000,0.322375,0.661713
fp32,0.000000,0.322710,0.661307
fp32,0.000000,0.323046,0.661304
fp32,0.000000,0.323381,0.661205
fp32,0.000000,0.323717,0.661130
fp32,0.000000,0.324052,0.661130
fp32,0.000000,0.324388,0.661016
fp32,0.000000,0.324723,0.660912
fp32,0.000000,0.325059,0.660840
fp32,0.000000,0.325394,0.660836
fp32,0.000000,0.325730,0.660771
fp32,0.000000,0.326065,0.660488
fp32,0.000000,0.326401,0.660473
fp32,0.000000,0.326736,0.660383
fp32,0.000000,0.327071,0.660342
fp32,0.000000,0.327407,0.660323
fp32,0.000000,0.327742,0.660312
fp32,0.000000,0.328078,0.660157
fp32,0.000000,0.328413,0.660081
fp32,0.000000,0.328749,0.660055
fp32,0.000000,0.329084,0.659902
fp32,0.000000,0.329420,0.659890
fp32,0.000000,0.329755,0.659742
fp32,0.000000,0.330091,0.659655
fp32,0.000000,0.330426,0.659627
fp32,0.000000,0.330761,0.659608
fp32,0.000000,0.331097,0.659589
fp32,0.000000,0.331432,0.659531
fp32,0.000000,0.331768,0.659315
fp32,0.000000,0.332103,0.659270
fp32,0.000000,0.332439,0.659153
fp32,0.000000,0.332774,0.659128
fp32,0.000000,0.333110,0.659023
fp32,0.000000,0.333445,0.658832
fp32,0.000000,0.333781,0.658753
fp32,0.000000,0.334116,0.658612
fp32,0.000000,0.334452,0.658593
fp32,0.000000,0.334787,0.658580
fp32,0.000000,0.335122,0.658487
fp32,0.000000,0.335458,0.658294
fp32,0.000000,0.335793,0.658248
fp32,0.000000,0.336129,0.658129
fp32,0.000000,0.336464,0.657849
fp32,0.000000,0.336800,0.657743
fp32,0.000000,0.337135,0.657700
fp32,0.000000,0.337471,0.657423
fp32,0.000000,0.337806,0.657089
fp32,0.000000,0.338142,0.657045
fp32,0.000000,0.338477,0.657035
fp32,0.000000,0.338812,0.656952
fp32,0.000000,0.339148,0.656908
fp32,0.000000,0.339483,0.656730
fp32,0.000000,0.339819,0.656728
fp32,0.000000,0.340154,0.656715
fp32,0.000000,0.340490,0.656100
fp32,0.000000,0.340825,0.656087
fp32,0.000000,0.341161,0.656062
fp32,0.000000,0.341496,0.656056
fp32,0.000000,0.341832,0.655907
fp32,0.000000,0.342167,0.655655
fp32,0.000000,0.342503,0.655333
fp32,0.000000,0.342838,0.655241
fp32,0.000000,0.343173,0.654880
fp32,0.000000,0.343509,0.654828
fp32,0.000000,0.343844,0.654755
fp32,0.000000,0.344180,0.654671
fp32,0.000000,0.344515,0.654600
fp32,0.000000,0.344851,0.654469
fp32,0.000000,0.345186,0.654390
fp32,0.000000,0.345522,0.654374
fp32,0.000000,0.345857,0.654285
fp32,0.000000,0.346193,0.654212
fp32,0.000000,0.346528,0.654203
fp32,0.000000,0.346863,0.654178
fp32,0.000000,0.347199,0.654065
fp32,0.000000,0.347534,0.653984
fp32,0.000000,0.347870,0.653604
fp32,0.000000,0.348205,0.653500
fp32,0.000000,0.348541,0.653407
fp32,0.000000,0.348876,0.653392
fp32,0.000000,0.349212,0.653304
fp32,0.000000,0.349547,0.653105
fp32,0.000000,0.349883,0.653020
fp32,0.000000,0.350218,0.652768
fp32,0.000000,0.350554,0.652675
fp32,0.000000,0.350889,0.652646
fp32,0.000000,0.351224,0.652333
fp32,0.000000,0.351560,0.652202
fp32,0.000000,0.351895,0.652054
fp32,0.000000,0.352231,0.651987
fp32,0.000000,0.352566,0.651938
fp32,0.000000,0.352902,0.651708
fp32,0.000000,0.353237,0.651557
fp32,0.000000,0.353573,0.651507
fp32,0.000000,0.353908,0.651492
fp32,0.000000,0.354244,0.651265
fp32,0.000000,0.354579,0.651176
fp32,0.000000,0.354914,0.651035
fp32,0.000000,0.355250,0.651016
fp32,0.000000,0.355585,0.650976
fp32,0.000000,0.355921,0.650853
fp32,0.000000,0.356256,0.650837
fp32,0.000000,0.356592,0.650772
fp32,0.000000,0.356927,0.650755
fp32,0.000000,0.357263,0.650645
fp32,0.000000,0.357598,0.650322
fp32,0.000000,0.357934,0.650080
fp32,0.000000,0.358269,0.649993
fp32,0.000000,0.358604,0.649986
fp32,0.000000,0.358940,0.649778
fp32,0.000000,0.359275,0.649582
fp32,0.000000,0.359611,0.649521
fp32,0.000000,0.359946,0.649512
fp32,0.000000,0.360282,0.649512
fp32,0.000000,0.360617,0.649413
fp32,0.000000,0.360953,0.649302
fp32,0.000000,0.361288,0.649288
fp32,0.000000,0.361624,0.649250
fp32,0.000000,0.361959,0.649241
fp32,0.000000,0.362295,0.649056
fp32,0.000000,0.362630,0.648849
fp32,0.000000,0.362965,0.648706
fp32,0.000000,0.363301,0.648678
fp32,0.000000,0.363636,0.648597
fp32,0.000000,0.363972,0.648569
fp32,0.000000,0.364307,0.648528
fp32,0.000000,0.364643,0.648425
fp32,0.000000,0.364978,0.648415
fp32,0.000000,0.365314,0.648390
fp32,0.000000,0.365649,0.648373
fp32,0.000000,0.365985,0.648039
fp32,0.000000,0.366320,0.647891
fp32,0.000000,0.366655,0.647664
fp32,0.000000,0.366991,0.647537
fp32,0.000000,0.367326,0.647294
fp32,0.000000,0.367662,0.647203
fp32,0.000000,0.367997,0.647067
fp32,0.000000,0.368333,0.647028
fp32,0.000000,0.368668,0.646844
fp32,0.000000,0.369004,0.646816
fp32,0.000000,0.369339,0.646802
fp32,0.000000,0.369675,0.646801
fp32,0.000000,0.370010,0.646718
fp32,0.000000,0.370346,0.646557
fp32,0.000000,0.370681,0.646524
fp32,0.000000,0.371016,0.646385
fp32,0.000000,0.371352,0.646149
fp32,0.000000,0.371687,0.646118
fp32,0.000000,0.372023,0.646066
fp32,0.000000,0.372358,0.645995
fp32,0.000000,0.372694,0.645789
fp32,0.000000,0.373029,0.645665
fp32,0.000000,0.373365,0.645478
fp32,0.000000,0.373700,0.645344
fp32,0.000000,0.374036,0.645248
fp32,0.000000,0.374371,0.645095
fp32,0.000000,0.374706,0.644996
fp32,0.000000,0.375042,0.644854
fp32,0.000000,0.375377,0.644843
fp32,0.000000,0.375713,0.644790
fp32,0.000000,0.376048,0.644630
fp32,0.000000,0.376384,0.644624
fp32,0.000000,0.376719,0.644599
fp32,0.000000,0.377055,0.644548
fp32,0.000000,0.377390,0.644472
fp32,0.000000,0.377726,0.644444
fp32,0.000000,0.378061,0.644431
fp32,0.000000,0.378397,0.644295
fp32,0.000000,0.378732,0.644242
fp32,0.000000,0.379067,0.644050
fp32,0.000000,0.379403,0.644029
fp32,0.000000,0.379738,0.643662
fp32,0.000000,0.380074,0.643440
fp32,0.000000,0.380409,0.643426
fp32,0.000000,0.380745,0.643396
fp32,0.000000,0.381080,0.643321
fp32,0.000000,0.381416,0.643305
fp32,0.000000,0.381751,0.643269
fp32,0.000000,0.382087,0.643254
fp32,0.000000,0.382422,0.643161
fp32,0.000000,0.382757,0.643113
fp32,0.000000,0.383093,0.642866
fp32,0.000000,0.383428,0.642707
fp32,0.000000,0.383764,0.642545
fp32,0.000000,0.384099,0.642370
fp32,0.000000,0.384435,0.642364
fp32,0.000000,0.384770,0.642285
fp32,0.000000,0.385106,0.641971
fp32,0.000000,0.385441,0.641964
fp32,0.000000,0.385777,0.641735
fp32,0.000000,0.386112,0.641731
fp32,0.000000,0.386448,0.641710
fp32,0.000000,0.386783,0.641636
fp32,0.000000,0.387118,0.641461
fp32,0.000000,0.387454,0.641391
fp32,0.000000,0.387789,0.641363
fp32,0.000000,0.388125,0.641256
fp32,0.000000,0.388460,0.641226
fp32,0.000000,0.388796,0.641206
fp32,0.000000,0.389131,0.641111
fp32,0.000000,0.389467,0.641103
fp32,0.000000,0.389802,0.641046
fp32,0.000000,0.390138,0.640937
fp32,0.000000,0.390473,0.640876
fp32,0.000000,0.390808,0.640554
fp32,0.000000,0.391144,0.640258
fp32,0.000000,0.391479,0.640255
fp32,0.000000,0.391815,0.640139
fp32,0.000000,0.392150,0.640118
fp32,0.000000,0.392486,0.639876
fp32,0.000000,0.392821,0.639829
fp32,0.000000,0.393157,0.639817
fp32,0.000000,0.393492,0.639738
fp32,0.000000,0.393828,0.639633
fp32,0.000000,0.394163,0.639565
fp32,0.000000,0.394498,0.639429
fp32,0.000000,0.394834,0.639394
fp32,0.000000,0.395169,0.639259
fp32,0.000000,0.395505,0.639233
fp32,0.000000,0.395840,0.638669
fp32,0.000000,0.396176,0.638652
fp32,0.000000,0.396511,0.638543
fp32,0.000000,0.396847,0.638441
fp32,0.000000,0.397182,0.638336
fp32,0.000000,0.397518,0.638324
fp32,0.000000,0.397853,0.638317
fp32,0.000000,0.398189,0.638288
fp32,0.000000,0.398524,0.638041
fp32,0.000000,0.398859,0.637965
fp32,0.000000,0.399195,0.637945
fp32,0.000000,0.399530,0.637864
fp32,0.000000,0.399866,0.637835
fp32,0.000000,0.400201,0.637817
fp32,0.000000,0.400537,0.637696
fp32,0.000000,0.400872,0.637652
fp32,0.000000,0.401208,0.637636
fp32,0.000000,0.401543,0.637567
fp32,0.000000,0.401879,0.637503
fp32,0.000000,0.402214,0.637294
fp32,0.000000,0.402549,0.637085
fp32,0.000000,0.402885,0.636947
fp32,0.000000,0.403220,0.636753
fp32,0.000000,0.403556,0.636689
fp32,0.000000,0.403891,0.636505
fp32,0.000000,0.404227,0.636288
fp32,0.000000,0.404562,0.636176
fp32,0.000000,0.404898,0.636105
fp32,0.000000,0.405233,0.635962
fp32,0.000000,0.405569,0.635733
fp32,0.000000,0.405904,0.635652
fp32,0.000000,0.406240,0.635506
fp32,0.000000,0.406575,0.635448
fp32,0.000000,0.406910,0.635424
fp32,0.000000,0.407246,0.635384
fp32,0.000000,0.407581,0.635334
fp32,0.000000,0.407917,0.635294
fp32,0.000000,0.408252,0.635087
fp32,0.000000,0.408588,0.634966
fp32,0.000000,0.408923,0.634513
fp32,0.000000,0.409259,0.634493
fp32,0.000000,0.409594,0.634427
fp32,0.000000,0.409930,0.634397
fp32,0.000000,0.410265,0.634386
fp32,0.000000,0.410600,0.634309
fp32,0.000000,0.410936,0.634271
fp32,0.000000,0.411271,0.634245
fp32,0.000000,0.411607,0.634160
fp32,0.000000,0.411942,0.634157
fp32,0.000000,0.412278,0.634145
fp32,0.000000,0.412613,0.634128
fp32,0.000000,0.412949,0.633935
fp32,0.000000,0.413284,0.633873
fp32,0.000000,0.413620,0.633713
fp32,0.000000,0.413955,0.633536
fp32,0.000000,0.414291,0.633198
fp32,0.000000,0.414626,0.632953
fp32,0.000000,0.414961,0.632832
fp32,0.000000,0.415297,0.632824
fp32,0.000000,0.415632,0.632723
fp32,0.000000,0.415968,0.632696
fp32,0.000000,0.416303,0.632627
fp32,0.000000,0.416639,0.632529
fp32,0.000000,0.416974,0.632508
fp32,0.000000,0.417310,0.632484
fp32,0.000000,0.417645,0.632163
fp32,0.000000,0.417981,0.632128
fp32,0.000000,0.418316,0.632118
fp32,0.000000,0.418651,0.632071
fp32,0.000000,0.418987,0.632016
fp32,0.000000,0.419322,0.631951
fp32,0.000000,0.419658,0.631942
fp32,0.000000,0.419993,0.631880
fp32,0.000000,0.420329,0.631841
fp32,0.000000,0.420664,0.631841
fp32,0.000000,0.421000,0.631772
fp32,0.000000,0.421335,0.631726
fp32,0.000000,0.421671,0.631714
fp32,0.000000,0.422006,0.631527
fp32,0.000000,0.422341,0.631475
fp32,0.000000,0.422677,0.631472
fp32,0.000000,0.423012,0.631322
fp32,0.000000,0.423348,0.631115
fp32,0.000000,0.423683,0.631110
fp32,0.000000,0.424019,0.631060
fp32,0.000000,0.424354,0.631031
fp32,0.000000,0.424690,0.630949
fp32,0.000000,0.425025,0.630719
fp32,0.000000,0.425361,0.630717
fp32,0.000000,0.425696,0.630703
fp32,0.000000,0.426032,0.630586
fp32,0.000000,0.426367,0.630572
fp32,0.000000,0.426702,0.630559
fp32,0.000000,0.427038,0.630526
fp32,0.000000,0.427373,0.630246
fp32,0.000000,0.427709,0.630138
fp32,0.000000,0.428044,0.630049
fp32,0.000000,0.428380,0.630048
fp32,0.000000,0.428715,0.630015
fp32,0.000000,0.429051,0.629949
fp32,0.000000,0.429386,0.629875
fp32,0.000000,0.429722,0.629802
fp32,0.000000,0.430057,0.629763
fp32,0.000000,0.430392,0.629702
fp32,0.000000,0.430728,0.629377
fp32,0.000000,0.431063,0.629353
fp32,0.000000,0.431399,0.629159
fp32,0.000000,0.431734,0.629149
fp32,0.000000,0.432070,0.629140
fp32,0.000000,0.432405,0.628888
fp32,0.000000,0.432741,0.628533
fp32,0.000000,0.433076,0.628501
fp32,0.000000,0.433412,0.628498
fp32,0.000000,0.433747,0.628442
fp32,0.000000,0.434083,0.628375
fp32,0.000000,0.434418,0.627980
fp32,0.000000,0.434753,0.627840
fp32,0.000000,0.435089,0.627838
fp32,0.000000,0.435424,0.627544
fp32,0.000000,0.435760,0.627281
fp32,0.000000,0.436095,0.627138
fp32,0.000000,0.436431,0.627102
fp32,0.000000,0.436766,0.627014
fp32,0.000000,0.437102,0.626867
fp32,0.000000,0.437437,0.626605
fp32,0.000000,0.437773,0.626557
fp32,0.000000,0.438108,0.626514
fp32,0.000000,0.438443,0.626243
fp32,0.000000,0.438779,0.625982
fp32,0.000000,0.439114,0.625921
fp32,0.000000,0.439450,0.625776
fp32,0.000000,0.439785,0.625619
fp32,0.000000,0.440121,0.625616
fp32,0.000000,0.440456,0.625472
fp32,0.000000,0.440792,0.625229
fp32,0.000000,0.441127,0.625182
fp32,0.000000,0.441463,0.625123
fp32,0.000000,0.441798,0.625077
fp32,0.000000,0.442134,0.625057
fp32,0.000000,0.442469,0.625027
fp32,0.000000,0.442804,0.624878
fp32,0.000000,0.443140,0.624841
fp32,0.000000,0.443475,0.624834
fp32,0.000000,0.443811,0.624734
fp32,0.000000,0.444146,0.624717
fp32,0.000000,0.444482,0.624676
fp32,0.000000,0.444817,0.624619
fp32,0.000000,0.445153,0.624580
fp32,0.000000,0.445488,0.624482
fp32,0.000000,0.445824,0.624379
fp32,0.000000,0.446159,0.624354
fp32,0.000000,0.446494,0.624285
fp32,0.000000,0.446830,0.624246
fp32,0.000000,0.447165,0.624118
fp32,0.000000,0.447501,0.624114
fp32,0.000000,0.447836,0.623932
fp32,0.000000,0.448172,0.623813
fp32,0.000000,0.448507,0.623668
fp32,0.000000,0.448843,0.623631
fp32,0.000000,0.449178,0.623603
fp32,0.000000,0.449514,0.623550
fp32,0.000000,0.449849,0.623212
fp32,0.000000,0.450185,0.623113
fp32,0.000000,0.450520,0.623041
fp32,0.000000,0.450855,0.622541
fp32,0.000000,0.451191,0.622319
fp32,0.000000,0.451526,0.622177
fp32,0.000000,0.451862,0.622105
fp32,0.000000,0.452197,0.621786
fp32,0.000000,0.452533,0.621706
fp32,0.000000,0.452868,0.621599
fp32,0.000000,0.453204,0.621556
fp32,0.000000,0.453539,0.621373
fp32,0.000000,0.453875,0.621148
fp32,0.000000,0.454210,0.621114
fp32,0.000000,0.454545,0.620956
fp32,0.000000,0.454881,0.620911
fp32,0.000000,0.455216,0.620838
fp32,0.000000,0.455552,0.620687
fp32,0.000000,0.455887,0.620663
fp32,0.000000,0.456223,0.620621
fp32,0.000000,0.456558,0.620559
fp32,0.000000,0.456894,0.620538
fp32,0.000000,0.457229,0.620510
fp32,0.000000,0.457565,0.620489
fp32,0.000000,0.457900,0.620479
fp32,0.000000,0.458235,0.620377
fp32,0.000000,0.458571,0.620336
fp32,0.000000,0.458906,0.620329
fp32,0.000000,0.459242,0.620326
fp32,0.000000,0.459577,0.620301
fp32,0.000000,0.459913,0.620257
fp32,0.000000,0.460248,0.620243
fp32,0.000000,0.460584,0.620221
fp32,0.000000,0.460919,0.620170
fp32,0.000000,0.461255,0.620152
fp32,0.000000,0.461590,0.620150
fp32,0.000000,0.461926,0.619801
fp32,0.000000,0.462261,0.619769
fp32,0.000000,0.462596,0.619729
fp32,0.000000,0.462932,0.619710
fp32,0.000000,0.463267,0.619634
fp32,0.000000,0.463603,0.619572
fp32,0.000000,0.463938,0.619491
fp32,0.000000,0.464274,0.619343
fp32,0.000000,0.464609,0.619052
fp32,0.000000,0.464945,0.618946
fp32,0.000000,0.465280,0.618881
fp32,0.000000,0.465616,0.618828
fp32,0.000000,0.465951,0.618794
fp32,0.000000,0.466286,0.618634
fp32,0.000000,0.466622,0.618542
fp32,0.000000,0.466957,0.618541
fp32,0.000000,0.467293,0.618418
fp32,0.000000,0.467628,0.618240
fp32,0.000000,0.467964,0.618190
fp32,0.000000,0.468299,0.618174
fp32,0.000000,0.468635,0.618168
fp32,0.000000,0.468970,0.618007
fp32,0.000000,0.469306,0.617914
fp32,0.000000,0.469641,0.617747
fp32,0.000000,0.469977,0.617425
fp32,0.000000,0.470312,0.617191
fp32,0.000000,0.470647,0.616983
fp32,0.000000,0.470983,0.616936
fp32,0.000000,0.471318,0.616857
fp32,0.000000,0.471654,0.616542
fp32,0.000000,0.471989,0.616488
fp32,0.000000,0.472325,0.616405
fp32,0.000000,0.472660,0.616355
fp32,0.000000,0.472996,0.616318
fp32,0.000000,0.473331,0.615995
fp32,0.000000,0.473667,0.615987
fp32,0.000000,0.474002,0.615945
fp32,0.000000,0.474337,0.615775
fp32,0.000000,0.474673,0.615736
fp32,0.000000,0.475008,0.615717
fp32,0.000000,0.475344,0.615688
fp32,0.000000,0.475679,0.615687
fp32,0.000000,0.476015,0.615456
fp32,0.000000,0.476350,0.615452
fp32,0.000000,0.476686,0.615430
fp32,0.000000,0.477021,0.615366
fp32,0.000000,0.477357,0.615319
fp32,0.000000,0.477692,0.615299
fp32,0.000000,0.478028,0.615194
fp32,0.000000,0.478363,0.615061
fp32,0.000000,0.478698,0.614909
fp32,0.000000,0.479034,0.614867
fp32,0.000000,0.479369,0.614792
fp32,0.000000,0.479705,0.614716
fp32,0.000000,0.480040,0.614422
fp32,0.000000,0.480376,0.614359
fp32,0.000000,0.480711,0.614334
fp32,0.000000,0.481047,0.614304
fp32,0.000000,0.481382,0.614186
fp32,0.000000,0.481718,0.614173
fp32,0.000000,0.482053,0.614056
fp32,0.000000,0.482388,0.613984
fp32,0.000000,0.482724,0.613977
fp32,0.000000,0.483059,0.613866
fp32,0.000000,0.483395,0.613840
fp32,0.000000,0.483730,0.613380
fp32,0.000000,0.484066,0.612831
fp32,0.000000,0.484401,0.612695
fp32,0.000000,0.484737,0.612693
fp32,0.000000,0.485072,0.612513
fp32,0.000000,0.485408,0.612247
fp32,0.000000,0.485743,0.612131
fp32,0.000000,0.486078,0.611976
fp32,0.000000,0.486414,0.611971
fp32,0.000000,0.486749,0.611890
fp32,0.000000,0.487085,0.611874
fp32,0.000000,0.487420,0.611818
fp32,0.000000,0.487756,0.611659
fp32,0.000000,0.488091,0.611535
fp32,0.000000,0.488427,0.611478
fp32,0.000000,0.488762,0.611363
fp32,0.000000,0.489098,0.611088
fp32,0.000000,0.489433,0.610916
fp32,0.000000,0.489769,0.610705
fp32,0.000000,0.490104,0.610575
fp32,0.000000,0.490439,0.610509
fp32,0.000000,0.490775,0.610449
fp32,0.000000,0.491110,0.610415
fp32,0.000000,0.491446,0.610395
fp32,0.000000,0.491781,0.610334
fp32,0.000000,0.492117,0.610240
fp32,0.000000,0.492452,0.610236
fp32,0.000000,0.492788,0.610216
fp32,0.000000,0.493123,0.610176
fp32,0.000000,0.493459,0.610151
fp32,0.000000,0.493794,0.609954
fp32,0.000000,0.494129,0.609781
fp32,0.000000,0.494465,0.609591
fp32,0.000000,0.494800,0.609482
fp32,0.000000,0.495136,0.609133
fp32,0.000000,0.495471,0.609016
fp32,0.000000,0.495807,0.608972
fp32,0.000000,0.496142,0.608664
fp32,0.000000,0.496478,0.608393
fp32,0.000000,0.496813,0.608304
fp32,0.000000,0.497149,0.608239
fp32,0.000000,0.497484,0.608150
fp32,0.000000,0.497820,0.607977
fp32,0.000000,0.498155,0.607968
fp32,0.000000,0.498490,0.607894
fp32,0.000000,0.498826,0.607866
fp32,0.000000,0.499161,0.607824
fp32,0.000000,0.499497,0.607744
fp32,0.000000,0.499832,0.607574
fp32,0.000000,0.500168,0.607471
fp32,0.000000,0.500503,0.607454
fp32,0.000000,0.500839,0.607413
fp32,0.000000,0.501174,0.607384
fp32,0.000000,0.501510,0.607274
fp32,0.000000,0.501845,0.607062
fp32,0.000000,0.502180,0.607041
fp32,0.000000,0.502516,0.606751
fp32,0.000000,0.502851,0.606716
fp32,0.000000,0.503187,0.606521
fp32,0.000000,0.503522,0.606341
fp32,0.000000,0.503858,0.606333
fp32,0.000000,0.504193,0.606282
fp32,0.000000,0.504529,0.606281
fp32,0.000000,0.504864,0.606179
fp32,0.000000,0.505200,0.606112
fp32,0.000000,0.505535,0.605983
fp32,0.000000,0.505871,0.605983
fp32,0.000000,0.506206,0.605980
fp32,0.000000,0.506541,0.605959
fp32,0.000000,0.506877,0.605792
fp32,0.000000,0.507212,0.605764
fp32,0.000000,0.507548,0.605640
fp32,0.000000,0.507883,0.605581
fp32,0.000000,0.508219,0.605499
fp32,0.000000,0.508554,0.605414
fp32,0.000000,0.508890,0.605367
fp32,0.000000,0.509225,0.605239
fp32,0.000000,0.509561,0.605148
fp32,0.000000,0.509896,0.605036
fp32,0.000000,0.510231,0.605009
fp32,0.000000,0.510567,0.604859
fp32,0.000000,0.510902,0.604800
fp32,0.000000,0.511238,0.604679
fp32,0.000000,0.511573,0.604638
fp32,0.000000,0.511909,0.604512
fp32,0.000000,0.512244,0.604328
fp32,0.000000,0.512580,0.604244
fp32,0.000000,0.512915,0.604230
fp32,0.000000,0.513251,0.603969
fp32,0.000000,0.513586,0.603823
fp32,0.000000,0.513922,0.603744
fp32,0.000000,0.514257,0.603662
fp32,0.000000,0.514592,0.603594
fp32,0.000000,0.514928,0.603417
fp32,0.000000,0.515263,0.603391
fp32,0.000000,0.515599,0.603312
fp32,0.000000,0.515934,0.603166
fp32,0.000000,0.516270,0.603100
fp32,0.000000,0.516605,0.602924
fp32,0.000000,0.516941,0.602698
fp32,0.000000,0.517276,0.602460
fp32,0.000000,0.517612,0.602422
fp32,0.000000,0.517947,0.602339
fp32,0.000000,0.518282,0.602041
fp32,0.000000,0.518618,0.601976
fp32,0.000000,0.518953,0.601963
fp32,0.000000,0.519289,0.601792
fp32,0.000000,0.519624,0.601684
fp32,0.000000,0.519960,0.601592
fp32,0.000000,0.520295,0.601473
fp32,0.000000,0.520631,0.601313
fp32,0.000000,0.520966,0.601232
fp32,0.000000,0.521302,0.601062
fp32,0.000000,0.521637,0.601054
fp32,0.000000,0.521972,0.601022
fp32,0.000000,0.522308,0.600670
fp32,0.000000,0.522643,0.600533
fp32,0.000000,0.522979,0.600436
fp32,0.000000,0.523314,0.600343
fp32,0.000000,0.523650,0.600235
fp32,0.000000,0.523985,0.600219
fp32,0.000000,0.524321,0.600153
fp32,0.000000,0.524656,0.599862
fp32,0.000000,0.524992,0.599811
fp32,0.000000,0.525327,0.599738
fp32,0.000000,0.525663,0.599608
fp32,0.000000,0.525998,0.599598
fp32,0.000000,0.526333,0.599127
fp32,0.000000,0.526669,0.599114
fp32,0.000000,0.527004,0.599101
fp32,0.000000,0.527340,0.598987
fp32,0.000000,0.527675,0.598856
fp32,0.000000,0.528011,0.598729
fp32,0.000000,0.528346,0.598702
fp32,0.000000,0.528682,0.598549
fp32,0.000000,0.529017,0.598490
fp32,0.000000,0.529353,0.598417
fp32,0.000000,0.529688,0.598245
fp32,0.000000,0.530023,0.598222
fp32,0.000000,0.530359,0.598164
fp32,0.000000,0.530694,0.598085
fp32,0.000000,0.531030,0.598077
fp32,0.000000,0.531365,0.598048
fp32,0.000000,0.531701,0.597969
fp32,0.000000,0.532036,0.597897
fp32,0.000000,0.532372,0.597896
fp32,0.000000,0.532707,0.597771
fp32,0.000000,0.533043,0.597761
fp32,0.000000,0.533378,0.597468
fp32,0.000000,0.533714,0.597431
fp32,0.000000,0.534049,0.597253
fp32,0.000000,0.534384,0.597179
fp32,0.000000,0.534720,0.597133
fp32,0.000000,0.535055,0.597088
fp32,0.000000,0.535391,0.597002
fp32,0.000000,0.535726,0.596893
fp32,0.000000,0.536062,0.596777
fp32,0.000000,0.536397,0.596712
fp32,0.000000,0.536733,0.596693
fp32,0.000000,0.537068,0.596355
fp32,0.000000,0.537404,0.596237
fp32,0.000000,0.537739,0.596090
fp32,0.000000,0.538074,0.596089
fp32,0.000000,0.538410,0.596011
fp32,0.000000,0.538745,0.595387
fp32,0.000000,0.539081,0.594668
fp32,0.000000,0.539416,0.594377
fp32,0.000000,0.539752,0.594333
fp32,0.000000,0.540087,0.594321
fp32,0.000000,0.540423,0.594166
fp32,0.000000,0.540758,0.594063
fp32,0.000000,0.541094,0.593938
fp32,0.000000,0.541429,0.593873
fp32,0.000000,0.541765,0.593552
fp32,0.000000,0.542100,0.593544
fp32,0.000000,0.542435,0.593336
fp32,0.000000,0.542771,0.593294
fp32,0.000000,0.543106,0.593287
fp32,0.000000,0.543442,0.593197
fp32,0.000000,0.543777,0.593088
fp32,0.000000,0.544113,0.593013
fp32,0.000000,0.544448,0.592997
fp32,0.000000,0.544784,0.592941
fp32,0.000000,0.545119,0.592848
fp32,0.000000,0.545455,0.592835
fp32,0.000000,0.545790,0.592825
fp32,0.000000,0.546125,0.592806
fp32,0.000000,0.546461,0.592065
fp32,0.000000,0.546796,0.592012
fp32,0.000000,0.547132,0.591946
fp32,0.000000,0.547467,0.591729
fp32,0.000000,0.547803,0.591622
fp32,0.000000,0.548138,0.591591
fp32,0.000000,0.548474,0.591588
fp32,0.000000,0.548809,0.591508
fp32,0.000000,0.549145,0.591484
fp32,0.000000,0.549480,0.591411
fp32,0.000000,0.549815,0.591285
fp32,0.000000,0.550151,0.591227
fp32,0.000000,0.550486,0.591158
fp32,0.000000,0.550822,0.591136
fp32,0.000000,0.551157,0.591123
fp32,0.000000,0.551493,0.591043
fp32,0.000000,0.551828,0.590999
fp32,0.000000,0.552164,0.590949
fp32,0.000000,0.552499,0.590947
fp32,0.000000,0.552835,0.590936
fp32,0.000000,0.553170,0.590884
fp32,0.000000,0.553506,0.590803
fp32,0.000000,0.553841,0.590650
fp32,0.000000,0.554176,0.590621
fp32,0.000000,0.554512,0.590549
fp32,0.000000,0.554847,0.590538
fp32,0.000000,0.555183,0.590519
fp32,0.000000,0.555518,0.590507
fp32,0.000000,0.555854,0.590262
fp32,0.000000,0.556189,0.590183
fp32,0.000000,0.556525,0.590146
fp32,0.000000,0.556860,0.590098
fp32,0.000000,0.557196,0.590026
fp32,0.000000,0.557531,0.590026
fp32,0.000000,0.557866,0.590001
fp32,0.000000,0.558202,0.589922
fp32,0.000000,0.558537,0.589827
fp32,0.000000,0.558873,0.589753
fp32,0.000000,0.559208,0.589319
fp32,0.000000,0.559544,0.589235
fp32,0.000000,0.559879,0.589224
fp32,0.000000,0.560215,0.589146
fp32,0.000000,0.560550,0.588989
fp32,0.000000,0.560886,0.588877
fp32,0.000000,0.561221,0.588787
fp32,0.000000,0.561557,0.588701
fp32,0.000000,0.561892,0.588679
fp32,0.000000,0.562227,0.588665
fp32,0.000000,0.562563,0.588660
fp32,0.000000,0.562898,0.588586
fp32,0.000000,0.563234,0.588387
fp32,0.000000,0.563569,0.588357
fp32,0.000000,0.563905,0.588213
fp32,0.000000,0.564240,0.588190
fp32,0.000000,0.564576,0.588189
fp32,0.000000,0.564911,0.587865
fp32,0.000000,0.565247,0.587809
fp32,0.000000,0.565582,0.587742
fp32,0.000000,0.565917,0.587538
fp32,0.000000,0.566253,0.587485
fp32,0.000000,0.566588,0.587395
fp32,0.000000,0.566924,0.587350
fp32,0.000000,0.567259,0.587309
fp32,0.000000,0.567595,0.587222
fp32,0.000000,0.567930,0.587186
fp32,0.000000,0.568266,0.587093
fp32,0.000000,0.568601,0.587048
fp32,0.000000,0.568937,0.587038
fp32,0.000000,0.569272,0.587020
fp32,0.000000,0.569608,0.586850
fp32,0.000000,0.569943,0.586618
fp32,0.000000,0.570278,0.586612
fp32,0.000000,0.570614,0.586388
fp32,0.000000,0.570949,0.586345
fp32,0.000000,0.571285,0.586262
fp32,0.000000,0.571620,0.586169
fp32,0.000000,0.571956,0.586136
fp32,0.000000,0.572291,0.586131
fp32,0.000000,0.572627,0.586057
fp32,0.000000,0.572962,0.585999
fp32,0.000000,0.573298,0.585992
fp32,0.000000,0.573633,0.585806
fp32,0.000000,0.573968,0.585744
fp32,0.000000,0.574304,0.585712
fp32,0.000000,0.574639,0.585669
fp32,0.000000,0.574975,0.585446
fp32,0.000000,0.575310,0.584998
fp32,0.000000,0.575646,0.584944
fp32,0.000000,0.575981,0.584926
fp32,0.000000,0.576317,0.584898
fp32,0.000000,0.576652,0.584773
fp32,0.000000,0.576988,0.584760
fp32,0.000000,0.577323,0.584728
fp32,0.000000,0.577659,0.584497
fp32,0.000000,0.577994,0.584484
fp32,0.000000,0.578329,0.584280
fp32,0.000000,0.578665,0.584263
fp32,0.000000,0.579000,0.584165
fp32,0.000000,0.579336,0.584150
fp32,0.000000,0.579671,0.584056
fp32,0.000000,0.580007,0.583915
fp32,0.000000,0.580342,0.583868
fp32,0.000000,0.580678,0.583722
fp32,0.000000,0.581013,0.583679
fp32,0.000000,0.581349,0.583367
fp32,0.000000,0.581684,0.583349
fp32,0.000000,0.582019,0.583314
fp32,0.000000,0.582355,0.583162
fp32,0.000000,0.582690,0.583099
fp32,0.000000,0.583026,0.583097
fp32,0.000000,0.583361,0.582723
fp32,0.000000,0.583697,0.582706
fp32,0.000000,0.584032,0.582458
fp32,0.000000,0.584368,0.582435
fp32,0.000000,0.584703,0.582387
fp32,0.000000,0.585039,0.582291
fp32,0.000000,0.585374,0.582193
fp32,0.000000,0.585709,0.582013
fp32,0.000000,0.586045,0.581943
fp32,0.000000,0.586380,0.581759
fp32,0.000000,0.586716,0.581738
fp32,0.000000,0.587051,0.581570
fp32,0.000000,0.587387,0.581362
fp32,0.000000,0.587722,0.581072
fp32,0.000000,0.588058,0.581016
fp32,0.000000,0.588393,0.580585
fp32,0.000000,0.588729,0.580399
fp32,0.000000,0.589064,0.580321
fp32,0.000000,0.589400,0.580315
fp32,0.000000,0.589735,0.580308
fp32,0.000000,0.590070,0.580257
fp32,0.000000,0.590406,0.580247
fp32,0.000000,0.590741,0.580171
fp32,0.000000,0.591077,0.580129
fp32,0.000000,0.591412,0.579878
fp32,0.000000,0.591748,0.579657
fp32,0.000000,0.592083,0.579496
fp32,0.000000,0.592419,0.579422
fp32,0.000000,0.592754,0.579360
fp32,0.000000,0.593090,0.579220
fp32,0.000000,0.593425,0.578824
fp32,0.000000,0.593760,0.578675
fp32,0.000000,0.594096,0.578573
fp32,0.000000,0.594431,0.578405
fp32,0.000000,0.594767,0.578396
fp32,0.000000,0.595102,0.578389
fp32,0.000000,0.595438,0.578291
fp32,0.000000,0.595773,0.578155
fp32,0.000000,0.596109,0.578110
fp32,0.000000,0.596444,0.577979
fp32,0.000000,0.596780,0.577816
fp32,0.000000,0.597115,0.577754
fp32,0.000000,0.597451,0.577649
fp32,0.000000,0.597786,0.577431
fp32,0.000000,0.598121,0.577351
fp32,0.000000,0.598457,0.577013
fp32,0.000000,0.598792,0.576378
fp32,0.000000,0.599128,0.576069
fp32,0.000000,0.599463,0.575999
fp32,0.000000,0.599799,0.575962
fp32,0.000000,0.600134,0.575840
fp32,0.000000,0.600470,0.575797
fp32,0.000000,0.600805,0.575797
fp32,0.000000,0.601141,0.575779
fp32,0.000000,0.601476,0.575777
fp32,0.000000,0.601811,0.575673
fp32,0.000000,0.602147,0.575659
fp32,0.000000,0.602482,0.575653
fp32,0.000000,0.602818,0.575647
fp32,0.000000,0.603153,0.575627
fp32,0.000000,0.603489,0.575613
fp32,0.000000,0.603824,0.575550
fp32,0.000000,0.604160,0.575482
fp32,0.000000,0.604495,0.575095
fp32,0.000000,0.604831,0.574996
fp32,0.000000,0.605166,0.574800
fp32,0.000000,0.605502,0.574783
fp32,0.000000,0.605837,0.574747
fp32,0.000000,0.606172,0.574450
fp32,0.000000,0.606508,0.574128
fp32,0.000000,0.606843,0.573828
fp32,0.000000,0.607179,0.573789
fp32,0.000000,0.607514,0.573703
fp32,0.000000,0.607850,0.573683
fp32,0.000000,0.608185,0.573531
fp32,0.000000,0.608521,0.573376
fp32,0.000000,0.608856,0.573213
fp32,0.000000,0.609192,0.573047
fp32,0.000000,0.609527,0.573000
fp32,0.000000,0.609862,0.572883
fp32,0.000000,0.610198,0.572714
fp32,0.000000,0.610533,0.572570
fp32,0.000000,0.610869,0.572529
fp32,0.000000,0.611204,0.572399
fp32,0.000000,0.611540,0.572394
fp32,0.000000,0.611875,0.572051
fp32,0.000000,0.612211,0.571906
fp32,0.000000,0.612546,0.571740
fp32,0.000000,0.612882,0.571681
fp32,0.000000,0.613217,0.571521
fp32,0.000000,0.613552,0.571294
fp32,0.000000,0.613888,0.571251
fp32,0.000000,0.614223,0.571209
fp32,0.000000,0.614559,0.571200
fp32,0.000000,0.614894,0.571175
fp32,0.000000,0.615230,0.571150
fp32,0.000000,0.615565,0.571072
fp32,0.000000,0.615901,0.571041
fp32,0.000000,0.616236,0.570966
fp32,0.000000,0.616572,0.570916
fp32,0.000000,0.616907,0.570773
fp32,0.000000,0.617243,0.570754
fp32,0.000000,0.617578,0.570512
fp32,0.000000,0.617913,0.570504
fp32,0.000000,0.618249,0.570366
fp32,0.000000,0.618584,0.570357
fp32,0.000000,0.618920,0.570278
fp32,0.000000,0.619255,0.570215
fp32,0.000000,0.619591,0.570169
fp32,0.000000,0.619926,0.570151
fp32,0.000000,0.620262,0.569981
fp32,0.000000,0.620597,0.569800
fp32,0.000000,0.620933,0.569660
fp32,0.000000,0.621268,0.569626
fp32,0.000000,0.621603,0.569540
fp32,0.000000,0.621939,0.569534
fp32,0.000000,0.622274,0.569533
fp32,0.000000,0.622610,0.569528
fp32,0.000000,0.622945,0.569481
fp32,0.000000,0.623281,0.569415
fp32,0.000000,0.623616,0.569387
fp32,0.000000,0.623952,0.569316
fp32,0.000000,0.624287,0.569279
fp32,0.000000,0.624623,0.569221
fp32,0.000000,0.624958,0.569173
fp32,0.000000,0.625294,0.569091
fp32,0.000000,0.625629,0.568865
fp32,0.000000,0.625964,0.568795
fp32,0.000000,0.626300,0.568781
fp32,0.000000,0.626635,0.568749
fp32,0.000000,0.626971,0.568624
fp32,0.000000,0.627306,0.568552
fp32,0.000000,0.627642,0.568529
fp32,0.000000,0.627977,0.568296
fp32,0.000000,0.628313,0.568211
fp32,0.000000,0.628648,0.568119
fp32,0.000000,0.628984,0.568094
fp32,0.000000,0.629319,0.568064
fp32,0.000000,0.629654,0.567809
fp32,0.000000,0.629990,0.567686
fp32,0.000000,0.630325,0.567647
fp32,0.000000,0.630661,0.567167
fp32,0.000000,0.630996,0.567111
fp32,0.000000,0.631332,0.566960
fp32,0.000000,0.631667,0.566928
fp32,0.000000,0.632003,0.566884
fp32,0.000000,0.632338,0.566781
fp32,0.000000,0.632674,0.566719
fp32,0.000000,0.633009,0.566604
fp32,0.000000,0.633345,0.566538
fp32,0.000000,0.633680,0.566421
fp32,0.000000,0.634015,0.566381
fp32,0.000000,0.634351,0.566333
fp32,0.000000,0.634686,0.566191
fp32,0.000000,0.635022,0.566161
fp32,0.000000,0.635357,0.566156
fp32,0.000000,0.635693,0.566146
fp32,0.000000,0.636028,0.566141
fp32,0.000000,0.636364,0.566120
fp32,0.000000,0.636699,0.566112
fp32,0.000000,0.637035,0.566111
fp32,0.000000,0.637370,0.565925
fp32,0.000000,0.637705,0.565832
fp32,0.000000,0.638041,0.565793
fp32,0.000000,0.638376,0.565634
fp32,0.000000,0.638712,0.565603
fp32,0.000000,0.639047,0.565511
fp32,0.000000,0.639383,0.565486
fp32,0.000000,0.639718,0.565428
fp32,0.000000,0.640054,0.565281
fp32,0.000000,0.640389,0.565041
fp32,0.000000,0.640725,0.565017
fp32,0.000000,0.641060,0.565010
fp32,0.000000,0.641396,0.564954
fp32,0.000000,0.641731,0.564862
fp32,0.000000,0.642066,0.564853
fp32,0.000000,0.642402,0.564818
fp32,0.000000,0.642737,0.564796
fp32,0.000000,0.643073,0.564596
fp32,0.000000,0.643408,0.564266
fp32,0.000000,0.643744,0.564262
fp32,0.000000,0.644079,0.564228
fp32,0.000000,0.644415,0.564154
fp32,0.000000,0.644750,0.564061
fp32,0.000000,0.645086,0.564043
fp32,0.000000,0.645421,0.564042
fp32,0.000000,0.645756,0.563872
fp32,0.000000,0.646092,0.563724
fp32,0.000000,0.646427,0.563655
fp32,0.000000,0.646763,0.563602
fp32,0.000000,0.647098,0.563405
fp32,0.000000,0.647434,0.563357
fp32,0.000000,0.647769,0.563260
fp32,0.000000,0.648105,0.563233
fp32,0.000000,0.648440,0.563201
fp32,0.000000,0.648776,0.563169
fp32,0.000000,0.649111,0.563002
fp32,0.000000,0.649446,0.562970
fp32,0.000000,0.649782,0.562949
fp32,0.000000,0.650117,0.562810
fp32,0.000000,0.650453,0.562696
fp32,0.000000,0.650788,0.562601
fp32,0.000000,0.651124,0.562506
fp32,0.000000,0.651459,0.562434
fp32,0.000000,0.651795,0.562151
fp32,0.000000,0.652130,0.562040
fp32,0.000000,0.652466,0.561842
fp32,0.000000,0.652801,0.561740
fp32,0.000000,0.653137,0.561430
fp32,0.000000,0.653472,0.561405
fp32,0.000000,0.653807,0.561389
fp32,0.000000,0.654143,0.561372
fp32,0.000000,0.654478,0.561368
fp32,0.000000,0.654814,0.561251
fp32,0.000000,0.655149,0.561149
fp32,0.000000,0.655485,0.561079
fp32,0.000000,0.655820,0.560914
fp32,0.000000,0.656156,0.560911
fp32,0.000000,0.656491,0.560884
fp32,0.000000,0.656827,0.560803
fp32,0.000000,0.657162,0.560684
fp32,0.000000,0.657497,0.560332
fp32,0.000000,0.657833,0.560010
fp32,0.000000,0.658168,0.559953
fp32,0.000000,0.658504,0.559748
fp32,0.000000,0.658839,0.559587
fp32,0.000000,0.659175,0.559376
fp32,0.000000,0.659510,0.559283
fp32,0.000000,0.659846,0.559232
fp32,0.000000,0.660181,0.559046
fp32,0.000000,0.660517,0.558901
fp32,0.000000,0.660852,0.558795
fp32,0.000000,0.661188,0.558767
fp32,0.000000,0.661523,0.558672
fp32,0.000000,0.661858,0.558662
fp32,0.000000,0.662194,0.558460
fp32,0.000000,0.662529,0.558365
fp32,0.000000,0.662865,0.558231
fp32,0.000000,0.663200,0.558075
fp32,0.000000,0.663536,0.558055
fp32,0.000000,0.663871,0.558024
fp32,0.000000,0.664207,0.558009
fp32,0.000000,0.664542,0.557859
fp32,0.000000,0.664878,0.557791
fp32,0.000000,0.665213,0.557782
fp32,0.000000,0.665548,0.557761
fp32,0.000000,0.665884,0.557743
fp32,0.000000,0.666219,0.557720
fp32,0.000000,0.666555,0.557698
fp32,0.000000,0.666890,0.557684
fp32,0.000000,0.667226,0.557676
fp32,0.000000,0.667561,0.557658
fp32,0.000000,0.667897,0.557572
fp32,0.000000,0.668232,0.557376
fp32,0.000000,0.668568,0.557370
fp32,0.000000,0.668903,0.557234
fp32,0.000000,0.669239,0.557108
fp32,0.000000,0.669574,0.557043
fp32,0.000000,0.669909,0.557006
fp32,0.000000,0.670245,0.556971
fp32,0.000000,0.670580,0.556878
fp32,0.000000,0.670916,0.556809
fp32,0.000000,0.671251,0.556368
fp32,0.000000,0.671587,0.556340
fp32,0.000000,0.671922,0.556261
fp32,0.000000,0.672258,0.556217
fp32,0.000000,0.672593,0.556196
fp32,0.000000,0.672929,0.556180
fp32,0.000000,0.673264,0.556082
fp32,0.000000,0.673599,0.556075
fp32,0.000000,0.673935,0.556074
fp32,0.000000,0.674270,0.555999
fp32,0.000000,0.674606,0.555920
fp32,0.000000,0.674941,0.555914
fp32,0.000000,0.675277,0.555891
fp32,0.000000,0.675612,0.555854
fp32,0.000000,0.675948,0.555851
fp32,0.000000,0.676283,0.555807
fp32,0.000000,0.676619,0.555398
fp32,0.000000,0.676954,0.555357
fp32,0.000000,0.677290,0.555205
fp32,0.000000,0.677625,0.555034
fp32,0.000000,0.677960,0.554920
fp32,0.000000,0.678296,0.554881
fp32,0.000000,0.678631,0.554836
fp32,0.000000,0.678967,0.554767
fp32,0.000000,0.679302,0.554479
fp32,0.000000,0.679638,0.554401
fp32,0.000000,0.679973,0.554185
fp32,0.000000,0.680309,0.554131
fp32,0.000000,0.680644,0.554080
fp32,0.000000,0.680980,0.553878
fp32,0.000000,0.681315,0.553870
fp32,0.000000,0.681650,0.553668
fp32,0.000000,0.681986,0.553566
fp32,0.000000,0.682321,0.553408
fp32,0.000000,0.682657,0.553214
fp32,0.000000,0.682992,0.553057
fp32,0.000000,0.683328,0.552966
fp32,0.000000,0.683663,0.552809
fp32,0.000000,0.683999,0.552772
fp32,0.000000,0.684334,0.552752
fp32,0.000000,0.684670,0.552724
fp32,0.000000,0.685005,0.552686
fp32,0.000000,0.685340,0.552686
fp32,0.000000,0.685676,0.552651
fp32,0.000000,0.686011,0.552568
fp32,0.000000,0.686347,0.552501
fp32,0.000000,0.686682,0.552473
fp32,0.000000,0.687018,0.552422
fp32,0.000000,0.687353,0.552399
fp32,0.000000,0.687689,0.551992
fp32,0.000000,0.688024,0.551989
fp32,0.000000,0.688360,0.551945
fp32,0.000000,0.688695,0.551928
fp32,0.000000,0.689031,0.551853
fp32,0.000000,0.689366,0.551561
fp32,0.000000,0.689701,0.551482
fp32,0.000000,0.690037,0.551310
fp32,0.000000,0.690372,0.551200
fp32,0.000000,0.690708,0.551129
fp32,0.000000,0.691043,0.551088
fp32,0.000000,0.691379,0.550967
fp32,0.000000,0.691714,0.550857
fp32,0.000000,0.692050,0.550805
fp32,0.000000,0.692385,0.550736
fp32,0.000000,0.692721,0.550533
fp32,0.000000,0.693056,0.550424
fp32,0.000000,0.693391,0.550104
fp32,0.000000,0.693727,0.550091
fp32,0.000000,0.694062,0.549922
fp32,0.000000,0.694398,0.549787
fp32,0.000000,0.694733,0.549634
fp32,0.000000,0.695069,0.549232
fp32,0.000000,0.695404,0.549217
fp32,0.000000,0.695740,0.549172
fp32,0.000000,0.696075,0.549118
fp32,0.000000,0.696411,0.549096
fp32,0.000000,0.696746,0.549001
fp32,0.000000,0.697082,0.548815
fp32,0.000000,0.697417,0.548743
fp32,0.000000,0.697752,0.548684
fp32,0.000000,0.698088,0.548390
fp32,0.000000,0.698423,0.548359
fp32,0.000000,0.698759,0.548327
fp32,0.000000,0.699094,0.548315
fp32,0.000000,0.699430,0.548231
fp32,0.000000,0.699765,0.548196
fp32,0.000000,0.700101,0.548186
fp32,0.000000,0.700436,0.547806
fp32,0.000000,0.700772,0.547799
fp32,0.000000,0.701107,0.547725
fp32,0.000000,0.701442,0.547678
fp32,0.000000,0.701778,0.547427
fp32,0.000000,0.702113,0.546921
fp32,0.000000,0.702449,0.546702
fp32,0.000000,0.702784,0.546673
fp32,0.000000,0.703120,0.546355
fp32,0.000000,0.703455,0.545979
fp32,0.000000,0.703791,0.545942
fp32,0.000000,0.704126,0.545810
fp32,0.000000,0.704462,0.545733
fp32,0.000000,0.704797,0.545538
fp32,0.000000,0.705133,0.545420
fp32,0.000000,0.705468,0.545313
fp32,0.000000,0.705803,0.545115
fp32,0.000000,0.706139,0.544887
fp32,0.000000,0.706474,0.544881
fp32,0.000000,0.706810,0.544659
fp32,0.000000,0.707145,0.544504
fp32,0.000000,0.707481,0.544459
fp32,0.000000,0.707816,0.544420
fp32,0.000000,0.708152,0.544323
fp32,0.000000,0.708487,0.543721
fp32,0.000000,0.708823,0.543410
fp32,0.000000,0.709158,0.543278
fp32,0.000000,0.709493,0.543263
fp32,0.000000,0.709829,0.543158
fp32,0.000000,0.710164,0.543112
fp32,0.000000,0.710500,0.543066
fp32,0.000000,0.710835,0.543019
fp32,0.000000,0.711171,0.542949
fp32,0.000000,0.711506,0.542895
fp32,0.000000,0.711842,0.542848
fp32,0.000000,0.712177,0.542759
fp32,0.000000,0.712513,0.542683
fp32,0.000000,0.712848,0.542668
fp32,0.000000,0.713183,0.542581
fp32,0.000000,0.713519,0.542523
fp32,0.000000,0.713854,0.542519
fp32,0.000000,0.714190,0.542381
fp32,0.000000,0.714525,0.542297
fp32,0.000000,0.714861,0.542248
fp32,0.000000,0.715196,0.542217
fp32,0.000000,0.715532,0.542152
fp32,0.000000,0.715867,0.542095
fp32,0.000000,0.716203,0.542043
fp32,0.000000,0.716538,0.542017
fp32,0.000000,0.716874,0.541766
fp32,0.000000,0.717209,0.541704
fp32,0.000000,0.717544,0.541641
fp32,0.000000,0.717880,0.541587
fp32,0.000000,0.718215,0.541558
fp32,0.000000,0.718551,0.541178
fp32,0.000000,0.718886,0.540933
fp32,0.000000,0.719222,0.540725
fp32,0.000000,0.719557,0.540699
fp32,0.000000,0.719893,0.540635
fp32,0.000000,0.720228,0.540620
fp32,0.000000,0.720564,0.540472
fp32,0.000000,0.720899,0.540460
fp32,0.000000,0.721234,0.540421
fp32,0.000000,0.721570,0.540393
fp32,0.000000,0.721905,0.540351
fp32,0.000000,0.722241,0.540308
fp32,0.000000,0.722576,0.540234
fp32,0.000000,0.722912,0.540084
fp32,0.000000,0.723247,0.539944
fp32,0.000000,0.723583,0.539611
fp32,0.000000,0.723918,0.539556
fp32,0.000000,0.724254,0.539278
fp32,0.000000,0.724589,0.539127
fp32,0.000000,0.724925,0.538812
fp32,0.000000,0.725260,0.538742
fp32,0.000000,0.725595,0.538737
fp32,0.000000,0.725931,0.538727
fp32,0.000000,0.726266,0.538652
fp32,0.000000,0.726602,0.538575
fp32,0.000000,0.726937,0.538548
fp32,0.000000,0.727273,0.538519
fp32,0.000000,0.727608,0.538471
fp32,0.000000,0.727944,0.538449
fp32,0.000000,0.728279,0.538389
fp32,0.000000,0.728615,0.538277
fp32,0.000000,0.728950,0.537798
fp32,0.000000,0.729285,0.537722
fp32,0.000000,0.729621,0.537582
fp32,0.000000,0.729956,0.537560
fp32,0.000000,0.730292,0.537465
fp32,0.000000,0.730627,0.537413
fp32,0.000000,0.730963,0.537405
fp32,0.000000,0.731298,0.537176
fp32,0.000000,0.731634,0.537129
fp32,0.000000,0.731969,0.537121
fp32,0.000000,0.732305,0.537104
fp32,0.000000,0.732640,0.536952
fp32,0.000000,0.732976,0.536865
fp32,0.000000,0.733311,0.536711
fp32,0.000000,0.733646,0.536502
fp32,0.000000,0.733982,0.536432
fp32,0.000000,0.734317,0.536424
fp32,0.000000,0.734653,0.536359
fp32,0.000000,0.734988,0.536345
fp32,0.000000,0.735324,0.536105
fp32,0.000000,0.735659,0.535929
fp32,0.000000,0.735995,0.535811
fp32,0.000000,0.736330,0.535804
fp32,0.000000,0.736666,0.535790
fp32,0.000000,0.737001,0.535655
fp32,0.000000,0.737336,0.535615
fp32,0.000000,0.737672,0.535611
fp32,0.000000,0.738007,0.535507
fp32,0.000000,0.738343,0.535446
fp32,0.000000,0.738678,0.535174
fp32,0.000000,0.739014,0.535159
fp32,0.000000,0.739349,0.535117
fp32,0.000000,0.739685,0.535065
fp32,0.000000,0.740020,0.534954
fp32,0.000000,0.740356,0.534933
fp32,0.000000,0.740691,0.534894
fp32,0.000000,0.741027,0.534672
fp32,0.000000,0.741362,0.534623
fp32,0.000000,0.741697,0.534605
fp32,0.000000,0.742033,0.534536
fp32,0.000000,0.742368,0.534512
fp32,0.000000,0.742704,0.534355
fp32,0.000000,0.743039,0.534310
fp32,0.000000,0.743375,0.534285
fp32,0.000000,0.743710,0.534163
fp32,0.000000,0.744046,0.533892
fp32,0.000000,0.744381,0.533742
fp32,0.000000,0.744717,0.533661
fp32,0.000000,0.745052,0.533657
fp32,0.000000,0.745387,0.533508
fp32,0.000000,0.745723,0.533268
fp32,0.000000,0.746058,0.533261
fp32,0.000000,0.746394,0.533258
fp32,0.000000,0.746729,0.533249
fp32,0.000000,0.747065,0.533085
fp32,0.000000,0.747400,0.532748
fp32,0.000000,0.747736,0.532679
fp32,0.000000,0.748071,0.532483
fp32,0.000000,0.748407,0.532384
fp32,0.000000,0.748742,0.532379
fp32,0.000000,0.749077,0.532343
fp32,0.000000,0.749413,0.532181
fp32,0.000000,0.749748,0.532177
fp32,0.000000,0.750084,0.532164
fp32,0.000000,0.750419,0.531906
fp32,0.000000,0.750755,0.531844
fp32,0.000000,0.751090,0.531626
fp32,0.000000,0.751426,0.531514
fp32,0.000000,0.751761,0.531314
fp32,0.000000,0.752097,0.531208
fp32,0.000000,0.752432,0.531075
fp32,0.000000,0.752768,0.531027
fp32,0.000000,0.753103,0.530882
fp32,0.000000,0.753438,0.530868
fp32,0.000000,0.753774,0.530826
fp32,0.000000,0.754109,0.530739
fp32,0.000000,0.754445,0.530574
fp32,0.000000,0.754780,0.530561
fp32,0.000000,0.755116,0.530469
fp32,0.000000,0.755451,0.530455
fp32,0.000000,0.755787,0.530125
fp32,0.000000,0.756122,0.530076
fp32,0.000000,0.756458,0.530002
fp32,0.000000,0.756793,0.529963
fp32,0.000000,0.757128,0.529950
fp32,0.000000,0.757464,0.529800
fp32,0.000000,0.757799,0.529746
fp32,0.000000,0.758135,0.529583
fp32,0.000000,0.758470,0.529563
fp32,0.000000,0.758806,0.529464
fp32,0.000000,0.759141,0.529416
fp32,0.000000,0.759477,0.529140
fp32,0.000000,0.759812,0.529066
fp32,0.000000,0.760148,0.529044
fp32,0.000000,0.760483,0.529033
fp32,0.000000,0.760819,0.528867
fp32,0.000000,0.761154,0.528480
fp32,0.000000,0.761489,0.528422
fp32,0.000000,0.761825,0.528085
fp32,0.000000,0.762160,0.528045
fp32,0.000000,0.762496,0.528004
fp32,0.000000,0.762831,0.527992
fp32,0.000000,0.763167,0.527856
fp32,0.000000,0.763502,0.527774
fp32,0.000000,0.763838,0.527670
fp32,0.000000,0.764173,0.527302
fp32,0.000000,0.764509,0.527228
fp32,0.000000,0.764844,0.527184
fp32,0.000000,0.765179,0.527068
fp32,0.000000,0.765515,0.527029
fp32,0.000000,0.765850,0.526866
fp32,0.000000,0.766186,0.526611
fp32,0.000000,0.766521,0.526606
fp32,0.000000,0.766857,0.526446
fp32,0.000000,0.767192,0.526377
fp32,0.000000,0.767528,0.526262
fp32,0.000000,0.767863,0.526134
fp32,0.000000,0.768199,0.525816
fp32,0.000000,0.768534,0.525705
fp32,0.000000,0.768870,0.525657
fp32,0.000000,0.769205,0.525578
fp32,0.000000,0.769540,0.525089
fp32,0.000000,0.769876,0.524908
fp32,0.000000,0.770211,0.524696
fp32,0.000000,0.770547,0.524418
fp32,0.000000,0.770882,0.524045
fp32,0.000000,0.771218,0.523948
fp32,0.000000,0.771553,0.523676
fp32,0.000000,0.771889,0.523513
fp32,0.000000,0.772224,0.523390
fp32,0.000000,0.772560,0.523377
fp32,0.000000,0.772895,0.523268
fp32,0.000000,0.773230,0.523102
fp32,0.000000,0.773566,0.522821
fp32,0.000000,0.773901,0.522709
fp32,0.000000,0.774237,0.522686
fp32,0.000000,0.774572,0.522580
fp32,0.000000,0.774908,0.522576
fp32,0.000000,0.775243,0.522482
fp32,0.000000,0.775579,0.522408
fp32,0.000000,0.775914,0.522115
fp32,0.000000,0.776250,0.521997
fp32,0.000000,0.776585,0.521974
fp32,0.000000,0.776920,0.521923
fp32,0.000000,0.777256,0.521751
fp32,0.000000,0.777591,0.521722
fp32,0.000000,0.777927,0.521546
fp32,0.000000,0.778262,0.521517
fp32,0.000000,0.778598,0.521510
fp32,0.000000,0.778933,0.521395
fp32,0.000000,0.779269,0.521390
fp32,0.000000,0.779604,0.521225
fp32,0.000000,0.779940,0.521174
fp32,0.000000,0.780275,0.520989
fp32,0.000000,0.780611,0.520983
fp32,0.000000,0.780946,0.520981
fp32,0.000000,0.781281,0.520941
fp32,0.000000,0.781617,0.520877
fp32,0.000000,0.781952,0.520831
fp32,0.000000,0.782288,0.520781
fp32,0.000000,0.782623,0.520574
fp32,0.000000,0.782959,0.520530
fp32,0.000000,0.783294,0.520481
fp32,0.000000,0.783630,0.520363
fp32,0.000000,0.783965,0.520306
fp32,0.000000,0.784301,0.520263
fp32,0.000000,0.784636,0.520081
fp32,0.000000,0.784971,0.519879
fp32,0.000000,0.785307,0.519623
fp32,0.000000,0.785642,0.519593
fp32,0.000000,0.785978,0.519452
fp32,0.000000,0.786313,0.519365
fp32,0.000000,0.786649,0.519337
fp32,0.000000,0.786984,0.519299
fp32,0.000000,0.787320,0.518941
fp32,0.000000,0.787655,0.518822
fp32,0.000000,0.787991,0.518818
fp32,0.000000,0.788326,0.518799
fp32,0.000000,0.788662,0.518741
fp32,0.000000,0.788997,0.518677
fp32,0.000000,0.789332,0.518670
fp32,0.000000,0.789668,0.518637
fp32,0.000000,0.790003,0.518588
fp32,0.000000,0.790339,0.518395
fp32,0.000000,0.790674,0.518355
fp32,0.000000,0.791010,0.518262
fp32,0.000000,0.791345,0.518227
fp32,0.000000,0.791681,0.518217
fp32,0.000000,0.792016,0.518135
fp32,0.000000,0.792352,0.518033
fp32,0.000000,0.792687,0.517736
fp32,0.000000,0.793022,0.517694
fp32,0.000000,0.793358,0.517377
fp32,0.000000,0.793693,0.517372
fp32,0.000000,0.794029,0.517199
fp32,0.000000,0.794364,0.517144
fp32,0.000000,0.794700,0.517016
fp32,0.000000,0.795035,0.516983
fp32,0.000000,0.795371,0.516886
fp32,0.000000,0.795706,0.516775
fp32,0.000000,0.796042,0.516722
fp32,0.000000,0.796377,0.516521
fp32,0.000000,0.796713,0.516493
fp32,0.000000,0.797048,0.516458
fp32,0.000000,0.797383,0.516122
fp32,0.000000,0.797719,0.515813
fp32,0.000000,0.798054,0.515715
fp32,0.000000,0.798390,0.515618
fp32,0.000000,0.798725,0.515589
fp32,0.000000,0.799061,0.515486
fp32,0.000000,0.799396,0.515407
fp32,0.000000,0.799732,0.515321
fp32,0.000000,0.800067,0.515146
fp32,0.000000,0.800403,0.514792
fp32,0.000000,0.800738,0.514763
fp32,0.000000,0.801073,0.514723
fp32,0.000000,0.801409,0.514594
fp32,0.000000,0.801744,0.514445
fp32,0.000000,0.802080,0.514415
fp32,0.000000,0.802415,0.514317
fp32,0.000000,0.802751,0.514213
fp32,0.000000,0.803086,0.514170
fp32,0.000000,0.803422,0.514170
fp32,0.000000,0.803757,0.514143
fp32,0.000000,0.804093,0.513737
fp32,0.000000,0.804428,0.513435
fp32,0.000000,0.804764,0.513273
fp32,0.000000,0.805099,0.513154
fp32,0.000000,0.805434,0.512766
fp32,0.000000,0.805770,0.512239
fp32,0.000000,0.806105,0.512159
fp32,0.000000,0.806441,0.512132
fp32,0.000000,0.806776,0.511766
fp32,0.000000,0.807112,0.511754
fp32,0.000000,0.807447,0.511702
fp32,0.000000,0.807783,0.511655
fp32,0.000000,0.808118,0.511575
fp32,0.000000,0.808454,0.511531
fp32,0.000000,0.808789,0.511429
fp32,0.000000,0.809124,0.511218
fp32,0.000000,0.809460,0.511037
fp32,0.000000,0.809795,0.511034
fp32,0.000000,0.810131,0.510985
fp32,0.000000,0.810466,0.510946
fp32,0.000000,0.810802,0.510786
fp32,0.000000,0.811137,0.510761
fp32,0.000000,0.811473,0.510739
fp32,0.000000,0.811808,0.510268
fp32,0.000000,0.812144,0.510242
fp32,0.000000,0.812479,0.509874
fp32,0.000000,0.812814,0.509799
fp32,0.000000,0.813150,0.509589
fp32,0.000000,0.813485,0.509428
fp32,0.000000,0.813821,0.509344
fp32,0.000000,0.814156,0.509252
fp32,0.000000,0.814492,0.509171
fp32,0.000000,0.814827,0.509055
fp32,0.000000,0.815163,0.508811
fp32,0.000000,0.815498,0.508744
fp32,0.000000,0.815834,0.508513
fp32,0.000000,0.816169,0.508493
fp32,0.000000,0.816505,0.508295
fp32,0.000000,0.816840,0.508217
fp32,0.000000,0.817175,0.508171
fp32,0.000000,0.817511,0.508050
fp32,0.000000,0.817846,0.507984
fp32,0.000000,0.818182,0.507925
fp32,0.000000,0.818517,0.507883
fp32,0.000000,0.818853,0.507882
fp32,0.000000,0.819188,0.507792
fp32,0.000000,0.819524,0.507480
fp32,0.000000,0.819859,0.507074
fp32,0.000000,0.820195,0.507067
fp32,0.000000,0.820530,0.506679
fp32,0.000000,0.820865,0.506492
fp32,0.000000,0.821201,0.506398
fp32,0.000000,0.821536,0.506342
fp32,0.000000,0.821872,0.505702
fp32,0.000000,0.822207,0.505691
fp32,0.000000,0.822543,0.505677
fp32,0.000000,0.822878,0.505565
fp32,0.000000,0.823214,0.505476
fp32,0.000000,0.823549,0.504780
fp32,0.000000,0.823885,0.504701
fp32,0.000000,0.824220,0.504324
fp32,0.000000,0.824556,0.504202
fp32,0.000000,0.824891,0.504141
fp32,0.000000,0.825226,0.504053
fp32,0.000000,0.825562,0.503915
fp32,0.000000,0.825897,0.503909
fp32,0.000000,0.826233,0.503574
fp32,0.000000,0.826568,0.503505
fp32,0.000000,0.826904,0.503408
fp32,0.000000,0.827239,0.503202
fp32,0.000000,0.827575,0.503197
fp32,0.000000,0.827910,0.502916
fp32,0.000000,0.828246,0.502915
fp32,0.000000,0.828581,0.502908
fp32,0.000000,0.828916,0.502804
fp32,0.000000,0.829252,0.502446
fp32,0.000000,0.829587,0.502373
fp32,0.000000,0.829923,0.502248
fp32,0.000000,0.830258,0.501826
fp32,0.000000,0.830594,0.501734
fp32,0.000000,0.830929,0.501709
fp32,0.000000,0.831265,0.501646
fp32,0.000000,0.831600,0.501499
fp32,0.000000,0.831936,0.501373
fp32,0.000000,0.832271,0.501312
fp32,0.000000,0.832607,0.501114
fp32,0.000000,0.832942,0.500943
fp32,0.000000,0.833277,0.500928
fp32,0.000000,0.833613,0.500912
fp32,0.000000,0.833948,0.500647
fp32,0.000000,0.834284,0.500565
fp32,0.000000,0.834619,0.500259
fp32,0.000000,0.834955,0.500208
fp32,0.000000,0.835290,0.500185
fp32,0.000000,0.835626,0.500172
fp32,0.000000,0.835961,0.499235
fp32,0.000000,0.836297,0.499084
fp32,0.000000,0.836632,0.498902
fp32,0.000000,0.836967,0.498585
fp32,0.000000,0.837303,0.498172
fp32,0.000000,0.837638,0.497922
fp32,0.000000,0.837974,0.497884
fp32,0.000000,0.838309,0.497876
fp32,0.000000,0.838645,0.497810
fp32,0.000000,0.838980,0.497806
fp32,0.000000,0.839316,0.497801
fp32,0.000000,0.839651,0.497782
fp32,0.000000,0.839987,0.497715
fp32,0.000000,0.840322,0.497711
fp32,0.000000,0.840657,0.497084
fp32,0.000000,0.840993,0.496774
fp32,0.000000,0.841328,0.496721
fp32,0.000000,0.841664,0.496483
fp32,0.000000,0.841999,0.496479
fp32,0.000000,0.842335,0.496240
fp32,0.000000,0.842670,0.496078
fp32,0.000000,0.843006,0.495248
fp32,0.000000,0.843341,0.494268
fp32,0.000000,0.843677,0.493906
fp32,0.000000,0.844012,0.493570
fp32,0.000000,0.844348,0.493368
fp32,0.000000,0.844683,0.493348
fp32,0.000000,0.845018,0.493009
fp32,0.000000,0.845354,0.492790
fp32,0.000000,0.845689,0.492605
fp32,0.000000,0.846025,0.492453
fp32,0.000000,0.846360,0.492166
fp32,0.000000,0.846696,0.492049
fp32,0.000000,0.847031,0.491903
fp32,0.000000,0.847367,0.491700
fp32,0.000000,0.847702,0.491601
fp32,0.000000,0.848038,0.491519
fp32,0.000000,0.848373,0.491360
fp32,0.000000,0.848708,0.490964
fp32,0.000000,0.849044,0.490865
fp32,0.000000,0.849379,0.490820
fp32,0.000000,0.849715,0.490553
fp32,0.000000,0.850050,0.490261
fp32,0.000000,0.850386,0.490248
fp32,0.000000,0.850721,0.489831
fp32,0.000000,0.851057,0.489783
fp32,0.000000,0.851392,0.489704
fp32,0.000000,0.851728,0.489692
fp32,0.000000,0.852063,0.488877
fp32,0.000000,0.852399,0.488790
fp32,0.000000,0.852734,0.488667
fp32,0.000000,0.853069,0.488649
fp32,0.000000,0.853405,0.488617
fp32,0.000000,0.853740,0.488507
fp32,0.000000,0.854076,0.488275
fp32,0.000000,0.854411,0.488269
fp32,0.000000,0.854747,0.487934
fp32,0.000000,0.855082,0.487517
fp32,0.000000,0.855418,0.486931
fp32,0.000000,0.855753,0.486652
fp32,0.000000,0.856089,0.486330
fp32,0.000000,0.856424,0.486236
fp32,0.000000,0.856759,0.486145
fp32,0.000000,0.857095,0.485725
fp32,0.000000,0.857430,0.485657
fp32,0.000000,0.857766,0.485418
fp32,0.000000,0.858101,0.485256
fp32,0.000000,0.858437,0.484994
fp32,0.000000,0.858772,0.484793
fp32,0.000000,0.859108,0.484689
fp32,0.000000,0.859443,0.484159
fp32,0.000000,0.859779,0.483947
fp32,0.000000,0.860114,0.483772
fp32,0.000000,0.860450,0.483592
fp32,0.000000,0.860785,0.483532
fp32,0.000000,0.861120,0.482643
fp32,0.000000,0.861456,0.481997
fp32,0.000000,0.861791,0.481848
fp32,0.000000,0.862127,0.481677
fp32,0.000000,0.862462,0.481495
fp32,0.000000,0.862798,0.481416
fp32,0.000000,0.863133,0.481390
fp32,0.000000,0.863469,0.481332
fp32,0.000000,0.863804,0.481297
fp32,0.000000,0.864140,0.481252
fp32,0.000000,0.864475,0.481235
fp32,0.000000,0.864810,0.481222
fp32,0.000000,0.865146,0.481006
fp32,0.000000,0.865481,0.480882
fp32,0.000000,0.865817,0.480768
fp32,0.000000,0.866152,0.480666
fp32,0.000000,0.866488,0.480652
fp32,0.000000,0.866823,0.480269
fp32,0.000000,0.867159,0.480229
fp32,0.000000,0.867494,0.480099
fp32,0.000000,0.867830,0.479666
fp32,0.000000,0.868165,0.479174
fp32,0.000000,0.868501,0.479161
fp32,0.000000,0.868836,0.478605
fp32,0.000000,0.869171,0.478584
fp32,0.000000,0.869507,0.477940
fp32,0.000000,0.869842,0.477247
fp32,0.000000,0.870178,0.477218
fp32,0.000000,0.870513,0.477007
fp32,0.000000,0.870849,0.476884
fp32,0.000000,0.871184,0.476846
fp32,0.000000,0.871520,0.476682
fp32,0.000000,0.871855,0.476615
fp32,0.000000,0.872191,0.476511
fp32,0.000000,0.872526,0.476435
fp32,0.000000,0.872861,0.476391
fp32,0.000000,0.873197,0.476352
fp32,0.000000,0.873532,0.476130
fp32,0.000000,0.873868,0.475754
fp32,0.000000,0.874203,0.475728
fp32,0.000000,0.874539,0.475379
fp32,0.000000,0.874874,0.474765
fp32,0.000000,0.875210,0.474363
fp32,0.000000,0.875545,0.474216
fp32,0.000000,0.875881,0.474107
fp32,0.000000,0.876216,0.473818
fp32,0.000000,0.876551,0.473785
fp32,0.000000,0.876887,0.473221
fp32,0.000000,0.877222,0.472648
fp32,0.000000,0.877558,0.472523
fp32,0.000000,0.877893,0.472464
fp32,0.000000,0.878229,0.471747
fp32,0.000000,0.878564,0.471227
fp32,0.000000,0.878900,0.471025
fp32,0.000000,0.879235,0.470911
fp32,0.000000,0.879571,0.470774
fp32,0.000000,0.879906,0.470522
fp32,0.000000,0.880242,0.470243
fp32,0.000000,0.880577,0.470210
fp32,0.000000,0.880912,0.469371
fp32,0.000000,0.881248,0.468910
fp32,0.000000,0.881583,0.468748
fp32,0.000000,0.881919,0.468300
fp32,0.000000,0.882254,0.468047
fp32,0.000000,0.882590,0.467985
fp32,0.000000,0.882925,0.467804
fp32,0.000000,0.883261,0.467715
fp32,0.000000,0.883596,0.467709
fp32,0.000000,0.883932,0.467558
fp32,0.000000,0.884267,0.467026
fp32,0.000000,0.884602,0.466901
fp32,0.000000,0.884938,0.466366
fp32,0.000000,0.885273,0.465998
fp32,0.000000,0.885609,0.465516
fp32,0.000000,0.885944,0.465338
fp32,0.000000,0.886280,0.465292
fp32,0.000000,0.886615,0.465186
fp32,0.000000,0.886951,0.464963
fp32,0.000000,0.887286,0.464836
fp32,0.000000,0.887622,0.464788
fp32,0.000000,0.887957,0.463761
fp32,0.000000,0.888293,0.463575
fp32,0.000000,0.888628,0.463362
fp32,0.000000,0.888963,0.463051
fp32,0.000000,0.889299,0.462929
fp32,0.000000,0.889634,0.462926
fp32,0.000000,0.889970,0.462480
fp32,0.000000,0.890305,0.462276
fp32,0.000000,0.890641,0.462112
fp32,0.000000,0.890976,0.461871
fp32,0.000000,0.891312,0.461763
fp32,0.000000,0.891647,0.461760
fp32,0.000000,0.891983,0.461376
fp32,0.000000,0.892318,0.461278
fp32,0.000000,0.892653,0.461178
fp32,0.000000,0.892989,0.460957
fp32,0.000000,0.893324,0.460803
fp32,0.000000,0.893660,0.460257
fp32,0.000000,0.893995,0.459865
fp32,0.000000,0.894331,0.459717
fp32,0.000000,0.894666,0.459412
fp32,0.000000,0.895002,0.459305
fp32,0.000000,0.895337,0.458730
fp32,0.000000,0.895673,0.458348
fp32,0.000000,0.896008,0.458087
fp32,0.000000,0.896344,0.457321
fp32,0.000000,0.896679,0.456765
fp32,0.000000,0.897014,0.456522
fp32,0.000000,0.897350,0.456243
fp32,0.000000,0.897685,0.456221
fp32,0.000000,0.898021,0.456099
fp32,0.000000,0.898356,0.455432
fp32,0.000000,0.898692,0.455051
fp32,0.000000,0.899027,0.454627
fp32,0.000000,0.899363,0.454224
fp32,0.000000,0.899698,0.454075
fp32,0.000000,0.900034,0.454011
fp32,0.000000,0.900369,0.453937
fp32,0.000000,0.900704,0.453788
fp32,0.000000,0.901040,0.453182
fp32,0.000000,0.901375,0.452756
fp32,0.000000,0.901711,0.452551
fp32,0.000000,0.902046,0.451608
fp32,0.000000,0.902382,0.451206
fp32,0.000000,0.902717,0.450510
fp32,0.000000,0.903053,0.450169
fp32,0.000000,0.903388,0.450010
fp32,0.000000,0.903724,0.449982
fp32,0.000000,0.904059,0.449919
fp32,0.000000,0.904394,0.449789
fp32,0.000000,0.904730,0.448906
fp32,0.000000,0.905065,0.448501
fp32,0.000000,0.905401,0.447990
fp32,0.000000,0.905736,0.447741
fp32,0.000000,0.906072,0.447602
fp32,0.000000,0.906407,0.446663
fp32,0.000000,0.906743,0.446461
fp32,0.000000,0.907078,0.445849
fp32,0.000000,0.907414,0.444809
fp32,0.000000,0.907749,0.444643
fp32,0.000000,0.908085,0.444556
fp32,0.000000,0.908420,0.444297
fp32,0.000000,0.908755,0.443983
fp32,0.000000,0.909091,0.443668
fp32,0.000000,0.909426,0.443470
fp32,0.000000,0.909762,0.442995
fp32,0.000000,0.910097,0.442682
fp32,0.000000,0.910433,0.442265
fp32,0.000000,0.910768,0.442265
fp32,0.000000,0.911104,0.441956
fp32,0.000000,0.911439,0.441719
fp32,0.000000,0.911775,0.441650
fp32,0.000000,0.912110,0.441464
fp32,0.000000,0.912445,0.441454
fp32,0.000000,0.912781,0.440813
fp32,0.000000,0.913116,0.440565
fp32,0.000000,0.913452,0.440011
fp32,0.000000,0.913787,0.439604
fp32,0.000000,0.914123,0.439459
fp32,0.000000,0.914458,0.439020
fp32,0.000000,0.914794,0.439000
fp32,0.000000,0.915129,0.438332
fp32,0.000000,0.915465,0.438096
fp32,0.000000,0.915800,0.437880
fp32,0.000000,0.916136,0.437528
fp32,0.000000,0.916471,0.437171
fp32,0.000000,0.916806,0.437042
fp32,0.000000,0.917142,0.436681
fp32,0.000000,0.917477,0.436673
fp32,0.000000,0.917813,0.436456
fp32,0.000000,0.918148,0.435993
fp32,0.000000,0.918484,0.434977
fp32,0.000000,0.918819,0.434674
fp32,0.000000,0.919155,0.434644
fp32,0.000000,0.919490,0.434632
fp32,0.000000,0.919826,0.434391
fp32,0.000000,0.920161,0.434319
fp32,0.000000,0.920496,0.433617
fp32,0.000000,0.920832,0.433118
fp32,0.000000,0.921167,0.432537
fp32,0.000000,0.921503,0.432403
fp32,0.000000,0.921838,0.432356
fp32,0.000000,0.922174,0.432336
fp32,0.000000,0.922509,0.432139
fp32,0.000000,0.922845,0.431993
fp32,0.000000,0.923180,0.431966
fp32,0.000000,0.923516,0.431816
fp32,0.000000,0.923851,0.431513
fp32,0.000000,0.924187,0.431058
fp32,0.000000,0.924522,0.430545
fp32,0.000000,0.924857,0.430486
fp32,0.000000,0.925193,0.430473
fp32,0.000000,0.925528,0.430449
fp32,0.000000,0.925864,0.430217
fp32,0.000000,0.926199,0.429599
fp32,0.000000,0.926535,0.429157
fp32,0.000000,0.926870,0.428846
fp32,0.000000,0.927206,0.428768
fp32,0.000000,0.927541,0.428767
fp32,0.000000,0.927877,0.428617
fp32,0.000000,0.928212,0.428371
fp32,0.000000,0.928547,0.428362
fp32,0.000000,0.928883,0.427933
fp32,0.000000,0.929218,0.427177
fp32,0.000000,0.929554,0.427077
fp32,0.000000,0.929889,0.427010
fp32,0.000000,0.930225,0.426956
fp32,0.000000,0.930560,0.426857
fp32,0.000000,0.930896,0.426844
fp32,0.000000,0.931231,0.426731
fp32,0.000000,0.931567,0.426361
fp32,0.000000,0.931902,0.425722
fp32,0.000000,0.932238,0.425089
fp32,0.000000,0.932573,0.424858
fp32,0.000000,0.932908,0.423327
fp32,0.000000,0.933244,0.423096
fp32,0.000000,0.933579,0.421232
fp32,0.000000,0.933915,0.420165
fp32,0.000000,0.934250,0.420026
fp32,0.000000,0.934586,0.419115
fp32,0.000000,0.934921,0.418855
fp32,0.000000,0.935257,0.418672
fp32,0.000000,0.935592,0.418419
fp32,0.000000,0.935928,0.417438
fp32,0.000000,0.936263,0.417197
fp32,0.000000,0.936598,0.416878
fp32,0.000000,0.936934,0.415331
fp32,0.000000,0.937269,0.415216
fp32,0.000000,0.937605,0.415150
fp32,0.000000,0.937940,0.414947
fp32,0.000000,0.938276,0.414448
fp32,0.000000,0.938611,0.413607
fp32,0.000000,0.938947,0.413065
fp32,0.000000,0.939282,0.411188
fp32,0.000000,0.939618,0.410230
fp32,0.000000,0.939953,0.410067
fp32,0.000000,0.940288,0.409923
fp32,0.000000,0.940624,0.409431
fp32,0.000000,0.940959,0.409430
fp32,0.000000,0.941295,0.409073
fp32,0.000000,0.941630,0.408995
fp32,0.000000,0.941966,0.408746
fp32,0.000000,0.942301,0.408356
fp32,0.000000,0.942637,0.408305
fp32,0.000000,0.942972,0.408262
fp32,0.000000,0.943308,0.408199
fp32,0.000000,0.943643,0.407622
fp32,0.000000,0.943979,0.407520
fp32,0.000000,0.944314,0.406849
fp32,0.000000,0.944649,0.406421
fp32,0.000000,0.944985,0.405935
fp32,0.000000,0.945320,0.405354
fp32,0.000000,0.945656,0.405194
fp32,0.000000,0.945991,0.404873
fp32,0.000000,0.946327,0.404673
fp32,0.000000,0.946662,0.404458
fp32,0.000000,0.946998,0.404312
fp32,0.000000,0.947333,0.403329
fp32,0.000000,0.947669,0.402887
fp32,0.000000,0.948004,0.401895
fp32,0.000000,0.948339,0.401837
fp32,0.000000,0.948675,0.399454
fp32,0.000000,0.949010,0.397621
fp32,0.000000,0.949346,0.397348
fp32,0.000000,0.949681,0.397311
fp32,0.000000,0.950017,0.396662
fp32,0.000000,0.950352,0.396588
fp32,0.000000,0.950688,0.396249
fp32,0.000000,0.951023,0.395365
fp32,0.000000,0.951359,0.395285
fp32,0.000000,0.951694,0.395180
fp32,0.000000,0.952030,0.395156
fp32,0.000000,0.952365,0.395117
fp32,0.000000,0.952700,0.395035
fp32,0.000000,0.953036,0.394847
fp32,0.000000,0.953371,0.394529
fp32,0.000000,0.953707,0.393760
fp32,0.000000,0.954042,0.392611
fp32,0.000000,0.954378,0.392603
fp32,0.000000,0.954713,0.391545
fp32,0.000000,0.955049,0.391469
fp32,0.000000,0.955384,0.390852
fp32,0.000000,0.955720,0.390821
fp32,0.000000,0.956055,0.390641
fp32,0.000000,0.956390,0.390283
fp32,0.000000,0.956726,0.390167
fp32,0.000000,0.957061,0.388829
fp32,0.000000,0.957397,0.388611
fp32,0.000000,0.957732,0.387383
fp32,0.000000,0.958068,0.387355
fp32,0.000000,0.958403,0.386625
fp32,0.000000,0.958739,0.386380
fp32,0.000000,0.959074,0.385946
fp32,0.000000,0.959410,0.385273
fp32,0.000000,0.959745,0.384387
fp32,0.000000,0.960081,0.384360
fp32,0.000000,0.960416,0.383652
fp32,0.000000,0.960751,0.383501
fp32,0.000000,0.961087,0.382482
fp32,0.000000,0.961422,0.381876
fp32,0.000000,0.961758,0.381381
fp32,0.000000,0.962093,0.381324
fp32,0.000000,0.962429,0.380689
fp32,0.000000,0.962764,0.379832
fp32,0.000000,0.963100,0.378709
fp32,0.000000,0.963435,0.378343
fp32,0.000000,0.963771,0.377637
fp32,0.000000,0.964106,0.377434
fp32,0.000000,0.964441,0.377056
fp32,0.000000,0.964777,0.374650
fp32,0.000000,0.965112,0.374584
fp32,0.000000,0.965448,0.373618
fp32,0.000000,0.965783,0.373227
fp32,0.000000,0.966119,0.373118
fp32,0.000000,0.966454,0.372558
fp32,0.000000,0.966790,0.370824
fp32,0.000000,0.967125,0.369388
fp32,0.000000,0.967461,0.368987
fp32,0.000000,0.967796,0.368808
fp32,0.000000,0.968131,0.367912
fp32,0.000000,0.968467,0.367399
fp32,0.000000,0.968802,0.367080
fp32,0.000000,0.969138,0.366798
fp32,0.000000,0.969473,0.366708
fp32,0.000000,0.969809,0.366211
fp32,0.000000,0.970144,0.366062
fp32,0.000000,0.970480,0.365442
fp32,0.000000,0.970815,0.364450
fp32,0.000000,0.971151,0.364065
fp32,0.000000,0.971486,0.363645
fp32,0.000000,0.971822,0.361924
fp32,0.000000,0.972157,0.360983
fp32,0.000000,0.972492,0.360227
fp32,0.000000,0.972828,0.360018
fp32,0.000000,0.973163,0.359573
fp32,0.000000,0.973499,0.359313
fp32,0.000000,0.973834,0.359309
fp32,0.000000,0.974170,0.359275
fp32,0.000000,0.974505,0.358803
fp32,0.000000,0.974841,0.358667
fp32,0.000000,0.975176,0.357576
fp32,0.000000,0.975512,0.357464
fp32,0.000000,0.975847,0.356431
fp32,0.000000,0.976182,0.356191
fp32,0.000000,0.976518,0.355448
fp32,0.000000,0.976853,0.353031
fp32,0.000000,0.977189,0.352705
fp32,0.000000,0.977524,0.349753
fp32,0.000000,0.977860,0.348923
fp32,0.000000,0.978195,0.347992
fp32,0.000000,0.978531,0.347843
fp32,0.000000,0.978866,0.346814
fp32,0.000000,0.979202,0.344772
fp32,0.000000,0.979537,0.343500
fp32,0.000000,0.979873,0.342218
fp32,0.000000,0.980208,0.341877
fp32,0.000000,0.980543,0.340688
fp32,0.000000,0.980879,0.340272
fp32,0.000000,0.981214,0.339717
fp32,0.000000,0.981550,0.338605
fp32,0.000000,0.981885,0.337175
fp32,0.000335,0.981885,0.336362
fp32,0.000335,0.982221,0.334880
fp32,0.000335,0.982556,0.333618
fp32,0.000335,0.982892,0.332573
fp32,0.000335,0.983227,0.329944
fp32,0.000335,0.983563,0.328533
fp32,0.000335,0.983898,0.327624
fp32,0.000335,0.984233,0.327344
fp32,0.000335,0.984569,0.324841
fp32,0.000335,0.984904,0.323405
fp32,0.000335,0.985240,0.320063
fp32,0.000335,0.985575,0.319945
fp32,0.000335,0.985911,0.318681
fp32,0.000335,0.986246,0.310579
fp32,0.000335,0.986582,0.309851
fp32,0.000335,0.986917,0.307180
fp32,0.000335,0.987253,0.299562
fp32,0.000335,0.987588,0.296688
fp32,0.000335,0.987924,0.296472
fp32,0.000335,0.988259,0.290945
fp32,0.000335,0.988594,0.290840
fp32,0.000335,0.988930,0.289366
fp32,0.000335,0.989265,0.288277
fp32,0.000335,0.989601,0.285850
fp32,0.000335,0.989936,0.280679
fp32,0.000670,0.989936,0.279833
fp32,0.000670,0.990272,0.275957
fp32,0.000670,0.990607,0.275866
fp32,0.000670,0.990943,0.268088
fp32,0.000670,0.991278,0.261899
fp32,0.000670,0.991614,0.251180
fp32,0.000670,0.991949,0.250101
fp32,0.000670,0.992284,0.242361
fp32,0.000670,0.992620,0.242198
fp32,0.001005,0.992620,0.242108
fp32,0.001005,0.992955,0.237127
fp32,0.001005,0.993291,0.237119
fp32,0.001340,0.993291,0.232292
fp32,0.001676,0.993291,0.230818
fp32,0.001676,0.993626,0.227889
fp32,0.001676,0.993962,0.226510
fp32,0.002011,0.993962,0.225644
fp32,0.002346,0.993962,0.223165
fp32,0.002681,0.993962,0.221723
fp32,0.002681,0.994297,0.217848
fp32,0.002681,0.994633,0.217608
fp32,0.002681,0.994968,0.217314
fp32,0.003016,0.994968,0.213848
fp32,0.003351,0.994968,0.211758
fp32,0.003351,0.995304,0.209179
fp32,0.003686,0.995304,0.203716
fp32,0.004021,0.995304,0.202363
fp32,0.004021,0.995639,0.201417
fp32,0.004357,0.995639,0.196627
fp32,0.004692,0.995639,0.195132
fp32,0.005027,0.995639,0.190497
fp32,0.005362,0.995639,0.189117
fp32,0.005697,0.995639,0.189113
fp32,0.006032,0.995639,0.188194
fp32,0.006367,0.995639,0.187285
fp32,0.006367,0.995975,0.185643
fp32,0.006702,0.995975,0.182855
fp32,0.007038,0.995975,0.176389
fp32,0.007373,0.995975,0.174609
fp32,0.007708,0.995975,0.173354
fp32,0.008043,0.995975,0.172451
fp32,0.008378,0.995975,0.171151
fp32,0.008713,0.995975,0.170434
fp32,0.009048,0.995975,0.170132
fp32,0.009383,0.995975,0.168453
fp32,0.009718,0.995975,0.166808
fp32,0.010054,0.995975,0.166397
fp32,0.010389,0.995975,0.165354
fp32,0.010724,0.995975,0.165327
fp32,0.010724,0.996310,0.164717
fp32,0.011059,0.996310,0.163853
fp32,0.011394,0.996310,0.163182
fp32,0.011729,0.996310,0.162914
fp32,0.012064,0.996310,0.162742
fp32,0.012399,0.996310,0.159711
fp32,0.012735,0.996310,0.159058
fp32,0.013070,0.996310,0.158914
fp32,0.013405,0.996310,0.158005
fp32,0.013740,0.996310,0.157651
fp32,0.014075,0.996310,0.156776
fp32,0.014410,0.996310,0.156738
fp32,0.014745,0.996310,0.155844
fp32,0.015080,0.996310,0.155113
fp32,0.015416,0.996310,0.152949
fp32,0.015751,0.996310,0.152488
fp32,0.016086,0.996310,0.152390
fp32,0.016421,0.996310,0.151343
fp32,0.016756,0.996310,0.151187
fp32,0.016756,0.996645,0.150537
fp32,0.017091,0.996645,0.149119
fp32,0.017426,0.996645,0.146372
fp32,0.017761,0.996645,0.145301
fp32,0.018097,0.996645,0.144845
fp32,0.018432,0.996645,0.144570
fp32,0.018767,0.996645,0.144336
fp32,0.019102,0.996645,0.144221
fp32,0.019437,0.996645,0.143389
fp32,0.019772,0.996645,0.143331
fp32,0.020107,0.996645,0.143109
fp32,0.020442,0.996645,0.142404
fp32,0.020777,0.996645,0.142314
fp32,0.021113,0.996645,0.142093
fp32,0.021448,0.996645,0.142045
fp32,0.021783,0.996645,0.141059
fp32,0.022118,0.996645,0.139763
fp32,0.022453,0.996645,0.139296
fp32,0.022788,0.996645,0.139241
fp32,0.023123,0.996645,0.139096
fp32,0.023458,0.996645,0.138647
fp32,0.023794,0.996645,0.138062
fp32,0.024129,0.996645,0.138011
fp32,0.024464,0.996645,0.137880
fp32,0.024799,0.996645,0.136861
fp32,0.025134,0.996645,0.136852
fp32,0.025469,0.996645,0.136525
fp32,0.025804,0.996645,0.135323
fp32,0.025804,0.996981,0.135234
fp32,0.026139,0.996981,0.134806
fp32,0.026475,0.996981,0.134798
fp32,0.026475,0.997316,0.134533
fp32,0.026810,0.997316,0.134515
fp32,0.027145,0.997316,0.133934
fp32,0.027480,0.997316,0.133406
fp32,0.027815,0.997316,0.132856
fp32,0.028150,0.997316,0.132724
fp32,0.028485,0.997316,0.132498
fp32,0.028485,0.997652,0.132437
fp32,0.028820,0.997652,0.132244
fp32,0.029155,0.997652,0.132151
fp32,0.029491,0.997652,0.132070
fp32,0.029826,0.997652,0.132068
fp32,0.030161,0.997652,0.131840
fp32,0.030496,0.997652,0.131518
fp32,0.030831,0.997652,0.130913
fp32,0.031166,0.997652,0.130405
fp32,0.031501,0.997652,0.130300
fp32,0.031836,0.997652,0.129519
fp32,0.032172,0.997652,0.128948
fp32,0.032507,0.997652,0.128866
fp32,0.032842,0.997652,0.128765
fp32,0.033177,0.997652,0.128502
fp32,0.033512,0.997652,0.127092
fp32,0.033847,0.997652,0.127000
fp32,0.034182,0.997652,0.126842
fp32,0.034517,0.997652,0.125675
fp32,0.034853,0.997652,0.125125
fp32,0.035188,0.997652,0.124183
fp32,0.035523,0.997652,0.123856
fp32,0.035858,0.997652,0.123704
fp32,0.036193,0.997652,0.123583
fp32,0.036528,0.997652,0.123456
fp32,0.036863,0.997652,0.123408
fp32,0.037198,0.997652,0.123227
fp32,0.037534,0.997652,0.123044
fp32,0.037869,0.997652,0.122711
fp32,0.038204,0.997652,0.122181
fp32,0.038539,0.997652,0.121906
fp32,0.038874,0.997652,0.121816
fp32,0.039209,0.997652,0.121772
fp32,0.039544,0.997652,0.121421
fp32,0.039879,0.997652,0.121376
fp32,0.040214,0.997652,0.121091
fp32,0.040550,0.997652,0.120856
fp32,0.040885,0.997652,0.120463
fp32,0.041220,0.997652,0.120222
fp32,0.041555,0.997652,0.119954
fp32,0.041890,0.997652,0.119895
fp32,0.042225,0.997652,0.119862
fp32,0.042560,0.997652,0.119717
fp32,0.042895,0.997652,0.119272
fp32,0.043231,0.997652,0.119064
fp32,0.043566,0.997652,0.119039
fp32,0.043901,0.997652,0.118871
fp32,0.044236,0.997652,0.118794
fp32,0.044571,0.997652,0.118025
fp32,0.044906,0.997652,0.117968
fp32,0.045241,0.997652,0.117763
fp32,0.045576,0.997652,0.117694
fp32,0.045912,0.997652,0.117634
fp32,0.046247,0.997652,0.117249
fp32,0.046582,0.997652,0.117111
fp32,0.046917,0.997652,0.116581
fp32,0.047252,0.997652,0.116567
fp32,0.047587,0.997652,0.116302
fp32,0.047922,0.997652,0.116148
fp32,0.048257,0.997652,0.115746
fp32,0.048592,0.997652,0.115677
fp32,0.048928,0.997652,0.115295
fp32,0.049263,0.997652,0.115046
fp32,0.049598,0.997652,0.114929
fp32,0.049933,0.997652,0.114735
fp32,0.050268,0.997652,0.114666
fp32,0.050603,0.997652,0.114603
fp32,0.050938,0.997652,0.114599
fp32,0.051273,0.997652,0.114573
fp32,0.051609,0.997652,0.114412
fp32,0.051944,0.997652,0.114362
fp32,0.052279,0.997652,0.114000
fp32,0.052614,0.997652,0.113999
fp32,0.052949,0.997652,0.113955
fp32,0.053284,0.997652,0.113568
fp32,0.053619,0.997652,0.113299
fp32,0.053954,0.997652,0.113284
fp32,0.054290,0.997652,0.113082
fp32,0.054625,0.997652,0.113061
fp32,0.054960,0.997652,0.112540
fp32,0.055295,0.997652,0.112032
fp32,0.055630,0.997652,0.112001
fp32,0.055965,0.997652,0.111962
fp32,0.056300,0.997652,0.111897
fp32,0.056635,0.997652,0.111836
fp32,0.056971,0.997652,0.111654
fp32,0.057306,0.997652,0.111645
fp32,0.057641,0.997652,0.111600
fp32,0.057976,0.997652,0.111573
fp32,0.058311,0.997652,0.111562
fp32,0.058646,0.997652,0.111394
fp32,0.058981,0.997652,0.110905
fp32,0.059316,0.997652,0.110591
fp32,0.059651,0.997652,0.110350
fp32,0.059987,0.997652,0.109898
fp32,0.060322,0.997652,0.109840
fp32,0.060657,0.997652,0.109772
fp32,0.060992,0.997652,0.109598
fp32,0.061327,0.997652,0.109450
fp32,0.061662,0.997652,0.109234
fp32,0.061997,0.997652,0.109205
fp32,0.062332,0.997652,0.109190
fp32,0.062668,0.997652,0.108982
fp32,0.063003,0.997652,0.108438
fp32,0.063338,0.997652,0.108427
fp32,0.063673,0.997652,0.108362
fp32,0.064008,0.997652,0.108341
fp32,0.064343,0.997652,0.108212
fp32,0.064678,0.997652,0.108092
fp32,0.065013,0.997652,0.107747
fp32,0.065349,0.997652,0.107731
fp32,0.065684,0.997652,0.107676
fp32,0.066019,0.997652,0.107383
fp32,0.066354,0.997652,0.107071
fp32,0.066689,0.997652,0.106335
fp32,0.067024,0.997652,0.106164
fp32,0.067359,0.997652,0.105879
fp32,0.067694,0.997652,0.105684
fp32,0.068029,0.997652,0.105588
fp32,0.068365,0.997652,0.105579
fp32,0.068700,0.997652,0.105500
fp32,0.069035,0.997652,0.105443
fp32,0.069370,0.997652,0.105261
fp32,0.069705,0.997652,0.105235
fp32,0.070040,0.997652,0.105220
fp32,0.070375,0.997652,0.104916
fp32,0.070710,0.997652,0.104784
fp32,0.071046,0.997652,0.104713
fp32,0.071381,0.997652,0.104686
fp32,0.071716,0.997652,0.104677
fp32,0.072051,0.997652,0.104392
fp32,0.072386,0.997652,0.104199
fp32,0.072721,0.997652,0.102817
fp32,0.073056,0.997652,0.102622
fp32,0.073391,0.997652,0.102592
fp32,0.073727,0.997652,0.102520
fp32,0.074062,0.997652,0.102498
fp32,0.074397,0.997652,0.102304
fp32,0.074732,0.997652,0.102217
fp32,0.075067,0.997652,0.101906
fp32,0.075402,0.997652,0.101843
fp32,0.075737,0.997652,0.101730
fp32,0.076072,0.997652,0.101589
fp32,0.076408,0.997652,0.100816
fp32,0.076743,0.997652,0.100512
fp32,0.077078,0.997652,0.099690
fp32,0.077413,0.997652,0.099656
fp32,0.077748,0.997652,0.099647
fp32,0.078083,0.997652,0.099613
fp32,0.078418,0.997652,0.099504
fp32,0.078753,0.997652,0.099478
fp32,0.079088,0.997652,0.099172
fp32,0.079424,0.997652,0.099126
fp32,0.079759,0.997652,0.099078
fp32,0.080094,0.997652,0.099007
fp32,0.080429,0.997652,0.098826
fp32,0.080764,0.997652,0.098800
fp32,0.081099,0.997652,0.098424
fp32,0.081434,0.997652,0.098411
fp32,0.081769,0.997652,0.098388
fp32,0.082105,0.997652,0.098372
fp32,0.082440,0.997652,0.098238
fp32,0.082775,0.997652,0.098037
fp32,0.083110,0.997652,0.097965
fp32,0.083445,0.997652,0.097888
fp32,0.083780,0.997652,0.097835
fp32,0.084115,0.997652,0.097629
fp32,0.084450,0.997652,0.097432
fp32,0.084786,0.997652,0.097420
fp32,0.085121,0.997652,0.097071
fp32,0.085456,0.997652,0.096542
fp32,0.085791,0.997652,0.096538
fp32,0.086126,0.997652,0.096452
fp32,0.086461,0.997652,0.096242
fp32,0.086796,0.997652,0.096235
fp32,0.087131,0.997652,0.095983
fp32,0.087466,0.997652,0.095933
fp32,0.087802,0.997652,0.095920
fp32,0.088137,0.997652,0.095772
fp32,0.088472,0.997652,0.095740
fp32,0.088807,0.997652,0.095556
fp32,0.089142,0.997652,0.095497
fp32,0.089477,0.997652,0.095321
fp32,0.089812,0.997652,0.095076
fp32,0.090147,0.997652,0.094613
fp32,0.090483,0.997652,0.094524
fp32,0.090818,0.997652,0.094492
fp32,0.091153,0.997652,0.094466
fp32,0.091488,0.997652,0.094391
fp32,0.091823,0.997652,0.094269
fp32,0.092158,0.997652,0.094218
fp32,0.092493,0.997652,0.094010
fp32,0.092828,0.997652,0.093954
fp32,0.093164,0.997652,0.093734
fp32,0.093499,0.997652,0.093712
fp32,0.093834,0.997652,0.093458
fp32,0.094169,0.997652,0.093419
fp32,0.094504,0.997652,0.093278
fp32,0.094839,0.997652,0.093164
fp32,0.095174,0.997652,0.093141
fp32,0.095509,0.997652,0.093103
fp32,0.095845,0.997652,0.092661
fp32,0.096180,0.997652,0.092565
fp32,0.096515,0.997652,0.092538
fp32,0.096850,0.997652,0.092151
fp32,0.097185,0.997652,0.091937
fp32,0.097520,0.997652,0.091908
fp32,0.097855,0.997652,0.091886
fp32,0.098190,0.997652,0.091875
fp32,0.098525,0.997652,0.091574
fp32,0.098861,0.997652,0.091165
fp32,0.099196,0.997652,0.090468
fp32,0.099531,0.997652,0.090454
fp32,0.099866,0.997652,0.090026
fp32,0.100201,0.997652,0.089879
fp32,0.100536,0.997652,0.089821
fp32,0.100871,0.997652,0.089800
fp32,0.101206,0.997652,0.089356
fp32,0.101542,0.997652,0.089228
fp32,0.101877,0.997652,0.089182
fp32,0.102212,0.997652,0.089181
fp32,0.102547,0.997652,0.089059
fp32,0.102882,0.997652,0.088690
fp32,0.103217,0.997652,0.088688
fp32,0.103552,0.997652,0.088489
fp32,0.103887,0.997652,0.088401
fp32,0.104223,0.997652,0.088253
fp32,0.104558,0.997652,0.088085
fp32,0.104893,0.997652,0.088068
fp32,0.105228,0.997652,0.088033
fp32,0.105563,0.997652,0.087748
fp32,0.105898,0.997652,0.087586
fp32,0.106233,0.997652,0.087500
fp32,0.106568,0.997652,0.087430
fp32,0.106903,0.997652,0.087418
fp32,0.107239,0.997652,0.087394
fp32,0.107574,0.997652,0.087379
fp32,0.107909,0.997652,0.087234
fp32,0.108244,0.997652,0.087232
fp32,0.108579,0.997652,0.087176
fp32,0.108914,0.997652,0.086955
fp32,0.109249,0.997652,0.086951
fp32,0.109584,0.997652,0.086920
fp32,0.109920,0.997652,0.086802
fp32,0.110255,0.997652,0.086681
fp32,0.110590,0.997652,0.086678
fp32,0.110925,0.997652,0.086665
fp32,0.111260,0.997652,0.086421
fp32,0.111595,0.997652,0.086140
fp32,0.111930,0.997652,0.086136
fp32,0.112265,0.997652,0.086014
fp32,0.112601,0.997652,0.085883
fp32,0.112936,0.997652,0.085805
fp32,0.113271,0.997652,0.085455
fp32,0.113606,0.997652,0.085197
fp32,0.113941,0.997652,0.084898
fp32,0.114276,0.997652,0.084772
fp32,0.114611,0.997652,0.084611
fp32,0.114946,0.997652,0.084589
fp32,0.115282,0.997652,0.084584
fp32,0.115617,0.997652,0.084573
fp32,0.115952,0.997652,0.084551
fp32,0.116287,0.997652,0.084544
fp32,0.116622,0.997652,0.084443
fp32,0.116957,0.997652,0.084417
fp32,0.117292,0.997652,0.084333
fp32,0.117627,0.997652,0.084187
fp32,0.117962,0.997652,0.084107
fp32,0.118298,0.997652,0.083864
fp32,0.118633,0.997652,0.083804
fp32,0.118968,0.997652,0.083771
fp32,0.119303,0.997652,0.083767
fp32,0.119638,0.997652,0.083748
fp32,0.119973,0.997652,0.083744
fp32,0.120308,0.997652,0.083496
fp32,0.120643,0.997652,0.083478
fp32,0.120979,0.997652,0.083450
fp32,0.121314,0.997652,0.083403
fp32,0.121649,0.997652,0.083338
fp32,0.121984,0.997652,0.083308
fp32,0.122319,0.997652,0.083283
fp32,0.122654,0.997652,0.083138
fp32,0.122989,0.997652,0.083065
fp32,0.123324,0.997652,0.082951
fp32,0.123660,0.997652,0.082809
fp32,0.123995,0.997652,0.082608
fp32,0.124330,0.997652,0.082589
fp32,0.124665,0.997652,0.082495
fp32,0.125000,0.997652,0.082112
fp32,0.125335,0.997652,0.081830
fp32,0.125670,0.997652,0.081746
fp32,0.126005,0.997652,0.081509
fp32,0.126340,0.997652,0.081454
fp32,0.126676,0.997652,0.081437
fp32,0.127011,0.997652,0.081297
fp32,0.127346,0.997652,0.081274
fp32,0.127681,0.997652,0.081000
fp32,0.128016,0.997652,0.080911
fp32,0.128351,0.997652,0.080907
fp32,0.128686,0.997652,0.080775
fp32,0.129021,0.997652,0.080753
fp32,0.129357,0.997652,0.080675
fp32,0.129692,0.997652,0.080669
fp32,0.130027,0.997652,0.080556
fp32,0.130362,0.997652,0.080510
fp32,0.130697,0.997652,0.080106
fp32,0.131032,0.997652,0.080090
fp32,0.131367,0.997652,0.079824
fp32,0.131702,0.997652,0.079804
fp32,0.132038,0.997652,0.079738
fp32,0.132373,0.997652,0.079469
fp32,0.132708,0.997652,0.079411
fp32,0.133043,0.997652,0.079388
fp32,0.133378,0.997652,0.079203
fp32,0.133713,0.997652,0.078999
fp32,0.134048,0.997652,0.078618
fp32,0.134383,0.997652,0.078423
fp32,0.134718,0.997652,0.078274
fp32,0.135054,0.997652,0.078063
fp32,0.135389,0.997652,0.078024
fp32,0.135724,0.997652,0.077808
fp32,0.136059,0.997652,0.077581
fp32,0.136394,0.997652,0.077502
fp32,0.136729,0.997652,0.077295
fp32,0.137064,0.997652,0.077263
fp32,0.137399,0.997652,0.077154
fp32,0.137735,0.997652,0.077010
fp32,0.138070,0.997652,0.076892
fp32,0.138405,0.997652,0.076780
fp32,0.138740,0.997652,0.076766
fp32,0.139075,0.997652,0.076764
fp32,0.139410,0.997652,0.076402
fp32,0.139745,0.997652,0.076092
fp32,0.140080,0.997652,0.076067
fp32,0.140416,0.997652,0.076031
fp32,0.140751,0.997652,0.075982
fp32,0.141086,0.997652,0.075674
fp32,0.141421,0.997652,0.075668
fp32,0.141756,0.997652,0.075638
fp32,0.142091,0.997652,0.075462
fp32,0.142426,0.997652,0.075330
fp32,0.142761,0.997652,0.075159
fp32,0.143097,0.997652,0.075144
fp32,0.143432,0.997652,0.075055
fp32,0.143767,0.997652,0.075049
fp32,0.144102,0.997652,0.074944
fp32,0.144437,0.997652,0.074942
fp32,0.144772,0.997652,0.074867
fp32,0.145107,0.997652,0.074857
fp32,0.145442,0.997652,0.074782
fp32,0.145777,0.997652,0.074719
fp32,0.146113,0.997652,0.074584
fp32,0.146448,0.997652,0.074485
fp32,0.146783,0.997652,0.074477
fp32,0.147118,0.997652,0.074287
fp32,0.147453,0.997652,0.074029
fp32,0.147788,0.997652,0.073885
fp32,0.148123,0.997652,0.073857
fp32,0.148458,0.997652,0.073832
fp32,0.148794,0.997652,0.073719
fp32,0.149129,0.997652,0.073711
fp32,0.149464,0.997652,0.073474
fp32,0.149799,0.997652,0.073463
fp32,0.150134,0.997652,0.073460
fp32,0.150469,0.997652,0.073440
fp32,0.150804,0.997652,0.073374
fp32,0.151139,0.997652,0.073300
fp32,0.151475,0.997652,0.073070
fp32,0.151810,0.997652,0.073056
fp32,0.152145,0.997652,0.072989
fp32,0.152480,0.997652,0.072787
fp32,0.152815,0.997652,0.072559
fp32,0.153150,0.997652,0.072520
fp32,0.153485,0.997652,0.072311
fp32,0.153820,0.997652,0.072237
fp32,0.154155,0.997652,0.072153
fp32,0.154491,0.997652,0.072143
fp32,0.154826,0.997652,0.072130
fp32,0.155161,0.997652,0.072119
fp32,0.155496,0.997652,0.072089
fp32,0.155831,0.997652,0.072084
fp32,0.156166,0.997652,0.072009
fp32,0.156501,0.997652,0.071897
fp32,0.156836,0.997652,0.071868
fp32,0.157172,0.997652,0.071664
fp32,0.157507,0.997652,0.071662
fp32,0.157842,0.997652,0.071350
fp32,0.158177,0.997652,0.071152
fp32,0.158512,0.997652,0.070999
fp32,0.158847,0.997652,0.070949
fp32,0.159182,0.997652,0.070532
fp32,0.159517,0.997652,0.070380
fp32,0.159853,0.997652,0.070234
fp32,0.160188,0.997652,0.070155
fp32,0.160523,0.997652,0.069976
fp32,0.160858,0.997652,0.069961
fp32,0.161193,0.997652,0.069847
fp32,0.161528,0.997652,0.069820
fp32,0.161863,0.997652,0.069442
fp32,0.162198,0.997652,0.069411
fp32,0.162534,0.997652,0.069395
fp32,0.162534,0.997987,0.069390
fp32,0.162869,0.997987,0.069356
fp32,0.163204,0.997987,0.069322
fp32,0.163539,0.997987,0.069086
fp32,0.163874,0.997987,0.069057
fp32,0.164209,0.997987,0.068964
fp32,0.164544,0.997987,0.068623
fp32,0.164879,0.997987,0.068553
fp32,0.165214,0.997987,0.068498
fp32,0.165550,0.997987,0.068466
fp32,0.165885,0.997987,0.068463
fp32,0.166220,0.997987,0.068432
fp32,0.166555,0.997987,0.068425
fp32,0.166890,0.997987,0.068286
fp32,0.167225,0.997987,0.068146
fp32,0.167560,0.997987,0.068094
fp32,0.167895,0.997987,0.068082
fp32,0.168231,0.997987,0.068077
fp32,0.168566,0.997987,0.067840
fp32,0.168901,0.997987,0.067798
fp32,0.169236,0.997987,0.067755
fp32,0.169571,0.997987,0.067724
fp32,0.169906,0.997987,0.067706
fp32,0.170241,0.997987,0.067620
fp32,0.170576,0.997987,0.067483
fp32,0.170912,0.997987,0.067427
fp32,0.171247,0.997987,0.067347
fp32,0.171582,0.997987,0.067269
fp32,0.171917,0.997987,0.067212
fp32,0.172252,0.997987,0.067159
fp32,0.172587,0.997987,0.066885
fp32,0.172922,0.997987,0.066723
fp32,0.173257,0.997987,0.066637
fp32,0.173592,0.997987,0.066582
fp32,0.173928,0.997987,0.066555
fp32,0.174263,0.997987,0.066452
fp32,0.174598,0.997987,0.066341
fp32,0.174933,0.997987,0.066322
fp32,0.175268,0.997987,0.066261
fp32,0.175603,0.997987,0.066184
fp32,0.175938,0.997987,0.066123
fp32,0.176273,0.997987,0.066101
fp32,0.176609,0.997987,0.065955
fp32,0.176944,0.997987,0.065942
fp32,0.177279,0.997987,0.065940
fp32,0.177614,0.997987,0.065915
fp32,0.177949,0.997987,0.065856
fp32,0.178284,0.997987,0.065762
fp32,0.178619,0.997987,0.065650
fp32,0.178954,0.997987,0.065364
fp32,0.179290,0.997987,0.065229
fp32,0.179625,0.997987,0.065090
fp32,0.179960,0.997987,0.065037
fp32,0.180295,0.997987,0.064766
fp32,0.180630,0.997987,0.064662
fp32,0.180965,0.997987,0.064583
fp32,0.181300,0.997987,0.064531
fp32,0.181635,0.997987,0.064447
fp32,0.181971,0.997987,0.064400
fp32,0.182306,0.997987,0.064355
fp32,0.182641,0.997987,0.064196
fp32,0.182976,0.997987,0.064163
fp32,0.183311,0.997987,0.064104
fp32,0.183646,0.997987,0.063906
fp32,0.183981,0.997987,0.063796
fp32,0.184316,0.997987,0.063789
fp32,0.184651,0.997987,0.063730
fp32,0.184987,0.997987,0.063707
fp32,0.185322,0.997987,0.063702
fp32,0.185657,0.997987,0.063571
fp32,0.185992,0.997987,0.063442
fp32,0.186327,0.997987,0.063399
fp32,0.186662,0.997987,0.063341
fp32,0.186997,0.997987,0.063180
fp32,0.187332,0.997987,0.062951
fp32,0.187668,0.997987,0.062536
fp32,0.188003,0.997987,0.062525
fp32,0.188338,0.997987,0.062485
fp32,0.188673,0.997987,0.062480
fp32,0.189008,0.997987,0.062469
fp32,0.189343,0.997987,0.062437
fp32,0.189678,0.997987,0.062291
fp32,0.190013,0.997987,0.062264
fp32,0.190349,0.997987,0.062172
fp32,0.190684,0.997987,0.062066
fp32,0.191019,0.997987,0.061957
fp32,0.191354,0.997987,0.061937
fp32,0.191689,0.997987,0.061857
fp32,0.192024,0.997987,0.061808
fp32,0.192359,0.997987,0.061796
fp32,0.192694,0.997987,0.061771
fp32,0.193029,0.997987,0.061346
fp32,0.193365,0.997987,0.061304
fp32,0.193700,0.997987,0.061232
fp32,0.194035,0.997987,0.061153
fp32,0.194370,0.997987,0.060949
fp32,0.194705,0.997987,0.060801
fp32,0.195040,0.997987,0.060770
fp32,0.195375,0.997987,0.060726
fp32,0.195710,0.997987,0.060720
fp32,0.196046,0.997987,0.060597
fp32,0.196381,0.997987,0.060584
fp32,0.196716,0.997987,0.060511
fp32,0.197051,0.997987,0.060424
fp32,0.197386,0.997987,0.060385
fp32,0.197721,0.997987,0.060198
fp32,0.198056,0.997987,0.060062
fp32,0.198391,0.997987,0.059992
fp32,0.198727,0.997987,0.059883
fp32,0.199062,0.997987,0.059768
fp32,0.199397,0.997987,0.059675
fp32,0.199732,0.997987,0.059613
fp32,0.200067,0.997987,0.059608
fp32,0.200402,0.997987,0.059594
fp32,0.200737,0.997987,0.059445
fp32,0.201072,0.997987,0.059326
fp32,0.201408,0.997987,0.059299
fp32,0.201743,0.997987,0.059279
fp32,0.202078,0.997987,0.059082
fp32,0.202413,0.997987,0.058954
fp32,0.202748,0.997987,0.058934
fp32,0.203083,0.997987,0.058915
fp32,0.203418,0.997987,0.058880
fp32,0.203753,0.997987,0.058715
fp32,0.204088,0.997987,0.058507
fp32,0.204424,0.997987,0.058436
fp32,0.204759,0.997987,0.058360
fp32,0.205094,0.997987,0.058297
fp32,0.205429,0.997987,0.058281
fp32,0.205764,0.997987,0.058236
fp32,0.206099,0.997987,0.058009
fp32,0.206434,0.997987,0.057953
fp32,0.206769,0.997987,0.057916
fp32,0.207105,0.997987,0.057907
fp32,0.207440,0.997987,0.057705
fp32,0.207775,0.997987,0.057697
fp32,0.208110,0.997987,0.057683
fp32,0.208445,0.997987,0.057671
fp32,0.208780,0.997987,0.057478
fp32,0.209115,0.997987,0.057381
fp32,0.209450,0.997987,0.057326
fp32,0.209786,0.997987,0.057155
fp32,0.210121,0.997987,0.057038
fp32,0.210456,0.997987,0.056988
fp32,0.210791,0.997987,0.056973
fp32,0.211126,0.997987,0.056968
fp32,0.211461,0.997987,0.056948
fp32,0.211796,0.997987,0.056923
fp32,0.212131,0.997987,0.056893
fp32,0.212466,0.997987,0.056835
fp32,0.212802,0.997987,0.056742
fp32,0.213137,0.997987,0.056726
fp32,0.213472,0.997987,0.056671
fp32,0.213807,0.997987,0.056629
fp32,0.214142,0.997987,0.056544
fp32,0.214477,0.997987,0.056529
fp32,0.214812,0.997987,0.056477
fp32,0.215147,0.997987,0.056446
fp32,0.215483,0.997987,0.056308
fp32,0.215818,0.997987,0.056282
fp32,0.216153,0.997987,0.056065
fp32,0.216488,0.997987,0.056039
fp32,0.216823,0.997987,0.055894
fp32,0.217158,0.997987,0.055753
fp32,0.217493,0.997987,0.055624
fp32,0.217828,0.997987,0.055553
fp32,0.218164,0.997987,0.055487
fp32,0.218499,0.997987,0.055447
fp32,0.218834,0.997987,0.055289
fp32,0.219169,0.997987,0.055282
fp32,0.219504,0.997987,0.055248
fp32,0.219839,0.997987,0.055167
fp32,0.220174,0.997987,0.055124
fp32,0.220509,0.997987,0.055040
fp32,0.220845,0.997987,0.055023
fp32,0.221180,0.997987,0.054997
fp32,0.221515,0.997987,0.054923
fp32,0.221850,0.997987,0.054905
fp32,0.222185,0.997987,0.054902
fp32,0.222520,0.997987,0.054702
fp32,0.222855,0.997987,0.054511
fp32,0.223190,0.997987,0.054408
fp32,0.223525,0.997987,0.054322
fp32,0.223861,0.997987,0.054304
fp32,0.224196,0.997987,0.054277
fp32,0.224531,0.997987,0.054243
fp32,0.224866,0.997987,0.054016
fp32,0.225201,0.997987,0.053927
fp32,0.225536,0.997987,0.053907
fp32,0.225871,0.997987,0.053735
fp32,0.226206,0.997987,0.053702
fp32,0.226542,0.997987,0.053675
fp32,0.226877,0.997987,0.053623
fp32,0.227212,0.997987,0.053564
fp32,0.227547,0.997987,0.053386
fp32,0.227882,0.997987,0.053354
fp32,0.228217,0.997987,0.053283
fp32,0.228552,0.997987,0.053205
fp32,0.228887,0.997987,0.053134
fp32,0.229223,0.997987,0.053116
fp32,0.229558,0.997987,0.053105
fp32,0.229893,0.997987,0.052987
fp32,0.230228,0.997987,0.052848
fp32,0.230563,0.997987,0.052804
fp32,0.230898,0.997987,0.052765
fp32,0.231233,0.997987,0.052729
fp32,0.231568,0.997987,0.052667
fp32,0.231903,0.997987,0.052549
fp32,0.232239,0.997987,0.052394
fp32,0.232574,0.997987,0.052332
fp32,0.232909,0.997987,0.052188
fp32,0.233244,0.997987,0.051917
fp32,0.233579,0.997987,0.051790
fp32,0.233914,0.997987,0.051609
fp32,0.234249,0.997987,0.051550
fp32,0.234584,0.997987,0.051491
fp32,0.234920,0.997987,0.051486
fp32,0.235255,0.997987,0.051116
fp32,0.235590,0.997987,0.051112
fp32,0.235925,0.997987,0.051075
fp32,0.236260,0.997987,0.050920
fp32,0.236595,0.997987,0.050870
fp32,0.236930,0.997987,0.050863
fp32,0.237265,0.997987,0.050848
fp32,0.237601,0.997987,0.050791
fp32,0.237936,0.997987,0.050728
fp32,0.238271,0.997987,0.050593
fp32,0.238606,0.997987,0.050516
fp32,0.238941,0.997987,0.050372
fp32,0.239276,0.997987,0.050284
fp32,0.239611,0.997987,0.050278
fp32,0.239946,0.997987,0.050229
fp32,0.240282,0.997987,0.050191
fp32,0.240617,0.997987,0.050142
fp32,0.240952,0.997987,0.050125
fp32,0.241287,0.997987,0.050071
fp32,0.241622,0.997987,0.049990
fp32,0.241957,0.997987,0.049949
fp32,0.242292,0.997987,0.049913
fp32,0.242627,0.997987,0.049718
fp32,0.242962,0.997987,0.049691
fp32,0.243298,0.997987,0.049685
fp32,0.243633,0.997987,0.049618
fp32,0.243968,0.997987,0.049589
fp32,0.244303,0.997987,0.049549
fp32,0.244638,0.997987,0.049539
fp32,0.244973,0.997987,0.049455
fp32,0.245308,0.997987,0.049407
fp32,0.245643,0.997987,0.049378
fp32,0.245979,0.997987,0.049329
fp32,0.246314,0.997987,0.049285
fp32,0.246649,0.997987,0.049254
fp32,0.246984,0.997987,0.049176
fp32,0.247319,0.997987,0.049157
fp32,0.247654,0.997987,0.049070
fp32,0.247989,0.997987,0.048972
fp32,0.248324,0.997987,0.048914
fp32,0.248660,0.997987,0.048887
fp32,0.248995,0.997987,0.048885
fp32,0.249330,0.997987,0.048865
fp32,0.249665,0.997987,0.048793
fp32,0.250000,0.997987,0.048604
fp32,0.250335,0.997987,0.048578
fp32,0.250670,0.997987,0.048570
fp32,0.251005,0.997987,0.048519
fp32,0.251340,0.997987,0.048494
fp32,0.251676,0.997987,0.048481
fp32,0.252011,0.997987,0.048361
fp32,0.252346,0.997987,0.048261
fp32,0.252681,0.997987,0.048122
fp32,0.253016,0.997987,0.048001
fp32,0.253351,0.997987,0.047986
fp32,0.253686,0.997987,0.047765
fp32,0.254021,0.997987,0.047632
fp32,0.254357,0.997987,0.047497
fp32,0.254692,0.997987,0.047479
fp32,0.255027,0.997987,0.047476
fp32,0.255362,0.997987,0.047461
fp32,0.255697,0.997987,0.047397
fp32,0.256032,0.997987,0.047273
fp32,0.256367,0.997987,0.047195
fp32,0.256702,0.997987,0.047179
fp32,0.257038,0.997987,0.047161
fp32,0.257373,0.997987,0.047110
fp32,0.257708,0.997987,0.047017
fp32,0.258043,0.997987,0.047014
fp32,0.258378,0.997987,0.046909
fp32,0.258713,0.997987,0.046772
fp32,0.259048,0.997987,0.046686
fp32,0.259383,0.997987,0.046667
fp32,0.259718,0.997987,0.046650
fp32,0.260054,0.997987,0.046646
fp32,0.260389,0.997987,0.046448
fp32,0.260724,0.997987,0.046432
fp32,0.261059,0.997987,0.046390
fp32,0.261394,0.997987,0.046330
fp32,0.261729,0.997987,0.046313
fp32,0.262064,0.997987,0.046217
fp32,0.262399,0.997987,0.046182
fp32,0.262735,0.997987,0.046143
fp32,0.263070,0.997987,0.046005
fp32,0.263405,0.997987,0.045932
fp32,0.263740,0.997987,0.045847
fp32,0.264075,0.997987,0.045759
fp32,0.264410,0.997987,0.045739
fp32,0.264745,0.997987,0.045624
fp32,0.265080,0.997987,0.045599
fp32,0.265416,0.997987,0.045554
fp32,0.265751,0.997987,0.045226
fp32,0.266086,0.997987,0.045223
fp32,0.266421,0.997987,0.045188
fp32,0.266756,0.997987,0.045169
fp32,0.267091,0.997987,0.045149
fp32,0.267426,0.997987,0.045128
fp32,0.267761,0.997987,0.045103
fp32,0.268097,0.997987,0.045035
fp32,0.268432,0.997987,0.044887
fp32,0.268767,0.997987,0.044860
fp32,0.269102,0.997987,0.044800
fp32,0.269437,0.997987,0.044658
fp32,0.269772,0.997987,0.044645
fp32,0.270107,0.997987,0.044639
fp32,0.270442,0.997987,0.044568
fp32,0.270777,0.997987,0.044553
fp32,0.271113,0.997987,0.044534
fp32,0.271448,0.997987,0.044458
fp32,0.271783,0.997987,0.044414
fp32,0.272118,0.997987,0.044393
fp32,0.272453,0.997987,0.044378
fp32,0.272788,0.997987,0.044287
fp32,0.273123,0.997987,0.044257
fp32,0.273458,0.997987,0.044221
fp32,0.273794,0.997987,0.044155
fp32,0.274129,0.997987,0.044077
fp32,0.274464,0.997987,0.044046
fp32,0.274799,0.997987,0.043940
fp32,0.275134,0.997987,0.043935
fp32,0.275469,0.997987,0.043928
fp32,0.275804,0.997987,0.043787
fp32,0.276139,0.997987,0.043665
fp32,0.276475,0.997987,0.043648
fp32,0.276810,0.997987,0.043521
fp32,0.277145,0.997987,0.043464
fp32,0.277480,0.997987,0.043265
fp32,0.277815,0.997987,0.043242
fp32,0.278150,0.997987,0.043225
fp32,0.278485,0.997987,0.043205
fp32,0.278820,0.997987,0.043168
fp32,0.279155,0.997987,0.043131
fp32,0.279491,0.997987,0.043078
fp32,0.279826,0.997987,0.043050
fp32,0.280161,0.997987,0.043022
fp32,0.280496,0.997987,0.042904
fp32,0.280831,0.997987,0.042896
fp32,0.281166,0.997987,0.042682
fp32,0.281501,0.997987,0.042666
fp32,0.281836,0.997987,0.042573
fp32,0.282172,0.997987,0.042528
fp32,0.282507,0.997987,0.042510
fp32,0.282842,0.997987,0.042484
fp32,0.283177,0.997987,0.042421
fp32,0.283512,0.997987,0.042241
fp32,0.283847,0.997987,0.042199
fp32,0.284182,0.997987,0.042173
fp32,0.284517,0.997987,0.042091
fp32,0.284853,0.997987,0.042027
fp32,0.285188,0.997987,0.042024
fp32,0.285523,0.997987,0.041995
fp32,0.285858,0.997987,0.041943
fp32,0.286193,0.997987,0.041939
fp32,0.286528,0.997987,0.041927
fp32,0.286863,0.997987,0.041925
fp32,0.287198,0.997987,0.041623
fp32,0.287534,0.997987,0.041613
fp32,0.287869,0.997987,0.041472
fp32,0.288204,0.997987,0.041458
fp32,0.288539,0.997987,0.041403
fp32,0.288874,0.997987,0.041402
fp32,0.289209,0.997987,0.041303
fp32,0.289544,0.997987,0.041127
fp32,0.289879,0.997987,0.041097
fp32,0.290214,0.997987,0.041028
fp32,0.290550,0.997987,0.040982
fp32,0.290885,0.997987,0.040948
fp32,0.291220,0.997987,0.040846
fp32,0.291555,0.997987,0.040714
fp32,0.291890,0.997987,0.040605
fp32,0.292225,0.997987,0.040544
fp32,0.292560,0.997987,0.040520
fp32,0.292895,0.997987,0.040442
fp32,0.293231,0.997987,0.040182
fp32,0.293566,0.997987,0.040026
fp32,0.293901,0.997987,0.039918
fp32,0.294236,0.997987,0.039833
fp32,0.294571,0.997987,0.039758
fp32,0.294906,0.997987,0.039742
fp32,0.295241,0.997987,0.039586
fp32,0.295576,0.997987,0.039465
fp32,0.295912,0.997987,0.039462
fp32,0.296247,0.997987,0.039383
fp32,0.296582,0.997987,0.039378
fp32,0.296917,0.997987,0.039268
fp32,0.297252,0.997987,0.039086
fp32,0.297587,0.997987,0.039074
fp32,0.297922,0.997987,0.038942
fp32,0.298257,0.997987,0.038889
fp32,0.298592,0.997987,0.038864
fp32,0.298928,0.997987,0.038853
fp32,0.299263,0.997987,0.038811
fp32,0.299598,0.997987,0.038751
fp32,0.299933,0.997987,0.038751
fp32,0.300268,0.997987,0.038731
fp32,0.300603,0.997987,0.038722
fp32,0.300938,0.997987,0.038628
fp32,0.301273,0.997987,0.038578
fp32,0.301609,0.997987,0.038563
fp32,0.301944,0.997987,0.038497
fp32,0.302279,0.997987,0.038495
fp32,0.302614,0.997987,0.038487
fp32,0.302949,0.997987,0.038446
fp32,0.303284,0.997987,0.038361
fp32,0.303619,0.997987,0.038244
fp32,0.303954,0.997987,0.038227
fp32,0.304290,0.997987,0.038163
fp32,0.304625,0.997987,0.037934
fp32,0.304960,0.997987,0.037927
fp32,0.305295,0.997987,0.037879
fp32,0.305630,0.997987,0.037862
fp32,0.305965,0.997987,0.037795
fp32,0.306300,0.997987,0.037789
fp32,0.306635,0.997987,0.037700
fp32,0.306971,0.997987,0.037526
fp32,0.307306,0.997987,0.037517
fp32,0.307641,0.997987,0.037360
fp32,0.307976,0.997987,0.037295
fp32,0.308311,0.997987,0.037262
fp32,0.308311,0.998323,0.037149
fp32,0.308646,0.998323,0.037113
fp32,0.308981,0.998323,0.037089
fp32,0.309316,0.998323,0.037058
fp32,0.309651,0.998323,0.036982
fp32,0.309987,0.998323,0.036927
fp32,0.310322,0.998323,0.036882
fp32,0.310657,0.998323,0.036857
fp32,0.310992,0.998323,0.036808
fp32,0.311327,0.998323,0.036763
fp32,0.311662,0.998323,0.036701
fp32,0.311997,0.998323,0.036698
fp32,0.312332,0.998323,0.036691
fp32,0.312668,0.998323,0.036544
fp32,0.313003,0.998323,0.036491
fp32,0.313338,0.998323,0.036475
fp32,0.313673,0.998323,0.036111
fp32,0.314008,0.998323,0.035997
fp32,0.314343,0.998323,0.035885
fp32,0.314678,0.998323,0.035827
fp32,0.315013,0.998323,0.035812
fp32,0.315349,0.998323,0.035805
fp32,0.315684,0.998323,0.035774
fp32,0.316019,0.998323,0.035759
fp32,0.316354,0.998323,0.035715
fp32,0.316689,0.998323,0.035705
fp32,0.317024,0.998323,0.035695
fp32,0.317359,0.998323,0.035609
fp32,0.317694,0.998323,0.035589
fp32,0.318029,0.998323,0.035576
fp32,0.318365,0.998323,0.035566
fp32,0.318700,0.998323,0.035509
fp32,0.319035,0.998323,0.035455
fp32,0.319370,0.998323,0.035438
fp32,0.319705,0.998323,0.035431
fp32,0.320040,0.998323,0.035381
fp32,0.320375,0.998323,0.035351
fp32,0.320710,0.998323,0.035347
fp32,0.321046,0.998323,0.035296
fp32,0.321381,0.998323,0.035222
fp32,0.321716,0.998323,0.035060
fp32,0.322051,0.998323,0.035051
fp32,0.322386,0.998323,0.035034
fp32,0.322721,0.998323,0.034940
fp32,0.323056,0.998323,0.034822
fp32,0.323391,0.998323,0.034786
fp32,0.323727,0.998323,0.034681
fp32,0.324062,0.998323,0.034600
fp32,0.324397,0.998323,0.034530
fp32,0.324732,0.998323,0.034514
fp32,0.325067,0.998323,0.034452
fp32,0.325402,0.998323,0.034446
fp32,0.325737,0.998323,0.034412
fp32,0.326072,0.998323,0.034410
fp32,0.326408,0.998323,0.034369
fp32,0.326743,0.998323,0.034355
fp32,0.327078,0.998323,0.034328
fp32,0.327413,0.998323,0.034278
fp32,0.327748,0.998323,0.034193
fp32,0.328083,0.998323,0.034190
fp32,0.328418,0.998323,0.034170
fp32,0.328753,0.998323,0.034132
fp32,0.329088,0.998323,0.034004
fp32,0.329424,0.998323,0.033912
fp32,0.329759,0.998323,0.033816
fp32,0.330094,0.998323,0.033790
fp32,0.330429,0.998323,0.033749
fp32,0.330764,0.998323,0.033608
fp32,0.331099,0.998323,0.033578
fp32,0.331434,0.998323,0.033568
fp32,0.331769,0.998323,0.033524
fp32,0.332105,0.998323,0.033477
fp32,0.332440,0.998323,0.033461
fp32,0.332775,0.998323,0.033444
fp32,0.333110,0.998323,0.033210
fp32,0.333445,0.998323,0.033193
fp32,0.333780,0.998323,0.033161
fp32,0.334115,0.998323,0.033136
fp32,0.334450,0.998323,0.033112
fp32,0.334786,0.998323,0.033064
fp32,0.335121,0.998323,0.033053
fp32,0.335456,0.998323,0.032861
fp32,0.335791,0.998323,0.032786
fp32,0.336126,0.998323,0.032684
fp32,0.336461,0.998323,0.032649
fp32,0.336796,0.998323,0.032479
fp32,0.337131,0.998323,0.032462
fp32,0.337466,0.998323,0.032413
fp32,0.337802,0.998323,0.032343
fp32,0.338137,0.998323,0.032342
fp32,0.338472,0.998323,0.032333
fp32,0.338807,0.998323,0.032253
fp32,0.339142,0.998323,0.032018
fp32,0.339477,0.998323,0.031903
fp32,0.339812,0.998323,0.031849
fp32,0.340147,0.998323,0.031792
fp32,0.340483,0.998323,0.031764
fp32,0.340818,0.998323,0.031754
fp32,0.341153,0.998323,0.031711
fp32,0.341488,0.998323,0.031709
fp32,0.341823,0.998323,0.031707
fp32,0.342158,0.998323,0.031537
fp32,0.342493,0.998323,0.031532
fp32,0.342828,0.998323,0.031456
fp32,0.343164,0.998323,0.031350
fp32,0.343499,0.998323,0.031341
fp32,0.343834,0.998323,0.031290
fp32,0.344169,0.998323,0.031268
fp32,0.344504,0.998323,0.031062
fp32,0.344839,0.998323,0.031041
fp32,0.345174,0.998323,0.030917
fp32,0.345509,0.998323,0.030903
fp32,0.345845,0.998323,0.030852
fp32,0.346180,0.998323,0.030832
fp32,0.346515,0.998323,0.030815
fp32,0.346850,0.998323,0.030809
fp32,0.347185,0.998323,0.030763
fp32,0.347520,0.998323,0.030760
fp32,0.347855,0.998323,0.030750
fp32,0.348190,0.998323,0.030746
fp32,0.348525,0.998323,0.030648
fp32,0.348861,0.998323,0.030637
fp32,0.349196,0.998323,0.030528
fp32,0.349531,0.998323,0.030405
fp32,0.349866,0.998323,0.030375
fp32,0.350201,0.998323,0.030305
fp32,0.350536,0.998323,0.030260
fp32,0.350871,0.998323,0.030251
fp32,0.351206,0.998323,0.030080
fp32,0.351542,0.998323,0.030069
fp32,0.351877,0.998323,0.029997
fp32,0.352212,0.998323,0.029896
fp32,0.352547,0.998323,0.029893
fp32,0.352882,0.998323,0.029851
fp32,0.353217,0.998323,0.029709
fp32,0.353552,0.998323,0.029640
fp32,0.353887,0.998323,0.029571
fp32,0.354223,0.998323,0.029568
fp32,0.354558,0.998323,0.029549
fp32,0.354893,0.998323,0.029546
fp32,0.355228,0.998323,0.029535
fp32,0.355563,0.998323,0.029342
fp32,0.355898,0.998323,0.029271
fp32,0.356233,0.998323,0.029251
fp32,0.356568,0.998323,0.029212
fp32,0.356903,0.998323,0.029169
fp32,0.357239,0.998323,0.029039
fp32,0.357574,0.998323,0.028979
fp32,0.357909,0.998323,0.028950
fp32,0.358244,0.998323,0.028943
fp32,0.358579,0.998323,0.028941
fp32,0.358914,0.998323,0.028895
fp32,0.359249,0.998323,0.028888
fp32,0.359584,0.998323,0.028688
fp32,0.359920,0.998323,0.028637
fp32,0.360255,0.998323,0.028552
fp32,0.360590,0.998323,0.028495
fp32,0.360925,0.998323,0.028370
fp32,0.361260,0.998323,0.028254
fp32,0.361595,0.998323,0.028249
fp32,0.361930,0.998323,0.028198
fp32,0.362265,0.998323,0.028197
fp32,0.362601,0.998323,0.028129
fp32,0.362936,0.998323,0.028037
fp32,0.363271,0.998323,0.027969
fp32,0.363606,0.998323,0.027966
fp32,0.363941,0.998323,0.027855
fp32,0.364276,0.998323,0.027852
fp32,0.364611,0.998323,0.027758
fp32,0.364946,0.998323,0.027712
fp32,0.365282,0.998323,0.027512
fp32,0.365617,0.998323,0.027500
fp32,0.365952,0.998323,0.027496
fp32,0.366287,0.998323,0.027339
fp32,0.366622,0.998323,0.027312
fp32,0.366957,0.998323,0.027260
fp32,0.367292,0.998323,0.027218
fp32,0.367627,0.998323,0.027191
fp32,0.367962,0.998323,0.027172
fp32,0.368298,0.998323,0.027092
fp32,0.368633,0.998323,0.027022
fp32,0.368968,0.998323,0.026861
fp32,0.369303,0.998323,0.026842
fp32,0.369638,0.998323,0.026834
fp32,0.369973,0.998323,0.026680
fp32,0.370308,0.998323,0.026576
fp32,0.370643,0.998323,0.026467
fp32,0.370979,0.998323,0.026372
fp32,0.371314,0.998323,0.026346
fp32,0.371649,0.998323,0.026284
fp32,0.371984,0.998323,0.026178
fp32,0.372319,0.998323,0.026161
fp32,0.372654,0.998323,0.026121
fp32,0.372989,0.998323,0.026108
fp32,0.373324,0.998323,0.026105
fp32,0.373660,0.998323,0.026065
fp32,0.373995,0.998323,0.026034
fp32,0.374330,0.998323,0.025984
fp32,0.374665,0.998323,0.025829
fp32,0.375000,0.998323,0.025823
fp32,0.375335,0.998323,0.025814
fp32,0.375670,0.998323,0.025735
fp32,0.376005,0.998323,0.025699
fp32,0.376340,0.998323,0.025647
fp32,0.376676,0.998323,0.025593
fp32,0.377011,0.998323,0.025572
fp32,0.377346,0.998323,0.025569
fp32,0.377681,0.998323,0.025560
fp32,0.378016,0.998323,0.025437
fp32,0.378351,0.998323,0.025397
fp32,0.378686,0.998323,0.025326
fp32,0.379021,0.998323,0.025245
fp32,0.379357,0.998323,0.025135
fp32,0.379692,0.998323,0.024970
fp32,0.380027,0.998323,0.024939
fp32,0.380362,0.998323,0.024791
fp32,0.380697,0.998323,0.024785
fp32,0.381032,0.998323,0.024744
fp32,0.381367,0.998323,0.024707
fp32,0.381702,0.998323,0.024552
fp32,0.382038,0.998323,0.024550
fp32,0.382373,0.998323,0.024497
fp32,0.382708,0.998323,0.024472
fp32,0.383043,0.998323,0.024423
fp32,0.383378,0.998323,0.024364
fp32,0.383713,0.998323,0.024323
fp32,0.384048,0.998323,0.024312
fp32,0.384383,0.998323,0.024290
fp32,0.384718,0.998323,0.024005
fp32,0.385054,0.998323,0.023948
fp32,0.385389,0.998323,0.023916
fp32,0.385724,0.998323,0.023894
fp32,0.386059,0.998323,0.023829
fp32,0.386394,0.998323,0.023786
fp32,0.386729,0.998323,0.023772
fp32,0.387064,0.998323,0.023734
fp32,0.387399,0.998323,0.023499
fp32,0.387735,0.998323,0.023497
fp32,0.388070,0.998323,0.023497
fp32,0.388405,0.998323,0.023481
fp32,0.388740,0.998323,0.023410
fp32,0.389075,0.998323,0.023332
fp32,0.389410,0.998323,0.023248
fp32,0.389745,0.998323,0.023093
fp32,0.390080,0.998323,0.022891
fp32,0.390416,0.998323,0.022811
fp32,0.390751,0.998323,0.022747
fp32,0.391086,0.998323,0.022708
fp32,0.391421,0.998323,0.022705
fp32,0.391756,0.998323,0.022592
fp32,0.392091,0.998323,0.022490
fp32,0.392426,0.998323,0.022481
fp32,0.392761,0.998323,0.022347
fp32,0.393097,0.998323,0.022180
fp32,0.393432,0.998323,0.022031
fp32,0.393767,0.998323,0.022017
fp32,0.394102,0.998323,0.021974
fp32,0.394437,0.998323,0.021970
fp32,0.394772,0.998323,0.021968
fp32,0.395107,0.998323,0.021863
fp32,0.395442,0.998323,0.021785
fp32,0.395777,0.998323,0.021758
fp32,0.396113,0.998323,0.021743
fp32,0.396448,0.998323,0.021735
fp32,0.396783,0.998323,0.021609
fp32,0.397118,0.998323,0.021607
fp32,0.397453,0.998323,0.021577
fp32,0.397788,0.998323,0.021552
fp32,0.398123,0.998323,0.021545
fp32,0.398458,0.998323,0.021422
fp32,0.398794,0.998323,0.021403
fp32,0.399129,0.998323,0.021389
fp32,0.399464,0.998323,0.021353
fp32,0.399799,0.998323,0.021198
fp32,0.400134,0.998323,0.021196
fp32,0.400469,0.998323,0.021190
fp32,0.400804,0.998323,0.021174
fp32,0.401139,0.998323,0.021140
fp32,0.401475,0.998323,0.021135
fp32,0.401810,0.998323,0.021101
fp32,0.402145,0.998323,0.021078
fp32,0.402480,0.998323,0.021026
fp32,0.402815,0.998323,0.020802
fp32,0.403150,0.998323,0.020674
fp32,0.403485,0.998323,0.020501
fp32,0.403820,0.998323,0.020360
fp32,0.404155,0.998323,0.020340
fp32,0.404491,0.998323,0.020252
fp32,0.404826,0.998323,0.020236
fp32,0.405161,0.998323,0.020225
fp32,0.405161,0.998658,0.020207
fp32,0.405496,0.998658,0.020204
fp32,0.405831,0.998658,0.020201
fp32,0.406166,0.998658,0.020072
fp32,0.406501,0.998658,0.019855
fp32,0.406836,0.998658,0.019818
fp32,0.407172,0.998658,0.019789
fp32,0.407507,0.998658,0.019773
fp32,0.407842,0.998658,0.019700
fp32,0.408177,0.998658,0.019672
fp32,0.408512,0.998658,0.019658
fp32,0.408847,0.998658,0.019630
fp32,0.409182,0.998658,0.019603
fp32,0.409517,0.998658,0.019577
fp32,0.409853,0.998658,0.019562
fp32,0.410188,0.998658,0.019544
fp32,0.410523,0.998658,0.019503
fp32,0.410858,0.998658,0.019488
fp32,0.411193,0.998658,0.019474
fp32,0.411528,0.998658,0.019448
fp32,0.411863,0.998658,0.019328
fp32,0.412198,0.998658,0.019317
fp32,0.412534,0.998658,0.019317
fp32,0.412869,0.998658,0.019312
fp32,0.413204,0.998658,0.019275
fp32,0.413539,0.998658,0.019177
fp32,0.413874,0.998658,0.019129
fp32,0.414209,0.998658,0.019099
fp32,0.414544,0.998658,0.018989
fp32,0.414879,0.998658,0.018794
fp32,0.415214,0.998658,0.018746
fp32,0.415550,0.998658,0.018723
fp32,0.415885,0.998658,0.018635
fp32,0.416220,0.998658,0.018488
fp32,0.416555,0.998658,0.018486
fp32,0.416890,0.998658,0.018471
fp32,0.417225,0.998658,0.018418
fp32,0.417560,0.998658,0.018387
fp32,0.417895,0.998658,0.018354
fp32,0.418231,0.998658,0.018338
fp32,0.418566,0.998658,0.018260
fp32,0.418901,0.998658,0.018247
fp32,0.419236,0.998658,0.018246
fp32,0.419571,0.998658,0.018218
fp32,0.419906,0.998658,0.017906
fp32,0.420241,0.998658,0.017832
fp32,0.420576,0.998658,0.017821
fp32,0.420912,0.998658,0.017813
fp32,0.421247,0.998658,0.017640
fp32,0.421582,0.998658,0.017558
fp32,0.421917,0.998658,0.017468
fp32,0.422252,0.998658,0.017412
fp32,0.422587,0.998658,0.017280
fp32,0.422922,0.998658,0.017252
fp32,0.423257,0.998658,0.017140
fp32,0.423592,0.998658,0.016794
fp32,0.423928,0.998658,0.016708
fp32,0.424263,0.998658,0.016633
fp32,0.424598,0.998658,0.016615
fp32,0.424933,0.998658,0.016531
fp32,0.425268,0.998658,0.016499
fp32,0.425603,0.998658,0.016480
fp32,0.425938,0.998658,0.016460
fp32,0.426273,0.998658,0.016445
fp32,0.426609,0.998658,0.016433
fp32,0.426944,0.998658,0.016420
fp32,0.427279,0.998658,0.016415
fp32,0.427614,0.998658,0.016411
fp32,0.427949,0.998658,0.016410
fp32,0.428284,0.998658,0.016379
fp32,0.428619,0.998658,0.016302
fp32,0.428954,0.998658,0.016246
fp32,0.429290,0.998658,0.016191
fp32,0.429625,0.998658,0.016170
fp32,0.429960,0.998658,0.016151
fp32,0.430295,0.998658,0.016114
fp32,0.430630,0.998658,0.016047
fp32,0.430965,0.998658,0.015982
fp32,0.431300,0.998658,0.015937
fp32,0.431635,0.998658,0.015903
fp32,0.431971,0.998658,0.015884
fp32,0.432306,0.998658,0.015857
fp32,0.432641,0.998658,0.015835
fp32,0.432976,0.998658,0.015815
fp32,0.433311,0.998658,0.015714
fp32,0.433646,0.998658,0.015671
fp32,0.433981,0.998658,0.015562
fp32,0.434316,0.998658,0.015464
fp32,0.434651,0.998658,0.015440
fp32,0.434987,0.998658,0.015437
fp32,0.435322,0.998658,0.015430
fp32,0.435657,0.998658,0.015347
fp32,0.435992,0.998658,0.015318
fp32,0.436327,0.998658,0.015285
fp32,0.436662,0.998658,0.015240
fp32,0.436997,0.998658,0.015228
fp32,0.437332,0.998658,0.015207
fp32,0.437668,0.998658,0.015002
fp32,0.438003,0.998658,0.014964
fp32,0.438338,0.998658,0.014869
fp32,0.438673,0.998658,0.014794
fp32,0.439008,0.998658,0.014782
fp32,0.439343,0.998658,0.014754
fp32,0.439678,0.998658,0.014699
fp32,0.440013,0.998658,0.014674
fp32,0.440349,0.998658,0.014582
fp32,0.440684,0.998658,0.014472
fp32,0.441019,0.998658,0.014370
fp32,0.441354,0.998658,0.014367
fp32,0.441354,0.998994,0.014328
fp32,0.441689,0.998994,0.014316
fp32,0.442024,0.998994,0.014205
fp32,0.442359,0.998994,0.014200
fp32,0.442694,0.998994,0.014085
fp32,0.443029,0.998994,0.014054
fp32,0.443365,0.998994,0.014046
fp32,0.443700,0.998994,0.014032
fp32,0.444035,0.998994,0.013961
fp32,0.444370,0.998994,0.013867
fp32,0.444705,0.998994,0.013798
fp32,0.445040,0.998994,0.013763
fp32,0.445375,0.998994,0.013709
fp32,0.445710,0.998994,0.013691
fp32,0.446046,0.998994,0.013614
fp32,0.446381,0.998994,0.013544
fp32,0.446716,0.998994,0.013522
fp32,0.447051,0.998994,0.013481
fp32,0.447386,0.998994,0.013480
fp32,0.447721,0.998994,0.013369
fp32,0.448056,0.998994,0.013297
fp32,0.448391,0.998994,0.013270
fp32,0.448727,0.998994,0.013185
fp32,0.449062,0.998994,0.013119
fp32,0.449397,0.998994,0.013089
fp32,0.449732,0.998994,0.013016
fp32,0.450067,0.998994,0.012966
fp32,0.450402,0.998994,0.012914
fp32,0.450737,0.998994,0.012881
fp32,0.451072,0.998994,0.012862
fp32,0.451408,0.998994,0.012843
fp32,0.451743,0.998994,0.012789
fp32,0.452078,0.998994,0.012766
fp32,0.452413,0.998994,0.012700
fp32,0.452748,0.998994,0.012655
fp32,0.453083,0.998994,0.012654
fp32,0.453418,0.998994,0.012615
fp32,0.453753,0.998994,0.012610
fp32,0.454088,0.998994,0.012452
fp32,0.454424,0.998994,0.012442
fp32,0.454759,0.998994,0.012433
fp32,0.455094,0.998994,0.012348
fp32,0.455429,0.998994,0.012310
fp32,0.455764,0.998994,0.012262
fp32,0.456099,0.998994,0.012169
fp32,0.456434,0.998994,0.012149
fp32,0.456434,0.999329,0.012147
fp32,0.456769,0.999329,0.012013
fp32,0.457105,0.999329,0.012005
fp32,0.457440,0.999329,0.012005
fp32,0.457775,0.999329,0.012003
fp32,0.458110,0.999329,0.011972
fp32,0.458445,0.999329,0.011943
fp32,0.458780,0.999329,0.011897
fp32,0.459115,0.999329,0.011855
fp32,0.459450,0.999329,0.011702
fp32,0.459786,0.999329,0.011628
fp32,0.460121,0.999329,0.011584
fp32,0.460456,0.999329,0.011581
fp32,0.460791,0.999329,0.011568
fp32,0.461126,0.999329,0.011565
fp32,0.461461,0.999329,0.011499
fp32,0.461796,0.999329,0.011493
fp32,0.462131,0.999329,0.011480
fp32,0.462466,0.999329,0.011442
fp32,0.462802,0.999329,0.011388
fp32,0.463137,0.999329,0.011328
fp32,0.463472,0.999329,0.011324
fp32,0.463807,0.999329,0.011309
fp32,0.464142,0.999329,0.011238
fp32,0.464477,0.999329,0.011206
fp32,0.464812,0.999329,0.011162
fp32,0.465147,0.999329,0.010908
fp32,0.465483,0.999329,0.010873
fp32,0.465818,0.999329,0.010859
fp32,0.466153,0.999329,0.010792
fp32,0.466488,0.999329,0.010763
fp32,0.466823,0.999329,0.010757
fp32,0.467158,0.999329,0.010720
fp32,0.467493,0.999329,0.010621
fp32,0.467828,0.999329,0.010576
fp32,0.468164,0.999329,0.010561
fp32,0.468499,0.999329,0.010545
fp32,0.468834,0.999329,0.010530
fp32,0.469169,0.999329,0.010476
fp32,0.469504,0.999329,0.010414
fp32,0.469839,0.999329,0.010414
fp32,0.470174,0.999329,0.010268
fp32,0.470509,0.999329,0.010200
fp32,0.470845,0.999329,0.010197
fp32,0.471180,0.999329,0.010186
fp32,0.471515,0.999329,0.010141
fp32,0.471850,0.999329,0.009849
fp32,0.472185,0.999329,0.009747
fp32,0.472520,0.999329,0.009688
fp32,0.472855,0.999329,0.009671
fp32,0.473190,0.999329,0.009485
fp32,0.473525,0.999329,0.009437
fp32,0.473861,0.999329,0.009297
fp32,0.474196,0.999329,0.009223
fp32,0.474531,0.999329,0.009153
fp32,0.474866,0.999329,0.009118
fp32,0.475201,0.999329,0.009083
fp32,0.475536,0.999329,0.009063
fp32,0.475871,0.999329,0.008996
fp32,0.476206,0.999329,0.008919
fp32,0.476542,0.999329,0.008839
fp32,0.476877,0.999329,0.008816
fp32,0.477212,0.999329,0.008626
fp32,0.477547,0.999329,0.008518
fp32,0.477882,0.999329,0.008496
fp32,0.478217,0.999329,0.008477
fp32,0.478552,0.999329,0.008460
fp32,0.478887,0.999329,0.008458
fp32,0.479223,0.999329,0.008420
fp32,0.479558,0.999329,0.008362
fp32,0.479893,0.999329,0.008360
fp32,0.480228,0.999329,0.008323
fp32,0.480563,0.999329,0.008294
fp32,0.480898,0.999329,0.008274
fp32,0.481233,0.999329,0.008266
fp32,0.481568,0.999329,0.008235
fp32,0.481903,0.999329,0.008208
fp32,0.482239,0.999329,0.008185
fp32,0.482574,0.999329,0.008154
fp32,0.482909,0.999329,0.008124
fp32,0.483244,0.999329,0.008105
fp32,0.483579,0.999329,0.007998
fp32,0.483914,0.999329,0.007927
fp32,0.484249,0.999329,0.007884
fp32,0.484584,0.999329,0.007837
fp32,0.484920,0.999329,0.007721
fp32,0.485255,0.999329,0.007718
fp32,0.485590,0.999329,0.007715
fp32,0.485925,0.999329,0.007686
fp32,0.486260,0.999329,0.007461
fp32,0.486595,0.999329,0.007453
fp32,0.486930,0.999329,0.007289
fp32,0.487265,0.999329,0.007189
fp32,0.487601,0.999329,0.007109
fp32,0.487936,0.999329,0.007064
fp32,0.488271,0.999329,0.007037
fp32,0.488606,0.999329,0.007017
fp32,0.488941,0.999329,0.006894
fp32,0.489276,0.999329,0.006838
fp32,0.489611,0.999329,0.006820
fp32,0.489946,0.999329,0.006811
fp32,0.490282,0.999329,0.006748
fp32,0.490617,0.999329,0.006699
fp32,0.490952,0.999329,0.006678
fp32,0.491287,0.999329,0.006665
fp32,0.491622,0.999329,0.006601
fp32,0.491957,0.999329,0.006578
fp32,0.492292,0.999329,0.006540
fp32,0.492627,0.999329,0.006471
fp32,0.492962,0.999329,0.006416
fp32,0.493298,0.999329,0.006382
fp32,0.493633,0.999329,0.006349
fp32,0.493968,0.999329,0.006271
fp32,0.494303,0.999329,0.006052
fp32,0.494638,0.999329,0.006028
fp32,0.494973,0.999329,0.005887
fp32,0.495308,0.999329,0.005882
fp32,0.495643,0.999329,0.005871
fp32,0.495979,0.999329,0.005753
fp32,0.496314,0.999329,0.005686
fp32,0.496649,0.999329,0.005663
fp32,0.496984,0.999329,0.005391
fp32,0.497319,0.999329,0.005303
fp32,0.497654,0.999329,0.005257
fp32,0.497989,0.999329,0.005214
fp32,0.498324,0.999329,0.005190
fp32,0.498660,0.999329,0.005072
fp32,0.498995,0.999329,0.005028
fp32,0.499330,0.999329,0.005009
fp32,0.499665,0.999329,0.005003
fp32,0.500000,0.999329,0.004928
fp32,0.500335,0.999329,0.004770
fp32,0.500670,0.999329,0.004755
fp32,0.501005,0.999329,0.004750
fp32,0.501340,0.999329,0.004736
fp32,0.501676,0.999329,0.004713
fp32,0.502011,0.999329,0.004710
fp32,0.502346,0.999329,0.004706
fp32,0.502681,0.999329,0.004613
fp32,0.503016,0.999329,0.004601
fp32,0.503351,0.999329,0.004582
fp32,0.503686,0.999329,0.004539
fp32,0.504021,0.999329,0.004492
fp32,0.504357,0.999329,0.004465
fp32,0.504692,0.999329,0.004449
fp32,0.505027,0.999329,0.004375
fp32,0.505362,0.999329,0.004264
fp32,0.505697,0.999329,0.004090
fp32,0.506032,0.999329,0.004054
fp32,0.506367,0.999329,0.004026
fp32,0.506702,0.999329,0.004002
fp32,0.507038,0.999329,0.003936
fp32,0.507373,0.999329,0.003928
fp32,0.507708,0.999329,0.003583
fp32,0.508043,0.999329,0.003582
fp32,0.508378,0.999329,0.003443
fp32,0.508713,0.999329,0.003365
fp32,0.509048,0.999329,0.003305
fp32,0.509383,0.999329,0.003166
fp32,0.509718,0.999329,0.003072
fp32,0.510054,0.999329,0.003065
fp32,0.510389,0.999329,0.003040
fp32,0.510724,0.999329,0.003024
fp32,0.511059,0.999329,0.002948
fp32,0.511394,0.999329,0.002900
fp32,0.511729,0.999329,0.002838
fp32,0.512064,0.999329,0.002762
fp32,0.512399,0.999329,0.002755
fp32,0.512735,0.999329,0.002752
fp32,0.513070,0.999329,0.002727
fp32,0.513405,0.999329,0.002698
fp32,0.513740,0.999329,0.002665
fp32,0.514075,0.999329,0.002631
fp32,0.514410,0.999329,0.002595
fp32,0.514745,0.999329,0.002542
fp32,0.515080,0.999329,0.002520
fp32,0.515416,0.999329,0.002462
fp32,0.515751,0.999329,0.002429
fp32,0.516086,0.999329,0.002402
fp32,0.516421,0.999329,0.002389
fp32,0.516756,0.999329,0.002372
fp32,0.517091,0.999329,0.002344
fp32,0.517426,0.999329,0.002217
fp32,0.517761,0.999329,0.002163
fp32,0.518097,0.999329,0.002143
fp32,0.518432,0.999329,0.002088
fp32,0.518767,0.999329,0.002045
fp32,0.519102,0.999329,0.002040
fp32,0.519437,0.999329,0.002021
fp32,0.519772,0.999329,0.002018
fp32,0.520107,0.999329,0.001988
fp32,0.520442,0.999329,0.001983
fp32,0.520777,0.999329,0.001807
fp32,0.521113,0.999329,0.001789
fp32,0.521448,0.999329,0.001754
fp32,0.521783,0.999329,0.001742
fp32,0.522118,0.999329,0.001735
fp32,0.522453,0.999329,0.001717
fp32,0.522788,0.999329,0.001692
fp32,0.523123,0.999329,0.001660
fp32,0.523458,0.999329,0.001642
fp32,0.523794,0.999329,0.001555
fp32,0.524129,0.999329,0.001545
fp32,0.524464,0.999329,0.001535
fp32,0.524799,0.999329,0.001533
fp32,0.525134,0.999329,0.001239
fp32,0.525469,0.999329,0.001227
fp32,0.525804,0.999329,0.001223
fp32,0.526139,0.999329,0.001125
fp32,0.526475,0.999329,0.001122
fp32,0.526810,0.999329,0.001116
fp32,0.527145,0.999329,0.000962
fp32,0.527480,0.999329,0.000948
fp32,0.527815,0.999329,0.000866
fp32,0.528150,0.999329,0.000795
fp32,0.528485,0.999329,0.000781
fp32,0.528820,0.999329,0.000682
fp32,0.529155,0.999329,0.000677
fp32,0.529491,0.999329,0.000666
fp32,0.529826,0.999329,0.000605
fp32,0.530161,0.999329,0.000592
fp32,0.530496,0.999329,0.000578
fp32,0.530831,0.999329,0.000500
fp32,0.531166,0.999329,0.000320
fp32,0.531501,0.999329,0.000252
fp32,0.531836,0.999329,0.000226
fp32,0.532172,0.999329,0.000100
fp32,0.532507,0.999329,0.000059
fp32,0.532842,0.999329,-0.000056
fp32,0.533177,0.999329,-0.000057
fp32,0.533512,0.999329,-0.000059
fp32,0.533847,0.999329,-0.000135
fp32,0.534182,0.999329,-0.000235
fp32,0.534517,0.999329,-0.000362
fp32,0.534853,0.999329,-0.000371
fp32,0.535188,0.999329,-0.000552
fp32,0.535523,0.999329,-0.000578
fp32,0.535858,0.999329,-0.000624
fp32,0.536193,0.999329,-0.000631
fp32,0.536528,0.999329,-0.000791
fp32,0.536863,0.999329,-0.000844
fp32,0.537198,0.999329,-0.000855
fp32,0.537534,0.999329,-0.000871
fp32,0.537869,0.999329,-0.000905
fp32,0.538204,0.999329,-0.001006
fp32,0.538539,0.999329,-0.001038
fp32,0.538874,0.999329,-0.001269
fp32,0.539209,0.999329,-0.001320
fp32,0.539544,0.999329,-0.001360
fp32,0.539879,0.999329,-0.001403
fp32,0.540214,0.999329,-0.001618
fp32,0.540550,0.999329,-0.001636
fp32,0.540885,0.999329,-0.001647
fp32,0.541220,0.999329,-0.001698
fp32,0.541555,0.999329,-0.001842
fp32,0.541890,0.999329,-0.001870
fp32,0.542225,0.999329,-0.001881
fp32,0.542560,0.999329,-0.001932
fp32,0.542895,0.999329,-0.002003
fp32,0.543231,0.999329,-0.002068
fp32,0.543566,0.999329,-0.002269
fp32,0.543901,0.999329,-0.002357
fp32,0.544236,0.999329,-0.002470
fp32,0.544571,0.999329,-0.002761
fp32,0.544906,0.999329,-0.002860
fp32,0.545241,0.999329,-0.002877
fp32,0.545576,0.999329,-0.003014
fp32,0.545912,0.999329,-0.003193
fp32,0.546247,0.999329,-0.003301
fp32,0.546582,0.999329,-0.003354
fp32,0.546917,0.999329,-0.003404
fp32,0.547252,0.999329,-0.003419
fp32,0.547587,0.999329,-0.003463
fp32,0.547922,0.999329,-0.003487
fp32,0.548257,0.999329,-0.003554
fp32,0.548592,0.999329,-0.003612
fp32,0.548928,0.999329,-0.003670
fp32,0.549263,0.999329,-0.003679
fp32,0.549598,0.999329,-0.003703
fp32,0.549933,0.999329,-0.003711
fp32,0.550268,0.999329,-0.003746
fp32,0.550603,0.999329,-0.003787
fp32,0.550938,0.999329,-0.003831
fp32,0.551273,0.999329,-0.003885
fp32,0.551609,0.999329,-0.003971
fp32,0.551944,0.999329,-0.003973
fp32,0.552279,0.999329,-0.003983
fp32,0.552614,0.999329,-0.004027
fp32,0.552949,0.999329,-0.004035
fp32,0.553284,0.999329,-0.004052
fp32,0.553619,0.999329,-0.004213
fp32,0.553954,0.999329,-0.004244
fp32,0.554290,0.999329,-0.004292
fp32,0.554625,0.999329,-0.004299
fp32,0.554960,0.999329,-0.004342
fp32,0.555295,0.999329,-0.004355
fp32,0.555630,0.999329,-0.004366
fp32,0.555965,0.999329,-0.004395
fp32,0.556300,0.999329,-0.004477
fp32,0.556635,0.999329,-0.004527
fp32,0.556971,0.999329,-0.004562
fp32,0.557306,0.999329,-0.004565
fp32,0.557641,0.999329,-0.004625
fp32,0.557976,0.999329,-0.004697
fp32,0.558311,0.999329,-0.004743
fp32,0.558646,0.999329,-0.004808
fp32,0.558981,0.999329,-0.004813
fp32,0.559316,0.999329,-0.004969
fp32,0.559651,0.999329,-0.005026
fp32,0.559987,0.999329,-0.005036
fp32,0.560322,0.999329,-0.005313
fp32,0.560657,0.999329,-0.005446
fp32,0.560992,0.999329,-0.005486
fp32,0.561327,0.999329,-0.005492
fp32,0.561662,0.999329,-0.005493
fp32,0.561997,0.999329,-0.005591
fp32,0.562332,0.999329,-0.005609
fp32,0.562668,0.999329,-0.005638
fp32,0.563003,0.999329,-0.005698
fp32,0.563338,0.999329,-0.005706
fp32,0.563673,0.999329,-0.005725
fp32,0.564008,0.999329,-0.005770
fp32,0.564343,0.999329,-0.005808
fp32,0.564678,0.999329,-0.005985
fp32,0.565013,0.999329,-0.006050
fp32,0.565349,0.999329,-0.006150
fp32,0.565684,0.999329,-0.006187
fp32,0.566019,0.999329,-0.006199
fp32,0.566354,0.999329,-0.006219
fp32,0.566689,0.999329,-0.006340
fp32,0.567024,0.999329,-0.006376
fp32,0.567359,0.999329,-0.006381
fp32,0.567694,0.999329,-0.006393
fp32,0.568029,0.999329,-0.006414
fp32,0.568365,0.999329,-0.006434
fp32,0.568700,0.999329,-0.006487
fp32,0.569035,0.999329,-0.006549
fp32,0.569370,0.999329,-0.006652
fp32,0.569705,0.999329,-0.006763
fp32,0.570040,0.999329,-0.006771
fp32,0.570375,0.999329,-0.006791
fp32,0.570710,0.999329,-0.006892
fp32,0.571046,0.999329,-0.006934
fp32,0.571381,0.999329,-0.006973
fp32,0.571716,0.999329,-0.006976
fp32,0.572051,0.999329,-0.006987
fp32,0.572386,0.999329,-0.006996
fp32,0.572721,0.999329,-0.007047
fp32,0.573056,0.999329,-0.007090
fp32,0.573391,0.999329,-0.007258
fp32,0.573727,0.999329,-0.007306
fp32,0.574062,0.999329,-0.007513
fp32,0.574397,0.999329,-0.007626
fp32,0.574732,0.999329,-0.007771
fp32,0.575067,0.999329,-0.007800
fp32,0.575402,0.999329,-0.007856
fp32,0.575737,0.999329,-0.007922
fp32,0.576072,0.999329,-0.007950
fp32,0.576408,0.999329,-0.008211
fp32,0.576743,0.999329,-0.008272
fp32,0.577078,0.999329,-0.008374
fp32,0.577413,0.999329,-0.008414
fp32,0.577748,0.999329,-0.008451
fp32,0.578083,0.999329,-0.008466
fp32,0.578418,0.999329,-0.008490
fp32,0.578753,0.999329,-0.008589
fp32,0.579088,0.999329,-0.008862
fp32,0.579424,0.999329,-0.008892
fp32,0.579759,0.999329,-0.008918
fp32,0.580094,0.999329,-0.008956
fp32,0.580429,0.999329,-0.009184
fp32,0.580764,0.999329,-0.009186
fp32,0.581099,0.999329,-0.009356
fp32,0.581434,0.999329,-0.009390
fp32,0.581769,0.999329,-0.009417
fp32,0.582105,0.999329,-0.009465
fp32,0.582440,0.999329,-0.009470
fp32,0.582775,0.999329,-0.009606
fp32,0.583110,0.999329,-0.009679
fp32,0.583445,0.999329,-0.009700
fp32,0.583780,0.999329,-0.009730
fp32,0.583780,0.999665,-0.009737
fp32,0.584115,0.999665,-0.009866
fp32,0.584450,0.999665,-0.009893
fp32,0.584786,0.999665,-0.009916
fp32,0.585121,0.999665,-0.009967
fp32,0.585456,0.999665,-0.010032
fp32,0.585791,0.999665,-0.010054
fp32,0.586126,0.999665,-0.010091
fp32,0.586461,0.999665,-0.010138
fp32,0.586796,0.999665,-0.010187
fp32,0.587131,0.999665,-0.010274
fp32,0.587466,0.999665,-0.010285
fp32,0.587802,0.999665,-0.010297
fp32,0.588137,0.999665,-0.010314
fp32,0.588472,0.999665,-0.010423
fp32,0.588807,0.999665,-0.010425
fp32,0.589142,0.999665,-0.010595
fp32,0.589477,0.999665,-0.010687
fp32,0.589812,0.999665,-0.010796
fp32,0.590147,0.999665,-0.010826
fp32,0.590483,0.999665,-0.010826
fp32,0.590818,0.999665,-0.010892
fp32,0.591153,0.999665,-0.010928
fp32,0.591488,0.999665,-0.011024
fp32,0.591823,0.999665,-0.011029
fp32,0.592158,0.999665,-0.011041
fp32,0.592493,0.999665,-0.011054
fp32,0.592828,0.999665,-0.011125
fp32,0.593164,0.999665,-0.011243
fp32,0.593499,0.999665,-0.011250
fp32,0.593834,0.999665,-0.011275
fp32,0.594169,0.999665,-0.011306
fp32,0.594504,0.999665,-0.011352
fp32,0.594839,0.999665,-0.011378
fp32,0.595174,0.999665,-0.011407
fp32,0.595509,0.999665,-0.011462
fp32,0.595845,0.999665,-0.011535
fp32,0.596180,0.999665,-0.011585
fp32,0.596515,0.999665,-0.011624
fp32,0.596850,0.999665,-0.011642
fp32,0.597185,0.999665,-0.011679
fp32,0.597520,0.999665,-0.011786
fp32,0.597855,0.999665,-0.011854
fp32,0.598190,0.999665,-0.011886
fp32,0.598525,0.999665,-0.011992
fp32,0.598861,0.999665,-0.012134
fp32,0.599196,0.999665,-0.012143
fp32,0.599531,0.999665,-0.012164
fp32,0.599866,0.999665,-0.012193
fp32,0.600201,0.999665,-0.012256
fp32,0.600536,0.999665,-0.012470
fp32,0.600871,0.999665,-0.012503
fp32,0.601206,0.999665,-0.012506
fp32,0.601542,0.999665,-0.012516
fp32,0.601877,0.999665,-0.012537
fp32,0.602212,0.999665,-0.012564
fp32,0.602547,0.999665,-0.012610
fp32,0.602882,0.999665,-0.012636
fp32,0.603217,0.999665,-0.012747
fp32,0.603552,0.999665,-0.012770
fp32,0.603887,0.999665,-0.012772
fp32,0.604223,0.999665,-0.012779
fp32,0.604558,0.999665,-0.012837
fp32,0.604893,0.999665,-0.012875
fp32,0.605228,0.999665,-0.012887
fp32,0.605563,0.999665,-0.012945
fp32,0.605898,0.999665,-0.012983
fp32,0.606233,0.999665,-0.012990
fp32,0.606568,0.999665,-0.013034
fp32,0.606903,0.999665,-0.013113
fp32,0.607239,0.999665,-0.013141
fp32,0.607574,0.999665,-0.013259
fp32,0.607909,0.999665,-0.013323
fp32,0.608244,0.999665,-0.013355
fp32,0.608579,0.999665,-0.013422
fp32,0.608914,0.999665,-0.013500
fp32,0.609249,0.999665,-0.013563
fp32,0.609584,0.999665,-0.013631
fp32,0.609920,0.999665,-0.013650
fp32,0.610255,0.999665,-0.013881
fp32,0.610590,0.999665,-0.013984
fp32,0.610925,0.999665,-0.014046
fp32,0.611260,0.999665,-0.014090
fp32,0.611595,0.999665,-0.014091
fp32,0.611930,0.999665,-0.014099
fp32,0.612265,0.999665,-0.014125
fp32,0.612601,0.999665,-0.014169
fp32,0.612936,0.999665,-0.014199
fp32,0.613271,0.999665,-0.014219
fp32,0.613606,0.999665,-0.014289
fp32,0.613941,0.999665,-0.014307
fp32,0.614276,0.999665,-0.014342
fp32,0.614611,0.999665,-0.014344
fp32,0.614946,0.999665,-0.014493
fp32,0.615282,0.999665,-0.014506
fp32,0.615617,0.999665,-0.014533
fp32,0.615952,0.999665,-0.014633
fp32,0.616287,0.999665,-0.014701
fp32,0.616622,0.999665,-0.014927
fp32,0.616957,0.999665,-0.015054
fp32,0.617292,0.999665,-0.015125
fp32,0.617627,0.999665,-0.015158
fp32,0.617962,0.999665,-0.015304
fp32,0.618298,0.999665,-0.015358
fp32,0.618633,0.999665,-0.015399
fp32,0.618968,0.999665,-0.015460
fp32,0.619303,0.999665,-0.015473
fp32,0.619638,0.999665,-0.015610
fp32,0.619973,0.999665,-0.015615
fp32,0.620308,0.999665,-0.015765
fp32,0.620643,0.999665,-0.015776
fp32,0.620979,0.999665,-0.015832
fp32,0.621314,0.999665,-0.015947
fp32,0.621649,0.999665,-0.016332
fp32,0.621984,0.999665,-0.016355
fp32,0.622319,0.999665,-0.016427
fp32,0.622654,0.999665,-0.016439
fp32,0.622989,0.999665,-0.016450
fp32,0.623324,0.999665,-0.016468
fp32,0.623660,0.999665,-0.016570
fp32,0.623995,0.999665,-0.016635
fp32,0.624330,0.999665,-0.016683
fp32,0.624665,0.999665,-0.016945
fp32,0.625000,0.999665,-0.017056
fp32,0.625335,0.999665,-0.017265
fp32,0.625670,0.999665,-0.017328
fp32,0.626005,0.999665,-0.017372
fp32,0.626340,0.999665,-0.017404
fp32,0.626676,0.999665,-0.017530
fp32,0.627011,0.999665,-0.017582
fp32,0.627346,0.999665,-0.017667
fp32,0.627681,0.999665,-0.017668
fp32,0.628016,0.999665,-0.017809
fp32,0.628351,0.999665,-0.017834
fp32,0.628686,0.999665,-0.017868
fp32,0.629021,0.999665,-0.017932
fp32,0.629357,0.999665,-0.017995
fp32,0.629692,0.999665,-0.018023
fp32,0.630027,0.999665,-0.018111
fp32,0.630362,0.999665,-0.018190
fp32,0.630697,0.999665,-0.018288
fp32,0.631032,0.999665,-0.018308
fp32,0.631367,0.999665,-0.018381
fp32,0.631702,0.999665,-0.018385
fp32,0.632038,0.999665,-0.018438
fp32,0.632373,0.999665,-0.018456
fp32,0.632708,0.999665,-0.018499
fp32,0.633043,0.999665,-0.018526
fp32,0.633378,0.999665,-0.018737
fp32,0.633713,0.999665,-0.018737
fp32,0.634048,0.999665,-0.018849
fp32,0.634383,0.999665,-0.018968
fp32,0.634718,0.999665,-0.018974
fp32,0.635054,0.999665,-0.019013
fp32,0.635389,0.999665,-0.019065
fp32,0.635724,0.999665,-0.019251
fp32,0.636059,0.999665,-0.019317
fp32,0.636394,0.999665,-0.019348
fp32,0.636729,0.999665,-0.019364
fp32,0.637064,0.999665,-0.019488
fp32,0.637399,0.999665,-0.019493
fp32,0.637735,0.999665,-0.019625
fp32,0.638070,0.999665,-0.019786
fp32,0.638405,0.999665,-0.019853
fp32,0.638740,0.999665,-0.019935
fp32,0.639075,0.999665,-0.020114
fp32,0.639410,0.999665,-0.020115
fp32,0.639745,0.999665,-0.020205
fp32,0.640080,0.999665,-0.020352
fp32,0.640416,0.999665,-0.020356
fp32,0.640751,0.999665,-0.020764
fp32,0.641086,0.999665,-0.020844
fp32,0.641421,0.999665,-0.020909
fp32,0.641756,0.999665,-0.020981
fp32,0.642091,0.999665,-0.021040
fp32,0.642426,0.999665,-0.021048
fp32,0.642761,0.999665,-0.021172
fp32,0.643097,0.999665,-0.021259
fp32,0.643432,0.999665,-0.021354
fp32,0.643767,0.999665,-0.021407
fp32,0.644102,0.999665,-0.021487
fp32,0.644437,0.999665,-0.021560
fp32,0.644772,0.999665,-0.021593
fp32,0.645107,0.999665,-0.021750
fp32,0.645442,0.999665,-0.021910
fp32,0.645777,0.999665,-0.022006
fp32,0.646113,0.999665,-0.022119
fp32,0.646448,0.999665,-0.022180
fp32,0.646783,0.999665,-0.022207
fp32,0.647118,0.999665,-0.022219
fp32,0.647453,0.999665,-0.022258
fp32,0.647788,0.999665,-0.022261
fp32,0.648123,0.999665,-0.022284
fp32,0.648458,0.999665,-0.022409
fp32,0.648794,0.999665,-0.022439
fp32,0.649129,0.999665,-0.022444
fp32,0.649464,0.999665,-0.022445
fp32,0.649799,0.999665,-0.022461
fp32,0.650134,0.999665,-0.022473
fp32,0.650469,0.999665,-0.022532
fp32,0.650804,0.999665,-0.022588
fp32,0.651139,0.999665,-0.022664
fp32,0.651475,0.999665,-0.022669
fp32,0.651810,0.999665,-0.022782
fp32,0.652145,0.999665,-0.022817
fp32,0.652480,0.999665,-0.022856
fp32,0.652815,0.999665,-0.022861
fp32,0.653150,0.999665,-0.022957
fp32,0.653485,0.999665,-0.022960
fp32,0.653820,0.999665,-0.022998
fp32,0.653820,1.000000,-0.023028
fp32,0.654155,1.000000,-0.023086
fp32,0.654491,1.000000,-0.023104
fp32,0.654826,1.000000,-0.023217
fp32,0.655161,1.000000,-0.023323
fp32,0.655496,1.000000,-0.023328
fp32,0.655831,1.000000,-0.023349
fp32,0.656166,1.000000,-0.023381
fp32,0.656501,1.000000,-0.023404
fp32,0.656836,1.000000,-0.023436
fp32,0.657172,1.000000,-0.023517
fp32,0.657507,1.000000,-0.023551
fp32,0.657842,1.000000,-0.023723
fp32,0.658177,1.000000,-0.023776
fp32,0.658512,1.000000,-0.023875
fp32,0.658847,1.000000,-0.023969
fp32,0.659182,1.000000,-0.024049
fp32,0.659517,1.000000,-0.024065
fp32,0.659853,1.000000,-0.024110
fp32,0.660188,1.000000,-0.024180
fp32,0.660523,1.000000,-0.024254
fp32,0.660858,1.000000,-0.024254
fp32,0.661193,1.000000,-0.024321
fp32,0.661528,1.000000,-0.024353
fp32,0.661863,1.000000,-0.024399
fp32,0.662198,1.000000,-0.024427
fp32,0.662534,1.000000,-0.024465
fp32,0.662869,1.000000,-0.024476
fp32,0.663204,1.000000,-0.024613
fp32,0.663539,1.000000,-0.024640
fp32,0.663874,1.000000,-0.024760
fp32,0.664209,1.000000,-0.024812
fp32,0.664544,1.000000,-0.024876
fp32,0.664879,1.000000,-0.024922
fp32,0.665214,1.000000,-0.024947
fp32,0.665550,1.000000,-0.025024
fp32,0.665885,1.000000,-0.025026
fp32,0.666220,1.000000,-0.025072
fp32,0.666555,1.000000,-0.025124
fp32,0.666890,1.000000,-0.025175
fp32,0.667225,1.000000,-0.025248
fp32,0.667560,1.000000,-0.025419
fp32,0.667895,1.000000,-0.025541
fp32,0.668231,1.000000,-0.025583
fp32,0.668566,1.000000,-0.025597
fp32,0.668901,1.000000,-0.025720
fp32,0.669236,1.000000,-0.025766
fp32,0.669571,1.000000,-0.025870
fp32,0.669906,1.000000,-0.025902
fp32,0.670241,1.000000,-0.025948
fp32,0.670576,1.000000,-0.026021
fp32,0.670912,1.000000,-0.026067
fp32,0.671247,1.000000,-0.026250
fp32,0.671582,1.000000,-0.026349
fp32,0.671917,1.000000,-0.026402
fp32,0.672252,1.000000,-0.026459
fp32,0.672587,1.000000,-0.026497
fp32,0.672922,1.000000,-0.026506
fp32,0.673257,1.000000,-0.026632
fp32,0.673592,1.000000,-0.026687
fp32,0.673928,1.000000,-0.026736
fp32,0.674263,1.000000,-0.026826
fp32,0.674598,1.000000,-0.026996
fp32,0.674933,1.000000,-0.027008
fp32,0.675268,1.000000,-0.027122
fp32,0.675603,1.000000,-0.027136
fp32,0.675938,1.000000,-0.027158
fp32,0.676273,1.000000,-0.027191
fp32,0.676609,1.000000,-0.027296
fp32,0.676944,1.000000,-0.027336
fp32,0.677279,1.000000,-0.027350
fp32,0.677614,1.000000,-0.027402
fp32,0.677949,1.000000,-0.027429
fp32,0.678284,1.000000,-0.027478
fp32,0.678619,1.000000,-0.027604
fp32,0.678954,1.000000,-0.027699
fp32,0.679290,1.000000,-0.027780
fp32,0.679625,1.000000,-0.027849
fp32,0.679960,1.000000,-0.027873
fp32,0.680295,1.000000,-0.027902
fp32,0.680630,1.000000,-0.028141
fp32,0.680965,1.000000,-0.028170
fp32,0.681300,1.000000,-0.028173
fp32,0.681635,1.000000,-0.028184
fp32,0.681971,1.000000,-0.028192
fp32,0.682306,1.000000,-0.028307
fp32,0.682641,1.000000,-0.028350
fp32,0.682976,1.000000,-0.028352
fp32,0.683311,1.000000,-0.028420
fp32,0.683646,1.000000,-0.028472
fp32,0.683981,1.000000,-0.028491
fp32,0.684316,1.000000,-0.028600
fp32,0.684651,1.000000,-0.028613
fp32,0.684987,1.000000,-0.028783
fp32,0.685322,1.000000,-0.028925
fp32,0.685657,1.000000,-0.028968
fp32,0.685992,1.000000,-0.028985
fp32,0.686327,1.000000,-0.029046
fp32,0.686662,1.000000,-0.029146
fp32,0.686997,1.000000,-0.029330
fp32,0.687332,1.000000,-0.029396
fp32,0.687668,1.000000,-0.029928
fp32,0.688003,1.000000,-0.030005
fp32,0.688338,1.000000,-0.030058
fp32,0.688673,1.000000,-0.030127
fp32,0.689008,1.000000,-0.030133
fp32,0.689343,1.000000,-0.030133
fp32,0.689678,1.000000,-0.030214
fp32,0.690013,1.000000,-0.030294
fp32,0.690349,1.000000,-0.030369
fp32,0.690684,1.000000,-0.030464
fp32,0.691019,1.000000,-0.030565
fp32,0.691354,1.000000,-0.030634
fp32,0.691689,1.000000,-0.030637
fp32,0.692024,1.000000,-0.030682
fp32,0.692359,1.000000,-0.030723
fp32,0.692694,1.000000,-0.030785
fp32,0.693029,1.000000,-0.030810
fp32,0.693365,1.000000,-0.030814
fp32,0.693700,1.000000,-0.030901
fp32,0.694035,1.000000,-0.031082
fp32,0.694370,1.000000,-0.031120
fp32,0.694705,1.000000,-0.031140
fp32,0.695040,1.000000,-0.031168
fp32,0.695375,1.000000,-0.031189
fp32,0.695710,1.000000,-0.031216
fp32,0.696046,1.000000,-0.031226
fp32,0.696381,1.000000,-0.031328
fp32,0.696716,1.000000,-0.031343
fp32,0.697051,1.000000,-0.031407
fp32,0.697386,1.000000,-0.031417
fp32,0.697721,1.000000,-0.031424
fp32,0.698056,1.000000,-0.031567
fp32,0.698391,1.000000,-0.031607
fp32,0.698727,1.000000,-0.031671
fp32,0.699062,1.000000,-0.031752
fp32,0.699397,1.000000,-0.031845
fp32,0.699732,1.000000,-0.031892
fp32,0.700067,1.000000,-0.031974
fp32,0.700402,1.000000,-0.031998
fp32,0.700737,1.000000,-0.032032
fp32,0.701072,1.000000,-0.032074
fp32,0.701408,1.000000,-0.032252
fp32,0.701743,1.000000,-0.032313
fp32,0.702078,1.000000,-0.032392
fp32,0.702413,1.000000,-0.032847
fp32,0.702748,1.000000,-0.032932
fp32,0.703083,1.000000,-0.032953
fp32,0.703418,1.000000,-0.033160
fp32,0.703753,1.000000,-0.033174
fp32,0.704088,1.000000,-0.033269
fp32,0.704424,1.000000,-0.033298
fp32,0.704759,1.000000,-0.033346
fp32,0.705094,1.000000,-0.033358
fp32,0.705429,1.000000,-0.033440
fp32,0.705764,1.000000,-0.033483
fp32,0.706099,1.000000,-0.033488
fp32,0.706434,1.000000,-0.033512
fp32,0.706769,1.000000,-0.033513
fp32,0.707105,1.000000,-0.033521
fp32,0.707440,1.000000,-0.033528
fp32,0.707775,1.000000,-0.033556
fp32,0.708110,1.000000,-0.033575
fp32,0.708445,1.000000,-0.033641
fp32,0.708780,1.000000,-0.033779
fp32,0.709115,1.000000,-0.033786
fp32,0.709450,1.000000,-0.033833
fp32,0.709786,1.000000,-0.033872
fp32,0.710121,1.000000,-0.033895
fp32,0.710456,1.000000,-0.034023
fp32,0.710791,1.000000,-0.034094
fp32,0.711126,1.000000,-0.034152
fp32,0.711461,1.000000,-0.034248
fp32,0.711796,1.000000,-0.034273
fp32,0.712131,1.000000,-0.034302
fp32,0.712466,1.000000,-0.034358
fp32,0.712802,1.000000,-0.034461
fp32,0.713137,1.000000,-0.034486
fp32,0.713472,1.000000,-0.034512
fp32,0.713807,1.000000,-0.034688
fp32,0.714142,1.000000,-0.034840
fp32,0.714477,1.000000,-0.035075
fp32,0.714812,1.000000,-0.035095
fp32,0.715147,1.000000,-0.035101
fp32,0.715483,1.000000,-0.035105
fp32,0.715818,1.000000,-0.035110
fp32,0.716153,1.000000,-0.035129
fp32,0.716488,1.000000,-0.035161
fp32,0.716823,1.000000,-0.035260
fp32,0.717158,1.000000,-0.035277
fp32,0.717493,1.000000,-0.035341
fp32,0.717828,1.000000,-0.035375
fp32,0.718164,1.000000,-0.035426
fp32,0.718499,1.000000,-0.035613
fp32,0.718834,1.000000,-0.035619
fp32,0.719169,1.000000,-0.035673
fp32,0.719504,1.000000,-0.035722
fp32,0.719839,1.000000,-0.035772
fp32,0.720174,1.000000,-0.035838
fp32,0.720509,1.000000,-0.035897
fp32,0.720845,1.000000,-0.035967
fp32,0.721180,1.000000,-0.035986
fp32,0.721515,1.000000,-0.035998
fp32,0.721850,1.000000,-0.036086
fp32,0.722185,1.000000,-0.036113
fp32,0.722520,1.000000,-0.036166
fp32,0.722855,1.000000,-0.036172
fp32,0.723190,1.000000,-0.036246
fp32,0.723525,1.000000,-0.036383
fp32,0.723861,1.000000,-0.036452
fp32,0.724196,1.000000,-0.036464
fp32,0.724531,1.000000,-0.036549
fp32,0.724866,1.000000,-0.036552
fp32,0.725201,1.000000,-0.036563
fp32,0.725536,1.000000,-0.036587
fp32,0.725871,1.000000,-0.036593
fp32,0.726206,1.000000,-0.036680
fp32,0.726542,1.000000,-0.036820
fp32,0.726877,1.000000,-0.036917
fp32,0.727212,1.000000,-0.036931
fp32,0.727547,1.000000,-0.037007
fp32,0.727882,1.000000,-0.037152
fp32,0.728217,1.000000,-0.037300
fp32,0.728552,1.000000,-0.037382
fp32,0.728887,1.000000,-0.037435
fp32,0.729223,1.000000,-0.037469
fp32,0.729558,1.000000,-0.037543
fp32,0.729893,1.000000,-0.037550
fp32,0.730228,1.000000,-0.037568
fp32,0.730563,1.000000,-0.037621
fp32,0.730898,1.000000,-0.037655
fp32,0.731233,1.000000,-0.037662
fp32,0.731568,1.000000,-0.037666
fp32,0.731903,1.000000,-0.037750
fp32,0.732239,1.000000,-0.037761
fp32,0.732574,1.000000,-0.037770
fp32,0.732909,1.000000,-0.037830
fp32,0.733244,1.000000,-0.037889
fp32,0.733579,1.000000,-0.037923
fp32,0.733914,1.000000,-0.037948
fp32,0.734249,1.000000,-0.037964
fp32,0.734584,1.000000,-0.038046
fp32,0.734920,1.000000,-0.038056
fp32,0.735255,1.000000,-0.038102
fp32,0.735590,1.000000,-0.038216
fp32,0.735925,1.000000,-0.038255
fp32,0.736260,1.000000,-0.038382
fp32,0.736595,1.000000,-0.038429
fp32,0.736930,1.000000,-0.038595
fp32,0.737265,1.000000,-0.038736
fp32,0.737601,1.000000,-0.038860
fp32,0.737936,1.000000,-0.038887
fp32,0.738271,1.000000,-0.038933
fp32,0.738606,1.000000,-0.039054
fp32,0.738941,1.000000,-0.039112
fp32,0.739276,1.000000,-0.039114
fp32,0.739611,1.000000,-0.039163
fp32,0.739946,1.000000,-0.039189
fp32,0.740282,1.000000,-0.039194
fp32,0.740617,1.000000,-0.039297
fp32,0.740952,1.000000,-0.039310
fp32,0.741287,1.000000,-0.039436
fp32,0.741622,1.000000,-0.039469
fp32,0.741957,1.000000,-0.039550
fp32,0.742292,1.000000,-0.039612
fp32,0.742627,1.000000,-0.039613
fp32,0.742962,1.000000,-0.039713
fp32,0.743298,1.000000,-0.039826
fp32,0.743633,1.000000,-0.039913
fp32,0.743968,1.000000,-0.039935
fp32,0.744303,1.000000,-0.040003
fp32,0.744638,1.000000,-0.040014
fp32,0.744973,1.000000,-0.040020
fp32,0.745308,1.000000,-0.040218
fp32,0.745643,1.000000,-0.040436
fp32,0.745979,1.000000,-0.040548
fp32,0.746314,1.000000,-0.040639
fp32,0.746649,1.000000,-0.040652
fp32,0.746984,1.000000,-0.040776
fp32,0.747319,1.000000,-0.040787
fp32,0.747654,1.000000,-0.040871
fp32,0.747989,1.000000,-0.040935
fp32,0.748324,1.000000,-0.040947
fp32,0.748660,1.000000,-0.040993
fp32,0.748995,1.000000,-0.041038
fp32,0.749330,1.000000,-0.041180
fp32,0.749665,1.000000,-0.041189
fp32,0.750000,1.000000,-0.041269
fp32,0.750335,1.000000,-0.041405
fp32,0.750670,1.000000,-0.041414
fp32,0.751005,1.000000,-0.041422
fp32,0.751340,1.000000,-0.041440
fp32,0.751676,1.000000,-0.041529
fp32,0.752011,1.000000,-0.041662
fp32,0.752346,1.000000,-0.041676
fp32,0.752681,1.000000,-0.041890
fp32,0.753016,1.000000,-0.041908
fp32,0.753351,1.000000,-0.041943
fp32,0.753686,1.000000,-0.042051
fp32,0.754021,1.000000,-0.042060
fp32,0.754357,1.000000,-0.042075
fp32,0.754692,1.000000,-0.042178
fp32,0.755027,1.000000,-0.042192
fp32,0.755362,1.000000,-0.042260
fp32,0.755697,1.000000,-0.042274
fp32,0.756032,1.000000,-0.042443
fp32,0.756367,1.000000,-0.042464
fp32,0.756702,1.000000,-0.042641
fp32,0.757038,1.000000,-0.042754
fp32,0.757373,1.000000,-0.042831
fp32,0.757708,1.000000,-0.042866
fp32,0.758043,1.000000,-0.042967
fp32,0.758378,1.000000,-0.043150
fp32,0.758713,1.000000,-0.043158
fp32,0.759048,1.000000,-0.043220
fp32,0.759383,1.000000,-0.043323
fp32,0.759718,1.000000,-0.043489
fp32,0.760054,1.000000,-0.043516
fp32,0.760389,1.000000,-0.043527
fp32,0.760724,1.000000,-0.043557
fp32,0.761059,1.000000,-0.043593
fp32,0.761394,1.000000,-0.043611
fp32,0.761729,1.000000,-0.043644
fp32,0.762064,1.000000,-0.043742
fp32,0.762399,1.000000,-0.043777
fp32,0.762735,1.000000,-0.043816
fp32,0.763070,1.000000,-0.043968
fp32,0.763405,1.000000,-0.043996
fp32,0.763740,1.000000,-0.044029
fp32,0.764075,1.000000,-0.044038
fp32,0.764410,1.000000,-0.044061
fp32,0.764745,1.000000,-0.044069
fp32,0.765080,1.000000,-0.044193
fp32,0.765416,1.000000,-0.044437
fp32,0.765751,1.000000,-0.044544
fp32,0.766086,1.000000,-0.044597
fp32,0.766421,1.000000,-0.044614
fp32,0.766756,1.000000,-0.044617
fp32,0.767091,1.000000,-0.044650
fp32,0.767426,1.000000,-0.044679
fp32,0.767761,1.000000,-0.044806
fp32,0.768097,1.000000,-0.044838
fp32,0.768432,1.000000,-0.044932
fp32,0.768767,1.000000,-0.044968
fp32,0.769102,1.000000,-0.045019
fp32,0.769437,1.000000,-0.045029
fp32,0.769772,1.000000,-0.045047
fp32,0.770107,1.000000,-0.045114
fp32,0.770442,1.000000,-0.045143
fp32,0.770777,1.000000,-0.045191
fp32,0.771113,1.000000,-0.045259
fp32,0.771448,1.000000,-0.045406
fp32,0.771783,1.000000,-0.045479
fp32,0.772118,1.000000,-0.045553
fp32,0.772453,1.000000,-0.045603
fp32,0.772788,1.000000,-0.045634
fp32,0.773123,1.000000,-0.045726
fp32,0.773458,1.000000,-0.045729
fp32,0.773794,1.000000,-0.045955
fp32,0.774129,1.000000,-0.045967
fp32,0.774464,1.000000,-0.046011
fp32,0.774799,1.000000,-0.046011
fp32,0.775134,1.000000,-0.046016
fp32,0.775469,1.000000,-0.046057
fp32,0.775804,1.000000,-0.046167
fp32,0.776139,1.000000,-0.046271
fp32,0.776475,1.000000,-0.046321
fp32,0.776810,1.000000,-0.046353
fp32,0.777145,1.000000,-0.046422
fp32,0.777480,1.000000,-0.046748
fp32,0.777815,1.000000,-0.046876
fp32,0.778150,1.000000,-0.047034
fp32,0.778485,1.000000,-0.047072
fp32,0.778820,1.000000,-0.047078
fp32,0.779155,1.000000,-0.047233
fp32,0.779491,1.000000,-0.047265
fp32,0.779826,1.000000,-0.047277
fp32,0.780161,1.000000,-0.047369
fp32,0.780496,1.000000,-0.047370
fp32,0.780831,1.000000,-0.047411
fp32,0.781166,1.000000,-0.047568
fp32,0.781501,1.000000,-0.047727
fp32,0.781836,1.000000,-0.047791
fp32,0.782172,1.000000,-0.047813
fp32,0.782507,1.000000,-0.047906
fp32,0.782842,1.000000,-0.047972
fp32,0.783177,1.000000,-0.047992
fp32,0.783512,1.000000,-0.047999
fp32,0.783847,1.000000,-0.048279
fp32,0.784182,1.000000,-0.048474
fp32,0.784517,1.000000,-0.048480
fp32,0.784853,1.000000,-0.048501
fp32,0.785188,1.000000,-0.048524
fp32,0.785523,1.000000,-0.048544
fp32,0.785858,1.000000,-0.048691
fp32,0.786193,1.000000,-0.048730
fp32,0.786528,1.000000,-0.048799
fp32,0.786863,1.000000,-0.048882
fp32,0.787198,1.000000,-0.048932
fp32,0.787534,1.000000,-0.049079
fp32,0.787869,1.000000,-0.049167
fp32,0.788204,1.000000,-0.049224
fp32,0.788539,1.000000,-0.049300
fp32,0.788874,1.000000,-0.049396
fp32,0.789209,1.000000,-0.049447
fp32,0.789544,1.000000,-0.049496
fp32,0.789879,1.000000,-0.049528
fp32,0.790214,1.000000,-0.049531
fp32,0.790550,1.000000,-0.049629
fp32,0.790885,1.000000,-0.049655
fp32,0.791220,1.000000,-0.049722
fp32,0.791555,1.000000,-0.049886
fp32,0.791890,1.000000,-0.049914
fp32,0.792225,1.000000,-0.049930
fp32,0.792560,1.000000,-0.050128
fp32,0.792895,1.000000,-0.050157
fp32,0.793231,1.000000,-0.050176
fp32,0.793566,1.000000,-0.050245
fp32,0.793901,1.000000,-0.050791
fp32,0.794236,1.000000,-0.050817
fp32,0.794571,1.000000,-0.050925
fp32,0.794906,1.000000,-0.051042
fp32,0.795241,1.000000,-0.051095
fp32,0.795576,1.000000,-0.051308
fp32,0.795912,1.000000,-0.051313
fp32,0.796247,1.000000,-0.051320
fp32,0.796582,1.000000,-0.051460
fp32,0.796917,1.000000,-0.051544
fp32,0.797252,1.000000,-0.051568
fp32,0.797587,1.000000,-0.051633
fp32,0.797922,1.000000,-0.051647
fp32,0.798257,1.000000,-0.051804
fp32,0.798592,1.000000,-0.051888
fp32,0.798928,1.000000,-0.051899
fp32,0.799263,1.000000,-0.051905
fp32,0.799598,1.000000,-0.052085
fp32,0.799933,1.000000,-0.052118
fp32,0.800268,1.000000,-0.052163
fp32,0.800603,1.000000,-0.052195
fp32,0.800938,1.000000,-0.052206
fp32,0.801273,1.000000,-0.052313
fp32,0.801609,1.000000,-0.052319
fp32,0.801944,1.000000,-0.052426
fp32,0.802279,1.000000,-0.052432
fp32,0.802614,1.000000,-0.052438
fp32,0.802949,1.000000,-0.052513
fp32,0.803284,1.000000,-0.052560
fp32,0.803619,1.000000,-0.052634
fp32,0.803954,1.000000,-0.052647
fp32,0.804290,1.000000,-0.052686
fp32,0.804625,1.000000,-0.052824
fp32,0.804960,1.000000,-0.052873
fp32,0.805295,1.000000,-0.052930
fp32,0.805630,1.000000,-0.052957
fp32,0.805965,1.000000,-0.053111
fp32,0.806300,1.000000,-0.053171
fp32,0.806635,1.000000,-0.053257
fp32,0.806971,1.000000,-0.053271
fp32,0.807306,1.000000,-0.053290
fp32,0.807641,1.000000,-0.053320
fp32,0.807976,1.000000,-0.053360
fp32,0.808311,1.000000,-0.053460
fp32,0.808646,1.000000,-0.053576
fp32,0.808981,1.000000,-0.053592
fp32,0.809316,1.000000,-0.053625
fp32,0.809651,1.000000,-0.053633
fp32,0.809987,1.000000,-0.053831
fp32,0.810322,1.000000,-0.053859
fp32,0.810657,1.000000,-0.053860
fp32,0.810992,1.000000,-0.053898
fp32,0.811327,1.000000,-0.053907
fp32,0.811662,1.000000,-0.053954
fp32,0.811997,1.000000,-0.053978
fp32,0.812332,1.000000,-0.053986
fp32,0.812668,1.000000,-0.054001
fp32,0.813003,1.000000,-0.054166
fp32,0.813338,1.000000,-0.054170
fp32,0.813673,1.000000,-0.054197
fp32,0.814008,1.000000,-0.054455
fp32,0.814343,1.000000,-0.054469
fp32,0.814678,1.000000,-0.054475
fp32,0.815013,1.000000,-0.054588
fp32,0.815349,1.000000,-0.054629
fp32,0.815684,1.000000,-0.054644
fp32,0.816019,1.000000,-0.054717
fp32,0.816354,1.000000,-0.054728
fp32,0.816689,1.000000,-0.054800
fp32,0.817024,1.000000,-0.054831
fp32,0.817359,1.000000,-0.054925
fp32,0.817694,1.000000,-0.055093
fp32,0.818029,1.000000,-0.055146
fp32,0.818365,1.000000,-0.055305
fp32,0.818700,1.000000,-0.055459
fp32,0.819035,1.000000,-0.055927
fp32,0.819370,1.000000,-0.055954
fp32,0.819705,1.000000,-0.056073
fp32,0.820040,1.000000,-0.056321
fp32,0.820375,1.000000,-0.056350
fp32,0.820710,1.000000,-0.056398
fp32,0.821046,1.000000,-0.056401
fp32,0.821381,1.000000,-0.056431
fp32,0.821716,1.000000,-0.056579
fp32,0.822051,1.000000,-0.056596
fp32,0.822386,1.000000,-0.056705
fp32,0.822721,1.000000,-0.056771
fp32,0.823056,1.000000,-0.056786
fp32,0.823391,1.000000,-0.056792
fp32,0.823727,1.000000,-0.057205
fp32,0.824062,1.000000,-0.057226
fp32,0.824397,1.000000,-0.057334
fp32,0.824732,1.000000,-0.057336
fp32,0.825067,1.000000,-0.057501
fp32,0.825402,1.000000,-0.057522
fp32,0.825737,1.000000,-0.057592
fp32,0.826072,1.000000,-0.057595
fp32,0.826408,1.000000,-0.057632
fp32,0.826743,1.000000,-0.057643
fp32,0.827078,1.000000,-0.057647
fp32,0.827413,1.000000,-0.057709
fp32,0.827748,1.000000,-0.057767
fp32,0.828083,1.000000,-0.057880
fp32,0.828418,1.000000,-0.058071
fp32,0.828753,1.000000,-0.058094
fp32,0.829088,1.000000,-0.058161
fp32,0.829424,1.000000,-0.058241
fp32,0.829759,1.000000,-0.058248
fp32,0.830094,1.000000,-0.058263
fp32,0.830429,1.000000,-0.058264
fp32,0.830764,1.000000,-0.058351
fp32,0.831099,1.000000,-0.058401
fp32,0.831434,1.000000,-0.058429
fp32,0.831769,1.000000,-0.058502
fp32,0.832105,1.000000,-0.058791
fp32,0.832440,1.000000,-0.058794
fp32,0.832775,1.000000,-0.058797
fp32,0.833110,1.000000,-0.058868
fp32,0.833445,1.000000,-0.058913
fp32,0.833780,1.000000,-0.059067
fp32,0.834115,1.000000,-0.059109
fp32,0.834450,1.000000,-0.059148
fp32,0.834786,1.000000,-0.059178
fp32,0.835121,1.000000,-0.059228
fp32,0.835456,1.000000,-0.059470
fp32,0.835791,1.000000,-0.059525
fp32,0.836126,1.000000,-0.059547
fp32,0.836461,1.000000,-0.059579
fp32,0.836796,1.000000,-0.059603
fp32,0.837131,1.000000,-0.059633
fp32,0.837466,1.000000,-0.059695
fp32,0.837802,1.000000,-0.059726
fp32,0.838137,1.000000,-0.059925
fp32,0.838472,1.000000,-0.059949
fp32,0.838807,1.000000,-0.060003
fp32,0.839142,1.000000,-0.060141
fp32,0.839477,1.000000,-0.060334
fp32,0.839812,1.000000,-0.060522
fp32,0.840147,1.000000,-0.060544
fp32,0.840483,1.000000,-0.060575
fp32,0.840818,1.000000,-0.060639
fp32,0.841153,1.000000,-0.060696
fp32,0.841488,1.000000,-0.060790
fp32,0.841823,1.000000,-0.061053
fp32,0.842158,1.000000,-0.061343
fp32,0.842493,1.000000,-0.061393
fp32,0.842828,1.000000,-0.061409
fp32,0.843164,1.000000,-0.061524
fp32,0.843499,1.000000,-0.061537
fp32,0.843834,1.000000,-0.061586
fp32,0.844169,1.000000,-0.061710
fp32,0.844504,1.000000,-0.061727
fp32,0.844839,1.000000,-0.061773
fp32,0.845174,1.000000,-0.061827
fp32,0.845509,1.000000,-0.061916
fp32,0.845845,1.000000,-0.062018
fp32,0.846180,1.000000,-0.062068
fp32,0.846515,1.000000,-0.062152
fp32,0.846850,1.000000,-0.062178
fp32,0.847185,1.000000,-0.062284
fp32,0.847520,1.000000,-0.062344
fp32,0.847855,1.000000,-0.062604
fp32,0.848190,1.000000,-0.062673
fp32,0.848525,1.000000,-0.062851
fp32,0.848861,1.000000,-0.062907
fp32,0.849196,1.000000,-0.062942
fp32,0.849531,1.000000,-0.063086
fp32,0.849866,1.000000,-0.063124
fp32,0.850201,1.000000,-0.063317
fp32,0.850536,1.000000,-0.063387
fp32,0.850871,1.000000,-0.063438
fp32,0.851206,1.000000,-0.063500
fp32,0.851542,1.000000,-0.063681
fp32,0.851877,1.000000,-0.064216
fp32,0.852212,1.000000,-0.064256
fp32,0.852547,1.000000,-0.064349
fp32,0.852882,1.000000,-0.064368
fp32,0.853217,1.000000,-0.064406
fp32,0.853552,1.000000,-0.064450
fp32,0.853887,1.000000,-0.064537
fp32,0.854223,1.000000,-0.064649
fp32,0.854558,1.000000,-0.064756
fp32,0.854893,1.000000,-0.064778
fp32,0.855228,1.000000,-0.064820
fp32,0.855563,1.000000,-0.064897
fp32,0.855898,1.000000,-0.065147
fp32,0.856233,1.000000,-0.065185
fp32,0.856568,1.000000,-0.065234
fp32,0.856903,1.000000,-0.065235
fp32,0.857239,1.000000,-0.065397
fp32,0.857574,1.000000,-0.065486
fp32,0.857909,1.000000,-0.065488
fp32,0.858244,1.000000,-0.065508
fp32,0.858579,1.000000,-0.065674
fp32,0.858914,1.000000,-0.065697
fp32,0.859249,1.000000,-0.065763
fp32,0.859584,1.000000,-0.065808
fp32,0.859920,1.000000,-0.065942
fp32,0.860255,1.000000,-0.066088
fp32,0.860590,1.000000,-0.066120
fp32,0.860925,1.000000,-0.066146
fp32,0.861260,1.000000,-0.066156
fp32,0.861595,1.000000,-0.066293
fp32,0.861930,1.000000,-0.066295
fp32,0.862265,1.000000,-0.066377
fp32,0.862601,1.000000,-0.066397
fp32,0.862936,1.000000,-0.066532
fp32,0.863271,1.000000,-0.066608
fp32,0.863606,1.000000,-0.066629
fp32,0.863941,1.000000,-0.066727
fp32,0.864276,1.000000,-0.066817
fp32,0.864611,1.000000,-0.066880
fp32,0.864946,1.000000,-0.066949
fp32,0.865282,1.000000,-0.067130
fp32,0.865617,1.000000,-0.067406
fp32,0.865952,1.000000,-0.067505
fp32,0.866287,1.000000,-0.067544
fp32,0.866622,1.000000,-0.067631
fp32,0.866957,1.000000,-0.067639
fp32,0.867292,1.000000,-0.067641
fp32,0.867627,1.000000,-0.067776
fp32,0.867962,1.000000,-0.067890
fp32,0.868298,1.000000,-0.068122
fp32,0.868633,1.000000,-0.068247
fp32,0.868968,1.000000,-0.068301
fp32,0.869303,1.000000,-0.068525
fp32,0.869638,1.000000,-0.068591
fp32,0.869973,1.000000,-0.068829
fp32,0.870308,1.000000,-0.069129
fp32,0.870643,1.000000,-0.069224
fp32,0.870979,1.000000,-0.069332
fp32,0.871314,1.000000,-0.069450
fp32,0.871649,1.000000,-0.069578
fp32,0.871984,1.000000,-0.069627
fp32,0.872319,1.000000,-0.069780
fp32,0.872654,1.000000,-0.069782
fp32,0.872989,1.000000,-0.069994
fp32,0.873324,1.000000,-0.070213
fp32,0.873660,1.000000,-0.070250
fp32,0.873995,1.000000,-0.070286
fp32,0.874330,1.000000,-0.070311
fp32,0.874665,1.000000,-0.070509
fp32,0.875000,1.000000,-0.070587
fp32,0.875335,1.000000,-0.070727
fp32,0.875670,1.000000,-0.070761
fp32,0.876005,1.000000,-0.070940
fp32,0.876340,1.000000,-0.070991
fp32,0.876676,1.000000,-0.071026
fp32,0.877011,1.000000,-0.071115
fp32,0.877346,1.000000,-0.071299
fp32,0.877681,1.000000,-0.071508
fp32,0.878016,1.000000,-0.071528
fp32,0.878351,1.000000,-0.071630
fp32,0.878686,1.000000,-0.071787
fp32,0.879021,1.000000,-0.072004
fp32,0.879357,1.000000,-0.072072
fp32,0.879692,1.000000,-0.072237
fp32,0.880027,1.000000,-0.072414
fp32,0.880362,1.000000,-0.072464
fp32,0.880697,1.000000,-0.072675
fp32,0.881032,1.000000,-0.072774
fp32,0.881367,1.000000,-0.072908
fp32,0.881702,1.000000,-0.072922
fp32,0.882038,1.000000,-0.073637
fp32,0.882373,1.000000,-0.073644
fp32,0.882708,1.000000,-0.073844
fp32,0.883043,1.000000,-0.074074
fp32,0.883378,1.000000,-0.074079
fp32,0.883713,1.000000,-0.074082
fp32,0.884048,1.000000,-0.074203
fp32,0.884383,1.000000,-0.074345
fp32,0.884718,1.000000,-0.074508
fp32,0.885054,1.000000,-0.074562
fp32,0.885389,1.000000,-0.074883
fp32,0.885724,1.000000,-0.075047
fp32,0.886059,1.000000,-0.075099
fp32,0.886394,1.000000,-0.075159
fp32,0.886729,1.000000,-0.075420
fp32,0.887064,1.000000,-0.075445
fp32,0.887399,1.000000,-0.075471
fp32,0.887735,1.000000,-0.075753
fp32,0.888070,1.000000,-0.075784
fp32,0.888405,1.000000,-0.075880
fp32,0.888740,1.000000,-0.075969
fp32,0.889075,1.000000,-0.075988
fp32,0.889410,1.000000,-0.076007
fp32,0.889745,1.000000,-0.076104
fp32,0.890080,1.000000,-0.076157
fp32,0.890416,1.000000,-0.076305
fp32,0.890751,1.000000,-0.076351
fp32,0.891086,1.000000,-0.076595
fp32,0.891421,1.000000,-0.076690
fp32,0.891756,1.000000,-0.076729
fp32,0.892091,1.000000,-0.076758
fp32,0.892426,1.000000,-0.077081
fp32,0.892761,1.000000,-0.077225
fp32,0.893097,1.000000,-0.077236
fp32,0.893432,1.000000,-0.077295
fp32,0.893767,1.000000,-0.077358
fp32,0.894102,1.000000,-0.077572
fp32,0.894437,1.000000,-0.077614
fp32,0.894772,1.000000,-0.077995
fp32,0.895107,1.000000,-0.078237
fp32,0.895442,1.000000,-0.078333
fp32,0.895777,1.000000,-0.078540
fp32,0.896113,1.000000,-0.078563
fp32,0.896448,1.000000,-0.078710
fp32,0.896783,1.000000,-0.078774
fp32,0.897118,1.000000,-0.078808
fp32,0.897453,1.000000,-0.078862
fp32,0.897788,1.000000,-0.078874
fp32,0.898123,1.000000,-0.079020
fp32,0.898458,1.000000,-0.079407
fp32,0.898794,1.000000,-0.079529
fp32,0.899129,1.000000,-0.079690
fp32,0.899464,1.000000,-0.079846
fp32,0.899799,1.000000,-0.079934
fp32,0.900134,1.000000,-0.080119
fp32,0.900469,1.000000,-0.080171
fp32,0.900804,1.000000,-0.080266
fp32,0.901139,1.000000,-0.080283
fp32,0.901475,1.000000,-0.080345
fp32,0.901810,1.000000,-0.080468
fp32,0.902145,1.000000,-0.080578
fp32,0.902480,1.000000,-0.080650
fp32,0.902815,1.000000,-0.080852
fp32,0.903150,1.000000,-0.080874
fp32,0.903485,1.000000,-0.080898
fp32,0.903820,1.000000,-0.081015
fp32,0.904155,1.000000,-0.081094
fp32,0.904491,1.000000,-0.081096
fp32,0.904826,1.000000,-0.081311
fp32,0.905161,1.000000,-0.081395
fp32,0.905496,1.000000,-0.081408
fp32,0.905831,1.000000,-0.081570
fp32,0.906166,1.000000,-0.081626
fp32,0.906501,1.000000,-0.082000
fp32,0.906836,1.000000,-0.082072
fp32,0.907172,1.000000,-0.082183
fp32,0.907507,1.000000,-0.082463
fp32,0.907842,1.000000,-0.082490
fp32,0.908177,1.000000,-0.082532
fp32,0.908512,1.000000,-0.082592
fp32,0.908847,1.000000,-0.082719
fp32,0.909182,1.000000,-0.082723
fp32,0.909517,1.000000,-0.082763
fp32,0.909853,1.000000,-0.082779
fp32,0.910188,1.000000,-0.082853
fp32,0.910523,1.000000,-0.082934
fp32,0.910858,1.000000,-0.083020
fp32,0.911193,1.000000,-0.083081
fp32,0.911528,1.000000,-0.083155
fp32,0.911863,1.000000,-0.083194
fp32,0.912198,1.000000,-0.083197
fp32,0.912534,1.000000,-0.083390
fp32,0.912869,1.000000,-0.083620
fp32,0.913204,1.000000,-0.084069
fp32,0.913539,1.000000,-0.084324
fp32,0.913874,1.000000,-0.084423
fp32,0.914209,1.000000,-0.085187
fp32,0.914544,1.000000,-0.085218
fp32,0.914879,1.000000,-0.086628
fp32,0.915214,1.000000,-0.086871
fp32,0.915550,1.000000,-0.086899
fp32,0.915885,1.000000,-0.086997
fp32,0.916220,1.000000,-0.087163
fp32,0.916555,1.000000,-0.087274
fp32,0.916890,1.000000,-0.087285
fp32,0.917225,1.000000,-0.087493
fp32,0.917560,1.000000,-0.087649
fp32,0.917895,1.000000,-0.087849
fp32,0.918231,1.000000,-0.087849
fp32,0.918566,1.000000,-0.087869
fp32,0.918901,1.000000,-0.087910
fp32,0.919236,1.000000,-0.087911
fp32,0.919571,1.000000,-0.087973
fp32,0.919906,1.000000,-0.088088
fp32,0.920241,1.000000,-0.088256
fp32,0.920576,1.000000,-0.088287
fp32,0.920912,1.000000,-0.088453
fp32,0.921247,1.000000,-0.089029
fp32,0.921582,1.000000,-0.089049
fp32,0.921917,1.000000,-0.089090
fp32,0.922252,1.000000,-0.089121
fp32,0.922587,1.000000,-0.089160
fp32,0.922922,1.000000,-0.089169
fp32,0.923257,1.000000,-0.089229
fp32,0.923592,1.000000,-0.089557
fp32,0.923928,1.000000,-0.089569
fp32,0.924263,1.000000,-0.089605
fp32,0.924598,1.000000,-0.089623
fp32,0.924933,1.000000,-0.089631
fp32,0.925268,1.000000,-0.089714
fp32,0.925603,1.000000,-0.089726
fp32,0.925938,1.000000,-0.089939
fp32,0.926273,1.000000,-0.090033
fp32,0.926609,1.000000,-0.090039
fp32,0.926944,1.000000,-0.090152
fp32,0.927279,1.000000,-0.090339
fp32,0.927614,1.000000,-0.090460
fp32,0.927949,1.000000,-0.090570
fp32,0.928284,1.000000,-0.090617
fp32,0.928619,1.000000,-0.090678
fp32,0.928954,1.000000,-0.090997
fp32,0.929290,1.000000,-0.091029
fp32,0.929625,1.000000,-0.091084
fp32,0.929960,1.000000,-0.091329
fp32,0.930295,1.000000,-0.091668
fp32,0.930630,1.000000,-0.091680
fp32,0.930965,1.000000,-0.091814
fp32,0.931300,1.000000,-0.092106
fp32,0.931635,1.000000,-0.092170
fp32,0.931971,1.000000,-0.092196
fp32,0.932306,1.000000,-0.092228
fp32,0.932641,1.000000,-0.092282
fp32,0.932976,1.000000,-0.092321
fp32,0.933311,1.000000,-0.092406
fp32,0.933646,1.000000,-0.092773
fp32,0.933981,1.000000,-0.092874
fp32,0.934316,1.000000,-0.092941
fp32,0.934651,1.000000,-0.093053
fp32,0.934987,1.000000,-0.093256
fp32,0.935322,1.000000,-0.093304
fp32,0.935657,1.000000,-0.093312
fp32,0.935992,1.000000,-0.093351
fp32,0.936327,1.000000,-0.093508
fp32,0.936662,1.000000,-0.093574
fp32,0.936997,1.000000,-0.094077
fp32,0.937332,1.000000,-0.094243
fp32,0.937668,1.000000,-0.094723
fp32,0.938003,1.000000,-0.094741
fp32,0.938338,1.000000,-0.094755
fp32,0.938673,1.000000,-0.094832
fp32,0.939008,1.000000,-0.094938
fp32,0.939343,1.000000,-0.094972
fp32,0.939678,1.000000,-0.095349
fp32,0.940013,1.000000,-0.095503
fp32,0.940349,1.000000,-0.095849
fp32,0.940684,1.000000,-0.096074
fp32,0.941019,1.000000,-0.096413
fp32,0.941354,1.000000,-0.096650
fp32,0.941689,1.000000,-0.096793
fp32,0.942024,1.000000,-0.096830
fp32,0.942359,1.000000,-0.096840
fp32,0.942694,1.000000,-0.096851
fp32,0.943029,1.000000,-0.097150
fp32,0.943365,1.000000,-0.097226
fp32,0.943700,1.000000,-0.097323
fp32,0.944035,1.000000,-0.097664
fp32,0.944370,1.000000,-0.097718
fp32,0.944705,1.000000,-0.097948
fp32,0.945040,1.000000,-0.098248
fp32,0.945375,1.000000,-0.098577
fp32,0.945710,1.000000,-0.099295
fp32,0.946046,1.000000,-0.100324
fp32,0.946381,1.000000,-0.100553
fp32,0.946716,1.000000,-0.100591
fp32,0.947051,1.000000,-0.100687
fp32,0.947386,1.000000,-0.101130
fp32,0.947721,1.000000,-0.101538
fp32,0.948056,1.000000,-0.101683
fp32,0.948391,1.000000,-0.101699
fp32,0.948727,1.000000,-0.101946
fp32,0.949062,1.000000,-0.101976
fp32,0.949397,1.000000,-0.102078
fp32,0.949732,1.000000,-0.102092
fp32,0.950067,1.000000,-0.102295
fp32,0.950402,1.000000,-0.102450
fp32,0.950737,1.000000,-0.102490
fp32,0.951072,1.000000,-0.102631
fp32,0.951408,1.000000,-0.102841
fp32,0.951743,1.000000,-0.102879
fp32,0.952078,1.000000,-0.103237
fp32,0.952413,1.000000,-0.103619
fp32,0.952748,1.000000,-0.103869
fp32,0.953083,1.000000,-0.103913
fp32,0.953418,1.000000,-0.103992
fp32,0.953753,1.000000,-0.104002
fp32,0.954088,1.000000,-0.104037
fp32,0.954424,1.000000,-0.104549
fp32,0.954759,1.000000,-0.104888
fp32,0.955094,1.000000,-0.104888
fp32,0.955429,1.000000,-0.105795
fp32,0.955764,1.000000,-0.105832
fp32,0.956099,1.000000,-0.106047
fp32,0.956434,1.000000,-0.106062
fp32,0.956769,1.000000,-0.106404
fp32,0.957105,1.000000,-0.106511
fp32,0.957440,1.000000,-0.106698
fp32,0.957775,1.000000,-0.106817
fp32,0.958110,1.000000,-0.106880
fp32,0.958445,1.000000,-0.107408
fp32,0.958780,1.000000,-0.107749
fp32,0.959115,1.000000,-0.108005
fp32,0.959450,1.000000,-0.108450
fp32,0.959786,1.000000,-0.108545
fp32,0.960121,1.000000,-0.108799
fp32,0.960456,1.000000,-0.109209
fp32,0.960791,1.000000,-0.109515
fp32,0.961126,1.000000,-0.110209
fp32,0.961461,1.000000,-0.110539
fp32,0.961796,1.000000,-0.110799
fp32,0.962131,1.000000,-0.110877
fp32,0.962466,1.000000,-0.110919
fp32,0.962802,1.000000,-0.111355
fp32,0.963137,1.000000,-0.112283
fp32,0.963472,1.000000,-0.112298
fp32,0.963807,1.000000,-0.112671
fp32,0.964142,1.000000,-0.112913
fp32,0.964477,1.000000,-0.112920
fp32,0.964812,1.000000,-0.113315
fp32,0.965147,1.000000,-0.114252
fp32,0.965483,1.000000,-0.114706
fp32,0.965818,1.000000,-0.114800
fp32,0.966153,1.000000,-0.114811
fp32,0.966488,1.000000,-0.115934
fp32,0.966823,1.000000,-0.116440
fp32,0.967158,1.000000,-0.116680
fp32,0.967493,1.000000,-0.116757
fp32,0.967828,1.000000,-0.116861
fp32,0.968164,1.000000,-0.117716
fp32,0.968499,1.000000,-0.117929
fp32,0.968834,1.000000,-0.118336
fp32,0.969169,1.000000,-0.118573
fp32,0.969504,1.000000,-0.118679
fp32,0.969839,1.000000,-0.119554
fp32,0.970174,1.000000,-0.120378
fp32,0.970509,1.000000,-0.120536
fp32,0.970845,1.000000,-0.121078
fp32,0.971180,1.000000,-0.121228
fp32,0.971515,1.000000,-0.121306
fp32,0.971850,1.000000,-0.121456
fp32,0.972185,1.000000,-0.121507
fp32,0.972520,1.000000,-0.121595
fp32,0.972855,1.000000,-0.121846
fp32,0.973190,1.000000,-0.122262
fp32,0.973525,1.000000,-0.122275
fp32,0.973861,1.000000,-0.122692
fp32,0.974196,1.000000,-0.122850
fp32,0.974531,1.000000,-0.122869
fp32,0.974866,1.000000,-0.122957
fp32,0.975201,1.000000,-0.123801
fp32,0.975536,1.000000,-0.124103
fp32,0.975871,1.000000,-0.124931
fp32,0.976206,1.000000,-0.124973
fp32,0.976542,1.000000,-0.125818
fp32,0.976877,1.000000,-0.126288
fp32,0.977212,1.000000,-0.126583
fp32,0.977547,1.000000,-0.126869
fp32,0.977882,1.000000,-0.127563
fp32,0.978217,1.000000,-0.127600
fp32,0.978552,1.000000,-0.128354
fp32,0.978887,1.000000,-0.128361
fp32,0.979223,1.000000,-0.128445
fp32,0.979558,1.000000,-0.128875
fp32,0.979893,1.000000,-0.129496
fp32,0.980228,1.000000,-0.130062
fp32,0.980563,1.000000,-0.130213
fp32,0.980898,1.000000,-0.131434
fp32,0.981233,1.000000,-0.132386
fp32,0.981568,1.000000,-0.132412
fp32,0.981903,1.000000,-0.132666
fp32,0.982239,1.000000,-0.133312
fp32,0.982574,1.000000,-0.133527
fp32,0.982909,1.000000,-0.133785
fp32,0.983244,1.000000,-0.134954
fp32,0.983579,1.000000,-0.135736
fp32,0.983914,1.000000,-0.137861
fp32,0.984249,1.000000,-0.138063
fp32,0.984584,1.000000,-0.138547
fp32,0.984920,1.000000,-0.138654
fp32,0.985255,1.000000,-0.139067
fp32,0.985590,1.000000,-0.140360
fp32,0.985925,1.000000,-0.140498
fp32,0.986260,1.000000,-0.141313
fp32,0.986595,1.000000,-0.141455
fp32,0.986930,1.000000,-0.141630
fp32,0.987265,1.000000,-0.142172
fp32,0.987601,1.000000,-0.143223
fp32,0.987936,1.000000,-0.143814
fp32,0.988271,1.000000,-0.144229
fp32,0.988606,1.000000,-0.144625
fp32,0.988941,1.000000,-0.144702
fp32,0.989276,1.000000,-0.145187
fp32,0.989611,1.000000,-0.145945
fp32,0.989946,1.000000,-0.145954
fp32,0.990282,1.000000,-0.146754
fp32,0.990617,1.000000,-0.147519
fp32,0.990952,1.000000,-0.148141
fp32,0.991287,1.000000,-0.150268
fp32,0.991622,1.000000,-0.150462
fp32,0.991957,1.000000,-0.150888
fp32,0.992292,1.000000,-0.150992
fp32,0.992627,1.000000,-0.151894
fp32,0.992962,1.000000,-0.154061
fp32,0.993298,1.000000,-0.154219
fp32,0.993633,1.000000,-0.155428
fp32,0.993968,1.000000,-0.155608
fp32,0.994303,1.000000,-0.156097
fp32,0.994638,1.000000,-0.157443
fp32,0.994973,1.000000,-0.158861
fp32,0.995308,1.000000,-0.161698
fp32,0.995643,1.000000,-0.161777
fp32,0.995979,1.000000,-0.162735
fp32,0.996314,1.000000,-0.163875
fp32,0.996649,1.000000,-0.166291
fp32,0.996984,1.000000,-0.172576
fp32,0.997319,1.000000,-0.173417
fp32,0.997654,1.000000,-0.176241
fp32,0.997989,1.000000,-0.177052
fp32,0.998324,1.000000,-0.182743
fp32,0.998660,1.000000,-0.193862
fp32,0.998995,1.000000,-0.195677
fp32,0.999330,1.000000,-0.196635
fp32,0.999665,1.000000,-0.202256
fp32,1.000000,1.000000,-0.208086
int8pt,0.000000,0.000335,0.948054
int8pt,0.000000,0.000671,0.909581
int8pt,0.000000,0.001006,0.908952
int8pt,0.000000,0.001342,0.899172
int8pt,0.000000,0.001677,0.898519
int8pt,0.000000,0.002013,0.890541
int8pt,0.000000,0.002348,0.882335
int8pt,0.000000,0.002684,0.880174
int8pt,0.000000,0.003019,0.877579
int8pt,0.000000,0.003355,0.874011
int8pt,0.000000,0.003690,0.873045
int8pt,0.000000,0.004025,0.871015
int8pt,0.000000,0.004361,0.867462
int8pt,0.000000,0.004696,0.865603
int8pt,0.000000,0.005032,0.865560
int8pt,0.000000,0.005367,0.864107
int8pt,0.000000,0.005703,0.863989
int8pt,0.000000,0.006038,0.862846
int8pt,0.000000,0.006374,0.862447
int8pt,0.000000,0.006709,0.861367
int8pt,0.000000,0.007045,0.860077
int8pt,0.000000,0.007380,0.849990
int8pt,0.000000,0.007716,0.848827
int8pt,0.000000,0.008051,0.848693
int8pt,0.000000,0.008386,0.844768
int8pt,0.000000,0.008722,0.843321
int8pt,0.000000,0.009057,0.841226
int8pt,0.000000,0.009393,0.839986
int8pt,0.000000,0.009728,0.838682
int8pt,0.000000,0.010064,0.837436
int8pt,0.000000,0.010399,0.837073
int8pt,0.000000,0.010735,0.835833
int8pt,0.000000,0.011070,0.835550
int8pt,0.000000,0.011406,0.834713
int8pt,0.000000,0.011741,0.833988
int8pt,0.000000,0.012076,0.833141
int8pt,0.000000,0.012412,0.831873
int8pt,0.000000,0.012747,0.831468
int8pt,0.000000,0.013083,0.829976
int8pt,0.000000,0.013418,0.829103
int8pt,0.000000,0.013754,0.829045
int8pt,0.000000,0.014089,0.828704
int8pt,0.000000,0.014425,0.827355
int8pt,0.000000,0.014760,0.826830
int8pt,0.000000,0.015096,0.824817
int8pt,0.000000,0.015431,0.823367
int8pt,0.000000,0.015767,0.822334
int8pt,0.000000,0.016102,0.821736
int8pt,0.000000,0.016437,0.821500
int8pt,0.000000,0.016773,0.821383
int8pt,0.000000,0.017108,0.821075
int8pt,0.000000,0.017444,0.820381
int8pt,0.000000,0.017779,0.819553
int8pt,0.000000,0.018115,0.817351
int8pt,0.000000,0.018450,0.816575
int8pt,0.000000,0.018786,0.815547
int8pt,0.000000,0.019121,0.815122
int8pt,0.000000,0.019457,0.814492
int8pt,0.000000,0.019792,0.813952
int8pt,0.000000,0.020127,0.813500
int8pt,0.000000,0.020463,0.812321
int8pt,0.000000,0.020798,0.810807
int8pt,0.000000,0.021134,0.808977
int8pt,0.000000,0.021469,0.807894
int8pt,0.000000,0.021805,0.807264
int8pt,0.000000,0.022140,0.806666
int8pt,0.000000,0.022476,0.806216
int8pt,0.000000,0.022811,0.805610
int8pt,0.000000,0.023147,0.805517
int8pt,0.000000,0.023482,0.803221
int8pt,0.000000,0.023818,0.802997
int8pt,0.000000,0.024153,0.801972
int8pt,0.000000,0.024488,0.801706
int8pt,0.000000,0.024824,0.801076
int8pt,0.000000,0.025159,0.800274
int8pt,0.000000,0.025495,0.799930
int8pt,0.000000,0.025830,0.798958
int8pt,0.000000,0.026166,0.798282
int8pt,0.000000,0.026501,0.798028
int8pt,0.000000,0.026837,0.797640
int8pt,0.000000,0.027172,0.795746
int8pt,0.000000,0.027508,0.795194
int8pt,0.000000,0.027843,0.793920
int8pt,0.000000,0.028178,0.793834
int8pt,0.000000,0.028514,0.793826
int8pt,0.000000,0.028849,0.793305
int8pt,0.000000,0.029185,0.792954
int8pt,0.000000,0.029520,0.792316
int8pt,0.000000,0.029856,0.792250
int8pt,0.000000,0.030191,0.791818
int8pt,0.000000,0.030527,0.791248
int8pt,0.000000,0.030862,0.790992
int8pt,0.000000,0.031198,0.790987
int8pt,0.000000,0.031533,0.790914
int8pt,0.000000,0.031869,0.790807
int8pt,0.000000,0.032204,0.790710
int8pt,0.000000,0.032539,0.790334
int8pt,0.000000,0.032875,0.790230
int8pt,0.000000,0.033210,0.787616
int8pt,0.000000,0.033546,0.787187
int8pt,0.000000,0.033881,0.787107
int8pt,0.000000,0.034217,0.786777
int8pt,0.000000,0.034552,0.786136
int8pt,0.000000,0.034888,0.785023
int8pt,0.000000,0.035223,0.783966
int8pt,0.000000,0.035559,0.783921
int8pt,0.000000,0.035894,0.783749
int8pt,0.000000,0.036229,0.783302
int8pt,0.000000,0.036565,0.783297
int8pt,0.000000,0.036900,0.783099
int8pt,0.000000,0.037236,0.782404
int8pt,0.000000,0.037571,0.781833
int8pt,0.000000,0.037907,0.781623
int8pt,0.000000,0.038242,0.781524
int8pt,0.000000,0.038578,0.780729
int8pt,0.000000,0.038913,0.780370
int8pt,0.000000,0.039249,0.780111
int8pt,0.000000,0.039584,0.780059
int8pt,0.000000,0.039919,0.780017
int8pt,0.000000,0.040255,0.779918
int8pt,0.000000,0.040590,0.779817
int8pt,0.000000,0.040926,0.779202
int8pt,0.000000,0.041261,0.778717
int8pt,0.000000,0.041597,0.777932
int8pt,0.000000,0.041932,0.777558
int8pt,0.000000,0.042268,0.777293
int8pt,0.000000,0.042603,0.776507
int8pt,0.000000,0.042939,0.776379
int8pt,0.000000,0.043274,0.775977
int8pt,0.000000,0.043610,0.775928
int8pt,0.000000,0.043945,0.775394
int8pt,0.000000,0.044280,0.775216
int8pt,0.000000,0.044616,0.775173
int8pt,0.000000,0.044951,0.773697
int8pt,0.000000,0.045287,0.773379
int8pt,0.000000,0.045622,0.773326
int8pt,0.000000,0.045958,0.772949
int8pt,0.000000,0.046293,0.772149
int8pt,0.000000,0.046629,0.772072
int8pt,0.000000,0.046964,0.771634
int8pt,0.000000,0.047300,0.771482
int8pt,0.000000,0.047635,0.771293
int8pt,0.000000,0.047970,0.771250
int8pt,0.000000,0.048306,0.770606
int8pt,0.000000,0.048641,0.770138
int8pt,0.000000,0.048977,0.769241
int8pt,0.000000,0.049312,0.769021
int8pt,0.000000,0.049648,0.768808
int8pt,0.000000,0.049983,0.768630
int8pt,0.000000,0.050319,0.768072
int8pt,0.000000,0.050654,0.767899
int8pt,0.000000,0.050990,0.767455
int8pt,0.000000,0.051325,0.767055
int8pt,0.000000,0.051661,0.766793
int8pt,0.000000,0.051996,0.766765
int8pt,0.000000,0.052331,0.766749
int8pt,0.000000,0.052667,0.765995
int8pt,0.000000,0.053002,0.764744
int8pt,0.000000,0.053338,0.764700
int8pt,0.000000,0.053673,0.764595
int8pt,0.000000,0.054009,0.764410
int8pt,0.000000,0.054344,0.764397
int8pt,0.000000,0.054680,0.764396
int8pt,0.000000,0.055015,0.763809
int8pt,0.000000,0.055351,0.763514
int8pt,0.000000,0.055686,0.763489
int8pt,0.000000,0.056021,0.763359
int8pt,0.000000,0.056357,0.763284
int8pt,0.000000,0.056692,0.763206
int8pt,0.000000,0.057028,0.762745
int8pt,0.000000,0.057363,0.762651
int8pt,0.000000,0.057699,0.762168
int8pt,0.000000,0.058034,0.761811
int8pt,0.000000,0.058370,0.761510
int8pt,0.000000,0.058705,0.761464
int8pt,0.000000,0.059041,0.761212
int8pt,0.000000,0.059376,0.761173
int8pt,0.000000,0.059712,0.760830
int8pt,0.000000,0.060047,0.760759
int8pt,0.000000,0.060382,0.760745
int8pt,0.000000,0.060718,0.760545
int8pt,0.000000,0.061053,0.760171
int8pt,0.000000,0.061389,0.759930
int8pt,0.000000,0.061724,0.759154
int8pt,0.000000,0.062060,0.759028
int8pt,0.000000,0.062395,0.758974
int8pt,0.000000,0.062731,0.758798
int8pt,0.000000,0.063066,0.758640
int8pt,0.000000,0.063402,0.758547
int8pt,0.000000,0.063737,0.758279
int8pt,0.000000,0.064072,0.758146
int8pt,0.000000,0.064408,0.758000
int8pt,0.000000,0.064743,0.757694
int8pt,0.000000,0.065079,0.757609
int8pt,0.000000,0.065414,0.757464
int8pt,0.000000,0.065750,0.756555
int8pt,0.000000,0.066085,0.755951
int8pt,0.000000,0.066421,0.755929
int8pt,0.000000,0.066756,0.755858
int8pt,0.000000,0.067092,0.755654
int8pt,0.000000,0.067427,0.755501
int8pt,0.000000,0.067762,0.754472
int8pt,0.000000,0.068098,0.754462
int8pt,0.000000,0.068433,0.754190
int8pt,0.000000,0.068769,0.754143
int8pt,0.000000,0.069104,0.754115
int8pt,0.000000,0.069440,0.754072
int8pt,0.000000,0.069775,0.753947
int8pt,0.000000,0.070111,0.753726
int8pt,0.000000,0.070446,0.753630
int8pt,0.000000,0.070782,0.752819
int8pt,0.000000,0.071117,0.752702
int8pt,0.000000,0.071453,0.752554
int8pt,0.000000,0.071788,0.751736
int8pt,0.000000,0.072123,0.751596
int8pt,0.000000,0.072459,0.751532
int8pt,0.000000,0.072794,0.751156
int8pt,0.000000,0.073130,0.750695
int8pt,0.000000,0.073465,0.750156
int8pt,0.000000,0.073801,0.749766
int8pt,0.000000,0.074136,0.749632
int8pt,0.000000,0.074472,0.749579
int8pt,0.000000,0.074807,0.749556
int8pt,0.000000,0.075143,0.749513
int8pt,0.000000,0.075478,0.749316
int8pt,0.000000,0.075813,0.749239
int8pt,0.000000,0.076149,0.748938
int8pt,0.000000,0.076484,0.748703
int8pt,0.000000,0.076820,0.748585
int8pt,0.000000,0.077155,0.747671
int8pt,0.000000,0.077491,0.747359
int8pt,0.000000,0.077826,0.747020
int8pt,0.000000,0.078162,0.747013
int8pt,0.000000,0.078497,0.746665
int8pt,0.000000,0.078833,0.746552
int8pt,0.000000,0.079168,0.746325
int8pt,0.000000,0.079504,0.746311
int8pt,0.000000,0.079839,0.745897
int8pt,0.000000,0.080174,0.745853
int8pt,0.000000,0.080510,0.745645
int8pt,0.000000,0.080845,0.745491
int8pt,0.000000,0.081181,0.745317
int8pt,0.000000,0.081516,0.745249
int8pt,0.000000,0.081852,0.744879
int8pt,0.000000,0.082187,0.744357
int8pt,0.000000,0.082523,0.743614
int8pt,0.000000,0.082858,0.743528
int8pt,0.000000,0.083194,0.743345
int8pt,0.000000,0.083529,0.742943
int8pt,0.000000,0.083864,0.742900
int8pt,0.000000,0.084200,0.742555
int8pt,0.000000,0.084535,0.742238
int8pt,0.000000,0.084871,0.742128
int8pt,0.000000,0.085206,0.742113
int8pt,0.000000,0.085542,0.741676
int8pt,0.000000,0.085877,0.741556
int8pt,0.000000,0.086213,0.741499
int8pt,0.000000,0.086548,0.741440
int8pt,0.000000,0.086884,0.741412
int8pt,0.000000,0.087219,0.741308
int8pt,0.000000,0.087555,0.740735
int8pt,0.000000,0.087890,0.740401
int8pt,0.000000,0.088225,0.740366
int8pt,0.000000,0.088561,0.740137
int8pt,0.000000,0.088896,0.740118
int8pt,0.000000,0.089232,0.740098
int8pt,0.000000,0.089567,0.739964
int8pt,0.000000,0.089903,0.739433
int8pt,0.000000,0.090238,0.739034
int8pt,0.000000,0.090574,0.738644
int8pt,0.000000,0.090909,0.738354
int8pt,0.000000,0.091245,0.737973
int8pt,0.000000,0.091915,0.737740
int8pt,0.000000,0.092251,0.737211
int8pt,0.000000,0.092586,0.737100
int8pt,0.000000,0.092922,0.736876
int8pt,0.000000,0.093257,0.736660
int8pt,0.000000,0.093593,0.736485
int8pt,0.000000,0.093928,0.736250
int8pt,0.000000,0.094264,0.736022
int8pt,0.000000,0.094599,0.735945
int8pt,0.000000,0.094935,0.735942
int8pt,0.000000,0.095270,0.735389
int8pt,0.000000,0.095606,0.734947
int8pt,0.000000,0.095941,0.734759
int8pt,0.000000,0.096276,0.734341
int8pt,0.000000,0.096612,0.734029
int8pt,0.000000,0.096947,0.733844
int8pt,0.000000,0.097283,0.733840
int8pt,0.000000,0.097618,0.733602
int8pt,0.000000,0.097954,0.733555
int8pt,0.000000,0.098289,0.733427
int8pt,0.000000,0.098625,0.733401
int8pt,0.000000,0.098960,0.733390
int8pt,0.000000,0.099296,0.732734
int8pt,0.000000,0.099631,0.732681
int8pt,0.000000,0.099966,0.732440
int8pt,0.000000,0.100302,0.732108
int8pt,0.000000,0.100637,0.731829
int8pt,0.000000,0.100973,0.731803
int8pt,0.000000,0.101308,0.731153
int8pt,0.000000,0.101644,0.730589
int8pt,0.000000,0.101979,0.730326
int8pt,0.000000,0.102315,0.730231
int8pt,0.000000,0.102650,0.729973
int8pt,0.000000,0.102986,0.729848
int8pt,0.000000,0.103321,0.729730
int8pt,0.000000,0.103656,0.729475
int8pt,0.000000,0.103992,0.729068
int8pt,0.000000,0.104327,0.728859
int8pt,0.000000,0.104663,0.728821
int8pt,0.000000,0.104998,0.728635
int8pt,0.000000,0.105334,0.728203
int8pt,0.000000,0.105669,0.728064
int8pt,0.000000,0.106005,0.727945
int8pt,0.000000,0.106340,0.727515
int8pt,0.000000,0.106676,0.727249
int8pt,0.000000,0.107011,0.727234
int8pt,0.000000,0.107347,0.727133
int8pt,0.000000,0.107682,0.726754
int8pt,0.000000,0.108017,0.726359
int8pt,0.000000,0.108353,0.725747
int8pt,0.000000,0.108688,0.725217
int8pt,0.000000,0.109024,0.724956
int8pt,0.000000,0.109359,0.724642
int8pt,0.000000,0.109695,0.724531
int8pt,0.000000,0.110030,0.724018
int8pt,0.000000,0.110366,0.723743
int8pt,0.000000,0.110701,0.723678
int8pt,0.000000,0.111037,0.723118
int8pt,0.000000,0.111372,0.722891
int8pt,0.000000,0.111707,0.722828
int8pt,0.000000,0.112043,0.722825
int8pt,0.000000,0.112378,0.722637
int8pt,0.000000,0.112714,0.722611
int8pt,0.000000,0.113049,0.722610
int8pt,0.000000,0.113385,0.722384
int8pt,0.000000,0.113720,0.722287
int8pt,0.000000,0.114056,0.722088
int8pt,0.000000,0.114391,0.721979
int8pt,0.000000,0.114727,0.721926
int8pt,0.000000,0.115062,0.721757
int8pt,0.000000,0.115398,0.721144
int8pt,0.000000,0.115733,0.720843
int8pt,0.000000,0.116068,0.720720
int8pt,0.000000,0.116404,0.720635
int8pt,0.000000,0.116739,0.720611
int8pt,0.000000,0.117075,0.720497
int8pt,0.000000,0.117410,0.720471
int8pt,0.000000,0.117746,0.720347
int8pt,0.000000,0.118081,0.720083
int8pt,0.000000,0.118417,0.720035
int8pt,0.000000,0.118752,0.719852
int8pt,0.000000,0.119088,0.719374
int8pt,0.000000,0.119423,0.719188
int8pt,0.000000,0.119758,0.718908
int8pt,0.000000,0.120094,0.718884
int8pt,0.000000,0.120429,0.718631
int8pt,0.000000,0.120765,0.718493
int8pt,0.000000,0.121100,0.717997
int8pt,0.000000,0.121436,0.717630
int8pt,0.000000,0.121771,0.717558
int8pt,0.000000,0.122107,0.717520
int8pt,0.000000,0.122442,0.717327
int8pt,0.000000,0.122778,0.717308
int8pt,0.000000,0.123113,0.717304
int8pt,0.000000,0.123449,0.717173
int8pt,0.000000,0.123784,0.717085
int8pt,0.000000,0.124119,0.717080
int8pt,0.000000,0.124455,0.717032
int8pt,0.000000,0.124790,0.716788
int8pt,0.000000,0.125126,0.716698
int8pt,0.000000,0.125461,0.716022
int8pt,0.000000,0.125797,0.715960
int8pt,0.000000,0.126132,0.715901
int8pt,0.000000,0.126468,0.715780
int8pt,0.000000,0.126803,0.715554
int8pt,0.000000,0.127139,0.715163
int8pt,0.000000,0.127474,0.715109
int8pt,0.000000,0.127809,0.715062
int8pt,0.000000,0.128145,0.714825
int8pt,0.000000,0.128480,0.714646
int8pt,0.000000,0.128816,0.714539
int8pt,0.000000,0.129151,0.714462
int8pt,0.000000,0.129487,0.714354
int8pt,0.000000,0.129822,0.714245
int8pt,0.000000,0.130158,0.714205
int8pt,0.000000,0.130493,0.713790
int8pt,0.000000,0.130829,0.713684
int8pt,0.000000,0.131164,0.713462
int8pt,0.000000,0.131499,0.713344
int8pt,0.000000,0.131835,0.713119
int8pt,0.000000,0.132170,0.712773
int8pt,0.000000,0.132506,0.712660
int8pt,0.000000,0.132841,0.712096
int8pt,0.000000,0.133177,0.711876
int8pt,0.000000,0.133512,0.711841
int8pt,0.000000,0.133848,0.711834
int8pt,0.000000,0.134183,0.711686
int8pt,0.000000,0.134519,0.711449
int8pt,0.000000,0.134854,0.711320
int8pt,0.000000,0.135190,0.711186
int8pt,0.000000,0.135525,0.711032
int8pt,0.000000,0.135860,0.710775
int8pt,0.000000,0.136196,0.710617
int8pt,0.000000,0.136531,0.710571
int8pt,0.000000,0.136867,0.710565
int8pt,0.000000,0.137202,0.710526
int8pt,0.000000,0.137538,0.710501
int8pt,0.000000,0.137873,0.709960
int8pt,0.000000,0.138209,0.709939
int8pt,0.000000,0.138544,0.709936
int8pt,0.000000,0.138880,0.709923
int8pt,0.000000,0.139215,0.709705
int8pt,0.000000,0.139550,0.709440
int8pt,0.000000,0.139886,0.709418
int8pt,0.000000,0.140221,0.709325
int8pt,0.000000,0.140557,0.709182
int8pt,0.000000,0.140892,0.709178
int8pt,0.000000,0.141228,0.709148
int8pt,0.000000,0.141563,0.709008
int8pt,0.000000,0.141899,0.708911
int8pt,0.000000,0.142234,0.708803
int8pt,0.000000,0.142570,0.708592
int8pt,0.000000,0.142905,0.708527
int8pt,0.000000,0.143241,0.708257
int8pt,0.000000,0.143576,0.707859
int8pt,0.000000,0.143911,0.707698
int8pt,0.000000,0.144247,0.707613
int8pt,0.000000,0.144582,0.707601
int8pt,0.000000,0.144918,0.707321
int8pt,0.000000,0.145253,0.707008
int8pt,0.000000,0.145589,0.706704
int8pt,0.000000,0.145924,0.706660
int8pt,0.000000,0.146260,0.706475
int8pt,0.000000,0.146595,0.706438
int8pt,0.000000,0.146931,0.706390
int8pt,0.000000,0.147266,0.706221
int8pt,0.000000,0.147601,0.706102
int8pt,0.000000,0.147937,0.705901
int8pt,0.000000,0.148272,0.705387
int8pt,0.000000,0.148608,0.705193
int8pt,0.000000,0.148943,0.705116
int8pt,0.000000,0.149279,0.704926
int8pt,0.000000,0.149614,0.704728
int8pt,0.000000,0.149950,0.704516
int8pt,0.000000,0.150285,0.704398
int8pt,0.000000,0.150621,0.704393
int8pt,0.000000,0.150956,0.704389
int8pt,0.000000,0.151292,0.704294
int8pt,0.000000,0.151627,0.704279
int8pt,0.000000,0.151962,0.704197
int8pt,0.000000,0.152298,0.704033
int8pt,0.000000,0.152633,0.703857
int8pt,0.000000,0.152969,0.703527
int8pt,0.000000,0.153304,0.703382
int8pt,0.000000,0.153640,0.703183
int8pt,0.000000,0.153975,0.703058
int8pt,0.000000,0.154311,0.703017
int8pt,0.000000,0.154646,0.702580
int8pt,0.000000,0.154982,0.702388
int8pt,0.000000,0.155317,0.702367
int8pt,0.000000,0.155652,0.702128
int8pt,0.000000,0.155988,0.702096
int8pt,0.000000,0.156323,0.702083
int8pt,0.000000,0.156659,0.701600
int8pt,0.000000,0.156994,0.701568
int8pt,0.000000,0.157330,0.701355
int8pt,0.000000,0.157665,0.701204
int8pt,0.000000,0.158001,0.700819
int8pt,0.000000,0.158336,0.700803
int8pt,0.000000,0.158672,0.700800
int8pt,0.000000,0.159007,0.700800
int8pt,0.000000,0.159343,0.700796
int8pt,0.000000,0.159678,0.700789
int8pt,0.000000,0.160013,0.700754
int8pt,0.000000,0.160349,0.700626
int8pt,0.000000,0.160684,0.700615
int8pt,0.000000,0.161020,0.699950
int8pt,0.000000,0.161355,0.699828
int8pt,0.000000,0.161691,0.699779
int8pt,0.000000,0.162026,0.699601
int8pt,0.000000,0.162362,0.698906
int8pt,0.000000,0.162697,0.698764
int8pt,0.000000,0.163033,0.698537
int8pt,0.000000,0.163368,0.698503
int8pt,0.000000,0.163703,0.698085
int8pt,0.000000,0.164039,0.697957
int8pt,0.000000,0.164374,0.697709
int8pt,0.000000,0.164710,0.697520
int8pt,0.000000,0.165045,0.697407
int8pt,0.000000,0.165381,0.697331
int8pt,0.000000,0.165716,0.697190
int8pt,0.000000,0.166052,0.697073
int8pt,0.000000,0.166387,0.696937
int8pt,0.000000,0.166723,0.696777
int8pt,0.000000,0.167058,0.696650
int8pt,0.000000,0.167393,0.696384
int8pt,0.000000,0.167729,0.696324
int8pt,0.000000,0.168064,0.696265
int8pt,0.000000,0.168400,0.695976
int8pt,0.000000,0.168735,0.695753
int8pt,0.000000,0.169071,0.695713
int8pt,0.000000,0.169406,0.695658
int8pt,0.000000,0.169742,0.695604
int8pt,0.000000,0.170077,0.695538
int8pt,0.000000,0.170413,0.695527
int8pt,0.000000,0.170748,0.695084
int8pt,0.000000,0.171084,0.694953
int8pt,0.000000,0.171419,0.694920
int8pt,0.000000,0.171754,0.694893
int8pt,0.000000,0.172090,0.694824
int8pt,0.000000,0.172425,0.694824
int8pt,0.000000,0.172761,0.694791
int8pt,0.000000,0.173096,0.694637
int8pt,0.000000,0.173432,0.694594
int8pt,0.000000,0.173767,0.694106
int8pt,0.000000,0.174103,0.693916
int8pt,0.000000,0.174438,0.693819
int8pt,0.000000,0.174774,0.693607
int8pt,0.000000,0.175109,0.693574
int8pt,0.000000,0.175444,0.693558
int8pt,0.000000,0.175780,0.693497
int8pt,0.000000,0.176115,0.693253
int8pt,0.000000,0.176451,0.693142
int8pt,0.000000,0.176786,0.693119
int8pt,0.000000,0.177122,0.692951
int8pt,0.000000,0.177457,0.692581
int8pt,0.000000,0.177793,0.692455
int8pt,0.000000,0.178128,0.692418
int8pt,0.000000,0.178464,0.692293
int8pt,0.000000,0.178799,0.691962
int8pt,0.000000,0.179135,0.690867
int8pt,0.000000,0.179470,0.690307
int8pt,0.000000,0.179805,0.690208
int8pt,0.000000,0.180141,0.689850
int8pt,0.000000,0.180476,0.689726
int8pt,0.000000,0.180812,0.689630
int8pt,0.000000,0.181147,0.689610
int8pt,0.000000,0.181483,0.689442
int8pt,0.000000,0.181818,0.689356
int8pt,0.000000,0.182154,0.689028
int8pt,0.000000,0.182489,0.688840
int8pt,0.000000,0.182825,0.688662
int8pt,0.000000,0.183160,0.688423
int8pt,0.000000,0.183495,0.688377
int8pt,0.000000,0.183831,0.688359
int8pt,0.000000,0.184166,0.688213
int8pt,0.000000,0.184502,0.688029
int8pt,0.000000,0.184837,0.687913
int8pt,0.000000,0.185173,0.687873
int8pt,0.000000,0.185508,0.687773
int8pt,0.000000,0.185844,0.687557
int8pt,0.000000,0.186179,0.687309
int8pt,0.000000,0.186515,0.687265
int8pt,0.000000,0.186850,0.687170
int8pt,0.000000,0.187186,0.687149
int8pt,0.000000,0.187521,0.687109
int8pt,0.000000,0.187856,0.687073
int8pt,0.000000,0.188192,0.686906
int8pt,0.000000,0.188527,0.686805
int8pt,0.000000,0.188863,0.686773
int8pt,0.000000,0.189198,0.686643
int8pt,0.000000,0.189534,0.686596
int8pt,0.000000,0.189869,0.686542
int8pt,0.000000,0.190205,0.686493
int8pt,0.000000,0.190540,0.686460
int8pt,0.000000,0.190876,0.686401
int8pt,0.000000,0.191211,0.686265
int8pt,0.000000,0.191546,0.686251
int8pt,0.000000,0.191882,0.686204
int8pt,0.000000,0.192217,0.686113
int8pt,0.000000,0.192553,0.685721
int8pt,0.000000,0.192888,0.685711
int8pt,0.000000,0.193224,0.685656
int8pt,0.000000,0.193559,0.685580
int8pt,0.000000,0.193895,0.685346
int8pt,0.000000,0.194230,0.685188
int8pt,0.000000,0.194566,0.684821
int8pt,0.000000,0.194901,0.684698
int8pt,0.000000,0.195236,0.684271
int8pt,0.000000,0.195572,0.684209
int8pt,0.000000,0.195907,0.684052
int8pt,0.000000,0.196243,0.684036
int8pt,0.000000,0.196578,0.684010
int8pt,0.000000,0.196914,0.684005
int8pt,0.000000,0.197249,0.683885
int8pt,0.000000,0.197585,0.683879
int8pt,0.000000,0.197920,0.683780
int8pt,0.000000,0.198256,0.683685
int8pt,0.000000,0.198591,0.683455
int8pt,0.000000,0.198927,0.683222
int8pt,0.000000,0.199262,0.683091
int8pt,0.000000,0.199597,0.682816
int8pt,0.000000,0.199933,0.682734
int8pt,0.000000,0.200268,0.682629
int8pt,0.000000,0.200604,0.682607
int8pt,0.000000,0.200939,0.682537
int8pt,0.000000,0.201275,0.682411
int8pt,0.000000,0.201610,0.682393
int8pt,0.000000,0.201946,0.682389
int8pt,0.000000,0.202281,0.681986
int8pt,0.000000,0.202617,0.681628
int8pt,0.000000,0.202952,0.681239
int8pt,0.000000,0.203287,0.681213
int8pt,0.000000,0.203623,0.681180
int8pt,0.000000,0.203958,0.681162
int8pt,0.000000,0.204294,0.681082
int8pt,0.000000,0.204629,0.681012
int8pt,0.000000,0.204965,0.680947
int8pt,0.000000,0.205300,0.680850
int8pt,0.000000,0.205636,0.680776
int8pt,0.000000,0.205971,0.680557
int8pt,0.000000,0.206307,0.680352
int8pt,0.000000,0.206642,0.680059
int8pt,0.000000,0.206978,0.679646
int8pt,0.000000,0.207313,0.679490
int8pt,0.000000,0.207648,0.679258
int8pt,0.000000,0.207984,0.679199
int8pt,0.000000,0.208319,0.679176
int8pt,0.000000,0.208655,0.679111
int8pt,0.000000,0.208990,0.679012
int8pt,0.000000,0.209326,0.678975
int8pt,0.000000,0.209661,0.678849
int8pt,0.000000,0.209997,0.678847
int8pt,0.000000,0.210332,0.678812
int8pt,0.000000,0.210668,0.678801
int8pt,0.000000,0.211003,0.678694
int8pt,0.000000,0.211338,0.678421
int8pt,0.000000,0.211674,0.678400
int8pt,0.000000,0.212009,0.678356
int8pt,0.000000,0.212345,0.678279
int8pt,0.000000,0.212680,0.678224
int8pt,0.000000,0.213016,0.677879
int8pt,0.000000,0.213351,0.677839
int8pt,0.000000,0.213687,0.677609
int8pt,0.000000,0.214022,0.677581
int8pt,0.000000,0.214358,0.677492
int8pt,0.000000,0.214693,0.677461
int8pt,0.000000,0.215029,0.677426
int8pt,0.000000,0.215364,0.677349
int8pt,0.000000,0.215699,0.677238
int8pt,0.000000,0.216035,0.677178
int8pt,0.000000,0.216370,0.677175
int8pt,0.000000,0.216706,0.677114
int8pt,0.000000,0.217041,0.677074
int8pt,0.000000,0.217377,0.676913
int8pt,0.000000,0.217712,0.676893
int8pt,0.000000,0.218048,0.676872
int8pt,0.000000,0.218383,0.676814
int8pt,0.000000,0.218719,0.676734
int8pt,0.000000,0.219054,0.676713
int8pt,0.000000,0.219389,0.676415
int8pt,0.000000,0.219725,0.676308
int8pt,0.000000,0.220060,0.676270
int8pt,0.000000,0.220396,0.675954
int8pt,0.000000,0.220731,0.675772
int8pt,0.000000,0.221067,0.675533
int8pt,0.000000,0.221402,0.675249
int8pt,0.000000,0.221738,0.675246
int8pt,0.000000,0.222073,0.675214
int8pt,0.000000,0.222409,0.675072
int8pt,0.000000,0.222744,0.674890
int8pt,0.000000,0.223080,0.674667
int8pt,0.000000,0.223415,0.674375
int8pt,0.000000,0.223750,0.674346
int8pt,0.000000,0.224086,0.673977
int8pt,0.000000,0.224421,0.673955
int8pt,0.000000,0.224757,0.673860
int8pt,0.000000,0.225092,0.673828
int8pt,0.000000,0.225428,0.673742
int8pt,0.000000,0.225763,0.673430
int8pt,0.000000,0.226099,0.673399
int8pt,0.000000,0.226434,0.673354
int8pt,0.000000,0.226770,0.672795
int8pt,0.000000,0.227105,0.672754
int8pt,0.000000,0.227440,0.672741
int8pt,0.000000,0.227776,0.672635
int8pt,0.000000,0.228111,0.672281
int8pt,0.000000,0.228447,0.672250
int8pt,0.000000,0.228782,0.672234
int8pt,0.000000,0.229118,0.672122
int8pt,0.000000,0.229453,0.671964
int8pt,0.000000,0.229789,0.671923
int8pt,0.000000,0.230124,0.671314
int8pt,0.000000,0.230460,0.671298
int8pt,0.000000,0.230795,0.671192
int8pt,0.000000,0.231130,0.671152
int8pt,0.000000,0.231466,0.671143
int8pt,0.000000,0.231801,0.670820
int8pt,0.000000,0.232137,0.670712
int8pt,0.000000,0.232472,0.670650
int8pt,0.000000,0.232808,0.670617
int8pt,0.000000,0.233143,0.670477
int8pt,0.000000,0.233479,0.670426
int8pt,0.000000,0.233814,0.670322
int8pt,0.000000,0.234150,0.670241
int8pt,0.000000,0.234485,0.670076
int8pt,0.000000,0.234821,0.669981
int8pt,0.000000,0.235156,0.669969
int8pt,0.000000,0.235491,0.669907
int8pt,0.000000,0.235827,0.669795
int8pt,0.000000,0.236162,0.669762
int8pt,0.000000,0.236498,0.669589
int8pt,0.000000,0.236833,0.669576
int8pt,0.000000,0.237169,0.669562
int8pt,0.000000,0.237504,0.669497
int8pt,0.000000,0.237840,0.669299
int8pt,0.000000,0.238175,0.669160
int8pt,0.000000,0.238511,0.669090
int8pt,0.000000,0.238846,0.669089
int8pt,0.000000,0.239181,0.669012
int8pt,0.000000,0.239517,0.668988
int8pt,0.000000,0.239852,0.668779
int8pt,0.000000,0.240188,0.668777
int8pt,0.000000,0.240523,0.668757
int8pt,0.000000,0.240859,0.668691
int8pt,0.000000,0.241194,0.668650
int8pt,0.000000,0.241530,0.668556
int8pt,0.000000,0.241865,0.668378
int8pt,0.000000,0.242201,0.668312
int8pt,0.000000,0.242536,0.668226
int8pt,0.000000,0.242872,0.668224
int8pt,0.000000,0.243207,0.668199
int8pt,0.000000,0.243542,0.668087
int8pt,0.000000,0.243878,0.668057
int8pt,0.000000,0.244213,0.668009
int8pt,0.000000,0.244549,0.667963
int8pt,0.000000,0.244884,0.667957
int8pt,0.000000,0.245220,0.667774
int8pt,0.000000,0.245555,0.667640
int8pt,0.000000,0.245891,0.667507
int8pt,0.000000,0.246226,0.667503
int8pt,0.000000,0.246562,0.667457
int8pt,0.000000,0.246897,0.667166
int8pt,0.000000,0.247232,0.667084
int8pt,0.000000,0.247568,0.666978
int8pt,0.000000,0.247903,0.666588
int8pt,0.000000,0.248239,0.666493
int8pt,0.000000,0.248574,0.666449
int8pt,0.000000,0.248910,0.666318
int8pt,0.000000,0.249245,0.666209
int8pt,0.000000,0.249581,0.665928
int8pt,0.000000,0.249916,0.665920
int8pt,0.000000,0.250252,0.665759
int8pt,0.000000,0.250587,0.665680
int8pt,0.000000,0.250923,0.665657
int8pt,0.000000,0.251258,0.665560
int8pt,0.000000,0.251593,0.665495
int8pt,0.000000,0.251929,0.665270
int8pt,0.000000,0.252264,0.665207
int8pt,0.000000,0.252600,0.665027
int8pt,0.000000,0.252935,0.664996
int8pt,0.000000,0.253271,0.664993
int8pt,0.000000,0.253606,0.664966
int8pt,0.000000,0.253942,0.664587
int8pt,0.000000,0.254277,0.664567
int8pt,0.000000,0.254613,0.664508
int8pt,0.000000,0.254948,0.664408
int8pt,0.000000,0.255283,0.663995
int8pt,0.000000,0.255619,0.663922
int8pt,0.000000,0.255954,0.663803
int8pt,0.000000,0.256290,0.663573
int8pt,0.000000,0.256625,0.663469
int8pt,0.000000,0.256961,0.663428
int8pt,0.000000,0.257296,0.663368
int8pt,0.000000,0.257632,0.663273
int8pt,0.000000,0.257967,0.663192
int8pt,0.000000,0.258303,0.662970
int8pt,0.000000,0.258638,0.662780
int8pt,0.000000,0.258973,0.662535
int8pt,0.000000,0.259309,0.662476
int8pt,0.000000,0.259644,0.662387
int8pt,0.000000,0.259980,0.662281
int8pt,0.000000,0.260315,0.662171
int8pt,0.000000,0.260651,0.662073
int8pt,0.000000,0.260986,0.662070
int8pt,0.000000,0.261322,0.661944
int8pt,0.000000,0.261657,0.661905
int8pt,0.000000,0.261993,0.661720
int8pt,0.000000,0.262328,0.661671
int8pt,0.000000,0.262664,0.661621
int8pt,0.000000,0.262999,0.661614
int8pt,0.000000,0.263334,0.661406
int8pt,0.000000,0.263670,0.661222
int8pt,0.000000,0.264005,0.660849
int8pt,0.000000,0.264341,0.660744
int8pt,0.000000,0.264676,0.660627
int8pt,0.000000,0.265012,0.660344
int8pt,0.000000,0.265347,0.660299
int8pt,0.000000,0.265683,0.660238
int8pt,0.000000,0.266018,0.660186
int8pt,0.000000,0.266354,0.660126
int8pt,0.000000,0.266689,0.659911
int8pt,0.000000,0.267024,0.659888
int8pt,0.000000,0.267360,0.659855
int8pt,0.000000,0.267695,0.659846
int8pt,0.000000,0.268031,0.659715
int8pt,0.000000,0.268366,0.659639
int8pt,0.000000,0.268702,0.659594
int8pt,0.000000,0.269037,0.659593
int8pt,0.000000,0.269373,0.659455
int8pt,0.000000,0.269708,0.659257
int8pt,0.000000,0.270044,0.659197
int8pt,0.000000,0.270379,0.658833
int8pt,0.000000,0.270715,0.658831
int8pt,0.000000,0.271050,0.658769
int8pt,0.000000,0.271385,0.658666
int8pt,0.000000,0.271721,0.658624
int8pt,0.000000,0.272056,0.658496
int8pt,0.000000,0.272392,0.658380
int8pt,0.000000,0.272727,0.658322
int8pt,0.000000,0.273063,0.658109
int8pt,0.000000,0.273398,0.658011
int8pt,0.000000,0.273734,0.657994
int8pt,0.000000,0.274069,0.657912
int8pt,0.000000,0.274405,0.657805
int8pt,0.000000,0.274740,0.657584
int8pt,0.000000,0.275075,0.657174
int8pt,0.000000,0.275411,0.657067
int8pt,0.000000,0.275746,0.657022
int8pt,0.000000,0.276082,0.656931
int8pt,0.000000,0.276417,0.656749
int8pt,0.000000,0.276753,0.656730
int8pt,0.000000,0.277088,0.656538
int8pt,0.000000,0.277424,0.656492
int8pt,0.000000,0.277759,0.656099
int8pt,0.000000,0.278095,0.656096
int8pt,0.000000,0.278430,0.656045
int8pt,0.000000,0.278766,0.655987
int8pt,0.000000,0.279101,0.655832
int8pt,0.000000,0.279436,0.655820
int8pt,0.000000,0.279772,0.655786
int8pt,0.000000,0.280107,0.655628
int8pt,0.000000,0.280443,0.655556
int8pt,0.000000,0.280778,0.655375
int8pt,0.000000,0.281114,0.655364
int8pt,0.000000,0.281449,0.655344
int8pt,0.000000,0.281785,0.655159
int8pt,0.000000,0.282120,0.654715
int8pt,0.000000,0.282456,0.654502
int8pt,0.000000,0.282791,0.654448
int8pt,0.000000,0.283126,0.654244
int8pt,0.000000,0.283462,0.653971
int8pt,0.000000,0.283797,0.653959
int8pt,0.000000,0.284133,0.653782
int8pt,0.000000,0.284468,0.653737
int8pt,0.000000,0.284804,0.653702
int8pt,0.000000,0.285139,0.653684
int8pt,0.000000,0.285475,0.653611
int8pt,0.000000,0.285810,0.653533
int8pt,0.000000,0.286146,0.653363
int8pt,0.000000,0.286481,0.653263
int8pt,0.000000,0.286817,0.653115
int8pt,0.000000,0.287152,0.653097
int8pt,0.000000,0.287487,0.653038
int8pt,0.000000,0.287823,0.652723
int8pt,0.000000,0.288158,0.652695
int8pt,0.000000,0.288494,0.652473
int8pt,0.000000,0.288829,0.652462
int8pt,0.000000,0.289165,0.652443
int8pt,0.000000,0.289500,0.652437
int8pt,0.000000,0.289836,0.652375
int8pt,0.000000,0.290171,0.652296
int8pt,0.000000,0.290507,0.652293
int8pt,0.000000,0.290842,0.651889
int8pt,0.000000,0.291177,0.651849
int8pt,0.000000,0.291513,0.651849
int8pt,0.000000,0.291848,0.651724
int8pt,0.000000,0.292184,0.651715
int8pt,0.000000,0.292519,0.651542
int8pt,0.000000,0.292855,0.651512
int8pt,0.000000,0.293190,0.651465
int8pt,0.000000,0.293526,0.651435
int8pt,0.000000,0.293861,0.651364
int8pt,0.000000,0.294197,0.651324
int8pt,0.000000,0.294532,0.651315
int8pt,0.000000,0.294867,0.651229
int8pt,0.000000,0.295203,0.651208
int8pt,0.000000,0.295538,0.651165
int8pt,0.000000,0.295874,0.650986
int8pt,0.000000,0.296209,0.650977
int8pt,0.000000,0.296545,0.650955
int8pt,0.000000,0.296880,0.650901
int8pt,0.000000,0.297216,0.650876
int8pt,0.000000,0.297551,0.650854
int8pt,0.000000,0.297887,0.650749
int8pt,0.000000,0.298222,0.650694
int8pt,0.000000,0.298558,0.650499
int8pt,0.000000,0.298893,0.650487
int8pt,0.000000,0.299228,0.650214
int8pt,0.000000,0.299564,0.650195
int8pt,0.000000,0.299899,0.650047
int8pt,0.000000,0.300235,0.649985
int8pt,0.000000,0.300570,0.649981
int8pt,0.000000,0.300906,0.649977
int8pt,0.000000,0.301241,0.649838
int8pt,0.000000,0.301577,0.649623
int8pt,0.000000,0.301912,0.649581
int8pt,0.000000,0.302248,0.649465
int8pt,0.000000,0.302583,0.649439
int8pt,0.000000,0.302918,0.649332
int8pt,0.000000,0.303254,0.649285
int8pt,0.000000,0.303589,0.649273
int8pt,0.000000,0.303925,0.649218
int8pt,0.000000,0.304260,0.649117
int8pt,0.000000,0.304596,0.648789
int8pt,0.000000,0.304931,0.648736
int8pt,0.000000,0.305267,0.648731
int8pt,0.000000,0.305602,0.648713
int8pt,0.000000,0.305938,0.648572
int8pt,0.000000,0.306273,0.648156
int8pt,0.000000,0.306609,0.647909
int8pt,0.000000,0.306944,0.647905
int8pt,0.000000,0.307279,0.647807
int8pt,0.000000,0.307615,0.647687
int8pt,0.000000,0.307950,0.647632
int8pt,0.000000,0.308286,0.647416
int8pt,0.000000,0.308621,0.647305
int8pt,0.000000,0.308957,0.647281
int8pt,0.000000,0.309292,0.647239
int8pt,0.000000,0.309628,0.647163
int8pt,0.000000,0.309963,0.647160
int8pt,0.000000,0.310299,0.647073
int8pt,0.000000,0.310634,0.646533
int8pt,0.000000,0.310969,0.646455
int8pt,0.000000,0.311305,0.646445
int8pt,0.000000,0.311640,0.646222
int8pt,0.000000,0.311976,0.646182
int8pt,0.000000,0.312311,0.646178
int8pt,0.000000,0.312647,0.645980
int8pt,0.000000,0.312982,0.645971
int8pt,0.000000,0.313318,0.645859
int8pt,0.000000,0.313653,0.645602
int8pt,0.000000,0.313989,0.645500
int8pt,0.000000,0.314324,0.645429
int8pt,0.000000,0.314660,0.645219
int8pt,0.000000,0.314995,0.645016
int8pt,0.000000,0.315330,0.645005
int8pt,0.000000,0.315666,0.644386
int8pt,0.000000,0.316001,0.643974
int8pt,0.000000,0.316337,0.643849
int8pt,0.000000,0.316672,0.643823
int8pt,0.000000,0.317008,0.643773
int8pt,0.000000,0.317343,0.643704
int8pt,0.000000,0.317679,0.643485
int8pt,0.000000,0.318014,0.643308
int8pt,0.000000,0.318350,0.643157
int8pt,0.000000,0.318685,0.643157
int8pt,0.000000,0.319020,0.642879
int8pt,0.000000,0.319356,0.642866
int8pt,0.000000,0.319691,0.642821
int8pt,0.000000,0.320027,0.642803
int8pt,0.000000,0.320362,0.642711
int8pt,0.000000,0.320698,0.642638
int8pt,0.000000,0.321033,0.642589
int8pt,0.000000,0.321369,0.642460
int8pt,0.000000,0.321704,0.642437
int8pt,0.000000,0.322040,0.642383
int8pt,0.000000,0.322375,0.642279
int8pt,0.000000,0.322710,0.642155
int8pt,0.000000,0.323046,0.642080
int8pt,0.000000,0.323381,0.642034
int8pt,0.000000,0.323717,0.641974
int8pt,0.000000,0.324052,0.641726
int8pt,0.000000,0.324388,0.641723
int8pt,0.000000,0.324723,0.641704
int8pt,0.000000,0.325059,0.641456
int8pt,0.000000,0.325394,0.641431
int8pt,0.000000,0.325730,0.641419
int8pt,0.000000,0.326065,0.641412
int8pt,0.000000,0.326401,0.641374
int8pt,0.000000,0.326736,0.641369
int8pt,0.000000,0.327071,0.641329
int8pt,0.000000,0.327407,0.641196
int8pt,0.000000,0.327742,0.641134
int8pt,0.000000,0.328078,0.641038
int8pt,0.000000,0.328413,0.641037
int8pt,0.000000,0.328749,0.641026
int8pt,0.000000,0.329084,0.640954
int8pt,0.000000,0.329420,0.640542
int8pt,0.000000,0.329755,0.640324
int8pt,0.000000,0.330091,0.640265
int8pt,0.000000,0.330426,0.640202
int8pt,0.000000,0.330761,0.640177
int8pt,0.000000,0.331097,0.640124
int8pt,0.000000,0.331432,0.640031
int8pt,0.000000,0.331768,0.639831
int8pt,0.000000,0.332103,0.639808
int8pt,0.000000,0.332439,0.639724
int8pt,0.000000,0.332774,0.639631
int8pt,0.000000,0.333110,0.639532
int8pt,0.000000,0.333445,0.639492
int8pt,0.000000,0.333781,0.639104
int8pt,0.000000,0.334116,0.638938
int8pt,0.000000,0.334452,0.638772
int8pt,0.000000,0.334787,0.638710
int8pt,0.000000,0.335122,0.638665
int8pt,0.000000,0.335458,0.638614
int8pt,0.000000,0.335793,0.638558
int8pt,0.000000,0.336129,0.638517
int8pt,0.000000,0.336464,0.638454
int8pt,0.000000,0.336800,0.638315
int8pt,0.000000,0.337135,0.638267
int8pt,0.000000,0.337471,0.638134
int8pt,0.000000,0.337806,0.637811
int8pt,0.000000,0.338142,0.637801
int8pt,0.000000,0.338477,0.637716
int8pt,0.000000,0.338812,0.637274
int8pt,0.000000,0.339148,0.637192
int8pt,0.000000,0.339483,0.637139
int8pt,0.000000,0.339819,0.637098
int8pt,0.000000,0.340154,0.636884
int8pt,0.000000,0.340490,0.636493
int8pt,0.000000,0.340825,0.636353
int8pt,0.000000,0.341161,0.636351
int8pt,0.000000,0.341496,0.636180
int8pt,0.000000,0.341832,0.635861
int8pt,0.000000,0.342167,0.635798
int8pt,0.000000,0.342503,0.635791
int8pt,0.000000,0.342838,0.635726
int8pt,0.000000,0.343173,0.635606
int8pt,0.000000,0.343509,0.635536
int8pt,0.000000,0.343844,0.635417
int8pt,0.000000,0.344180,0.635302
int8pt,0.000000,0.344515,0.635257
int8pt,0.000000,0.344851,0.635251
int8pt,0.000000,0.345186,0.635231
int8pt,0.000000,0.345522,0.635165
int8pt,0.000000,0.345857,0.634907
int8pt,0.000000,0.346193,0.634560
int8pt,0.000000,0.346528,0.634327
int8pt,0.000000,0.346863,0.634284
int8pt,0.000000,0.347199,0.634140
int8pt,0.000000,0.347534,0.633704
int8pt,0.000000,0.347870,0.633576
int8pt,0.000000,0.348205,0.633501
int8pt,0.000000,0.348541,0.633448
int8pt,0.000000,0.348876,0.633353
int8pt,0.000000,0.349212,0.633214
int8pt,0.000000,0.349547,0.633075
int8pt,0.000000,0.349883,0.632997
int8pt,0.000000,0.350218,0.632988
int8pt,0.000000,0.350554,0.632983
int8pt,0.000000,0.350889,0.632911
int8pt,0.000000,0.351224,0.632894
int8pt,0.000000,0.351560,0.632824
int8pt,0.000000,0.351895,0.632629
int8pt,0.000000,0.352231,0.632398
int8pt,0.000000,0.352566,0.632194
int8pt,0.000000,0.352902,0.632091
int8pt,0.000000,0.353237,0.632068
int8pt,0.000000,0.353573,0.632050
int8pt,0.000000,0.353908,0.631966
int8pt,0.000000,0.354244,0.631720
int8pt,0.000000,0.354579,0.631519
int8pt,0.000000,0.354914,0.631353
int8pt,0.000000,0.355250,0.631344
int8pt,0.000000,0.355585,0.631239
int8pt,0.000000,0.355921,0.631235
int8pt,0.000000,0.356256,0.631207
int8pt,0.000000,0.356592,0.630657
int8pt,0.000000,0.356927,0.630561
int8pt,0.000000,0.357263,0.630508
int8pt,0.000000,0.357598,0.630488
int8pt,0.000000,0.357934,0.630345
int8pt,0.000000,0.358269,0.630288
int8pt,0.000000,0.358604,0.630246
int8pt,0.000000,0.358940,0.630207
int8pt,0.000000,0.359275,0.630000
int8pt,0.000000,0.359611,0.629946
int8pt,0.000000,0.359946,0.629899
int8pt,0.000000,0.360282,0.629646
int8pt,0.000000,0.360617,0.629614
int8pt,0.000000,0.360953,0.629541
int8pt,0.000000,0.361288,0.629483
int8pt,0.000000,0.361624,0.629450
int8pt,0.000000,0.361959,0.629352
int8pt,0.000000,0.362295,0.628788
int8pt,0.000000,0.362630,0.628714
int8pt,0.000000,0.362965,0.628543
int8pt,0.000000,0.363301,0.628452
int8pt,0.000000,0.363636,0.628299
int8pt,0.000000,0.363972,0.628136
int8pt,0.000000,0.364307,0.628079
int8pt,0.000000,0.364643,0.628058
int8pt,0.000000,0.364978,0.628033
int8pt,0.000000,0.365314,0.627922
int8pt,0.000000,0.365649,0.627841
int8pt,0.000000,0.365985,0.627812
int8pt,0.000000,0.366320,0.627419
int8pt,0.000000,0.366655,0.627343
int8pt,0.000000,0.366991,0.627181
int8pt,0.000000,0.367326,0.627155
int8pt,0.000000,0.367662,0.627047
int8pt,0.000000,0.367997,0.626975
int8pt,0.000000,0.368333,0.626817
int8pt,0.000000,0.368668,0.626532
int8pt,0.000000,0.369004,0.626365
int8pt,0.000000,0.369339,0.626286
int8pt,0.000000,0.369675,0.626149
int8pt,0.000000,0.370010,0.626133
int8pt,0.000000,0.370346,0.626043
int8pt,0.000000,0.370681,0.626040
int8pt,0.000000,0.371016,0.625865
int8pt,0.000000,0.371352,0.625732
int8pt,0.000000,0.371687,0.625639
int8pt,0.000000,0.372023,0.625246
int8pt,0.000000,0.372358,0.625048
int8pt,0.000000,0.372694,0.624792
int8pt,0.000000,0.373029,0.624765
int8pt,0.000000,0.373365,0.624645
int8pt,0.000000,0.373700,0.624548
int8pt,0.000000,0.374036,0.624538
int8pt,0.000000,0.374371,0.624472
int8pt,0.000000,0.374706,0.624151
int8pt,0.000000,0.375042,0.624007
int8pt,0.000000,0.375377,0.623914
int8pt,0.000000,0.375713,0.623893
int8pt,0.000000,0.376048,0.623859
int8pt,0.000000,0.376384,0.623768
int8pt,0.000000,0.376719,0.623658
int8pt,0.000000,0.377055,0.623584
int8pt,0.000000,0.377390,0.623529
int8pt,0.000000,0.377726,0.623497
int8pt,0.000000,0.378061,0.623480
int8pt,0.000000,0.378397,0.623430
int8pt,0.000000,0.378732,0.623342
int8pt,0.000000,0.379067,0.623215
int8pt,0.000000,0.379403,0.623026
int8pt,0.000000,0.379738,0.622846
int8pt,0.000000,0.380074,0.622737
int8pt,0.000000,0.380409,0.622676
int8pt,0.000000,0.380745,0.622670
int8pt,0.000000,0.381080,0.622637
int8pt,0.000000,0.381416,0.622548
int8pt,0.000000,0.381751,0.622133
int8pt,0.000000,0.382087,0.622013
int8pt,0.000000,0.382422,0.621851
int8pt,0.000000,0.382757,0.621835
int8pt,0.000000,0.383093,0.621831
int8pt,0.000000,0.383428,0.621800
int8pt,0.000000,0.383764,0.621773
int8pt,0.000000,0.384099,0.621756
int8pt,0.000000,0.384435,0.621745
int8pt,0.000000,0.384770,0.621476
int8pt,0.000000,0.385106,0.621476
int8pt,0.000000,0.385441,0.621434
int8pt,0.000000,0.385777,0.621352
int8pt,0.000000,0.386112,0.621315
int8pt,0.000000,0.386448,0.621278
int8pt,0.000000,0.386783,0.621181
int8pt,0.000000,0.387118,0.620868
int8pt,0.000000,0.387454,0.620846
int8pt,0.000000,0.387789,0.620610
int8pt,0.000000,0.388125,0.620465
int8pt,0.000000,0.388460,0.620314
int8pt,0.000000,0.388796,0.620245
int8pt,0.000000,0.389131,0.620124
int8pt,0.000000,0.389467,0.620055
int8pt,0.000000,0.389802,0.619868
int8pt,0.000000,0.390138,0.619858
int8pt,0.000000,0.390473,0.619603
int8pt,0.000000,0.390808,0.619529
int8pt,0.000000,0.391144,0.619493
int8pt,0.000000,0.391479,0.619422
int8pt,0.000000,0.391815,0.619406
int8pt,0.000000,0.392150,0.619230
int8pt,0.000000,0.392486,0.619223
int8pt,0.000000,0.392821,0.619173
int8pt,0.000000,0.393157,0.619049
int8pt,0.000000,0.393492,0.619011
int8pt,0.000000,0.393828,0.618959
int8pt,0.000000,0.394163,0.618946
int8pt,0.000000,0.394498,0.618918
int8pt,0.000000,0.394834,0.618799
int8pt,0.000000,0.395169,0.618786
int8pt,0.000000,0.395505,0.618747
int8pt,0.000000,0.395840,0.618712
int8pt,0.000000,0.396176,0.618640
int8pt,0.000000,0.396511,0.618318
int8pt,0.000000,0.396847,0.618079
int8pt,0.000000,0.397182,0.617967
int8pt,0.000000,0.397518,0.617808
int8pt,0.000000,0.397853,0.617720
int8pt,0.000000,0.398189,0.617614
int8pt,0.000000,0.398524,0.617595
int8pt,0.000000,0.398859,0.617456
int8pt,0.000000,0.399195,0.617353
int8pt,0.000000,0.399530,0.617333
int8pt,0.000000,0.399866,0.617251
int8pt,0.000000,0.400201,0.617209
int8pt,0.000000,0.400537,0.616948
int8pt,0.000000,0.400872,0.616888
int8pt,0.000000,0.401208,0.616805
int8pt,0.000000,0.401543,0.616793
int8pt,0.000000,0.401879,0.616700
int8pt,0.000000,0.402214,0.616654
int8pt,0.000000,0.402549,0.616609
int8pt,0.000000,0.402885,0.616382
int8pt,0.000000,0.403220,0.616317
int8pt,0.000000,0.403556,0.616198
int8pt,0.000000,0.403891,0.616162
int8pt,0.000000,0.404227,0.616147
int8pt,0.000000,0.404562,0.616126
int8pt,0.000000,0.404898,0.616074
int8pt,0.000000,0.405233,0.615982
int8pt,0.000000,0.405569,0.615939
int8pt,0.000000,0.405904,0.615901
int8pt,0.000000,0.406240,0.615803
int8pt,0.000000,0.406575,0.615798
int8pt,0.000000,0.406910,0.615661
int8pt,0.000000,0.407246,0.615617
int8pt,0.000000,0.407581,0.615525
int8pt,0.000000,0.407917,0.615506
int8pt,0.000000,0.408252,0.615468
int8pt,0.000000,0.408588,0.615292
int8pt,0.000000,0.408923,0.615245
int8pt,0.000000,0.409259,0.615167
int8pt,0.000000,0.409594,0.615146
int8pt,0.000000,0.409930,0.615140
int8pt,0.000000,0.410265,0.614970
int8pt,0.000000,0.410600,0.614953
int8pt,0.000000,0.410936,0.614884
int8pt,0.000000,0.411271,0.614744
int8pt,0.000000,0.411607,0.614531
int8pt,0.000000,0.411942,0.614480
int8pt,0.000000,0.412278,0.614462
int8pt,0.000000,0.412613,0.614391
int8pt,0.000000,0.412949,0.614311
int8pt,0.000000,0.413284,0.614198
int8pt,0.000000,0.413620,0.614191
int8pt,0.000000,0.413955,0.614172
int8pt,0.000000,0.414291,0.614144
int8pt,0.000000,0.414626,0.614078
int8pt,0.000000,0.414961,0.614056
int8pt,0.000000,0.415297,0.614050
int8pt,0.000000,0.415632,0.613911
int8pt,0.000000,0.415968,0.613808
int8pt,0.000000,0.416303,0.613790
int8pt,0.000000,0.416639,0.613647
int8pt,0.000000,0.416974,0.613602
int8pt,0.000000,0.417310,0.613550
int8pt,0.000000,0.417645,0.613417
int8pt,0.000000,0.417981,0.613358
int8pt,0.000000,0.418316,0.613251
int8pt,0.000000,0.418651,0.613225
int8pt,0.000000,0.418987,0.612934
int8pt,0.000000,0.419322,0.612867
int8pt,0.000000,0.419658,0.612593
int8pt,0.000000,0.419993,0.612536
int8pt,0.000000,0.420329,0.612489
int8pt,0.000000,0.420664,0.612357
int8pt,0.000000,0.421000,0.612285
int8pt,0.000000,0.421335,0.611785
int8pt,0.000000,0.421671,0.611727
int8pt,0.000000,0.422006,0.611657
int8pt,0.000000,0.422341,0.611366
int8pt,0.000000,0.422677,0.611331
int8pt,0.000000,0.423012,0.611307
int8pt,0.000000,0.423348,0.611216
int8pt,0.000000,0.423683,0.611102
int8pt,0.000000,0.424019,0.611078
int8pt,0.000000,0.424354,0.611051
int8pt,0.000000,0.424690,0.611019
int8pt,0.000000,0.425025,0.610917
int8pt,0.000000,0.425361,0.610844
int8pt,0.000000,0.425696,0.610843
int8pt,0.000000,0.426032,0.610636
int8pt,0.000000,0.426367,0.610635
int8pt,0.000000,0.426702,0.610553
int8pt,0.000000,0.427038,0.610444
int8pt,0.000000,0.427373,0.610387
int8pt,0.000000,0.427709,0.609898
int8pt,0.000000,0.428044,0.609756
int8pt,0.000000,0.428380,0.609705
int8pt,0.000000,0.428715,0.609654
int8pt,0.000000,0.429051,0.609607
int8pt,0.000000,0.429386,0.609594
int8pt,0.000000,0.429722,0.609586
int8pt,0.000000,0.430057,0.609281
int8pt,0.000000,0.430392,0.609239
int8pt,0.000000,0.430728,0.609220
int8pt,0.000000,0.431063,0.609189
int8pt,0.000000,0.431399,0.609185
int8pt,0.000000,0.431734,0.609045
int8pt,0.000000,0.432070,0.608961
int8pt,0.000000,0.432405,0.608817
int8pt,0.000000,0.432741,0.608699
int8pt,0.000000,0.433076,0.608640
int8pt,0.000000,0.433412,0.608623
int8pt,0.000000,0.433747,0.608567
int8pt,0.000000,0.434083,0.608532
int8pt,0.000000,0.434418,0.608329
int8pt,0.000000,0.434753,0.608327
int8pt,0.000000,0.435089,0.608276
int8pt,0.000000,0.435424,0.608236
int8pt,0.000000,0.435760,0.607996
int8pt,0.000000,0.436095,0.607884
int8pt,0.000000,0.436431,0.607694
int8pt,0.000000,0.436766,0.607681
int8pt,0.000000,0.437102,0.607673
int8pt,0.000000,0.437437,0.607600
int8pt,0.000000,0.437773,0.607471
int8pt,0.000000,0.438108,0.607467
int8pt,0.000000,0.438443,0.607445
int8pt,0.000000,0.438779,0.607420
int8pt,0.000000,0.439114,0.607350
int8pt,0.000000,0.439450,0.607132
int8pt,0.000000,0.439785,0.606929
int8pt,0.000000,0.440121,0.606781
int8pt,0.000000,0.440456,0.606664
int8pt,0.000000,0.440792,0.606642
int8pt,0.000000,0.441127,0.606632
int8pt,0.000000,0.441463,0.606556
int8pt,0.000000,0.441798,0.606539
int8pt,0.000000,0.442134,0.606533
int8pt,0.000000,0.442469,0.606475
int8pt,0.000000,0.442804,0.606393
int8pt,0.000000,0.443140,0.606344
int8pt,0.000000,0.443475,0.606326
int8pt,0.000000,0.443811,0.606271
int8pt,0.000000,0.444146,0.606254
int8pt,0.000000,0.444482,0.606233
int8pt,0.000000,0.444817,0.606139
int8pt,0.000000,0.445153,0.605889
int8pt,0.000000,0.445488,0.605784
int8pt,0.000000,0.445824,0.605715
int8pt,0.000000,0.446159,0.605661
int8pt,0.000000,0.446494,0.605578
int8pt,0.000000,0.446830,0.605565
int8pt,0.000000,0.447165,0.605391
int8pt,0.000000,0.447501,0.605373
int8pt,0.000000,0.447836,0.605280
int8pt,0.000000,0.448172,0.605140
int8pt,0.000000,0.448507,0.604971
int8pt,0.000000,0.448843,0.604929
int8pt,0.000000,0.449178,0.604703
int8pt,0.000000,0.449514,0.604655
int8pt,0.000000,0.449849,0.604596
int8pt,0.000000,0.450185,0.604530
int8pt,0.000000,0.450520,0.604393
int8pt,0.000000,0.450855,0.604203
int8pt,0.000000,0.451191,0.604141
int8pt,0.000000,0.451526,0.603925
int8pt,0.000000,0.451862,0.603893
int8pt,0.000000,0.452197,0.603810
int8pt,0.000000,0.452533,0.603766
int8pt,0.000000,0.452868,0.603640
int8pt,0.000000,0.453204,0.603561
int8pt,0.000000,0.453539,0.603537
int8pt,0.000000,0.453875,0.603121
int8pt,0.000000,0.454210,0.603121
int8pt,0.000000,0.454545,0.602927
int8pt,0.000000,0.454881,0.602898
int8pt,0.000000,0.455216,0.602849
int8pt,0.000000,0.455552,0.602799
int8pt,0.000000,0.455887,0.602736
int8pt,0.000000,0.456223,0.602570
int8pt,0.000000,0.456558,0.602470
int8pt,0.000000,0.456894,0.602469
int8pt,0.000000,0.457229,0.602237
int8pt,0.000000,0.457565,0.602130
int8pt,0.000000,0.457900,0.602063
int8pt,0.000000,0.458235,0.602055
int8pt,0.000000,0.458571,0.601998
int8pt,0.000000,0.458906,0.601887
int8pt,0.000000,0.459242,0.601812
int8pt,0.000000,0.459577,0.601776
int8pt,0.000000,0.459913,0.601755
int8pt,0.000000,0.460248,0.601698
int8pt,0.000000,0.460584,0.601483
int8pt,0.000000,0.460919,0.601249
int8pt,0.000000,0.461255,0.600867
int8pt,0.000000,0.461590,0.600858
int8pt,0.000000,0.461926,0.600806
int8pt,0.000000,0.462261,0.600722
int8pt,0.000000,0.462596,0.600696
int8pt,0.000000,0.462932,0.600633
int8pt,0.000000,0.463267,0.600609
int8pt,0.000000,0.463603,0.600540
int8pt,0.000000,0.463938,0.600465
int8pt,0.000000,0.464274,0.600336
int8pt,0.000000,0.464609,0.600192
int8pt,0.000000,0.464945,0.600164
int8pt,0.000000,0.465280,0.599935
int8pt,0.000000,0.465616,0.599906
int8pt,0.000000,0.465951,0.599829
int8pt,0.000000,0.466286,0.599619
int8pt,0.000000,0.466622,0.599564
int8pt,0.000000,0.466957,0.599548
int8pt,0.000000,0.467293,0.599486
int8pt,0.000000,0.467628,0.599361
int8pt,0.000000,0.467964,0.599345
int8pt,0.000000,0.468299,0.599343
int8pt,0.000000,0.468635,0.599221
int8pt,0.000000,0.468970,0.599004
int8pt,0.000000,0.469306,0.598904
int8pt,0.000000,0.469641,0.598778
int8pt,0.000000,0.469977,0.598768
int8pt,0.000000,0.470312,0.598698
int8pt,0.000000,0.470647,0.598693
int8pt,0.000000,0.470983,0.598636
int8pt,0.000000,0.471318,0.598420
int8pt,0.000000,0.471654,0.598316
int8pt,0.000000,0.471989,0.598207
int8pt,0.000000,0.472325,0.598051
int8pt,0.000000,0.472660,0.597902
int8pt,0.000000,0.472996,0.597857
int8pt,0.000000,0.473331,0.597835
int8pt,0.000000,0.473667,0.597722
int8pt,0.000000,0.474002,0.597718
int8pt,0.000000,0.474337,0.597316
int8pt,0.000000,0.474673,0.597303
int8pt,0.000000,0.475008,0.597250
int8pt,0.000000,0.475344,0.597229
int8pt,0.000000,0.475679,0.597150
int8pt,0.000000,0.476015,0.597133
int8pt,0.000000,0.476350,0.597068
int8pt,0.000000,0.476686,0.597041
int8pt,0.000000,0.477021,0.596768
int8pt,0.000000,0.477357,0.596742
int8pt,0.000000,0.477692,0.596626
int8pt,0.000000,0.478028,0.596565
int8pt,0.000000,0.478363,0.596421
int8pt,0.000000,0.478698,0.596215
int8pt,0.000000,0.479034,0.596197
int8pt,0.000000,0.479369,0.596160
int8pt,0.000000,0.479705,0.596157
int8pt,0.000000,0.480040,0.596021
int8pt,0.000000,0.480376,0.595997
int8pt,0.000000,0.480711,0.595939
int8pt,0.000000,0.481047,0.595922
int8pt,0.000000,0.481382,0.595863
int8pt,0.000000,0.481718,0.595683
int8pt,0.000000,0.482053,0.595579
int8pt,0.000000,0.482388,0.595410
int8pt,0.000000,0.482724,0.595310
int8pt,0.000000,0.483059,0.595296
int8pt,0.000000,0.483395,0.595274
int8pt,0.000000,0.483730,0.595170
int8pt,0.000000,0.484066,0.594996
int8pt,0.000000,0.484401,0.594950
int8pt,0.000000,0.484737,0.594900
int8pt,0.000000,0.485072,0.594899
int8pt,0.000000,0.485408,0.594764
int8pt,0.000000,0.485743,0.594721
int8pt,0.000000,0.486078,0.594623
int8pt,0.000000,0.486414,0.594619
int8pt,0.000000,0.486749,0.594497
int8pt,0.000000,0.487085,0.594467
int8pt,0.000000,0.487420,0.594345
int8pt,0.000000,0.487756,0.594290
int8pt,0.000000,0.488091,0.594078
int8pt,0.000000,0.488427,0.593949
int8pt,0.000000,0.488762,0.593857
int8pt,0.000000,0.489098,0.593827
int8pt,0.000000,0.489433,0.593726
int8pt,0.000000,0.489769,0.593679
int8pt,0.000000,0.490104,0.593436
int8pt,0.000000,0.490439,0.593421
int8pt,0.000000,0.490775,0.593290
int8pt,0.000000,0.491110,0.593220
int8pt,0.000000,0.491446,0.593155
int8pt,0.000000,0.491781,0.593089
int8pt,0.000000,0.492117,0.593073
int8pt,0.000000,0.492452,0.593072
int8pt,0.000000,0.492788,0.592728
int8pt,0.000000,0.493123,0.592631
int8pt,0.000000,0.493459,0.592380
int8pt,0.000000,0.493794,0.592240
int8pt,0.000000,0.494129,0.592157
int8pt,0.000000,0.494465,0.592097
int8pt,0.000000,0.494800,0.592002
int8pt,0.000000,0.495136,0.591917
int8pt,0.000000,0.495471,0.591749
int8pt,0.000000,0.495807,0.591744
int8pt,0.000000,0.496142,0.591456
int8pt,0.000000,0.496478,0.591379
int8pt,0.000000,0.496813,0.591375
int8pt,0.000000,0.497149,0.591353
int8pt,0.000000,0.497484,0.590854
int8pt,0.000000,0.497820,0.590716
int8pt,0.000000,0.498155,0.590678
int8pt,0.000000,0.498490,0.590661
int8pt,0.000000,0.498826,0.590518
int8pt,0.000000,0.499161,0.590186
int8pt,0.000000,0.499497,0.590162
int8pt,0.000000,0.499832,0.589986
int8pt,0.000000,0.500168,0.589969
int8pt,0.000000,0.500503,0.589767
int8pt,0.000000,0.500839,0.589377
int8pt,0.000000,0.501174,0.588933
int8pt,0.000000,0.501510,0.588751
int8pt,0.000000,0.501845,0.588721
int8pt,0.000000,0.502180,0.588675
int8pt,0.000000,0.502516,0.588568
int8pt,0.000000,0.502851,0.588533
int8pt,0.000000,0.503187,0.588443
int8pt,0.000000,0.503522,0.588331
int8pt,0.000000,0.503858,0.588225
int8pt,0.000000,0.504193,0.588009
int8pt,0.000000,0.504529,0.587912
int8pt,0.000000,0.504864,0.587667
int8pt,0.000000,0.505200,0.587659
int8pt,0.000000,0.505535,0.587640
int8pt,0.000000,0.505871,0.587541
int8pt,0.000000,0.506206,0.587521
int8pt,0.000000,0.506541,0.587151
int8pt,0.000000,0.506877,0.587146
int8pt,0.000000,0.507212,0.587066
int8pt,0.000000,0.507548,0.586949
int8pt,0.000000,0.507883,0.586710
int8pt,0.000000,0.508219,0.586615
int8pt,0.000000,0.508554,0.586482
int8pt,0.000000,0.508890,0.586459
int8pt,0.000000,0.509225,0.586393
int8pt,0.000000,0.509561,0.586096
int8pt,0.000000,0.509896,0.586092
int8pt,0.000000,0.510231,0.585990
int8pt,0.000000,0.510567,0.585938
int8pt,0.000000,0.510902,0.585932
int8pt,0.000000,0.511238,0.585899
int8pt,0.000000,0.511573,0.585876
int8pt,0.000000,0.511909,0.585838
int8pt,0.000000,0.512244,0.585768
int8pt,0.000000,0.512580,0.585537
int8pt,0.000000,0.512915,0.585474
int8pt,0.000000,0.513251,0.585473
int8pt,0.000000,0.513586,0.585443
int8pt,0.000000,0.513922,0.585344
int8pt,0.000000,0.514257,0.585313
int8pt,0.000000,0.514592,0.585216
int8pt,0.000000,0.514928,0.585180
int8pt,0.000000,0.515263,0.585145
int8pt,0.000000,0.515599,0.585129
int8pt,0.000000,0.515934,0.584991
int8pt,0.000000,0.516270,0.584951
int8pt,0.000000,0.516605,0.584885
int8pt,0.000000,0.516941,0.584825
int8pt,0.000000,0.517276,0.584592
int8pt,0.000000,0.517612,0.584566
int8pt,0.000000,0.517947,0.584534
int8pt,0.000000,0.518282,0.584425
int8pt,0.000000,0.518618,0.584379
int8pt,0.000000,0.518953,0.584331
int8pt,0.000000,0.519289,0.584248
int8pt,0.000000,0.519624,0.583972
int8pt,0.000000,0.519960,0.583965
int8pt,0.000000,0.520295,0.583489
int8pt,0.000000,0.520631,0.583452
int8pt,0.000000,0.520966,0.583399
int8pt,0.000000,0.521302,0.583348
int8pt,0.000000,0.521637,0.583143
int8pt,0.000000,0.521972,0.583091
int8pt,0.000000,0.522308,0.583071
int8pt,0.000000,0.522643,0.582912
int8pt,0.000000,0.522979,0.582806
int8pt,0.000000,0.523314,0.582628
int8pt,0.000000,0.523650,0.582607
int8pt,0.000000,0.523985,0.582597
int8pt,0.000000,0.524321,0.582409
int8pt,0.000000,0.524656,0.582351
int8pt,0.000000,0.524992,0.582151
int8pt,0.000000,0.525327,0.582136
int8pt,0.000000,0.525663,0.582106
int8pt,0.000000,0.525998,0.582098
int8pt,0.000000,0.526333,0.582005
int8pt,0.000000,0.526669,0.581953
int8pt,0.000000,0.527004,0.581717
int8pt,0.000000,0.527340,0.581707
int8pt,0.000000,0.527675,0.581562
int8pt,0.000000,0.528011,0.581507
int8pt,0.000000,0.528346,0.581285
int8pt,0.000000,0.528682,0.581215
int8pt,0.000000,0.529017,0.581144
int8pt,0.000000,0.529353,0.581050
int8pt,0.000000,0.529688,0.580972
int8pt,0.000000,0.530023,0.580911
int8pt,0.000000,0.530359,0.580836
int8pt,0.000000,0.530694,0.580816
int8pt,0.000000,0.531030,0.580706
int8pt,0.000000,0.531365,0.580307
int8pt,0.000000,0.531701,0.580166
int8pt,0.000000,0.532036,0.580019
int8pt,0.000000,0.532372,0.579859
int8pt,0.000000,0.532707,0.579854
int8pt,0.000000,0.533043,0.579843
int8pt,0.000000,0.533378,0.579664
int8pt,0.000000,0.533714,0.579556
int8pt,0.000000,0.534049,0.579496
int8pt,0.000000,0.534384,0.579459
int8pt,0.000000,0.534720,0.579379
int8pt,0.000000,0.535055,0.579373
int8pt,0.000000,0.535391,0.579277
int8pt,0.000000,0.535726,0.579151
int8pt,0.000000,0.536062,0.579108
int8pt,0.000000,0.536397,0.579009
int8pt,0.000000,0.536733,0.579002
int8pt,0.000000,0.537068,0.578929
int8pt,0.000000,0.537404,0.578867
int8pt,0.000000,0.537739,0.578853
int8pt,0.000000,0.538074,0.578713
int8pt,0.000000,0.538410,0.578637
int8pt,0.000000,0.538745,0.578467
int8pt,0.000000,0.539081,0.578381
int8pt,0.000000,0.539416,0.578229
int8pt,0.000000,0.539752,0.578114
int8pt,0.000000,0.540087,0.577997
int8pt,0.000000,0.540423,0.577893
int8pt,0.000000,0.540758,0.577874
int8pt,0.000000,0.541094,0.577873
int8pt,0.000000,0.541429,0.577825
int8pt,0.000000,0.541765,0.577795
int8pt,0.000000,0.542100,0.577758
int8pt,0.000000,0.542435,0.577711
int8pt,0.000000,0.542771,0.577608
int8pt,0.000000,0.543106,0.577462
int8pt,0.000000,0.543442,0.577438
int8pt,0.000000,0.543777,0.577417
int8pt,0.000000,0.544113,0.577392
int8pt,0.000000,0.544448,0.577364
int8pt,0.000000,0.544784,0.577291
int8pt,0.000000,0.545119,0.577173
int8pt,0.000000,0.545455,0.577172
int8pt,0.000000,0.545790,0.577038
int8pt,0.000000,0.546125,0.576961
int8pt,0.000000,0.546461,0.576593
int8pt,0.000000,0.546796,0.576552
int8pt,0.000000,0.547132,0.576543
int8pt,0.000000,0.547467,0.576515
int8pt,0.000000,0.547803,0.576465
int8pt,0.000000,0.548138,0.576411
int8pt,0.000000,0.548474,0.576216
int8pt,0.000000,0.548809,0.576086
int8pt,0.000000,0.549145,0.576069
int8pt,0.000000,0.549480,0.576051
int8pt,0.000000,0.549815,0.575544
int8pt,0.000000,0.550151,0.575467
int8pt,0.000000,0.550486,0.575440
int8pt,0.000000,0.550822,0.575324
int8pt,0.000000,0.551157,0.575230
int8pt,0.000000,0.551493,0.575085
int8pt,0.000000,0.551828,0.575042
int8pt,0.000000,0.552164,0.575042
int8pt,0.000000,0.552499,0.574944
int8pt,0.000000,0.552835,0.574786
int8pt,0.000000,0.553170,0.574677
int8pt,0.000000,0.553506,0.574589
int8pt,0.000000,0.553841,0.574390
int8pt,0.000000,0.554176,0.574361
int8pt,0.000000,0.554512,0.574260
int8pt,0.000000,0.554847,0.573895
int8pt,0.000000,0.555183,0.573873
int8pt,0.000000,0.555518,0.573851
int8pt,0.000000,0.555854,0.573756
int8pt,0.000000,0.556189,0.573703
int8pt,0.000000,0.556525,0.573634
int8pt,0.000000,0.556860,0.573479
int8pt,0.000000,0.557196,0.573354
int8pt,0.000000,0.557531,0.573321
int8pt,0.000000,0.557866,0.573292
int8pt,0.000000,0.558202,0.573167
int8pt,0.000000,0.558537,0.573108
int8pt,0.000000,0.558873,0.573069
int8pt,0.000000,0.559208,0.573064
int8pt,0.000000,0.559544,0.572735
int8pt,0.000000,0.559879,0.572720
int8pt,0.000000,0.560215,0.572683
int8pt,0.000000,0.560550,0.572605
int8pt,0.000000,0.560886,0.572560
int8pt,0.000000,0.561221,0.572327
int8pt,0.000000,0.561557,0.572259
int8pt,0.000000,0.561892,0.572246
int8pt,0.000000,0.562227,0.572224
int8pt,0.000000,0.562563,0.572221
int8pt,0.000000,0.562898,0.572074
int8pt,0.000000,0.563234,0.572067
int8pt,0.000000,0.563569,0.572035
int8pt,0.000000,0.563905,0.571934
int8pt,0.000000,0.564240,0.571922
int8pt,0.000000,0.564576,0.571861
int8pt,0.000000,0.564911,0.571846
int8pt,0.000000,0.565247,0.571831
int8pt,0.000000,0.565582,0.571822
int8pt,0.000000,0.565917,0.571787
int8pt,0.000000,0.566253,0.571737
int8pt,0.000000,0.566588,0.571701
int8pt,0.000000,0.566924,0.571688
int8pt,0.000000,0.567259,0.571665
int8pt,0.000000,0.567595,0.571571
int8pt,0.000000,0.567930,0.571564
int8pt,0.000000,0.568266,0.571536
int8pt,0.000000,0.568601,0.571336
int8pt,0.000000,0.568937,0.571012
int8pt,0.000000,0.569272,0.571000
int8pt,0.000000,0.569608,0.570877
int8pt,0.000000,0.569943,0.570855
int8pt,0.000000,0.570278,0.570835
int8pt,0.000000,0.570614,0.570713
int8pt,0.000000,0.570949,0.570638
int8pt,0.000000,0.571285,0.570510
int8pt,0.000000,0.571620,0.570463
int8pt,0.000000,0.571956,0.570407
int8pt,0.000000,0.572291,0.570164
int8pt,0.000000,0.572627,0.569986
int8pt,0.000000,0.572962,0.569962
int8pt,0.000000,0.573298,0.569626
int8pt,0.000000,0.573633,0.569501
int8pt,0.000000,0.573968,0.569380
int8pt,0.000000,0.574304,0.569291
int8pt,0.000000,0.574639,0.569183
int8pt,0.000000,0.574975,0.569164
int8pt,0.000000,0.575310,0.568784
int8pt,0.000000,0.575646,0.568717
int8pt,0.000000,0.575981,0.568607
int8pt,0.000000,0.576317,0.568541
int8pt,0.000000,0.576652,0.568325
int8pt,0.000000,0.576988,0.568269
int8pt,0.000000,0.577323,0.567949
int8pt,0.000000,0.577659,0.567943
int8pt,0.000000,0.577994,0.567907
int8pt,0.000000,0.578329,0.567893
int8pt,0.000000,0.578665,0.567886
int8pt,0.000000,0.579000,0.567635
int8pt,0.000000,0.579336,0.567564
int8pt,0.000000,0.579671,0.567393
int8pt,0.000000,0.580007,0.567351
int8pt,0.000000,0.580342,0.567337
int8pt,0.000000,0.580678,0.567313
int8pt,0.000000,0.581013,0.567248
int8pt,0.000000,0.581349,0.567237
int8pt,0.000000,0.581684,0.567136
int8pt,0.000000,0.582019,0.567107
int8pt,0.000000,0.582355,0.567068
int8pt,0.000000,0.582690,0.567003
int8pt,0.000000,0.583026,0.566609
int8pt,0.000000,0.583361,0.566447
int8pt,0.000000,0.583697,0.566161
int8pt,0.000000,0.584032,0.566084
int8pt,0.000000,0.584368,0.565895
int8pt,0.000000,0.584703,0.565462
int8pt,0.000000,0.585039,0.565321
int8pt,0.000000,0.585374,0.565130
int8pt,0.000000,0.585709,0.565076
int8pt,0.000000,0.586045,0.564857
int8pt,0.000000,0.586380,0.564515
int8pt,0.000000,0.586716,0.564507
int8pt,0.000000,0.587051,0.564371
int8pt,0.000000,0.587387,0.564281
int8pt,0.000000,0.587722,0.564073
int8pt,0.000000,0.588058,0.563954
int8pt,0.000000,0.588393,0.563951
int8pt,0.000000,0.588729,0.563798
int8pt,0.000000,0.589064,0.563774
int8pt,0.000000,0.589400,0.563520
int8pt,0.000000,0.589735,0.563506
int8pt,0.000000,0.590070,0.563482
int8pt,0.000000,0.590406,0.563426
int8pt,0.000000,0.590741,0.563238
int8pt,0.000000,0.591077,0.563219
int8pt,0.000000,0.591412,0.563127
int8pt,0.000000,0.591748,0.562830
int8pt,0.000000,0.592083,0.562667
int8pt,0.000000,0.592419,0.562655
int8pt,0.000000,0.592754,0.562637
int8pt,0.000000,0.593090,0.562416
int8pt,0.000000,0.593425,0.562349
int8pt,0.000000,0.593760,0.562131
int8pt,0.000000,0.594096,0.562119
int8pt,0.000000,0.594431,0.561951
int8pt,0.000000,0.594767,0.561894
int8pt,0.000000,0.595102,0.561785
int8pt,0.000000,0.595438,0.561727
int8pt,0.000000,0.595773,0.561657
int8pt,0.000000,0.596109,0.561425
int8pt,0.000000,0.596444,0.561381
int8pt,0.000000,0.596780,0.561357
int8pt,0.000000,0.597115,0.561340
int8pt,0.000000,0.597451,0.561326
int8pt,0.000000,0.597786,0.561239
int8pt,0.000000,0.598121,0.561219
int8pt,0.000000,0.598457,0.561049
int8pt,0.000000,0.598792,0.561037
int8pt,0.000000,0.599128,0.560860
int8pt,0.000000,0.599463,0.560636
int8pt,0.000000,0.599799,0.560604
int8pt,0.000000,0.600134,0.560600
int8pt,0.000000,0.600470,0.560259
int8pt,0.000000,0.600805,0.560237
int8pt,0.000000,0.601141,0.560147
int8pt,0.000000,0.601476,0.560147
int8pt,0.000000,0.601811,0.560104
int8pt,0.000000,0.602147,0.559895
int8pt,0.000000,0.602482,0.559800
int8pt,0.000000,0.602818,0.559770
int8pt,0.000000,0.603153,0.559690
int8pt,0.000000,0.603489,0.559632
int8pt,0.000000,0.603824,0.559417
int8pt,0.000000,0.604160,0.559206
int8pt,0.000000,0.604495,0.558909
int8pt,0.000000,0.604831,0.558859
int8pt,0.000000,0.605166,0.558856
int8pt,0.000000,0.605502,0.558789
int8pt,0.000000,0.605837,0.558772
int8pt,0.000000,0.606172,0.558743
int8pt,0.000000,0.606508,0.558601
int8pt,0.000000,0.606843,0.558427
int8pt,0.000000,0.607179,0.558381
int8pt,0.000000,0.607514,0.558252
int8pt,0.000000,0.607850,0.558161
int8pt,0.000000,0.608185,0.558153
int8pt,0.000000,0.608521,0.557998
int8pt,0.000000,0.608856,0.557927
int8pt,0.000000,0.609192,0.557866
int8pt,0.000000,0.609527,0.557866
int8pt,0.000000,0.609862,0.557752
int8pt,0.000000,0.610198,0.557582
int8pt,0.000000,0.610533,0.557580
int8pt,0.000000,0.610869,0.557559
int8pt,0.000000,0.611204,0.557396
int8pt,0.000000,0.611540,0.557345
int8pt,0.000000,0.611875,0.557186
int8pt,0.000000,0.612211,0.557166
int8pt,0.000000,0.612546,0.557110
int8pt,0.000000,0.612882,0.557048
int8pt,0.000000,0.613217,0.556994
int8pt,0.000000,0.613552,0.556857
int8pt,0.000000,0.613888,0.556629
int8pt,0.000000,0.614223,0.556473
int8pt,0.000000,0.614559,0.556465
int8pt,0.000000,0.614894,0.556365
int8pt,0.000000,0.615230,0.556059
int8pt,0.000000,0.615565,0.556031
int8pt,0.000000,0.615901,0.555948
int8pt,0.000000,0.616236,0.555809
int8pt,0.000000,0.616572,0.555664
int8pt,0.000000,0.616907,0.555662
int8pt,0.000000,0.617243,0.555600
int8pt,0.000000,0.617578,0.555312
int8pt,0.000000,0.617913,0.555254
int8pt,0.000000,0.618249,0.555172
int8pt,0.000000,0.618584,0.555110
int8pt,0.000000,0.618920,0.555103
int8pt,0.000000,0.619255,0.555087
int8pt,0.000000,0.619591,0.554975
int8pt,0.000000,0.619926,0.554806
int8pt,0.000000,0.620262,0.554752
int8pt,0.000000,0.620597,0.554652
int8pt,0.000000,0.620933,0.554497
int8pt,0.000000,0.621268,0.554225
int8pt,0.000000,0.621603,0.553958
int8pt,0.000000,0.621939,0.553902
int8pt,0.000000,0.622274,0.553818
int8pt,0.000000,0.622610,0.553750
int8pt,0.000000,0.622945,0.553681
int8pt,0.000000,0.623281,0.553517
int8pt,0.000000,0.623616,0.553501
int8pt,0.000000,0.623952,0.553377
int8pt,0.000000,0.624287,0.553272
int8pt,0.000000,0.624623,0.553219
int8pt,0.000000,0.624958,0.553184
int8pt,0.000000,0.625294,0.553160
int8pt,0.000000,0.625629,0.553156
int8pt,0.000000,0.625964,0.553106
int8pt,0.000000,0.626300,0.553101
int8pt,0.000000,0.626635,0.552987
int8pt,0.000000,0.626971,0.552958
int8pt,0.000000,0.627306,0.552956
int8pt,0.000000,0.627642,0.552920
int8pt,0.000000,0.627977,0.552757
int8pt,0.000000,0.628313,0.552704
int8pt,0.000000,0.628648,0.552636
int8pt,0.000000,0.628984,0.552620
int8pt,0.000000,0.629319,0.552333
int8pt,0.000000,0.629654,0.552329
int8pt,0.000000,0.629990,0.552318
int8pt,0.000000,0.630325,0.552284
int8pt,0.000000,0.630661,0.552118
int8pt,0.000000,0.630996,0.551953
int8pt,0.000000,0.631332,0.551911
int8pt,0.000000,0.631667,0.551743
int8pt,0.000000,0.632003,0.551656
int8pt,0.000000,0.632338,0.551571
int8pt,0.000000,0.632674,0.551520
int8pt,0.000000,0.633009,0.551490
int8pt,0.000000,0.633345,0.551485
int8pt,0.000000,0.633680,0.551409
int8pt,0.000000,0.634015,0.551040
int8pt,0.000000,0.634351,0.550979
int8pt,0.000000,0.634686,0.550800
int8pt,0.000000,0.635022,0.550729
int8pt,0.000000,0.635357,0.550685
int8pt,0.000000,0.635693,0.550640
int8pt,0.000000,0.636028,0.550620
int8pt,0.000000,0.636364,0.550571
int8pt,0.000000,0.636699,0.550496
int8pt,0.000000,0.637035,0.550379
int8pt,0.000000,0.637370,0.550278
int8pt,0.000000,0.637705,0.550256
int8pt,0.000000,0.638041,0.550147
int8pt,0.000000,0.638376,0.550134
int8pt,0.000000,0.638712,0.549723
int8pt,0.000000,0.639047,0.549664
int8pt,0.000000,0.639383,0.549663
int8pt,0.000000,0.639718,0.549598
int8pt,0.000000,0.640054,0.549533
int8pt,0.000000,0.640389,0.549471
int8pt,0.000000,0.640725,0.549458
int8pt,0.000000,0.641060,0.549328
int8pt,0.000000,0.641396,0.549155
int8pt,0.000000,0.641731,0.548956
int8pt,0.000000,0.642066,0.548766
int8pt,0.000000,0.642402,0.548596
int8pt,0.000000,0.642737,0.548542
int8pt,0.000000,0.643073,0.548424
int8pt,0.000000,0.643408,0.548294
int8pt,0.000000,0.643744,0.547692
int8pt,0.000000,0.644079,0.547561
int8pt,0.000000,0.644415,0.547480
int8pt,0.000000,0.644750,0.547151
int8pt,0.000000,0.645086,0.547081
int8pt,0.000000,0.645421,0.547002
int8pt,0.000000,0.645756,0.546826
int8pt,0.000000,0.646092,0.546650
int8pt,0.000000,0.646427,0.546372
int8pt,0.000000,0.646763,0.546168
int8pt,0.000000,0.647098,0.546077
int8pt,0.000000,0.647434,0.546057
int8pt,0.000000,0.647769,0.545938
int8pt,0.000000,0.648105,0.545890
int8pt,0.000000,0.648440,0.545838
int8pt,0.000000,0.648776,0.545826
int8pt,0.000000,0.649111,0.545812
int8pt,0.000000,0.649446,0.545722
int8pt,0.000000,0.649782,0.545615
int8pt,0.000000,0.650117,0.545228
int8pt,0.000000,0.650453,0.545202
int8pt,0.000000,0.650788,0.545199
int8pt,0.000000,0.651124,0.545001
int8pt,0.000000,0.651459,0.544868
int8pt,0.000000,0.651795,0.544645
int8pt,0.000000,0.652130,0.544629
int8pt,0.000000,0.652466,0.544288
int8pt,0.000000,0.652801,0.544265
int8pt,0.000000,0.653137,0.544144
int8pt,0.000000,0.653472,0.544137
int8pt,0.000000,0.653807,0.544025
int8pt,0.000000,0.654143,0.543945
int8pt,0.000000,0.654478,0.543800
int8pt,0.000000,0.654814,0.543758
int8pt,0.000000,0.655149,0.543696
int8pt,0.000000,0.655485,0.543663
int8pt,0.000000,0.655820,0.543663
int8pt,0.000000,0.656156,0.543603
int8pt,0.000000,0.656491,0.543539
int8pt,0.000000,0.656827,0.543469
int8pt,0.000000,0.657162,0.543447
int8pt,0.000000,0.657497,0.543166
int8pt,0.000000,0.657833,0.543076
int8pt,0.000000,0.658168,0.542965
int8pt,0.000000,0.658504,0.542926
int8pt,0.000000,0.658839,0.542788
int8pt,0.000000,0.659175,0.542763
int8pt,0.000000,0.659510,0.542701
int8pt,0.000000,0.659846,0.542415
int8pt,0.000000,0.660181,0.542410
int8pt,0.000000,0.660517,0.542092
int8pt,0.000000,0.660852,0.542078
int8pt,0.000000,0.661188,0.542045
int8pt,0.000000,0.661523,0.541854
int8pt,0.000000,0.661858,0.541408
int8pt,0.000000,0.662194,0.541373
int8pt,0.000000,0.662529,0.541176
int8pt,0.000000,0.662865,0.541141
int8pt,0.000000,0.663200,0.541123
int8pt,0.000000,0.663536,0.540969
int8pt,0.000000,0.663871,0.540923
int8pt,0.000000,0.664207,0.540814
int8pt,0.000000,0.664542,0.540794
int8pt,0.000000,0.664878,0.540592
int8pt,0.000000,0.665213,0.540569
int8pt,0.000000,0.665548,0.540564
int8pt,0.000000,0.665884,0.540558
int8pt,0.000000,0.666219,0.540273
int8pt,0.000000,0.666555,0.540224
int8pt,0.000000,0.666890,0.540022
int8pt,0.000000,0.667226,0.539980
int8pt,0.000000,0.667561,0.539915
int8pt,0.000000,0.667897,0.539912
int8pt,0.000000,0.668232,0.539898
int8pt,0.000000,0.668568,0.539832
int8pt,0.000000,0.668903,0.539798
int8pt,0.000000,0.669239,0.539772
int8pt,0.000000,0.669574,0.539685
int8pt,0.000000,0.669909,0.539634
int8pt,0.000000,0.670245,0.539629
int8pt,0.000000,0.670580,0.539469
int8pt,0.000000,0.670916,0.539358
int8pt,0.000000,0.671251,0.539317
int8pt,0.000000,0.671587,0.539247
int8pt,0.000000,0.671922,0.539222
int8pt,0.000000,0.672258,0.539014
int8pt,0.000000,0.672593,0.538904
int8pt,0.000000,0.672929,0.538841
int8pt,0.000000,0.673264,0.538532
int8pt,0.000000,0.673599,0.538361
int8pt,0.000000,0.673935,0.538213
int8pt,0.000000,0.674270,0.538212
int8pt,0.000000,0.674606,0.538162
int8pt,0.000000,0.674941,0.537614
int8pt,0.000000,0.675277,0.537445
int8pt,0.000000,0.675612,0.537416
int8pt,0.000000,0.675948,0.537223
int8pt,0.000000,0.676283,0.537178
int8pt,0.000000,0.676619,0.536882
int8pt,0.000000,0.676954,0.536775
int8pt,0.000000,0.677290,0.536687
int8pt,0.000000,0.677625,0.536638
int8pt,0.000000,0.677960,0.536470
int8pt,0.000000,0.678296,0.536341
int8pt,0.000000,0.678631,0.536215
int8pt,0.000000,0.678967,0.536180
int8pt,0.000000,0.679302,0.535616
int8pt,0.000000,0.679638,0.535612
int8pt,0.000000,0.679973,0.535596
int8pt,0.000000,0.680309,0.535532
int8pt,0.000000,0.680644,0.535531
int8pt,0.000000,0.680980,0.535525
int8pt,0.000000,0.681315,0.535483
int8pt,0.000000,0.681650,0.535320
int8pt,0.000000,0.681986,0.535279
int8pt,0.000000,0.682321,0.535264
int8pt,0.000000,0.682657,0.535199
int8pt,0.000000,0.682992,0.535148
int8pt,0.000000,0.683328,0.535076
int8pt,0.000000,0.683663,0.535060
int8pt,0.000000,0.683999,0.535031
int8pt,0.000000,0.684334,0.535013
int8pt,0.000000,0.684670,0.534912
int8pt,0.000000,0.685005,0.534843
int8pt,0.000000,0.685340,0.534773
int8pt,0.000000,0.685676,0.534557
int8pt,0.000000,0.686011,0.534410
int8pt,0.000000,0.686347,0.534350
int8pt,0.000000,0.686682,0.534184
int8pt,0.000000,0.687018,0.534146
int8pt,0.000000,0.687353,0.534015
int8pt,0.000000,0.687689,0.534011
int8pt,0.000000,0.688024,0.534005
int8pt,0.000000,0.688360,0.533782
int8pt,0.000000,0.688695,0.533778
int8pt,0.000000,0.689031,0.533719
int8pt,0.000000,0.689366,0.533604
int8pt,0.000000,0.689701,0.533601
int8pt,0.000000,0.690037,0.533370
int8pt,0.000000,0.690372,0.533303
int8pt,0.000000,0.690708,0.533263
int8pt,0.000000,0.691043,0.533249
int8pt,0.000000,0.691379,0.533182
int8pt,0.000000,0.691714,0.533075
int8pt,0.000000,0.692050,0.532957
int8pt,0.000000,0.692385,0.532787
int8pt,0.000000,0.692721,0.532781
int8pt,0.000000,0.693056,0.532740
int8pt,0.000000,0.693391,0.532668
int8pt,0.000000,0.693727,0.532636
int8pt,0.000000,0.694062,0.532593
int8pt,0.000000,0.694398,0.532408
int8pt,0.000000,0.694733,0.532211
int8pt,0.000000,0.695069,0.532146
int8pt,0.000000,0.695404,0.531987
int8pt,0.000000,0.695740,0.531880
int8pt,0.000000,0.696075,0.531859
int8pt,0.000000,0.696411,0.531761
int8pt,0.000000,0.696746,0.531760
int8pt,0.000000,0.697082,0.531751
int8pt,0.000000,0.697417,0.531698
int8pt,0.000000,0.697752,0.531658
int8pt,0.000000,0.698088,0.531388
int8pt,0.000000,0.698423,0.531313
int8pt,0.000000,0.698759,0.531257
int8pt,0.000000,0.699094,0.531231
int8pt,0.000000,0.699430,0.531073
int8pt,0.000000,0.699765,0.531046
int8pt,0.000000,0.700101,0.530966
int8pt,0.000000,0.700436,0.530763
int8pt,0.000000,0.700772,0.530537
int8pt,0.000000,0.701107,0.530510
int8pt,0.000000,0.701442,0.530508
int8pt,0.000000,0.701778,0.530463
int8pt,0.000000,0.702113,0.530286
int8pt,0.000000,0.702449,0.530117
int8pt,0.000000,0.702784,0.530055
int8pt,0.000000,0.703120,0.530030
int8pt,0.000000,0.703455,0.529995
int8pt,0.000000,0.703791,0.529845
int8pt,0.000000,0.704126,0.529815
int8pt,0.000000,0.704462,0.529695
int8pt,0.000000,0.704797,0.529604
int8pt,0.000000,0.705133,0.529530
int8pt,0.000000,0.705468,0.529499
int8pt,0.000000,0.705803,0.529480
int8pt,0.000000,0.706139,0.529140
int8pt,0.000000,0.706474,0.529113
int8pt,0.000000,0.706810,0.529032
int8pt,0.000000,0.707145,0.529002
int8pt,0.000000,0.707481,0.528910
int8pt,0.000000,0.707816,0.528847
int8pt,0.000000,0.708152,0.528719
int8pt,0.000000,0.708487,0.528689
int8pt,0.000000,0.708823,0.528586
int8pt,0.000000,0.709158,0.528584
int8pt,0.000000,0.709493,0.528530
int8pt,0.000000,0.709829,0.528501
int8pt,0.000000,0.710164,0.528498
int8pt,0.000000,0.710500,0.528436
int8pt,0.000000,0.710835,0.528429
int8pt,0.000000,0.711171,0.528250
int8pt,0.000000,0.711506,0.528224
int8pt,0.000000,0.711842,0.528135
int8pt,0.000000,0.712177,0.528126
int8pt,0.000000,0.712513,0.528118
int8pt,0.000000,0.712848,0.527900
int8pt,0.000000,0.713183,0.527881
int8pt,0.000000,0.713519,0.527840
int8pt,0.000000,0.713854,0.527714
int8pt,0.000000,0.714190,0.527697
int8pt,0.000000,0.714525,0.527612
int8pt,0.000000,0.714861,0.527608
int8pt,0.000000,0.715196,0.527384
int8pt,0.000000,0.715532,0.527255
int8pt,0.000000,0.715867,0.527177
int8pt,0.000000,0.716203,0.527104
int8pt,0.000000,0.716538,0.527101
int8pt,0.000000,0.716874,0.526917
int8pt,0.000000,0.717209,0.526631
int8pt,0.000000,0.717544,0.526483
int8pt,0.000000,0.717880,0.526432
int8pt,0.000000,0.718215,0.526399
int8pt,0.000000,0.718551,0.526052
int8pt,0.000000,0.718886,0.525607
int8pt,0.000000,0.719222,0.525540
int8pt,0.000000,0.719557,0.525441
int8pt,0.000000,0.719893,0.525334
int8pt,0.000000,0.720228,0.525318
int8pt,0.000000,0.720564,0.525218
int8pt,0.000000,0.720899,0.525203
int8pt,0.000000,0.721234,0.525070
int8pt,0.000000,0.721570,0.525008
int8pt,0.000000,0.721905,0.524829
int8pt,0.000000,0.722241,0.524820
int8pt,0.000000,0.722576,0.524712
int8pt,0.000000,0.722912,0.524668
int8pt,0.000000,0.723247,0.524576
int8pt,0.000000,0.723583,0.524539
int8pt,0.000000,0.723918,0.524380
int8pt,0.000000,0.724254,0.524323
int8pt,0.000000,0.724589,0.524106
int8pt,0.000000,0.724925,0.523842
int8pt,0.000000,0.725260,0.523833
int8pt,0.000000,0.725595,0.523556
int8pt,0.000000,0.725931,0.523459
int8pt,0.000000,0.726266,0.523304
int8pt,0.000000,0.726602,0.523165
int8pt,0.000000,0.726937,0.523111
int8pt,0.000000,0.727273,0.523067
int8pt,0.000000,0.727608,0.523008
int8pt,0.000000,0.727944,0.522958
int8pt,0.000000,0.728279,0.522613
int8pt,0.000000,0.728615,0.522567
int8pt,0.000000,0.728950,0.522529
int8pt,0.000000,0.729285,0.522393
int8pt,0.000000,0.729621,0.522277
int8pt,0.000000,0.729956,0.522226
int8pt,0.000000,0.730292,0.522160
int8pt,0.000000,0.730627,0.522049
int8pt,0.000000,0.730963,0.522004
int8pt,0.000000,0.731298,0.521843
int8pt,0.000000,0.731634,0.521797
int8pt,0.000000,0.731969,0.521674
int8pt,0.000000,0.732305,0.521436
int8pt,0.000000,0.732640,0.521179
int8pt,0.000000,0.732976,0.521174
int8pt,0.000000,0.733311,0.520872
int8pt,0.000000,0.733646,0.520806
int8pt,0.000000,0.733982,0.520731
int8pt,0.000000,0.734317,0.520725
int8pt,0.000000,0.734653,0.520674
int8pt,0.000000,0.734988,0.520482
int8pt,0.000000,0.735324,0.520368
int8pt,0.000000,0.735659,0.520291
int8pt,0.000000,0.735995,0.520161
int8pt,0.000000,0.736330,0.520050
int8pt,0.000000,0.736666,0.520036
int8pt,0.000000,0.737001,0.519958
int8pt,0.000000,0.737336,0.519949
int8pt,0.000000,0.737672,0.519851
int8pt,0.000000,0.738007,0.519776
int8pt,0.000000,0.738343,0.519768
int8pt,0.000000,0.738678,0.519661
int8pt,0.000000,0.739014,0.519549
int8pt,0.000000,0.739349,0.519429
int8pt,0.000000,0.739685,0.519353
int8pt,0.000000,0.740020,0.519207
int8pt,0.000000,0.740356,0.518964
int8pt,0.000000,0.740691,0.518716
int8pt,0.000000,0.741027,0.518603
int8pt,0.000000,0.741362,0.518248
int8pt,0.000000,0.741697,0.518225
int8pt,0.000000,0.742033,0.518049
int8pt,0.000000,0.742368,0.517837
int8pt,0.000000,0.742704,0.517704
int8pt,0.000000,0.743039,0.517506
int8pt,0.000000,0.743375,0.517478
int8pt,0.000000,0.743710,0.517440
int8pt,0.000000,0.744046,0.517438
int8pt,0.000000,0.744381,0.517296
int8pt,0.000000,0.744717,0.516983
int8pt,0.000000,0.745052,0.516660
int8pt,0.000000,0.745387,0.516640
int8pt,0.000000,0.745723,0.516486
int8pt,0.000000,0.746058,0.516313
int8pt,0.000000,0.746394,0.516228
int8pt,0.000000,0.746729,0.516213
int8pt,0.000000,0.747065,0.516188
int8pt,0.000000,0.747400,0.515971
int8pt,0.000000,0.747736,0.515934
int8pt,0.000000,0.748071,0.515476
int8pt,0.000000,0.748407,0.515438
int8pt,0.000000,0.748742,0.515270
int8pt,0.000000,0.749077,0.515223
int8pt,0.000000,0.749413,0.515203
int8pt,0.000000,0.749748,0.515091
int8pt,0.000000,0.750084,0.514889
int8pt,0.000000,0.750419,0.514752
int8pt,0.000000,0.750755,0.514642
int8pt,0.000000,0.751090,0.514641
int8pt,0.000000,0.751426,0.514591
int8pt,0.000000,0.751761,0.514580
int8pt,0.000000,0.752097,0.514528
int8pt,0.000000,0.752432,0.514520
int8pt,0.000000,0.752768,0.514516
int8pt,0.000000,0.753103,0.514371
int8pt,0.000000,0.753438,0.514305
int8pt,0.000000,0.753774,0.514016
int8pt,0.000000,0.754109,0.513612
int8pt,0.000000,0.754445,0.513500
int8pt,0.000000,0.754780,0.513218
int8pt,0.000000,0.755116,0.513121
int8pt,0.000000,0.755451,0.512927
int8pt,0.000000,0.755787,0.512844
int8pt,0.000000,0.756122,0.512839
int8pt,0.000000,0.756458,0.512755
int8pt,0.000000,0.756793,0.512464
int8pt,0.000000,0.757128,0.512371
int8pt,0.000000,0.757464,0.512346
int8pt,0.000000,0.757799,0.512340
int8pt,0.000000,0.758135,0.512278
int8pt,0.000000,0.758470,0.512208
int8pt,0.000000,0.758806,0.512144
int8pt,0.000000,0.759141,0.512103
int8pt,0.000000,0.759477,0.512052
int8pt,0.000000,0.759812,0.511879
int8pt,0.000000,0.760148,0.511863
int8pt,0.000000,0.760483,0.511603
int8pt,0.000000,0.760819,0.511563
int8pt,0.000000,0.761154,0.511387
int8pt,0.000000,0.761489,0.511331
int8pt,0.000000,0.761825,0.511297
int8pt,0.000000,0.762160,0.511212
int8pt,0.000000,0.762496,0.511116
int8pt,0.000000,0.762831,0.511069
int8pt,0.000000,0.763167,0.510875
int8pt,0.000000,0.763502,0.510673
int8pt,0.000000,0.763838,0.510527
int8pt,0.000000,0.764173,0.510504
int8pt,0.000000,0.764509,0.510446
int8pt,0.000000,0.764844,0.510383
int8pt,0.000000,0.765179,0.510168
int8pt,0.000000,0.765515,0.510041
int8pt,0.000000,0.765850,0.509958
int8pt,0.000000,0.766186,0.509859
int8pt,0.000000,0.766521,0.509809
int8pt,0.000000,0.766857,0.509453
int8pt,0.000000,0.767192,0.509421
int8pt,0.000000,0.767528,0.509259
int8pt,0.000000,0.767863,0.509214
int8pt,0.000000,0.768199,0.509167
int8pt,0.000000,0.768534,0.509039
int8pt,0.000000,0.768870,0.509000
int8pt,0.000000,0.769205,0.509000
int8pt,0.000000,0.769540,0.508643
int8pt,0.000000,0.769876,0.508238
int8pt,0.000000,0.770211,0.508196
int8pt,0.000000,0.770547,0.508167
int8pt,0.000000,0.770882,0.507925
int8pt,0.000000,0.771218,0.507761
int8pt,0.000000,0.771553,0.507610
int8pt,0.000000,0.771889,0.507287
int8pt,0.000000,0.772224,0.507280
int8pt,0.000000,0.772560,0.507265
int8pt,0.000000,0.772895,0.507201
int8pt,0.000000,0.773230,0.507147
int8pt,0.000000,0.773566,0.506841
int8pt,0.000000,0.773901,0.506705
int8pt,0.000000,0.774237,0.506582
int8pt,0.000000,0.774572,0.506258
int8pt,0.000000,0.774908,0.506120
int8pt,0.000000,0.775243,0.506038
int8pt,0.000000,0.775579,0.505711
int8pt,0.000000,0.775914,0.505662
int8pt,0.000000,0.776250,0.505539
int8pt,0.000000,0.776585,0.505411
int8pt,0.000000,0.776920,0.505368
int8pt,0.000000,0.777256,0.505111
int8pt,0.000000,0.777591,0.505081
int8pt,0.000000,0.777927,0.504941
int8pt,0.000000,0.778262,0.504846
int8pt,0.000000,0.778598,0.504716
int8pt,0.000000,0.778933,0.504689
int8pt,0.000000,0.779269,0.504521
int8pt,0.000000,0.779604,0.504425
int8pt,0.000000,0.779940,0.504354
int8pt,0.000000,0.780275,0.503855
int8pt,0.000000,0.780611,0.503810
int8pt,0.000000,0.780946,0.503787
int8pt,0.000000,0.781281,0.503652
int8pt,0.000000,0.781617,0.502866
int8pt,0.000000,0.781952,0.502646
int8pt,0.000000,0.782288,0.502646
int8pt,0.000000,0.782623,0.502572
int8pt,0.000000,0.782959,0.502547
int8pt,0.000000,0.783294,0.502343
int8pt,0.000000,0.783630,0.502272
int8pt,0.000000,0.783965,0.502267
int8pt,0.000000,0.784301,0.501410
int8pt,0.000000,0.784636,0.501251
int8pt,0.000000,0.784971,0.500949
int8pt,0.000000,0.785307,0.500727
int8pt,0.000000,0.785642,0.500346
int8pt,0.000000,0.785978,0.500209
int8pt,0.000000,0.786313,0.499939
int8pt,0.000000,0.786649,0.499742
int8pt,0.000000,0.786984,0.499714
int8pt,0.000000,0.787320,0.499655
int8pt,0.000000,0.787655,0.499507
int8pt,0.000000,0.787991,0.499332
int8pt,0.000000,0.788326,0.499315
int8pt,0.000000,0.788662,0.499232
int8pt,0.000000,0.788997,0.499220
int8pt,0.000000,0.789332,0.498883
int8pt,0.000000,0.789668,0.498880
int8pt,0.000000,0.790003,0.498361
int8pt,0.000000,0.790339,0.498346
int8pt,0.000000,0.790674,0.498147
int8pt,0.000000,0.791010,0.498119
int8pt,0.000000,0.791345,0.498072
int8pt,0.000000,0.791681,0.497577
int8pt,0.000000,0.792016,0.497553
int8pt,0.000000,0.792352,0.497407
int8pt,0.000000,0.792687,0.497353
int8pt,0.000000,0.793022,0.497206
int8pt,0.000000,0.793358,0.497164
int8pt,0.000000,0.793693,0.496907
int8pt,0.000000,0.794029,0.496887
int8pt,0.000000,0.794364,0.496499
int8pt,0.000000,0.794700,0.496237
int8pt,0.000000,0.795035,0.496152
int8pt,0.000000,0.795371,0.495829
int8pt,0.000000,0.795706,0.495729
int8pt,0.000000,0.796042,0.495720
int8pt,0.000000,0.796377,0.495653
int8pt,0.000000,0.796713,0.495495
int8pt,0.000000,0.797048,0.495470
int8pt,0.000000,0.797383,0.495229
int8pt,0.000000,0.797719,0.495117
int8pt,0.000000,0.798054,0.494587
int8pt,0.000000,0.798390,0.494445
int8pt,0.000000,0.798725,0.493901
int8pt,0.000000,0.799061,0.493739
int8pt,0.000000,0.799396,0.493622
int8pt,0.000000,0.799732,0.493354
int8pt,0.000000,0.800067,0.493317
int8pt,0.000000,0.800403,0.493191
int8pt,0.000000,0.800738,0.493121
int8pt,0.000000,0.801073,0.492916
int8pt,0.000000,0.801409,0.492911
int8pt,0.000000,0.801744,0.492850
int8pt,0.000000,0.802080,0.492839
int8pt,0.000000,0.802415,0.492749
int8pt,0.000000,0.802751,0.492723
int8pt,0.000000,0.803086,0.492485
int8pt,0.000000,0.803422,0.492364
int8pt,0.000000,0.803757,0.492331
int8pt,0.000000,0.804093,0.492283
int8pt,0.000000,0.804428,0.492053
int8pt,0.000000,0.804764,0.491944
int8pt,0.000000,0.805099,0.491870
int8pt,0.000000,0.805434,0.491681
int8pt,0.000000,0.805770,0.491679
int8pt,0.000000,0.806105,0.491567
int8pt,0.000000,0.806441,0.491452
int8pt,0.000000,0.806776,0.490982
int8pt,0.000000,0.807112,0.490921
int8pt,0.000000,0.807447,0.490877
int8pt,0.000000,0.807783,0.490667
int8pt,0.000000,0.808118,0.490666
int8pt,0.000000,0.808454,0.490625
int8pt,0.000000,0.808789,0.490446
int8pt,0.000000,0.809124,0.490404
int8pt,0.000000,0.809460,0.490280
int8pt,0.000000,0.809795,0.490262
int8pt,0.000000,0.810131,0.490229
int8pt,0.000000,0.810466,0.490227
int8pt,0.000000,0.810802,0.489604
int8pt,0.000000,0.811137,0.489577
int8pt,0.000000,0.811473,0.489296
int8pt,0.000000,0.811808,0.489057
int8pt,0.000000,0.812144,0.488761
int8pt,0.000000,0.812479,0.488667
int8pt,0.000000,0.812814,0.488538
int8pt,0.000000,0.813150,0.488440
int8pt,0.000000,0.813485,0.488302
int8pt,0.000000,0.813821,0.488220
int8pt,0.000000,0.814156,0.488136
int8pt,0.000000,0.814492,0.488008
int8pt,0.000000,0.814827,0.487116
int8pt,0.000000,0.815163,0.486974
int8pt,0.000000,0.815498,0.486933
int8pt,0.000000,0.815834,0.486530
int8pt,0.000000,0.816169,0.486511
int8pt,0.000000,0.816505,0.486208
int8pt,0.000000,0.816840,0.486181
int8pt,0.000000,0.817175,0.486085
int8pt,0.000000,0.817511,0.485923
int8pt,0.000000,0.817846,0.485895
int8pt,0.000000,0.818182,0.485746
int8pt,0.000000,0.818517,0.485303
int8pt,0.000000,0.818853,0.485108
int8pt,0.000000,0.819188,0.484898
int8pt,0.000000,0.819524,0.484885
int8pt,0.000000,0.819859,0.484837
int8pt,0.000000,0.820195,0.484811
int8pt,0.000000,0.820530,0.483999
int8pt,0.000000,0.820865,0.483966
int8pt,0.000000,0.821201,0.483833
int8pt,0.000000,0.821536,0.483822
int8pt,0.000000,0.821872,0.483582
int8pt,0.000000,0.822207,0.483495
int8pt,0.000000,0.822543,0.483489
int8pt,0.000000,0.822878,0.483271
int8pt,0.000000,0.823214,0.483125
int8pt,0.000000,0.823549,0.483114
int8pt,0.000000,0.823885,0.482642
int8pt,0.000000,0.824220,0.482462
int8pt,0.000000,0.824556,0.482446
int8pt,0.000000,0.824891,0.482371
int8pt,0.000000,0.825226,0.482310
int8pt,0.000000,0.825562,0.482175
int8pt,0.000000,0.825897,0.481875
int8pt,0.000000,0.826233,0.481856
int8pt,0.000000,0.826568,0.481750
int8pt,0.000000,0.826904,0.481678
int8pt,0.000000,0.827239,0.481638
int8pt,0.000000,0.827575,0.481538
int8pt,0.000000,0.827910,0.481514
int8pt,0.000000,0.828246,0.481210
int8pt,0.000000,0.828581,0.481125
int8pt,0.000000,0.828916,0.480701
int8pt,0.000000,0.829252,0.480265
int8pt,0.000000,0.829587,0.480182
int8pt,0.000000,0.829923,0.480177
int8pt,0.000000,0.830258,0.480174
int8pt,0.000000,0.830594,0.479619
int8pt,0.000000,0.830929,0.479617
int8pt,0.000000,0.831265,0.479137
int8pt,0.000000,0.831600,0.479104
int8pt,0.000000,0.831936,0.479081
int8pt,0.000000,0.832271,0.478963
int8pt,0.000000,0.832607,0.478939
int8pt,0.000000,0.832942,0.478678
int8pt,0.000000,0.833277,0.478618
int8pt,0.000000,0.833613,0.478481
int8pt,0.000000,0.833948,0.478470
int8pt,0.000000,0.834284,0.478360
int8pt,0.000000,0.834619,0.478172
int8pt,0.000000,0.834955,0.478088
int8pt,0.000000,0.835290,0.477970
int8pt,0.000000,0.835626,0.477620
int8pt,0.000000,0.835961,0.477508
int8pt,0.000000,0.836297,0.477390
int8pt,0.000000,0.836632,0.477181
int8pt,0.000000,0.836967,0.477179
int8pt,0.000000,0.837303,0.476950
int8pt,0.000000,0.837638,0.476651
int8pt,0.000000,0.837974,0.476600
int8pt,0.000000,0.838309,0.476481
int8pt,0.000000,0.838645,0.476262
int8pt,0.000000,0.838980,0.476257
int8pt,0.000000,0.839316,0.476222
int8pt,0.000000,0.839651,0.476187
int8pt,0.000000,0.839987,0.476001
int8pt,0.000000,0.840322,0.475714
int8pt,0.000000,0.840657,0.475194
int8pt,0.000000,0.840993,0.475043
int8pt,0.000000,0.841328,0.474867
int8pt,0.000000,0.841664,0.474601
int8pt,0.000000,0.841999,0.474516
int8pt,0.000000,0.842335,0.474482
int8pt,0.000000,0.842670,0.474322
int8pt,0.000000,0.843006,0.474277
int8pt,0.000000,0.843341,0.474198
int8pt,0.000000,0.843677,0.474017
int8pt,0.000000,0.844012,0.473838
int8pt,0.000000,0.844348,0.473666
int8pt,0.000000,0.844683,0.473659
int8pt,0.000000,0.845018,0.473573
int8pt,0.000000,0.845354,0.472932
int8pt,0.000000,0.845689,0.472844
int8pt,0.000000,0.846025,0.472578
int8pt,0.000000,0.846360,0.472484
int8pt,0.000000,0.846696,0.472298
int8pt,0.000000,0.847031,0.472067
int8pt,0.000000,0.847367,0.472030
int8pt,0.000000,0.847702,0.471989
int8pt,0.000000,0.848038,0.471759
int8pt,0.000000,0.848373,0.471561
int8pt,0.000000,0.848708,0.471517
int8pt,0.000000,0.849044,0.471456
int8pt,0.000000,0.849379,0.471456
int8pt,0.000000,0.849715,0.470918
int8pt,0.000000,0.850050,0.470913
int8pt,0.000000,0.850386,0.470587
int8pt,0.000000,0.850721,0.470135
int8pt,0.000000,0.851057,0.469934
int8pt,0.000000,0.851392,0.469822
int8pt,0.000000,0.851728,0.469605
int8pt,0.000000,0.852063,0.469444
int8pt,0.000000,0.852399,0.469400
int8pt,0.000000,0.852734,0.469321
int8pt,0.000000,0.853069,0.469003
int8pt,0.000000,0.853405,0.468984
int8pt,0.000000,0.853740,0.468539
int8pt,0.000000,0.854076,0.468126
int8pt,0.000000,0.854411,0.468014
int8pt,0.000000,0.854747,0.467849
int8pt,0.000000,0.855082,0.467736
int8pt,0.000000,0.855418,0.467575
int8pt,0.000000,0.855753,0.467313
int8pt,0.000000,0.856089,0.467310
int8pt,0.000000,0.856424,0.466742
int8pt,0.000000,0.856759,0.466497
int8pt,0.000000,0.857095,0.466478
int8pt,0.000000,0.857430,0.466298
int8pt,0.000000,0.857766,0.466224
int8pt,0.000000,0.858101,0.466134
int8pt,0.000000,0.858437,0.466021
int8pt,0.000000,0.858772,0.465541
int8pt,0.000000,0.859108,0.465517
int8pt,0.000000,0.859443,0.465225
int8pt,0.000000,0.859779,0.465151
int8pt,0.000000,0.860114,0.465125
int8pt,0.000000,0.860450,0.464936
int8pt,0.000000,0.860785,0.464879
int8pt,0.000000,0.861120,0.464294
int8pt,0.000000,0.861456,0.464294
int8pt,0.000000,0.861791,0.464288
int8pt,0.000000,0.862127,0.464036
int8pt,0.000000,0.862462,0.463988
int8pt,0.000000,0.862798,0.463939
int8pt,0.000000,0.863133,0.463508
int8pt,0.000000,0.863469,0.463407
int8pt,0.000000,0.863804,0.463359
int8pt,0.000000,0.864140,0.463280
int8pt,0.000000,0.864475,0.462919
int8pt,0.000000,0.864810,0.462889
int8pt,0.000000,0.865146,0.462857
int8pt,0.000000,0.865481,0.462725
int8pt,0.000000,0.865817,0.462545
int8pt,0.000000,0.866152,0.461966
int8pt,0.000000,0.866488,0.461702
int8pt,0.000000,0.866823,0.461599
int8pt,0.000000,0.867159,0.461502
int8pt,0.000000,0.867494,0.461380
int8pt,0.000000,0.867830,0.461235
int8pt,0.000000,0.868165,0.461061
int8pt,0.000000,0.868501,0.460937
int8pt,0.000000,0.868836,0.460914
int8pt,0.000000,0.869171,0.460807
int8pt,0.000000,0.869507,0.460714
int8pt,0.000000,0.869842,0.460571
int8pt,0.000000,0.870178,0.460155
int8pt,0.000000,0.870513,0.460130
int8pt,0.000000,0.870849,0.459696
int8pt,0.000000,0.871184,0.459315
int8pt,0.000000,0.871520,0.459294
int8pt,0.000000,0.871855,0.459256
int8pt,0.000000,0.872191,0.459033
int8pt,0.000000,0.872526,0.457835
int8pt,0.000000,0.872861,0.457820
int8pt,0.000000,0.873197,0.457789
int8pt,0.000000,0.873532,0.457544
int8pt,0.000000,0.873868,0.457071
int8pt,0.000000,0.874203,0.456913
int8pt,0.000000,0.874539,0.456635
int8pt,0.000000,0.874874,0.456583
int8pt,0.000000,0.875210,0.456521
int8pt,0.000000,0.875545,0.455800
int8pt,0.000000,0.875881,0.455326
int8pt,0.000000,0.876216,0.455226
int8pt,0.000000,0.876551,0.455049
int8pt,0.000000,0.876887,0.454951
int8pt,0.000000,0.877222,0.454879
int8pt,0.000000,0.877558,0.454781
int8pt,0.000000,0.877893,0.454115
int8pt,0.000000,0.878229,0.453732
int8pt,0.000000,0.878564,0.453671
int8pt,0.000000,0.878900,0.453431
int8pt,0.000000,0.879235,0.453370
int8pt,0.000000,0.879571,0.453344
int8pt,0.000000,0.879906,0.453134
int8pt,0.000000,0.880242,0.452760
int8pt,0.000000,0.880577,0.452466
int8pt,0.000000,0.880912,0.452421
int8pt,0.000000,0.881248,0.450649
int8pt,0.000000,0.881583,0.450519
int8pt,0.000000,0.881919,0.450500
int8pt,0.000000,0.882254,0.450451
int8pt,0.000000,0.882590,0.450281
int8pt,0.000000,0.882925,0.449767
int8pt,0.000000,0.883261,0.449729
int8pt,0.000000,0.883596,0.449677
int8pt,0.000000,0.883932,0.449560
int8pt,0.000000,0.884267,0.449375
int8pt,0.000000,0.884602,0.449320
int8pt,0.000000,0.884938,0.448933
int8pt,0.000000,0.885273,0.448757
int8pt,0.000000,0.885609,0.448713
int8pt,0.000000,0.885944,0.448601
int8pt,0.000000,0.886280,0.448484
int8pt,0.000000,0.886615,0.448347
int8pt,0.000000,0.886951,0.448075
int8pt,0.000000,0.887286,0.447693
int8pt,0.000000,0.887622,0.447570
int8pt,0.000000,0.887957,0.447557
int8pt,0.000000,0.888293,0.447495
int8pt,0.000000,0.888628,0.446915
int8pt,0.000000,0.888963,0.446205
int8pt,0.000000,0.889299,0.445587
int8pt,0.000000,0.889634,0.445358
int8pt,0.000000,0.889970,0.445333
int8pt,0.000000,0.890305,0.445243
int8pt,0.000000,0.890641,0.444875
int8pt,0.000000,0.890976,0.444743
int8pt,0.000000,0.891312,0.444704
int8pt,0.000000,0.891647,0.444585
int8pt,0.000000,0.891983,0.444203
int8pt,0.000000,0.892318,0.443985
int8pt,0.000000,0.892653,0.443803
int8pt,0.000000,0.892989,0.443398
int8pt,0.000000,0.893324,0.443347
int8pt,0.000000,0.893660,0.442841
int8pt,0.000000,0.893995,0.442237
int8pt,0.000000,0.894331,0.441851
int8pt,0.000000,0.894666,0.441821
int8pt,0.000000,0.895002,0.441311
int8pt,0.000000,0.895337,0.441045
int8pt,0.000000,0.895673,0.440970
int8pt,0.000000,0.896008,0.440655
int8pt,0.000000,0.896344,0.440562
int8pt,0.000000,0.896679,0.440044
int8pt,0.000000,0.897014,0.439791
int8pt,0.000000,0.897350,0.439740
int8pt,0.000000,0.897685,0.439638
int8pt,0.000000,0.898021,0.439446
int8pt,0.000000,0.898356,0.439218
int8pt,0.000000,0.898692,0.439068
int8pt,0.000000,0.899027,0.438172
int8pt,0.000000,0.899363,0.438021
int8pt,0.000000,0.899698,0.437965
int8pt,0.000000,0.900034,0.437636
int8pt,0.000000,0.900369,0.437562
int8pt,0.000000,0.900704,0.437514
int8pt,0.000000,0.901040,0.437199
int8pt,0.000000,0.901375,0.436985
int8pt,0.000000,0.901711,0.436388
int8pt,0.000000,0.902046,0.436286
int8pt,0.000000,0.902382,0.436101
int8pt,0.000000,0.902717,0.435935
int8pt,0.000000,0.903053,0.435511
int8pt,0.000000,0.903388,0.435473
int8pt,0.000000,0.903724,0.434611
int8pt,0.000000,0.904059,0.434219
int8pt,0.000000,0.904394,0.433920
int8pt,0.000000,0.904730,0.433105
int8pt,0.000000,0.905065,0.432531
int8pt,0.000000,0.905401,0.432523
int8pt,0.000000,0.905736,0.432494
int8pt,0.000000,0.906072,0.432264
int8pt,0.000000,0.906407,0.432176
int8pt,0.000000,0.906743,0.431313
int8pt,0.000000,0.907078,0.431201
int8pt,0.000000,0.907414,0.430955
int8pt,0.000000,0.907749,0.430533
int8pt,0.000000,0.908085,0.429821
int8pt,0.000000,0.908420,0.429774
int8pt,0.000000,0.908755,0.429698
int8pt,0.000000,0.909091,0.429550
int8pt,0.000000,0.909426,0.429439
int8pt,0.000000,0.909762,0.429081
int8pt,0.000000,0.910097,0.428637
int8pt,0.000000,0.910433,0.428319
int8pt,0.000000,0.910768,0.428126
int8pt,0.000000,0.911104,0.427331
int8pt,0.000000,0.911439,0.427258
int8pt,0.000000,0.911775,0.427085
int8pt,0.000000,0.912110,0.426698
int8pt,0.000000,0.912445,0.426642
int8pt,0.000000,0.912781,0.426507
int8pt,0.000000,0.913116,0.426324
int8pt,0.000000,0.913452,0.425859
int8pt,0.000000,0.913787,0.425396
int8pt,0.000000,0.914123,0.425200
int8pt,0.000000,0.914458,0.424940
int8pt,0.000000,0.914794,0.424660
int8pt,0.000000,0.915129,0.424387
int8pt,0.000000,0.915465,0.424061
int8pt,0.000000,0.915800,0.424049
int8pt,0.000000,0.916136,0.423547
int8pt,0.000000,0.916471,0.423446
int8pt,0.000000,0.916806,0.422540
int8pt,0.000000,0.917142,0.422449
int8pt,0.000000,0.917477,0.421849
int8pt,0.000000,0.917813,0.421666
int8pt,0.000000,0.918148,0.421636
int8pt,0.000000,0.918484,0.421467
int8pt,0.000000,0.918819,0.421395
int8pt,0.000000,0.919155,0.421392
int8pt,0.000000,0.919490,0.421278
int8pt,0.000000,0.919826,0.420974
int8pt,0.000000,0.920161,0.420417
int8pt,0.000000,0.920496,0.419909
int8pt,0.000000,0.920832,0.419877
int8pt,0.000000,0.921167,0.419551
int8pt,0.000000,0.921503,0.418899
int8pt,0.000000,0.921838,0.418366
int8pt,0.000000,0.922174,0.418258
int8pt,0.000000,0.922509,0.417976
int8pt,0.000000,0.922845,0.417833
int8pt,0.000000,0.923180,0.417396
int8pt,0.000000,0.923516,0.417311
int8pt,0.000000,0.923851,0.416545
int8pt,0.000000,0.924187,0.416370
int8pt,0.000000,0.924522,0.416284
int8pt,0.000000,0.924857,0.416212
int8pt,0.000000,0.925193,0.415993
int8pt,0.000000,0.925528,0.415860
int8pt,0.000000,0.925864,0.415657
int8pt,0.000000,0.926199,0.415115
int8pt,0.000000,0.926535,0.414468
int8pt,0.000000,0.926870,0.413972
int8pt,0.000000,0.927206,0.413950
int8pt,0.000000,0.927541,0.413668
int8pt,0.000000,0.927877,0.412676
int8pt,0.000000,0.928212,0.412535
int8pt,0.000000,0.928547,0.412300
int8pt,0.000000,0.928883,0.411753
int8pt,0.000000,0.929218,0.411137
int8pt,0.000000,0.929554,0.410806
int8pt,0.000000,0.929889,0.410205
int8pt,0.000000,0.930225,0.409785
int8pt,0.000000,0.930560,0.409432
int8pt,0.000000,0.930896,0.408943
int8pt,0.000000,0.931231,0.408764
int8pt,0.000000,0.931567,0.408110
int8pt,0.000000,0.931902,0.408019
int8pt,0.000000,0.932238,0.407871
int8pt,0.000000,0.932573,0.406860
int8pt,0.000000,0.932908,0.405842
int8pt,0.000000,0.933244,0.405670
int8pt,0.000000,0.933579,0.405519
int8pt,0.000000,0.933915,0.404119
int8pt,0.000000,0.934250,0.403451
int8pt,0.000000,0.934586,0.403254
int8pt,0.000000,0.934921,0.402753
int8pt,0.000000,0.935257,0.402469
int8pt,0.000000,0.935592,0.402011
int8pt,0.000000,0.935928,0.401660
int8pt,0.000000,0.936263,0.401414
int8pt,0.000000,0.936598,0.401203
int8pt,0.000000,0.936934,0.400730
int8pt,0.000000,0.937269,0.400247
int8pt,0.000000,0.937605,0.400214
int8pt,0.000000,0.937940,0.399720
int8pt,0.000000,0.938276,0.399556
int8pt,0.000000,0.938611,0.399148
int8pt,0.000000,0.938947,0.398994
int8pt,0.000000,0.939282,0.398659
int8pt,0.000000,0.939618,0.398584
int8pt,0.000000,0.939953,0.397898
int8pt,0.000000,0.940288,0.397414
int8pt,0.000000,0.940624,0.396771
int8pt,0.000000,0.940959,0.396687
int8pt,0.000000,0.941295,0.396282
int8pt,0.000000,0.941630,0.396269
int8pt,0.000000,0.941966,0.395757
int8pt,0.000000,0.942301,0.395053
int8pt,0.000000,0.942637,0.394832
int8pt,0.000000,0.942972,0.394588
int8pt,0.000000,0.943308,0.393670
int8pt,0.000000,0.943643,0.393516
int8pt,0.000000,0.943979,0.393267
int8pt,0.000000,0.944314,0.392873
int8pt,0.000000,0.944649,0.392609
int8pt,0.000000,0.944985,0.392501
int8pt,0.000000,0.945320,0.392210
int8pt,0.000000,0.945656,0.391771
int8pt,0.000000,0.945991,0.391689
int8pt,0.000000,0.946327,0.391667
int8pt,0.000000,0.946662,0.390910
int8pt,0.000000,0.946998,0.390833
int8pt,0.000000,0.947333,0.390758
int8pt,0.000000,0.947669,0.390261
int8pt,0.000000,0.948004,0.389597
int8pt,0.000000,0.948339,0.388958
int8pt,0.000000,0.948675,0.388143
int8pt,0.000000,0.949010,0.387581
int8pt,0.000000,0.949346,0.387359
int8pt,0.000000,0.949681,0.387211
int8pt,0.000000,0.950017,0.387056
int8pt,0.000000,0.950352,0.386472
int8pt,0.000000,0.950688,0.386102
int8pt,0.000000,0.951023,0.386015
int8pt,0.000000,0.951359,0.385600
int8pt,0.000000,0.951694,0.385562
int8pt,0.000000,0.952030,0.385538
int8pt,0.000000,0.952365,0.385131
int8pt,0.000000,0.952700,0.384365
int8pt,0.000000,0.953036,0.384356
int8pt,0.000000,0.953371,0.384014
int8pt,0.000000,0.953707,0.383977
int8pt,0.000000,0.954042,0.383167
int8pt,0.000000,0.954378,0.383094
int8pt,0.000000,0.954713,0.382914
int8pt,0.000000,0.955049,0.381614
int8pt,0.000000,0.955384,0.381509
int8pt,0.000000,0.955720,0.381353
int8pt,0.000000,0.956055,0.380989
int8pt,0.000000,0.956390,0.380026
int8pt,0.000000,0.956726,0.379572
int8pt,0.000000,0.957061,0.379239
int8pt,0.000000,0.957397,0.379060
int8pt,0.000000,0.957732,0.378793
int8pt,0.000000,0.958068,0.377165
int8pt,0.000000,0.958403,0.376517
int8pt,0.000000,0.958739,0.376300
int8pt,0.000000,0.959074,0.375513
int8pt,0.000000,0.959410,0.374756
int8pt,0.000000,0.959745,0.373792
int8pt,0.000000,0.960081,0.373152
int8pt,0.000000,0.960416,0.372817
int8pt,0.000000,0.960751,0.372261
int8pt,0.000000,0.961087,0.371793
int8pt,0.000000,0.961422,0.371758
int8pt,0.000000,0.961758,0.370456
int8pt,0.000000,0.962093,0.369409
int8pt,0.000000,0.962429,0.368926
int8pt,0.000000,0.962764,0.368644
int8pt,0.000000,0.963100,0.367630
int8pt,0.000000,0.963435,0.367163
int8pt,0.000000,0.963771,0.367006
int8pt,0.000000,0.964106,0.366624
int8pt,0.000000,0.964441,0.366623
int8pt,0.000000,0.964777,0.366518
int8pt,0.000000,0.965112,0.366098
int8pt,0.000000,0.965448,0.365781
int8pt,0.000000,0.965783,0.363412
int8pt,0.000000,0.966119,0.362470
int8pt,0.000000,0.966454,0.362090
int8pt,0.000000,0.966790,0.361999
int8pt,0.000000,0.967125,0.361601
int8pt,0.000000,0.967461,0.360635
int8pt,0.000000,0.967796,0.360632
int8pt,0.000000,0.968131,0.359957
int8pt,0.000000,0.968467,0.359869
int8pt,0.000000,0.968802,0.359528
int8pt,0.000000,0.969138,0.358654
int8pt,0.000000,0.969473,0.357638
int8pt,0.000000,0.969809,0.357179
int8pt,0.000000,0.970144,0.356720
int8pt,0.000000,0.970480,0.356392
int8pt,0.000000,0.970815,0.355842
int8pt,0.000000,0.971151,0.355440
int8pt,0.000000,0.971486,0.354272
int8pt,0.000000,0.971822,0.353863
int8pt,0.000000,0.972157,0.353730
int8pt,0.000000,0.972492,0.352547
int8pt,0.000000,0.972828,0.352019
int8pt,0.000000,0.973163,0.350940
int8pt,0.000000,0.973499,0.350609
int8pt,0.000000,0.973834,0.350495
int8pt,0.000000,0.974170,0.349816
int8pt,0.000000,0.974505,0.348453
int8pt,0.000000,0.974841,0.348018
int8pt,0.000000,0.975176,0.347934
int8pt,0.000000,0.975512,0.347931
int8pt,0.000000,0.975847,0.346556
int8pt,0.000000,0.976182,0.346255
int8pt,0.000000,0.976518,0.346185
int8pt,0.000000,0.976853,0.344393
int8pt,0.000000,0.977189,0.343163
int8pt,0.000000,0.977524,0.342921
int8pt,0.000000,0.977860,0.342850
int8pt,0.000000,0.978195,0.342343
int8pt,0.000000,0.978531,0.341456
int8pt,0.000000,0.978866,0.341018
int8pt,0.000000,0.979202,0.339223
int8pt,0.000000,0.979537,0.338238
int8pt,0.000000,0.979873,0.336098
int8pt,0.000000,0.980208,0.334545
int8pt,0.000000,0.980543,0.334378
int8pt,0.000000,0.980879,0.334176
int8pt,0.000000,0.981214,0.333766
int8pt,0.000000,0.981550,0.333631
int8pt,0.000000,0.981885,0.333595
int8pt,0.000000,0.982221,0.332264
int8pt,0.000000,0.982556,0.330907
int8pt,0.000000,0.982892,0.330525
int8pt,0.000000,0.983227,0.327925
int8pt,0.000000,0.983563,0.327475
int8pt,0.000000,0.983898,0.326703
int8pt,0.000000,0.984233,0.323422
int8pt,0.000000,0.984569,0.320836
int8pt,0.000000,0.984904,0.319459
int8pt,0.000000,0.985240,0.316495
int8pt,0.000335,0.985240,0.315459
int8pt,0.000335,0.985575,0.313703
int8pt,0.000335,0.985911,0.313232
int8pt,0.000335,0.986246,0.309379
int8pt,0.000335,0.986582,0.308474
int8pt,0.000335,0.986917,0.308017
int8pt,0.000335,0.987253,0.302527
int8pt,0.000670,0.987253,0.302194
int8pt,0.000670,0.987588,0.297335
int8pt,0.000670,0.987924,0.296558
int8pt,0.000670,0.988259,0.290646
int8pt,0.000670,0.988594,0.281625
int8pt,0.000670,0.988930,0.279305
int8pt,0.001005,0.988930,0.277892
int8pt,0.001005,0.989265,0.275683
int8pt,0.001005,0.989601,0.273664
int8pt,0.001005,0.989936,0.269638
int8pt,0.001005,0.990272,0.268615
int8pt,0.001005,0.990607,0.265572
int8pt,0.001005,0.990943,0.264462
int8pt,0.001005,0.991278,0.263931
int8pt,0.001005,0.991614,0.261897
int8pt,0.001005,0.991949,0.260096
int8pt,0.001005,0.992284,0.259081
int8pt,0.001005,0.992620,0.258236
int8pt,0.001005,0.992955,0.254875
int8pt,0.001340,0.992955,0.254674
int8pt,0.001676,0.992955,0.251601
int8pt,0.001676,0.993291,0.249742
int8pt,0.001676,0.993626,0.242818
int8pt,0.001676,0.993962,0.238867
int8pt,0.001676,0.994297,0.238573
int8pt,0.001676,0.994633,0.230521
int8pt,0.002011,0.994633,0.226674
int8pt,0.002011,0.994968,0.222057
int8pt,0.002346,0.994968,0.219916
int8pt,0.002346,0.995304,0.219354
int8pt,0.002681,0.995304,0.218682
int8pt,0.003016,0.995304,0.217024
int8pt,0.003351,0.995304,0.216531
int8pt,0.003686,0.995304,0.210766
int8pt,0.003686,0.995639,0.210702
int8pt,0.004021,0.995639,0.209716
int8pt,0.004357,0.995639,0.208106
int8pt,0.004692,0.995639,0.206023
int8pt,0.004692,0.995975,0.204958
int8pt,0.005027,0.995975,0.203654
int8pt,0.005027,0.996310,0.200538
int8pt,0.005362,0.996310,0.200175
int8pt,0.005697,0.996310,0.199969
int8pt,0.006032,0.996310,0.199947
int8pt,0.006367,0.996310,0.196786
int8pt,0.006702,0.996310,0.196733
int8pt,0.007038,0.996310,0.195957
int8pt,0.007373,0.996310,0.192349
int8pt,0.007373,0.996645,0.191721
int8pt,0.007708,0.996645,0.190316
int8pt,0.008043,0.996645,0.187505
int8pt,0.008378,0.996645,0.185701
int8pt,0.008713,0.996645,0.185400
int8pt,0.009048,0.996645,0.184883
int8pt,0.009383,0.996645,0.184293
int8pt,0.009718,0.996645,0.184255
int8pt,0.010054,0.996645,0.183480
int8pt,0.010389,0.996645,0.183279
int8pt,0.010724,0.996645,0.181988
int8pt,0.011059,0.996645,0.180819
int8pt,0.011394,0.996645,0.180308
int8pt,0.011729,0.996645,0.180093
int8pt,0.012064,0.996645,0.179379
int8pt,0.012399,0.996645,0.178518
int8pt,0.012735,0.996645,0.177244
int8pt,0.013070,0.996645,0.176044
int8pt,0.013405,0.996645,0.175977
int8pt,0.013740,0.996645,0.174467
int8pt,0.014075,0.996645,0.174143
int8pt,0.014410,0.996645,0.173741
int8pt,0.014745,0.996645,0.172828
int8pt,0.015080,0.996645,0.172287
int8pt,0.015416,0.996645,0.169768
int8pt,0.015751,0.996645,0.167949
int8pt,0.016086,0.996645,0.167287
int8pt,0.016421,0.996645,0.167088
int8pt,0.016756,0.996645,0.165955
int8pt,0.016756,0.996981,0.164848
int8pt,0.017091,0.996981,0.164683
int8pt,0.017426,0.996981,0.162176
int8pt,0.017761,0.996981,0.161750
int8pt,0.018097,0.996981,0.160984
int8pt,0.018432,0.996981,0.160310
int8pt,0.018767,0.996981,0.160171
int8pt,0.019102,0.996981,0.158938
int8pt,0.019437,0.996981,0.158208
int8pt,0.019772,0.996981,0.157712
int8pt,0.020107,0.996981,0.157684
int8pt,0.020442,0.996981,0.157424
int8pt,0.020777,0.996981,0.156811
int8pt,0.021113,0.996981,0.156653
int8pt,0.021448,0.996981,0.156500
int8pt,0.021783,0.996981,0.155937
int8pt,0.022118,0.996981,0.155585
int8pt,0.022453,0.996981,0.155418
int8pt,0.022788,0.996981,0.154353
int8pt,0.023123,0.996981,0.153978
int8pt,0.023458,0.996981,0.153120
int8pt,0.023794,0.996981,0.152524
int8pt,0.024129,0.996981,0.152281
int8pt,0.024464,0.996981,0.150681
int8pt,0.024799,0.996981,0.150312
int8pt,0.025134,0.996981,0.150291
int8pt,0.025469,0.996981,0.149732
int8pt,0.025804,0.996981,0.149564
int8pt,0.026139,0.996981,0.149509
int8pt,0.026475,0.996981,0.149434
int8pt,0.026810,0.996981,0.149293
int8pt,0.027145,0.996981,0.149013
int8pt,0.027480,0.996981,0.148507
int8pt,0.027815,0.996981,0.148499
int8pt,0.028150,0.996981,0.148472
int8pt,0.028485,0.996981,0.148327
int8pt,0.028820,0.996981,0.148167
int8pt,0.029155,0.996981,0.148017
int8pt,0.029491,0.996981,0.147489
int8pt,0.029826,0.996981,0.147360
int8pt,0.030161,0.996981,0.147230
int8pt,0.030496,0.996981,0.147133
int8pt,0.030831,0.996981,0.147031
int8pt,0.031166,0.996981,0.146942
int8pt,0.031501,0.996981,0.146905
int8pt,0.031836,0.996981,0.146320
int8pt,0.032172,0.996981,0.145810
int8pt,0.032507,0.996981,0.145218
int8pt,0.032842,0.996981,0.144397
int8pt,0.032842,0.997316,0.143980
int8pt,0.033177,0.997316,0.143584
int8pt,0.033512,0.997316,0.143480
int8pt,0.033847,0.997316,0.143180
int8pt,0.034182,0.997316,0.142819
int8pt,0.034517,0.997316,0.142499
int8pt,0.034853,0.997316,0.142372
int8pt,0.035188,0.997316,0.141721
int8pt,0.035523,0.997316,0.141626
int8pt,0.035858,0.997316,0.141586
int8pt,0.036193,0.997316,0.141545
int8pt,0.036528,0.997316,0.140561
int8pt,0.036863,0.997316,0.140062
int8pt,0.037198,0.997316,0.139677
int8pt,0.037534,0.997316,0.139154
int8pt,0.037869,0.997316,0.139047
int8pt,0.038204,0.997316,0.138683
int8pt,0.038539,0.997316,0.138552
int8pt,0.038874,0.997316,0.138379
int8pt,0.039209,0.997316,0.138240
int8pt,0.039544,0.997316,0.138234
int8pt,0.039879,0.997316,0.138182
int8pt,0.040214,0.997316,0.136999
int8pt,0.040550,0.997316,0.136813
int8pt,0.040885,0.997316,0.135774
int8pt,0.041220,0.997316,0.135496
int8pt,0.041555,0.997316,0.135163
int8pt,0.041890,0.997316,0.135097
int8pt,0.042225,0.997316,0.134887
int8pt,0.042560,0.997316,0.134831
int8pt,0.042895,0.997316,0.134725
int8pt,0.043231,0.997316,0.134347
int8pt,0.043566,0.997316,0.134263
int8pt,0.043901,0.997316,0.133758
int8pt,0.044236,0.997316,0.133733
int8pt,0.044571,0.997316,0.132799
int8pt,0.044906,0.997316,0.132798
int8pt,0.045241,0.997316,0.132728
int8pt,0.045576,0.997316,0.132269
int8pt,0.045912,0.997316,0.132260
int8pt,0.046247,0.997316,0.132067
int8pt,0.046582,0.997316,0.131976
int8pt,0.046917,0.997316,0.131970
int8pt,0.047252,0.997316,0.131530
int8pt,0.047587,0.997316,0.131488
int8pt,0.047922,0.997316,0.130578
int8pt,0.048257,0.997316,0.130366
int8pt,0.048592,0.997316,0.130229
int8pt,0.048928,0.997316,0.130101
int8pt,0.049263,0.997316,0.129679
int8pt,0.049598,0.997316,0.129311
int8pt,0.049933,0.997316,0.128913
int8pt,0.050268,0.997316,0.128781
int8pt,0.050603,0.997316,0.128613
int8pt,0.050938,0.997316,0.128432
int8pt,0.051273,0.997316,0.128246
int8pt,0.051609,0.997316,0.128191
int8pt,0.051944,0.997316,0.127964
int8pt,0.052279,0.997316,0.127852
int8pt,0.052614,0.997316,0.127725
int8pt,0.052949,0.997316,0.127350
int8pt,0.053284,0.997316,0.127312
int8pt,0.053619,0.997316,0.127037
int8pt,0.053954,0.997316,0.126691
int8pt,0.054290,0.997316,0.126121
int8pt,0.054625,0.997316,0.126076
int8pt,0.054960,0.997316,0.125688
int8pt,0.055295,0.997316,0.125675
int8pt,0.055630,0.997316,0.125453
int8pt,0.055965,0.997316,0.125400
int8pt,0.056300,0.997316,0.125348
int8pt,0.056635,0.997316,0.125079
int8pt,0.056971,0.997316,0.125053
int8pt,0.057306,0.997316,0.124564
int8pt,0.057641,0.997316,0.124557
int8pt,0.057976,0.997316,0.124508
int8pt,0.058311,0.997316,0.124495
int8pt,0.058646,0.997316,0.124397
int8pt,0.058981,0.997316,0.124242
int8pt,0.059316,0.997316,0.123982
int8pt,0.059651,0.997316,0.123924
int8pt,0.059987,0.997316,0.123649
int8pt,0.060322,0.997316,0.123498
int8pt,0.060657,0.997316,0.123498
int8pt,0.060992,0.997316,0.123417
int8pt,0.061327,0.997316,0.123261
int8pt,0.061662,0.997316,0.123024
int8pt,0.061997,0.997316,0.122986
int8pt,0.062332,0.997316,0.122691
int8pt,0.062668,0.997316,0.122569
int8pt,0.063003,0.997316,0.122368
int8pt,0.063338,0.997316,0.122245
int8pt,0.063673,0.997316,0.121944
int8pt,0.064008,0.997316,0.121927
int8pt,0.064343,0.997316,0.121885
int8pt,0.064678,0.997316,0.121845
int8pt,0.065013,0.997316,0.121506
int8pt,0.065349,0.997316,0.121470
int8pt,0.065684,0.997316,0.121301
int8pt,0.066019,0.997316,0.121252
int8pt,0.066354,0.997316,0.121232
int8pt,0.066689,0.997316,0.120761
int8pt,0.067024,0.997316,0.120613
int8pt,0.067359,0.997316,0.120602
int8pt,0.067694,0.997316,0.120588
int8pt,0.068029,0.997316,0.120403
int8pt,0.068365,0.997316,0.120314
int8pt,0.068700,0.997316,0.119897
int8pt,0.069035,0.997316,0.119670
int8pt,0.069370,0.997316,0.119661
int8pt,0.069705,0.997316,0.119647
int8pt,0.069705,0.997652,0.119611
int8pt,0.070040,0.997652,0.119223
int8pt,0.070375,0.997652,0.119214
int8pt,0.070710,0.997652,0.119145
int8pt,0.071046,0.997652,0.119118
int8pt,0.071381,0.997652,0.118277
int8pt,0.071716,0.997652,0.117789
int8pt,0.072051,0.997652,0.117776
int8pt,0.072386,0.997652,0.117453
int8pt,0.072721,0.997652,0.117423
int8pt,0.073056,0.997652,0.116927
int8pt,0.073391,0.997652,0.116647
int8pt,0.073727,0.997652,0.116596
int8pt,0.074062,0.997652,0.116300
int8pt,0.074397,0.997652,0.116120
int8pt,0.074732,0.997652,0.115961
int8pt,0.075067,0.997652,0.115929
int8pt,0.075402,0.997652,0.115605
int8pt,0.075737,0.997652,0.115567
int8pt,0.076072,0.997652,0.115310
int8pt,0.076408,0.997652,0.115214
int8pt,0.076743,0.997652,0.115202
int8pt,0.077078,0.997652,0.114958
int8pt,0.077413,0.997652,0.114250
int8pt,0.077748,0.997652,0.114232
int8pt,0.078083,0.997652,0.113846
int8pt,0.078418,0.997652,0.113749
int8pt,0.078753,0.997652,0.113606
int8pt,0.079088,0.997652,0.113357
int8pt,0.079424,0.997652,0.113189
int8pt,0.079759,0.997652,0.113159
int8pt,0.080094,0.997652,0.113142
int8pt,0.080429,0.997652,0.113082
int8pt,0.080764,0.997652,0.113006
int8pt,0.081099,0.997652,0.112725
int8pt,0.081434,0.997652,0.112697
int8pt,0.081769,0.997652,0.112668
int8pt,0.082105,0.997652,0.112529
int8pt,0.082440,0.997652,0.112481
int8pt,0.082775,0.997652,0.112408
int8pt,0.083110,0.997652,0.112317
int8pt,0.083445,0.997652,0.112049
int8pt,0.083780,0.997652,0.111877
int8pt,0.084115,0.997652,0.111802
int8pt,0.084450,0.997652,0.111717
int8pt,0.084786,0.997652,0.111568
int8pt,0.085121,0.997652,0.111331
int8pt,0.085456,0.997652,0.111209
int8pt,0.085791,0.997652,0.111192
int8pt,0.086126,0.997652,0.111072
int8pt,0.086461,0.997652,0.110980
int8pt,0.086796,0.997652,0.110892
int8pt,0.087131,0.997652,0.110754
int8pt,0.087466,0.997652,0.110669
int8pt,0.087802,0.997652,0.110589
int8pt,0.088137,0.997652,0.110524
int8pt,0.088472,0.997652,0.110413
int8pt,0.088807,0.997652,0.110393
int8pt,0.089142,0.997652,0.110057
int8pt,0.089477,0.997652,0.109972
int8pt,0.089812,0.997652,0.109952
int8pt,0.090147,0.997652,0.109782
int8pt,0.090483,0.997652,0.108980
int8pt,0.090818,0.997652,0.108855
int8pt,0.091153,0.997652,0.108796
int8pt,0.091488,0.997652,0.108760
int8pt,0.091823,0.997652,0.108720
int8pt,0.092158,0.997652,0.108635
int8pt,0.092493,0.997652,0.108595
int8pt,0.092828,0.997652,0.108589
int8pt,0.093164,0.997652,0.108542
int8pt,0.093499,0.997652,0.108441
int8pt,0.093834,0.997652,0.108320
int8pt,0.094169,0.997652,0.108313
int8pt,0.094504,0.997652,0.108268
int8pt,0.094839,0.997652,0.108249
int8pt,0.095174,0.997652,0.108227
int8pt,0.095509,0.997652,0.107771
int8pt,0.095845,0.997652,0.107587
int8pt,0.096180,0.997652,0.107175
int8pt,0.096515,0.997652,0.106887
int8pt,0.096850,0.997652,0.106758
int8pt,0.097185,0.997652,0.106605
int8pt,0.097520,0.997652,0.106359
int8pt,0.097855,0.997652,0.106327
int8pt,0.098190,0.997652,0.106197
int8pt,0.098525,0.997652,0.106135
int8pt,0.098861,0.997652,0.105165
int8pt,0.099196,0.997652,0.105079
int8pt,0.099531,0.997652,0.104985
int8pt,0.099866,0.997652,0.104882
int8pt,0.100201,0.997652,0.104783
int8pt,0.100536,0.997652,0.104293
int8pt,0.100871,0.997652,0.104167
int8pt,0.101206,0.997652,0.104124
int8pt,0.101542,0.997652,0.103671
int8pt,0.101877,0.997652,0.103338
int8pt,0.102212,0.997652,0.103260
int8pt,0.102547,0.997652,0.103008
int8pt,0.102882,0.997652,0.102943
int8pt,0.103217,0.997652,0.102899
int8pt,0.103552,0.997652,0.102887
int8pt,0.103887,0.997652,0.102693
int8pt,0.104223,0.997652,0.102586
int8pt,0.104558,0.997652,0.102499
int8pt,0.104893,0.997652,0.102476
int8pt,0.105228,0.997652,0.102456
int8pt,0.105563,0.997652,0.102397
int8pt,0.105898,0.997652,0.102207
int8pt,0.106233,0.997652,0.102118
int8pt,0.106568,0.997652,0.101988
int8pt,0.106903,0.997652,0.101983
int8pt,0.107239,0.997652,0.101783
int8pt,0.107574,0.997652,0.101781
int8pt,0.107909,0.997652,0.101778
int8pt,0.108244,0.997652,0.101736
int8pt,0.108579,0.997652,0.101557
int8pt,0.108914,0.997652,0.101349
int8pt,0.109249,0.997652,0.101294
int8pt,0.109584,0.997652,0.101273
int8pt,0.109920,0.997652,0.101192
int8pt,0.110255,0.997652,0.101103
int8pt,0.110590,0.997652,0.100917
int8pt,0.110925,0.997652,0.100875
int8pt,0.111260,0.997652,0.100731
int8pt,0.111595,0.997652,0.100382
int8pt,0.111930,0.997652,0.100266
int8pt,0.112265,0.997652,0.100213
int8pt,0.112601,0.997652,0.100148
int8pt,0.112936,0.997652,0.100107
int8pt,0.113271,0.997652,0.099984
int8pt,0.113606,0.997652,0.099915
int8pt,0.113941,0.997652,0.099754
int8pt,0.114276,0.997652,0.099691
int8pt,0.114611,0.997652,0.099388
int8pt,0.114946,0.997652,0.099350
int8pt,0.115282,0.997652,0.099295
int8pt,0.115617,0.997652,0.099155
int8pt,0.115952,0.997652,0.099094
int8pt,0.116287,0.997652,0.098986
int8pt,0.116622,0.997652,0.098974
int8pt,0.116957,0.997652,0.098837
int8pt,0.117292,0.997652,0.098717
int8pt,0.117627,0.997652,0.098631
int8pt,0.117962,0.997652,0.098595
int8pt,0.118298,0.997652,0.098233
int8pt,0.118633,0.997652,0.097841
int8pt,0.118968,0.997652,0.097819
int8pt,0.119303,0.997652,0.097774
int8pt,0.119638,0.997652,0.097589
int8pt,0.119973,0.997652,0.097514
int8pt,0.120308,0.997652,0.097508
int8pt,0.120643,0.997652,0.097472
int8pt,0.120979,0.997652,0.097435
int8pt,0.121314,0.997652,0.097338
int8pt,0.121649,0.997652,0.097075
int8pt,0.121984,0.997652,0.096913
int8pt,0.122319,0.997652,0.096878
int8pt,0.122654,0.997652,0.096822
int8pt,0.122989,0.997652,0.096726
int8pt,0.123324,0.997652,0.096677
int8pt,0.123660,0.997652,0.096356
int8pt,0.123995,0.997652,0.096255
int8pt,0.124330,0.997652,0.096212
int8pt,0.124665,0.997652,0.096190
int8pt,0.125000,0.997652,0.096151
int8pt,0.125335,0.997652,0.096137
int8pt,0.125670,0.997652,0.096134
int8pt,0.126005,0.997652,0.096130
int8pt,0.126340,0.997652,0.095990
int8pt,0.126676,0.997652,0.095770
int8pt,0.127011,0.997652,0.095689
int8pt,0.127346,0.997652,0.095666
int8pt,0.127681,0.997652,0.095656
int8pt,0.128016,0.997652,0.095565
int8pt,0.128351,0.997652,0.095502
int8pt,0.128686,0.997652,0.095482
int8pt,0.129021,0.997652,0.095447
int8pt,0.129357,0.997652,0.095260
int8pt,0.129692,0.997652,0.095080
int8pt,0.130027,0.997652,0.095063
int8pt,0.130362,0.997652,0.094889
int8pt,0.130697,0.997652,0.094467
int8pt,0.131032,0.997652,0.094298
int8pt,0.131367,0.997652,0.094239
int8pt,0.131702,0.997652,0.094097
int8pt,0.132038,0.997652,0.094095
int8pt,0.132373,0.997652,0.094079
int8pt,0.132708,0.997652,0.094057
int8pt,0.133043,0.997652,0.094047
int8pt,0.133378,0.997652,0.093915
int8pt,0.133713,0.997652,0.093891
int8pt,0.134048,0.997652,0.093791
int8pt,0.134383,0.997652,0.093783
int8pt,0.134718,0.997652,0.093774
int8pt,0.135054,0.997652,0.093657
int8pt,0.135389,0.997652,0.093494
int8pt,0.135724,0.997652,0.093271
int8pt,0.136059,0.997652,0.092834
int8pt,0.136394,0.997652,0.092638
int8pt,0.136729,0.997652,0.092616
int8pt,0.137064,0.997652,0.092462
int8pt,0.137399,0.997652,0.092358
int8pt,0.137735,0.997652,0.092289
int8pt,0.138070,0.997652,0.092257
int8pt,0.138405,0.997652,0.092235
int8pt,0.138740,0.997652,0.092205
int8pt,0.139075,0.997652,0.092152
int8pt,0.139410,0.997652,0.092135
int8pt,0.139745,0.997652,0.092049
int8pt,0.140080,0.997652,0.091448
int8pt,0.140416,0.997652,0.091401
int8pt,0.140751,0.997652,0.091358
int8pt,0.141086,0.997652,0.091015
int8pt,0.141421,0.997652,0.090860
int8pt,0.141756,0.997652,0.090606
int8pt,0.142091,0.997652,0.090602
int8pt,0.142426,0.997652,0.090562
int8pt,0.142761,0.997652,0.090384
int8pt,0.143097,0.997652,0.090197
int8pt,0.143432,0.997652,0.090174
int8pt,0.143767,0.997652,0.090171
int8pt,0.144102,0.997652,0.090050
int8pt,0.144437,0.997652,0.089697
int8pt,0.144772,0.997652,0.089650
int8pt,0.145107,0.997652,0.089635
int8pt,0.145442,0.997652,0.089497
int8pt,0.145777,0.997652,0.089437
int8pt,0.146113,0.997652,0.089356
int8pt,0.146448,0.997652,0.089327
int8pt,0.146783,0.997652,0.089241
int8pt,0.147118,0.997652,0.089025
int8pt,0.147453,0.997652,0.088998
int8pt,0.147788,0.997652,0.088973
int8pt,0.148123,0.997652,0.088931
int8pt,0.148458,0.997652,0.088913
int8pt,0.148794,0.997652,0.088833
int8pt,0.149129,0.997652,0.088764
int8pt,0.149464,0.997652,0.088700
int8pt,0.149799,0.997652,0.088687
int8pt,0.150134,0.997652,0.088664
int8pt,0.150469,0.997652,0.088360
int8pt,0.150804,0.997652,0.088107
int8pt,0.151139,0.997652,0.088073
int8pt,0.151475,0.997652,0.087730
int8pt,0.151810,0.997652,0.087595
int8pt,0.152145,0.997652,0.087587
int8pt,0.152480,0.997652,0.087560
int8pt,0.152815,0.997652,0.087469
int8pt,0.153150,0.997652,0.087351
int8pt,0.153485,0.997652,0.086909
int8pt,0.153820,0.997652,0.086842
int8pt,0.154155,0.997652,0.086794
int8pt,0.154491,0.997652,0.086752
int8pt,0.154826,0.997652,0.086704
int8pt,0.155161,0.997652,0.086670
int8pt,0.155496,0.997652,0.086665
int8pt,0.155831,0.997652,0.086663
int8pt,0.156166,0.997652,0.086601
int8pt,0.156501,0.997652,0.086586
int8pt,0.156836,0.997652,0.086314
int8pt,0.157172,0.997652,0.086267
int8pt,0.157507,0.997652,0.086134
int8pt,0.157842,0.997652,0.086074
int8pt,0.158177,0.997652,0.086066
int8pt,0.158512,0.997652,0.085609
int8pt,0.158847,0.997652,0.085570
int8pt,0.159182,0.997652,0.085514
int8pt,0.159517,0.997652,0.085484
int8pt,0.159853,0.997652,0.085423
int8pt,0.160188,0.997652,0.085161
int8pt,0.160523,0.997652,0.085137
int8pt,0.160858,0.997652,0.085058
int8pt,0.161193,0.997652,0.084750
int8pt,0.161528,0.997652,0.084745
int8pt,0.161863,0.997652,0.084493
int8pt,0.162198,0.997652,0.084372
int8pt,0.162534,0.997652,0.084212
int8pt,0.162869,0.997652,0.084014
int8pt,0.163204,0.997652,0.083947
int8pt,0.163539,0.997652,0.083851
int8pt,0.163874,0.997652,0.083838
int8pt,0.164209,0.997652,0.083789
int8pt,0.164544,0.997652,0.083609
int8pt,0.164879,0.997652,0.083589
int8pt,0.165214,0.997652,0.083477
int8pt,0.165550,0.997652,0.083473
int8pt,0.165885,0.997652,0.083340
int8pt,0.166220,0.997652,0.083151
int8pt,0.166555,0.997652,0.083111
int8pt,0.166890,0.997652,0.083049
int8pt,0.167225,0.997652,0.082971
int8pt,0.167560,0.997652,0.082907
int8pt,0.167895,0.997652,0.082795
int8pt,0.168231,0.997652,0.082791
int8pt,0.168566,0.997652,0.082694
int8pt,0.168901,0.997652,0.082661
int8pt,0.169236,0.997652,0.082640
int8pt,0.169571,0.997652,0.082632
int8pt,0.169906,0.997652,0.082555
int8pt,0.170241,0.997652,0.082457
int8pt,0.170576,0.997652,0.082407
int8pt,0.170912,0.997652,0.082399
int8pt,0.171247,0.997652,0.082357
int8pt,0.171582,0.997652,0.082301
int8pt,0.171917,0.997652,0.082283
int8pt,0.172252,0.997652,0.082125
int8pt,0.172587,0.997652,0.082069
int8pt,0.172922,0.997652,0.082067
int8pt,0.173257,0.997652,0.082050
int8pt,0.173592,0.997652,0.081834
int8pt,0.173928,0.997652,0.081607
int8pt,0.174263,0.997652,0.081603
int8pt,0.174598,0.997652,0.081503
int8pt,0.174933,0.997652,0.081322
int8pt,0.175268,0.997652,0.081313
int8pt,0.175603,0.997652,0.081291
int8pt,0.175938,0.997652,0.081281
int8pt,0.176273,0.997652,0.081277
int8pt,0.176609,0.997652,0.081217
int8pt,0.176944,0.997652,0.081204
int8pt,0.177279,0.997652,0.081098
int8pt,0.177614,0.997652,0.081020
int8pt,0.177949,0.997652,0.080899
int8pt,0.178284,0.997652,0.080816
int8pt,0.178619,0.997652,0.080784
int8pt,0.178954,0.997652,0.080685
int8pt,0.179290,0.997652,0.080644
int8pt,0.179625,0.997652,0.080476
int8pt,0.179960,0.997652,0.080461
int8pt,0.180295,0.997652,0.080389
int8pt,0.180630,0.997652,0.080256
int8pt,0.180965,0.997652,0.080151
int8pt,0.181300,0.997652,0.079856
int8pt,0.181635,0.997652,0.079749
int8pt,0.181971,0.997652,0.079733
int8pt,0.182306,0.997652,0.079637
int8pt,0.182641,0.997652,0.079595
int8pt,0.182976,0.997652,0.079517
int8pt,0.183311,0.997652,0.079505
int8pt,0.183646,0.997652,0.079375
int8pt,0.183981,0.997652,0.079031
int8pt,0.184316,0.997652,0.079012
int8pt,0.184651,0.997652,0.078979
int8pt,0.184987,0.997652,0.078934
int8pt,0.185322,0.997652,0.078933
int8pt,0.185657,0.997652,0.078471
int8pt,0.185992,0.997652,0.078469
int8pt,0.186327,0.997652,0.078293
int8pt,0.186662,0.997652,0.078245
int8pt,0.186997,0.997652,0.078059
int8pt,0.187332,0.997652,0.078020
int8pt,0.187668,0.997652,0.077962
int8pt,0.188003,0.997652,0.077751
int8pt,0.188338,0.997652,0.077661
int8pt,0.188673,0.997652,0.077658
int8pt,0.189008,0.997652,0.077413
int8pt,0.189008,0.997987,0.077389
int8pt,0.189343,0.997987,0.077321
int8pt,0.189678,0.997987,0.077284
int8pt,0.190013,0.997987,0.077148
int8pt,0.190349,0.997987,0.077132
int8pt,0.190684,0.997987,0.077055
int8pt,0.191019,0.997987,0.076966
int8pt,0.191354,0.997987,0.076946
int8pt,0.191689,0.997987,0.076885
int8pt,0.192024,0.997987,0.076624
int8pt,0.192359,0.997987,0.076455
int8pt,0.192694,0.997987,0.076329
int8pt,0.193029,0.997987,0.076287
int8pt,0.193365,0.997987,0.076178
int8pt,0.193700,0.997987,0.076140
int8pt,0.194035,0.997987,0.076136
int8pt,0.194370,0.997987,0.076074
int8pt,0.194705,0.997987,0.076054
int8pt,0.195040,0.997987,0.075965
int8pt,0.195375,0.997987,0.075904
int8pt,0.195710,0.997987,0.075789
int8pt,0.196046,0.997987,0.075788
int8pt,0.196381,0.997987,0.075780
int8pt,0.196716,0.997987,0.075754
int8pt,0.197051,0.997987,0.075741
int8pt,0.197386,0.997987,0.075617
int8pt,0.197721,0.997987,0.075607
int8pt,0.198056,0.997987,0.075596
int8pt,0.198391,0.997987,0.075520
int8pt,0.198727,0.997987,0.075502
int8pt,0.199062,0.997987,0.075469
int8pt,0.199397,0.997987,0.075460
int8pt,0.199732,0.997987,0.075427
int8pt,0.199732,0.998323,0.075331
int8pt,0.200067,0.998323,0.075316
int8pt,0.200402,0.998323,0.075287
int8pt,0.200737,0.998323,0.074754
int8pt,0.201072,0.998323,0.074691
int8pt,0.201408,0.998323,0.074537
int8pt,0.201743,0.998323,0.074442
int8pt,0.202078,0.998323,0.074386
int8pt,0.202413,0.998323,0.074367
int8pt,0.202748,0.998323,0.074332
int8pt,0.203083,0.998323,0.074194
int8pt,0.203418,0.998323,0.074138
int8pt,0.203753,0.998323,0.073978
int8pt,0.204088,0.998323,0.073960
int8pt,0.204424,0.998323,0.073955
int8pt,0.204759,0.998323,0.073893
int8pt,0.205094,0.998323,0.073874
int8pt,0.205429,0.998323,0.073810
int8pt,0.205764,0.998323,0.073806
int8pt,0.206099,0.998323,0.073614
int8pt,0.206434,0.998323,0.073558
int8pt,0.206769,0.998323,0.073527
int8pt,0.207105,0.998323,0.073520
int8pt,0.207440,0.998323,0.073497
int8pt,0.207775,0.998323,0.073164
int8pt,0.208110,0.998323,0.073141
int8pt,0.208445,0.998323,0.072980
int8pt,0.208780,0.998323,0.072964
int8pt,0.209115,0.998323,0.072802
int8pt,0.209450,0.998323,0.072733
int8pt,0.209786,0.998323,0.072731
int8pt,0.210121,0.998323,0.072649
int8pt,0.210456,0.998323,0.072590
int8pt,0.210791,0.998323,0.072406
int8pt,0.211126,0.998323,0.072297
int8pt,0.211461,0.998323,0.072232
int8pt,0.211796,0.998323,0.072158
int8pt,0.212131,0.998323,0.072151
int8pt,0.212466,0.998323,0.072137
int8pt,0.212802,0.998323,0.072048
int8pt,0.213137,0.998323,0.072013
int8pt,0.213472,0.998323,0.071957
int8pt,0.213807,0.998323,0.071863
int8pt,0.214142,0.998323,0.071809
int8pt,0.214477,0.998323,0.071800
int8pt,0.214812,0.998323,0.071681
int8pt,0.215147,0.998323,0.071619
int8pt,0.215483,0.998323,0.071457
int8pt,0.215818,0.998323,0.071388
int8pt,0.216153,0.998323,0.071345
int8pt,0.216488,0.998323,0.071265
int8pt,0.216823,0.998323,0.071210
int8pt,0.217158,0.998323,0.071070
int8pt,0.217493,0.998323,0.070982
int8pt,0.217828,0.998323,0.070799
int8pt,0.218164,0.998323,0.070779
int8pt,0.218499,0.998323,0.070392
int8pt,0.218834,0.998323,0.070357
int8pt,0.219169,0.998323,0.070257
int8pt,0.219504,0.998323,0.070212
int8pt,0.219839,0.998323,0.070175
int8pt,0.220174,0.998323,0.070125
int8pt,0.220509,0.998323,0.070107
int8pt,0.220845,0.998323,0.070049
int8pt,0.221180,0.998323,0.070036
int8pt,0.221515,0.998323,0.069984
int8pt,0.221850,0.998323,0.069825
int8pt,0.222185,0.998323,0.069802
int8pt,0.222520,0.998323,0.069768
int8pt,0.222855,0.998323,0.069674
int8pt,0.223190,0.998323,0.069616
int8pt,0.223525,0.998323,0.069577
int8pt,0.223861,0.998323,0.069502
int8pt,0.224196,0.998323,0.069502
int8pt,0.224531,0.998323,0.069362
int8pt,0.224866,0.998323,0.069325
int8pt,0.225201,0.998323,0.069286
int8pt,0.225536,0.998323,0.069097
int8pt,0.225871,0.998323,0.069012
int8pt,0.226206,0.998323,0.068802
int8pt,0.226542,0.998323,0.068539
int8pt,0.226877,0.998323,0.068512
int8pt,0.227212,0.998323,0.068387
int8pt,0.227547,0.998323,0.068255
int8pt,0.227882,0.998323,0.068205
int8pt,0.228217,0.998323,0.068182
int8pt,0.228552,0.998323,0.068162
int8pt,0.228887,0.998323,0.068160
int8pt,0.229223,0.998323,0.068153
int8pt,0.229558,0.998323,0.068152
int8pt,0.229893,0.998323,0.068022
int8pt,0.230228,0.998323,0.068004
int8pt,0.230563,0.998323,0.067874
int8pt,0.230898,0.998323,0.067652
int8pt,0.231233,0.998323,0.067446
int8pt,0.231568,0.998323,0.067422
int8pt,0.231903,0.998323,0.067419
int8pt,0.232239,0.998323,0.067362
int8pt,0.232574,0.998323,0.067206
int8pt,0.232909,0.998323,0.067174
int8pt,0.233244,0.998323,0.067160
int8pt,0.233579,0.998323,0.067073
int8pt,0.233914,0.998323,0.067040
int8pt,0.234249,0.998323,0.067036
int8pt,0.234584,0.998323,0.066947
int8pt,0.234920,0.998323,0.066811
int8pt,0.235255,0.998323,0.066717
int8pt,0.235590,0.998323,0.066362
int8pt,0.235925,0.998323,0.066345
int8pt,0.236260,0.998323,0.066321
int8pt,0.236595,0.998323,0.065997
int8pt,0.236930,0.998323,0.065942
int8pt,0.237265,0.998323,0.065941
int8pt,0.237601,0.998323,0.065886
int8pt,0.237936,0.998323,0.065839
int8pt,0.238271,0.998323,0.065748
int8pt,0.238606,0.998323,0.065690
int8pt,0.238941,0.998323,0.065651
int8pt,0.239276,0.998323,0.065607
int8pt,0.239611,0.998323,0.065534
int8pt,0.239946,0.998323,0.065459
int8pt,0.240282,0.998323,0.065456
int8pt,0.240617,0.998323,0.065436
int8pt,0.240952,0.998323,0.065390
int8pt,0.241287,0.998323,0.065304
int8pt,0.241622,0.998323,0.065089
int8pt,0.241957,0.998323,0.064973
int8pt,0.242292,0.998323,0.064929
int8pt,0.242627,0.998323,0.064875
int8pt,0.242962,0.998323,0.064842
int8pt,0.243298,0.998323,0.064768
int8pt,0.243633,0.998323,0.064608
int8pt,0.243968,0.998323,0.064515
int8pt,0.244303,0.998323,0.064355
int8pt,0.244638,0.998323,0.064264
int8pt,0.244973,0.998323,0.064186
int8pt,0.245308,0.998323,0.064079
int8pt,0.245643,0.998323,0.064046
int8pt,0.245979,0.998323,0.063982
int8pt,0.246314,0.998323,0.063866
int8pt,0.246649,0.998323,0.063839
int8pt,0.246984,0.998323,0.063698
int8pt,0.247319,0.998323,0.063663
int8pt,0.247654,0.998323,0.063483
int8pt,0.247654,0.998658,0.063467
int8pt,0.247989,0.998658,0.063417
int8pt,0.248324,0.998658,0.063357
int8pt,0.248660,0.998658,0.063267
int8pt,0.248995,0.998658,0.063182
int8pt,0.249330,0.998658,0.063180
int8pt,0.249665,0.998658,0.063135
int8pt,0.250000,0.998658,0.062978
int8pt,0.250335,0.998658,0.062761
int8pt,0.250670,0.998658,0.062714
int8pt,0.251005,0.998658,0.062570
int8pt,0.251340,0.998658,0.062554
int8pt,0.251676,0.998658,0.062504
int8pt,0.252011,0.998658,0.062493
int8pt,0.252346,0.998658,0.062296
int8pt,0.252681,0.998658,0.062285
int8pt,0.253016,0.998658,0.062282
int8pt,0.253351,0.998658,0.062119
int8pt,0.253686,0.998658,0.062018
int8pt,0.254021,0.998658,0.061948
int8pt,0.254357,0.998658,0.061842
int8pt,0.254692,0.998658,0.061795
int8pt,0.255027,0.998658,0.061669
int8pt,0.255362,0.998658,0.061605
int8pt,0.255697,0.998658,0.061571
int8pt,0.256032,0.998658,0.061527
int8pt,0.256367,0.998658,0.061352
int8pt,0.256702,0.998658,0.061284
int8pt,0.257038,0.998658,0.061280
int8pt,0.257373,0.998658,0.061245
int8pt,0.257708,0.998658,0.061155
int8pt,0.258043,0.998658,0.061082
int8pt,0.258378,0.998658,0.060919
int8pt,0.258713,0.998658,0.060713
int8pt,0.259048,0.998658,0.060702
int8pt,0.259383,0.998658,0.060593
int8pt,0.259718,0.998658,0.060534
int8pt,0.260054,0.998658,0.060517
int8pt,0.260389,0.998658,0.060461
int8pt,0.260724,0.998658,0.060457
int8pt,0.261059,0.998658,0.060420
int8pt,0.261394,0.998658,0.060410
int8pt,0.261729,0.998658,0.060242
int8pt,0.262064,0.998658,0.060177
int8pt,0.262399,0.998658,0.060167
int8pt,0.262735,0.998658,0.060166
int8pt,0.263070,0.998658,0.060115
int8pt,0.263405,0.998658,0.060096
int8pt,0.263740,0.998658,0.059953
int8pt,0.264075,0.998658,0.059895
int8pt,0.264410,0.998658,0.059883
int8pt,0.264745,0.998658,0.059799
int8pt,0.265080,0.998658,0.059726
int8pt,0.265416,0.998658,0.059720
int8pt,0.265751,0.998658,0.059701
int8pt,0.266086,0.998658,0.059701
int8pt,0.266421,0.998658,0.059653
int8pt,0.266756,0.998658,0.059611
int8pt,0.267091,0.998658,0.059561
int8pt,0.267426,0.998658,0.059497
int8pt,0.267761,0.998658,0.059467
int8pt,0.268097,0.998658,0.059429
int8pt,0.268432,0.998658,0.059285
int8pt,0.268767,0.998658,0.059255
int8pt,0.269102,0.998658,0.059125
int8pt,0.269437,0.998658,0.059098
int8pt,0.269772,0.998658,0.058980
int8pt,0.270107,0.998658,0.058940
int8pt,0.270442,0.998658,0.058880
int8pt,0.270777,0.998658,0.058856
int8pt,0.271113,0.998658,0.058718
int8pt,0.271448,0.998658,0.058639
int8pt,0.271783,0.998658,0.058600
int8pt,0.272118,0.998658,0.058589
int8pt,0.272453,0.998658,0.058564
int8pt,0.272788,0.998658,0.058526
int8pt,0.273123,0.998658,0.058398
int8pt,0.273458,0.998658,0.058339
int8pt,0.273794,0.998658,0.058256
int8pt,0.274129,0.998658,0.058174
int8pt,0.274464,0.998658,0.058112
int8pt,0.274799,0.998658,0.058044
int8pt,0.275134,0.998658,0.058008
int8pt,0.275469,0.998658,0.057980
int8pt,0.275804,0.998658,0.057962
int8pt,0.276139,0.998658,0.057962
int8pt,0.276475,0.998658,0.057940
int8pt,0.276810,0.998658,0.057826
int8pt,0.277145,0.998658,0.057825
int8pt,0.277480,0.998658,0.057757
int8pt,0.277815,0.998658,0.057691
int8pt,0.278150,0.998658,0.057549
int8pt,0.278485,0.998658,0.057328
int8pt,0.278820,0.998658,0.057317
int8pt,0.279155,0.998658,0.057291
int8pt,0.279491,0.998658,0.057268
int8pt,0.279826,0.998658,0.057129
int8pt,0.280161,0.998658,0.057126
int8pt,0.280496,0.998658,0.057099
int8pt,0.280831,0.998658,0.057093
int8pt,0.281166,0.998658,0.057090
int8pt,0.281501,0.998658,0.057085
int8pt,0.281836,0.998658,0.057039
int8pt,0.282172,0.998658,0.057033
int8pt,0.282507,0.998658,0.056963
int8pt,0.282842,0.998658,0.056850
int8pt,0.283177,0.998658,0.056821
int8pt,0.283512,0.998658,0.056712
int8pt,0.283847,0.998658,0.056671
int8pt,0.284182,0.998658,0.056578
int8pt,0.284517,0.998658,0.056355
int8pt,0.284853,0.998658,0.056331
int8pt,0.285188,0.998658,0.056314
int8pt,0.285523,0.998658,0.056250
int8pt,0.285858,0.998658,0.056246
int8pt,0.286193,0.998658,0.056240
int8pt,0.286528,0.998658,0.056186
int8pt,0.286863,0.998658,0.056185
int8pt,0.287198,0.998658,0.055999
int8pt,0.287534,0.998658,0.055918
int8pt,0.287869,0.998658,0.055896
int8pt,0.288204,0.998658,0.055878
int8pt,0.288539,0.998658,0.055728
int8pt,0.288874,0.998658,0.055703
int8pt,0.289209,0.998658,0.055702
int8pt,0.289544,0.998658,0.055681
int8pt,0.289879,0.998658,0.055617
int8pt,0.290214,0.998658,0.055550
int8pt,0.290550,0.998658,0.055477
int8pt,0.290885,0.998658,0.055457
int8pt,0.291220,0.998658,0.055276
int8pt,0.291555,0.998658,0.055158
int8pt,0.291890,0.998658,0.055117
int8pt,0.292225,0.998658,0.055106
int8pt,0.292560,0.998658,0.055073
int8pt,0.292895,0.998658,0.055010
int8pt,0.293231,0.998658,0.054926
int8pt,0.293566,0.998658,0.054910
int8pt,0.293901,0.998658,0.054842
int8pt,0.294236,0.998658,0.054764
int8pt,0.294571,0.998658,0.054713
int8pt,0.294906,0.998658,0.054694
int8pt,0.295241,0.998658,0.054649
int8pt,0.295576,0.998658,0.054567
int8pt,0.295912,0.998658,0.054557
int8pt,0.296247,0.998658,0.054449
int8pt,0.296582,0.998658,0.054390
int8pt,0.296917,0.998658,0.054315
int8pt,0.297252,0.998658,0.054270
int8pt,0.297587,0.998658,0.054189
int8pt,0.297922,0.998658,0.054182
int8pt,0.298257,0.998658,0.054136
int8pt,0.298592,0.998658,0.054007
int8pt,0.298928,0.998658,0.053982
int8pt,0.299263,0.998658,0.053904
int8pt,0.299598,0.998658,0.053799
int8pt,0.299933,0.998658,0.053736
int8pt,0.300268,0.998658,0.053728
int8pt,0.300603,0.998658,0.053726
int8pt,0.300938,0.998658,0.053722
int8pt,0.301273,0.998658,0.053713
int8pt,0.301609,0.998658,0.053648
int8pt,0.301944,0.998658,0.053639
int8pt,0.302279,0.998658,0.053626
int8pt,0.302614,0.998658,0.053605
int8pt,0.302949,0.998658,0.053513
int8pt,0.303284,0.998658,0.053502
int8pt,0.303619,0.998658,0.053476
int8pt,0.303954,0.998658,0.053473
int8pt,0.304290,0.998658,0.053460
int8pt,0.304625,0.998658,0.053412
int8pt,0.304960,0.998658,0.053373
int8pt,0.305295,0.998658,0.053285
int8pt,0.305630,0.998658,0.053227
int8pt,0.305965,0.998658,0.053205
int8pt,0.306300,0.998658,0.053105
int8pt,0.306635,0.998658,0.052959
int8pt,0.306971,0.998658,0.052919
int8pt,0.307306,0.998658,0.052726
int8pt,0.307641,0.998658,0.052667
int8pt,0.307976,0.998658,0.052651
int8pt,0.308311,0.998658,0.052597
int8pt,0.308646,0.998658,0.052515
int8pt,0.308981,0.998658,0.052463
int8pt,0.309316,0.998658,0.052439
int8pt,0.309651,0.998658,0.052210
int8pt,0.309987,0.998658,0.051972
int8pt,0.310322,0.998658,0.051840
int8pt,0.310657,0.998658,0.051745
int8pt,0.310992,0.998658,0.051745
int8pt,0.311327,0.998658,0.051594
int8pt,0.311662,0.998658,0.051519
int8pt,0.311997,0.998658,0.051504
int8pt,0.312332,0.998658,0.051481
int8pt,0.312668,0.998658,0.051458
int8pt,0.313003,0.998658,0.051310
int8pt,0.313338,0.998658,0.051292
int8pt,0.313673,0.998658,0.051268
int8pt,0.314008,0.998658,0.051094
int8pt,0.314343,0.998658,0.051062
int8pt,0.314678,0.998658,0.051033
int8pt,0.315013,0.998658,0.050799
int8pt,0.315349,0.998658,0.050725
int8pt,0.315684,0.998658,0.050656
int8pt,0.316019,0.998658,0.050603
int8pt,0.316354,0.998658,0.050534
int8pt,0.316689,0.998658,0.050407
int8pt,0.317024,0.998658,0.050351
int8pt,0.317359,0.998658,0.050164
int8pt,0.317694,0.998658,0.050159
int8pt,0.318029,0.998658,0.050111
int8pt,0.318365,0.998658,0.050090
int8pt,0.318700,0.998658,0.049964
int8pt,0.319035,0.998658,0.049960
int8pt,0.319370,0.998658,0.049936
int8pt,0.319705,0.998658,0.049890
int8pt,0.320040,0.998658,0.049872
int8pt,0.320375,0.998658,0.049871
int8pt,0.320710,0.998658,0.049728
int8pt,0.321046,0.998658,0.049648
int8pt,0.321381,0.998658,0.049585
int8pt,0.321716,0.998658,0.049483
int8pt,0.322051,0.998658,0.049476
int8pt,0.322386,0.998658,0.049390
int8pt,0.322721,0.998658,0.049307
int8pt,0.323056,0.998658,0.049212
int8pt,0.323391,0.998658,0.049209
int8pt,0.323727,0.998658,0.049171
int8pt,0.324062,0.998658,0.049156
int8pt,0.324397,0.998658,0.049130
int8pt,0.324732,0.998658,0.049060
int8pt,0.325067,0.998658,0.049055
int8pt,0.325402,0.998658,0.049024
int8pt,0.325737,0.998658,0.048971
int8pt,0.326072,0.998658,0.048961
int8pt,0.326408,0.998658,0.048872
int8pt,0.326743,0.998658,0.048846
int8pt,0.327078,0.998658,0.048747
int8pt,0.327413,0.998658,0.048650
int8pt,0.327748,0.998658,0.048561
int8pt,0.328083,0.998658,0.048496
int8pt,0.328418,0.998658,0.048460
int8pt,0.328753,0.998658,0.048316
int8pt,0.329088,0.998658,0.048270
int8pt,0.329424,0.998658,0.048243
int8pt,0.329759,0.998658,0.048126
int8pt,0.330094,0.998658,0.048118
int8pt,0.330429,0.998658,0.048055
int8pt,0.330764,0.998658,0.047991
int8pt,0.331099,0.998658,0.047930
int8pt,0.331434,0.998658,0.047860
int8pt,0.331769,0.998658,0.047814
int8pt,0.332105,0.998658,0.047782
int8pt,0.332440,0.998658,0.047689
int8pt,0.332775,0.998658,0.047679
int8pt,0.333110,0.998658,0.047664
int8pt,0.333445,0.998658,0.047656
int8pt,0.333780,0.998658,0.047395
int8pt,0.334115,0.998658,0.047347
int8pt,0.334450,0.998658,0.047186
int8pt,0.334786,0.998658,0.046915
int8pt,0.335121,0.998658,0.046879
int8pt,0.335456,0.998658,0.046845
int8pt,0.335791,0.998658,0.046833
int8pt,0.336126,0.998658,0.046730
int8pt,0.336461,0.998658,0.046645
int8pt,0.336796,0.998658,0.046607
int8pt,0.337131,0.998658,0.046470
int8pt,0.337466,0.998658,0.046439
int8pt,0.337802,0.998658,0.046404
int8pt,0.338137,0.998658,0.046360
int8pt,0.338472,0.998658,0.046357
int8pt,0.338807,0.998658,0.046355
int8pt,0.339142,0.998658,0.046245
int8pt,0.339477,0.998658,0.046224
int8pt,0.339812,0.998658,0.046200
int8pt,0.340147,0.998658,0.046182
int8pt,0.340483,0.998658,0.045972
int8pt,0.340818,0.998658,0.045895
int8pt,0.341153,0.998658,0.045884
int8pt,0.341488,0.998658,0.045881
int8pt,0.341823,0.998658,0.045843
int8pt,0.342158,0.998658,0.045689
int8pt,0.342493,0.998658,0.045681
int8pt,0.342828,0.998658,0.045614
int8pt,0.343164,0.998658,0.045523
int8pt,0.343499,0.998658,0.045508
int8pt,0.343834,0.998658,0.045445
int8pt,0.344169,0.998658,0.045325
int8pt,0.344504,0.998658,0.045246
int8pt,0.344839,0.998658,0.045226
int8pt,0.345174,0.998658,0.045166
int8pt,0.345509,0.998658,0.045100
int8pt,0.345845,0.998658,0.045058
int8pt,0.346180,0.998658,0.044920
int8pt,0.346515,0.998658,0.044864
int8pt,0.346850,0.998658,0.044847
int8pt,0.347185,0.998658,0.044780
int8pt,0.347520,0.998658,0.044583
int8pt,0.347855,0.998658,0.044580
int8pt,0.348190,0.998658,0.044337
int8pt,0.348525,0.998658,0.044082
int8pt,0.348861,0.998658,0.044065
int8pt,0.349196,0.998658,0.044043
int8pt,0.349531,0.998658,0.043977
int8pt,0.349866,0.998658,0.043955
int8pt,0.350201,0.998658,0.043925
int8pt,0.350536,0.998658,0.043892
int8pt,0.350871,0.998658,0.043872
int8pt,0.351206,0.998658,0.043858
int8pt,0.351542,0.998658,0.043770
int8pt,0.351877,0.998658,0.043650
int8pt,0.352212,0.998658,0.043465
int8pt,0.352547,0.998658,0.043418
int8pt,0.352882,0.998658,0.043350
int8pt,0.353217,0.998658,0.043313
int8pt,0.353552,0.998658,0.043273
int8pt,0.353887,0.998658,0.043268
int8pt,0.354223,0.998658,0.043209
int8pt,0.354558,0.998658,0.043183
int8pt,0.354893,0.998658,0.043111
int8pt,0.355228,0.998658,0.043054
int8pt,0.355563,0.998658,0.042884
int8pt,0.355898,0.998658,0.042843
int8pt,0.356233,0.998658,0.042791
int8pt,0.356568,0.998658,0.042752
int8pt,0.356903,0.998658,0.042725
int8pt,0.357239,0.998658,0.042716
int8pt,0.357574,0.998658,0.042636
int8pt,0.357909,0.998658,0.042609
int8pt,0.358244,0.998658,0.042501
int8pt,0.358579,0.998658,0.042445
int8pt,0.358914,0.998658,0.042443
int8pt,0.359249,0.998658,0.042391
int8pt,0.359584,0.998658,0.042381
int8pt,0.359920,0.998658,0.042181
int8pt,0.360255,0.998658,0.042142
int8pt,0.360590,0.998658,0.042141
int8pt,0.360925,0.998658,0.042122
int8pt,0.360925,0.998994,0.042121
int8pt,0.361260,0.998994,0.042105
int8pt,0.361595,0.998994,0.042089
int8pt,0.361930,0.998994,0.042020
int8pt,0.362265,0.998994,0.041917
int8pt,0.362601,0.998994,0.041896
int8pt,0.362936,0.998994,0.041878
int8pt,0.363271,0.998994,0.041832
int8pt,0.363606,0.998994,0.041822
int8pt,0.363941,0.998994,0.041772
int8pt,0.364276,0.998994,0.041666
int8pt,0.364611,0.998994,0.041625
int8pt,0.364946,0.998994,0.041513
int8pt,0.365282,0.998994,0.041453
int8pt,0.365617,0.998994,0.041434
int8pt,0.365952,0.998994,0.041403
int8pt,0.366287,0.998994,0.041363
int8pt,0.366622,0.998994,0.041284
int8pt,0.366957,0.998994,0.041281
int8pt,0.367292,0.998994,0.041252
int8pt,0.367627,0.998994,0.041236
int8pt,0.367962,0.998994,0.041235
int8pt,0.368298,0.998994,0.041228
int8pt,0.368633,0.998994,0.041226
int8pt,0.368968,0.998994,0.041205
int8pt,0.369303,0.998994,0.041054
int8pt,0.369638,0.998994,0.041008
int8pt,0.369973,0.998994,0.040940
int8pt,0.370308,0.998994,0.040928
int8pt,0.370643,0.998994,0.040857
int8pt,0.370979,0.998994,0.040796
int8pt,0.371314,0.998994,0.040768
int8pt,0.371649,0.998994,0.040761
int8pt,0.371984,0.998994,0.040730
int8pt,0.372319,0.998994,0.040656
int8pt,0.372654,0.998994,0.040601
int8pt,0.372989,0.998994,0.040553
int8pt,0.373324,0.998994,0.040547
int8pt,0.373660,0.998994,0.040477
int8pt,0.373995,0.998994,0.040434
int8pt,0.374330,0.998994,0.040261
int8pt,0.374665,0.998994,0.040248
int8pt,0.375000,0.998994,0.040175
int8pt,0.375335,0.998994,0.040171
int8pt,0.375670,0.998994,0.040164
int8pt,0.376005,0.998994,0.040097
int8pt,0.376340,0.998994,0.040082
int8pt,0.376676,0.998994,0.040002
int8pt,0.377011,0.998994,0.039967
int8pt,0.377346,0.998994,0.039952
int8pt,0.377681,0.998994,0.039903
int8pt,0.378016,0.998994,0.039876
int8pt,0.378351,0.998994,0.039757
int8pt,0.378686,0.998994,0.039705
int8pt,0.379021,0.998994,0.039691
int8pt,0.379357,0.998994,0.039685
int8pt,0.379692,0.998994,0.039676
int8pt,0.380027,0.998994,0.039648
int8pt,0.380362,0.998994,0.039633
int8pt,0.380697,0.998994,0.039612
int8pt,0.381032,0.998994,0.039605
int8pt,0.381367,0.998994,0.039529
int8pt,0.381702,0.998994,0.039499
int8pt,0.382038,0.998994,0.039479
int8pt,0.382373,0.998994,0.039427
int8pt,0.382708,0.998994,0.039374
int8pt,0.383043,0.998994,0.039333
int8pt,0.383378,0.998994,0.039229
int8pt,0.383713,0.998994,0.039199
int8pt,0.384048,0.998994,0.039193
int8pt,0.384383,0.998994,0.039133
int8pt,0.384718,0.998994,0.039070
int8pt,0.385054,0.998994,0.038982
int8pt,0.385389,0.998994,0.038914
int8pt,0.385724,0.998994,0.038836
int8pt,0.386059,0.998994,0.038778
int8pt,0.386394,0.998994,0.038686
int8pt,0.386729,0.998994,0.038632
int8pt,0.387064,0.998994,0.038543
int8pt,0.387399,0.998994,0.038506
int8pt,0.387735,0.998994,0.038473
int8pt,0.388070,0.998994,0.038351
int8pt,0.388405,0.998994,0.038345
int8pt,0.388740,0.998994,0.038297
int8pt,0.389075,0.998994,0.038239
int8pt,0.389410,0.998994,0.038150
int8pt,0.389745,0.998994,0.038137
int8pt,0.390080,0.998994,0.038085
int8pt,0.390416,0.998994,0.038065
int8pt,0.390751,0.998994,0.038010
int8pt,0.390751,0.999329,0.037955
int8pt,0.391086,0.999329,0.037921
int8pt,0.391421,0.999329,0.037735
int8pt,0.391756,0.999329,0.037706
int8pt,0.392091,0.999329,0.037697
int8pt,0.392426,0.999329,0.037683
int8pt,0.392761,0.999329,0.037550
int8pt,0.393097,0.999329,0.037476
int8pt,0.393432,0.999329,0.037386
int8pt,0.393767,0.999329,0.037231
int8pt,0.394102,0.999329,0.037104
int8pt,0.394437,0.999329,0.037097
int8pt,0.394772,0.999329,0.037071
int8pt,0.395107,0.999329,0.037039
int8pt,0.395442,0.999329,0.036848
int8pt,0.395777,0.999329,0.036757
int8pt,0.396113,0.999329,0.036731
int8pt,0.396448,0.999329,0.036699
int8pt,0.396783,0.999329,0.036625
int8pt,0.397118,0.999329,0.036520
int8pt,0.397453,0.999329,0.036491
int8pt,0.397788,0.999329,0.036466
int8pt,0.398123,0.999329,0.036452
int8pt,0.398458,0.999329,0.036411
int8pt,0.398794,0.999329,0.036399
int8pt,0.399129,0.999329,0.036351
int8pt,0.399464,0.999329,0.036315
int8pt,0.399799,0.999329,0.036287
int8pt,0.400134,0.999329,0.036221
int8pt,0.400469,0.999329,0.036181
int8pt,0.400804,0.999329,0.036037
int8pt,0.401139,0.999329,0.035964
int8pt,0.401475,0.999329,0.035933
int8pt,0.401810,0.999329,0.035915
int8pt,0.402145,0.999329,0.035747
int8pt,0.402480,0.999329,0.035732
int8pt,0.402815,0.999329,0.035646
int8pt,0.403150,0.999329,0.035633
int8pt,0.403485,0.999329,0.035492
int8pt,0.403820,0.999329,0.035469
int8pt,0.404155,0.999329,0.035445
int8pt,0.404491,0.999329,0.035415
int8pt,0.404826,0.999329,0.035409
int8pt,0.405161,0.999329,0.035328
int8pt,0.405496,0.999329,0.035302
int8pt,0.405831,0.999329,0.035288
int8pt,0.406166,0.999329,0.035270
int8pt,0.406501,0.999329,0.035188
int8pt,0.406836,0.999329,0.035143
int8pt,0.407172,0.999329,0.035048
int8pt,0.407507,0.999329,0.034999
int8pt,0.407842,0.999329,0.034941
int8pt,0.408177,0.999329,0.034920
int8pt,0.408512,0.999329,0.034811
int8pt,0.408847,0.999329,0.034793
int8pt,0.409182,0.999329,0.034755
int8pt,0.409517,0.999329,0.034686
int8pt,0.409853,0.999329,0.034659
int8pt,0.410188,0.999329,0.034646
int8pt,0.410523,0.999329,0.034632
int8pt,0.410858,0.999329,0.034568
int8pt,0.411193,0.999329,0.034559
int8pt,0.411528,0.999329,0.034534
int8pt,0.411863,0.999329,0.034452
int8pt,0.412198,0.999329,0.034152
int8pt,0.412534,0.999329,0.034109
int8pt,0.412869,0.999329,0.034074
int8pt,0.413204,0.999329,0.034065
int8pt,0.413539,0.999329,0.034028
int8pt,0.413874,0.999329,0.033867
int8pt,0.414209,0.999329,0.033801
int8pt,0.414544,0.999329,0.033791
int8pt,0.414879,0.999329,0.033777
int8pt,0.415214,0.999329,0.033746
int8pt,0.415550,0.999329,0.033626
int8pt,0.415885,0.999329,0.033579
int8pt,0.416220,0.999329,0.033578
int8pt,0.416555,0.999329,0.033427
int8pt,0.416890,0.999329,0.033416
int8pt,0.417225,0.999329,0.033404
int8pt,0.417560,0.999329,0.033309
int8pt,0.417895,0.999329,0.033294
int8pt,0.418231,0.999329,0.033164
int8pt,0.418566,0.999329,0.033118
int8pt,0.418901,0.999329,0.033066
int8pt,0.419236,0.999329,0.033064
int8pt,0.419571,0.999329,0.033020
int8pt,0.419906,0.999329,0.033003
int8pt,0.420241,0.999329,0.032948
int8pt,0.420576,0.999329,0.032941
int8pt,0.420912,0.999329,0.032868
int8pt,0.421247,0.999329,0.032800
int8pt,0.421582,0.999329,0.032785
int8pt,0.421917,0.999329,0.032720
int8pt,0.422252,0.999329,0.032688
int8pt,0.422587,0.999329,0.032658
int8pt,0.422922,0.999329,0.032651
int8pt,0.423257,0.999329,0.032575
int8pt,0.423592,0.999329,0.032531
int8pt,0.423928,0.999329,0.032439
int8pt,0.424263,0.999329,0.032419
int8pt,0.424598,0.999329,0.032413
int8pt,0.424933,0.999329,0.032161
int8pt,0.425268,0.999329,0.032157
int8pt,0.425603,0.999329,0.032079
int8pt,0.425938,0.999329,0.032030
int8pt,0.426273,0.999329,0.031814
int8pt,0.426609,0.999329,0.031762
int8pt,0.426944,0.999329,0.031756
int8pt,0.427279,0.999329,0.031589
int8pt,0.427614,0.999329,0.031566
int8pt,0.427949,0.999329,0.031479
int8pt,0.428284,0.999329,0.031460
int8pt,0.428619,0.999329,0.031455
int8pt,0.428954,0.999329,0.031449
int8pt,0.429290,0.999329,0.031399
int8pt,0.429625,0.999329,0.031382
int8pt,0.429960,0.999329,0.031312
int8pt,0.430295,0.999329,0.031309
int8pt,0.430630,0.999329,0.031293
int8pt,0.430965,0.999329,0.031193
int8pt,0.431300,0.999329,0.031179
int8pt,0.431635,0.999329,0.031150
int8pt,0.431971,0.999329,0.031094
int8pt,0.432306,0.999329,0.031064
int8pt,0.432641,0.999329,0.030892
int8pt,0.432976,0.999329,0.030840
int8pt,0.433311,0.999329,0.030802
int8pt,0.433646,0.999329,0.030756
int8pt,0.433981,0.999329,0.030754
int8pt,0.434316,0.999329,0.030747
int8pt,0.434651,0.999329,0.030720
int8pt,0.434987,0.999329,0.030698
int8pt,0.435322,0.999329,0.030671
int8pt,0.435657,0.999329,0.030654
int8pt,0.435992,0.999329,0.030605
int8pt,0.436327,0.999329,0.030459
int8pt,0.436662,0.999329,0.030450
int8pt,0.436997,0.999329,0.030357
int8pt,0.437332,0.999329,0.030310
int8pt,0.437668,0.999329,0.030299
int8pt,0.438003,0.999329,0.030287
int8pt,0.438338,0.999329,0.030286
int8pt,0.438673,0.999329,0.030258
int8pt,0.439008,0.999329,0.030234
int8pt,0.439343,0.999329,0.030212
int8pt,0.439678,0.999329,0.030089
int8pt,0.440013,0.999329,0.030068
int8pt,0.440349,0.999329,0.030049
int8pt,0.440684,0.999329,0.030016
int8pt,0.441019,0.999329,0.029997
int8pt,0.441354,0.999329,0.029938
int8pt,0.441689,0.999329,0.029870
int8pt,0.442024,0.999329,0.029787
int8pt,0.442359,0.999329,0.029727
int8pt,0.442694,0.999329,0.029705
int8pt,0.443029,0.999329,0.029616
int8pt,0.443365,0.999329,0.029476
int8pt,0.443700,0.999329,0.029470
int8pt,0.444035,0.999329,0.029353
int8pt,0.444370,0.999329,0.029308
int8pt,0.444705,0.999329,0.029268
int8pt,0.445040,0.999329,0.029245
int8pt,0.445375,0.999329,0.029209
int8pt,0.445710,0.999329,0.029086
int8pt,0.446046,0.999329,0.029064
int8pt,0.446381,0.999329,0.029051
int8pt,0.446716,0.999329,0.029036
int8pt,0.447051,0.999329,0.028959
int8pt,0.447386,0.999329,0.028917
int8pt,0.447721,0.999329,0.028843
int8pt,0.448056,0.999329,0.028839
int8pt,0.448391,0.999329,0.028837
int8pt,0.448727,0.999329,0.028798
int8pt,0.449062,0.999329,0.028696
int8pt,0.449397,0.999329,0.028659
int8pt,0.449732,0.999329,0.028449
int8pt,0.450067,0.999329,0.028418
int8pt,0.450402,0.999329,0.028355
int8pt,0.450737,0.999329,0.028339
int8pt,0.451072,0.999329,0.028222
int8pt,0.451408,0.999329,0.028140
int8pt,0.451743,0.999329,0.028079
int8pt,0.452078,0.999329,0.028070
int8pt,0.452413,0.999329,0.028006
int8pt,0.452748,0.999329,0.027889
int8pt,0.453083,0.999329,0.027858
int8pt,0.453418,0.999329,0.027847
int8pt,0.453753,0.999329,0.027820
int8pt,0.454088,0.999329,0.027809
int8pt,0.454424,0.999329,0.027768
int8pt,0.454759,0.999329,0.027664
int8pt,0.455094,0.999329,0.027639
int8pt,0.455429,0.999329,0.027578
int8pt,0.455764,0.999329,0.027539
int8pt,0.456099,0.999329,0.027487
int8pt,0.456434,0.999329,0.027374
int8pt,0.456769,0.999329,0.027366
int8pt,0.457105,0.999329,0.027197
int8pt,0.457440,0.999329,0.027045
int8pt,0.457775,0.999329,0.026971
int8pt,0.458110,0.999329,0.026897
int8pt,0.458445,0.999329,0.026878
int8pt,0.458780,0.999329,0.026874
int8pt,0.459115,0.999329,0.026857
int8pt,0.459450,0.999329,0.026775
int8pt,0.459786,0.999329,0.026769
int8pt,0.460121,0.999329,0.026746
int8pt,0.460456,0.999329,0.026707
int8pt,0.460791,0.999329,0.026642
int8pt,0.461126,0.999329,0.026574
int8pt,0.461461,0.999329,0.026479
int8pt,0.461796,0.999329,0.026470
int8pt,0.462131,0.999329,0.026448
int8pt,0.462466,0.999329,0.026394
int8pt,0.462802,0.999329,0.026376
int8pt,0.463137,0.999329,0.026360
int8pt,0.463472,0.999329,0.026280
int8pt,0.463807,0.999329,0.026214
int8pt,0.464142,0.999329,0.026211
int8pt,0.464477,0.999329,0.026193
int8pt,0.464812,0.999329,0.026191
int8pt,0.465147,0.999329,0.026053
int8pt,0.465483,0.999329,0.025990
int8pt,0.465818,0.999329,0.025941
int8pt,0.466153,0.999329,0.025854
int8pt,0.466488,0.999329,0.025819
int8pt,0.466823,0.999329,0.025762
int8pt,0.467158,0.999329,0.025741
int8pt,0.467493,0.999329,0.025740
int8pt,0.467828,0.999329,0.025510
int8pt,0.468164,0.999329,0.025463
int8pt,0.468499,0.999329,0.025454
int8pt,0.468834,0.999329,0.025444
int8pt,0.469169,0.999329,0.025411
int8pt,0.469504,0.999329,0.025336
int8pt,0.469839,0.999329,0.025270
int8pt,0.470174,0.999329,0.025265
int8pt,0.470509,0.999329,0.025181
int8pt,0.470845,0.999329,0.025134
int8pt,0.471180,0.999329,0.025086
int8pt,0.471515,0.999329,0.025056
int8pt,0.471850,0.999329,0.024995
int8pt,0.472185,0.999329,0.024974
int8pt,0.472520,0.999329,0.024899
int8pt,0.472855,0.999329,0.024898
int8pt,0.473190,0.999329,0.024857
int8pt,0.473525,0.999329,0.024762
int8pt,0.473861,0.999329,0.024756
int8pt,0.474196,0.999329,0.024734
int8pt,0.474531,0.999329,0.024691
int8pt,0.474866,0.999329,0.024682
int8pt,0.475201,0.999329,0.024563
int8pt,0.475536,0.999329,0.024327
int8pt,0.475871,0.999329,0.024324
int8pt,0.476206,0.999329,0.024317
int8pt,0.476542,0.999329,0.024274
int8pt,0.476877,0.999329,0.024202
int8pt,0.477212,0.999329,0.024196
int8pt,0.477547,0.999329,0.024168
int8pt,0.477882,0.999329,0.024159
int8pt,0.478217,0.999329,0.024122
int8pt,0.478552,0.999329,0.024097
int8pt,0.478887,0.999329,0.023981
int8pt,0.479223,0.999329,0.023961
int8pt,0.479558,0.999329,0.023933
int8pt,0.479893,0.999329,0.023806
int8pt,0.480228,0.999329,0.023768
int8pt,0.480563,0.999329,0.023705
int8pt,0.480898,0.999329,0.023616
int8pt,0.481233,0.999329,0.023613
int8pt,0.481568,0.999329,0.023578
int8pt,0.481903,0.999329,0.023528
int8pt,0.482239,0.999329,0.023473
int8pt,0.482574,0.999329,0.023449
int8pt,0.482909,0.999329,0.023331
int8pt,0.483244,0.999329,0.023148
int8pt,0.483579,0.999329,0.023115
int8pt,0.483914,0.999329,0.023057
int8pt,0.484249,0.999329,0.023012
int8pt,0.484584,0.999329,0.022991
int8pt,0.484920,0.999329,0.022902
int8pt,0.485255,0.999329,0.022839
int8pt,0.485590,0.999329,0.022500
int8pt,0.485925,0.999329,0.022410
int8pt,0.486260,0.999329,0.022235
int8pt,0.486595,0.999329,0.022225
int8pt,0.486930,0.999329,0.022214
int8pt,0.487265,0.999329,0.022063
int8pt,0.487601,0.999329,0.022037
int8pt,0.487936,0.999329,0.022006
int8pt,0.488271,0.999329,0.021966
int8pt,0.488606,0.999329,0.021948
int8pt,0.488941,0.999329,0.021792
int8pt,0.489276,0.999329,0.021792
int8pt,0.489611,0.999329,0.021758
int8pt,0.489946,0.999329,0.021695
int8pt,0.490282,0.999329,0.021687
int8pt,0.490617,0.999329,0.021663
int8pt,0.490952,0.999329,0.021638
int8pt,0.491287,0.999329,0.021611
int8pt,0.491622,0.999329,0.021606
int8pt,0.491957,0.999329,0.021583
int8pt,0.492292,0.999329,0.021399
int8pt,0.492627,0.999329,0.021364
int8pt,0.492962,0.999329,0.021301
int8pt,0.493298,0.999329,0.021174
int8pt,0.493633,0.999329,0.020978
int8pt,0.493968,0.999329,0.020908
int8pt,0.494303,0.999329,0.020786
int8pt,0.494638,0.999329,0.020702
int8pt,0.494973,0.999329,0.020642
int8pt,0.495308,0.999329,0.020602
int8pt,0.495643,0.999329,0.020576
int8pt,0.495979,0.999329,0.020488
int8pt,0.496314,0.999329,0.020415
int8pt,0.496649,0.999329,0.020353
int8pt,0.496984,0.999329,0.020266
int8pt,0.497319,0.999329,0.020198
int8pt,0.497654,0.999329,0.020183
int8pt,0.497989,0.999329,0.020133
int8pt,0.498324,0.999329,0.020055
int8pt,0.498660,0.999329,0.020002
int8pt,0.498995,0.999329,0.019864
int8pt,0.499330,0.999329,0.019821
int8pt,0.499665,0.999329,0.019749
int8pt,0.500000,0.999329,0.019695
int8pt,0.500335,0.999329,0.019671
int8pt,0.500670,0.999329,0.019652
int8pt,0.501005,0.999329,0.019648
int8pt,0.501340,0.999329,0.019633
int8pt,0.501676,0.999329,0.019397
int8pt,0.502011,0.999329,0.019372
int8pt,0.502346,0.999329,0.019271
int8pt,0.502681,0.999329,0.019266
int8pt,0.503016,0.999329,0.019255
int8pt,0.503351,0.999329,0.019220
int8pt,0.503686,0.999329,0.019219
int8pt,0.504021,0.999329,0.019203
int8pt,0.504357,0.999329,0.019121
int8pt,0.504692,0.999329,0.019106
int8pt,0.505027,0.999329,0.019103
int8pt,0.505362,0.999329,0.019054
int8pt,0.505697,0.999329,0.018836
int8pt,0.506032,0.999329,0.018789
int8pt,0.506367,0.999329,0.018766
int8pt,0.506702,0.999329,0.018568
int8pt,0.507038,0.999329,0.018517
int8pt,0.507373,0.999329,0.018500
int8pt,0.507708,0.999329,0.018390
int8pt,0.508043,0.999329,0.018278
int8pt,0.508378,0.999329,0.018270
int8pt,0.508713,0.999329,0.018186
int8pt,0.509048,0.999329,0.018153
int8pt,0.509383,0.999329,0.018151
int8pt,0.509718,0.999329,0.018047
int8pt,0.510054,0.999329,0.017985
int8pt,0.510389,0.999329,0.017783
int8pt,0.510724,0.999329,0.017737
int8pt,0.511059,0.999329,0.017715
int8pt,0.511394,0.999329,0.017710
int8pt,0.511729,0.999329,0.017699
int8pt,0.512064,0.999329,0.017691
int8pt,0.512399,0.999329,0.017678
int8pt,0.512735,0.999329,0.017676
int8pt,0.513070,0.999329,0.017661
int8pt,0.513405,0.999329,0.017653
int8pt,0.513740,0.999329,0.017641
int8pt,0.514075,0.999329,0.017582
int8pt,0.514410,0.999329,0.017552
int8pt,0.514745,0.999329,0.017467
int8pt,0.515080,0.999329,0.017459
int8pt,0.515416,0.999329,0.017387
int8pt,0.515751,0.999329,0.017164
int8pt,0.516086,0.999329,0.017163
int8pt,0.516421,0.999329,0.017146
int8pt,0.516756,0.999329,0.017142
int8pt,0.517091,0.999329,0.017141
int8pt,0.517426,0.999329,0.016950
int8pt,0.517761,0.999329,0.016921
int8pt,0.518097,0.999329,0.016898
int8pt,0.518432,0.999329,0.016729
int8pt,0.518767,0.999329,0.016683
int8pt,0.519102,0.999329,0.016662
int8pt,0.519437,0.999329,0.016595
int8pt,0.519772,0.999329,0.016551
int8pt,0.520107,0.999329,0.016539
int8pt,0.520442,0.999329,0.016527
int8pt,0.520777,0.999329,0.016503
int8pt,0.521113,0.999329,0.016363
int8pt,0.521448,0.999329,0.016331
int8pt,0.521783,0.999329,0.016319
int8pt,0.522118,0.999329,0.016295
int8pt,0.522453,0.999329,0.016243
int8pt,0.522788,0.999329,0.016227
int8pt,0.523123,0.999329,0.016226
int8pt,0.523458,0.999329,0.016211
int8pt,0.523794,0.999329,0.016094
int8pt,0.524129,0.999329,0.016015
int8pt,0.524464,0.999329,0.016002
int8pt,0.524799,0.999329,0.015993
int8pt,0.525134,0.999329,0.015892
int8pt,0.525469,0.999329,0.015864
int8pt,0.525804,0.999329,0.015797
int8pt,0.526139,0.999329,0.015751
int8pt,0.526475,0.999329,0.015721
int8pt,0.526810,0.999329,0.015709
int8pt,0.527145,0.999329,0.015668
int8pt,0.527480,0.999329,0.015648
int8pt,0.527815,0.999329,0.015513
int8pt,0.528150,0.999329,0.015446
int8pt,0.528485,0.999329,0.015323
int8pt,0.528820,0.999329,0.015311
int8pt,0.529155,0.999329,0.015310
int8pt,0.529491,0.999329,0.015268
int8pt,0.529826,0.999329,0.015260
int8pt,0.530161,0.999329,0.015216
int8pt,0.530496,0.999329,0.015206
int8pt,0.530831,0.999329,0.015198
int8pt,0.531166,0.999329,0.015196
int8pt,0.531501,0.999329,0.015119
int8pt,0.531836,0.999329,0.015062
int8pt,0.532172,0.999329,0.014973
int8pt,0.532507,0.999329,0.014815
int8pt,0.532842,0.999329,0.014794
int8pt,0.533177,0.999329,0.014544
int8pt,0.533512,0.999329,0.014389
int8pt,0.533847,0.999329,0.014217
int8pt,0.534182,0.999329,0.014155
int8pt,0.534517,0.999329,0.014151
int8pt,0.534853,0.999329,0.014058
int8pt,0.535188,0.999329,0.013707
int8pt,0.535523,0.999329,0.013686
int8pt,0.535858,0.999329,0.013673
int8pt,0.536193,0.999329,0.013592
int8pt,0.536528,0.999329,0.013569
int8pt,0.536863,0.999329,0.013509
int8pt,0.537198,0.999329,0.013463
int8pt,0.537534,0.999329,0.013318
int8pt,0.537869,0.999329,0.013307
int8pt,0.538204,0.999329,0.013279
int8pt,0.538539,0.999329,0.013222
int8pt,0.538874,0.999329,0.013211
int8pt,0.539209,0.999329,0.013180
int8pt,0.539544,0.999329,0.013171
int8pt,0.539879,0.999329,0.013102
int8pt,0.540214,0.999329,0.012983
int8pt,0.540550,0.999329,0.012876
int8pt,0.540885,0.999329,0.012833
int8pt,0.541220,0.999329,0.012767
int8pt,0.541555,0.999329,0.012755
int8pt,0.541890,0.999329,0.012702
int8pt,0.542225,0.999329,0.012695
int8pt,0.542560,0.999329,0.012662
int8pt,0.542895,0.999329,0.012660
int8pt,0.543231,0.999329,0.012642
int8pt,0.543566,0.999329,0.012628
int8pt,0.543901,0.999329,0.012578
int8pt,0.544236,0.999329,0.012387
int8pt,0.544571,0.999329,0.012370
int8pt,0.544906,0.999329,0.012363
int8pt,0.545241,0.999329,0.012360
int8pt,0.545576,0.999329,0.012353
int8pt,0.545912,0.999329,0.012311
int8pt,0.546247,0.999329,0.012254
int8pt,0.546582,0.999329,0.012100
int8pt,0.546917,0.999329,0.012091
int8pt,0.547252,0.999329,0.012061
int8pt,0.547587,0.999329,0.011994
int8pt,0.547922,0.999329,0.011948
int8pt,0.548257,0.999329,0.011918
int8pt,0.548592,0.999329,0.011815
int8pt,0.548928,0.999329,0.011679
int8pt,0.549263,0.999329,0.011505
int8pt,0.549598,0.999329,0.011468
int8pt,0.549933,0.999329,0.011421
int8pt,0.550268,0.999329,0.011393
int8pt,0.550603,0.999329,0.011295
int8pt,0.550938,0.999329,0.011097
int8pt,0.551273,0.999329,0.011052
int8pt,0.551609,0.999329,0.010954
int8pt,0.551944,0.999329,0.010886
int8pt,0.552279,0.999329,0.010740
int8pt,0.552614,0.999329,0.010730
int8pt,0.552949,0.999329,0.010693
int8pt,0.553284,0.999329,0.010652
int8pt,0.553619,0.999329,0.010626
int8pt,0.553954,0.999329,0.010581
int8pt,0.554290,0.999329,0.010476
int8pt,0.554625,0.999329,0.010393
int8pt,0.554960,0.999329,0.010325
int8pt,0.555295,0.999329,0.010312
int8pt,0.555630,0.999329,0.010106
int8pt,0.555965,0.999329,0.009985
int8pt,0.556300,0.999329,0.009958
int8pt,0.556635,0.999329,0.009761
int8pt,0.556971,0.999329,0.009710
int8pt,0.557306,0.999329,0.009521
int8pt,0.557641,0.999329,0.009457
int8pt,0.557976,0.999329,0.009405
int8pt,0.558311,0.999329,0.009338
int8pt,0.558646,0.999329,0.009333
int8pt,0.558981,0.999329,0.009306
int8pt,0.559316,0.999329,0.009233
int8pt,0.559651,0.999329,0.009212
int8pt,0.559987,0.999329,0.009193
int8pt,0.560322,0.999329,0.009162
int8pt,0.560657,0.999329,0.009048
int8pt,0.560992,0.999329,0.008843
int8pt,0.561327,0.999329,0.008761
int8pt,0.561662,0.999329,0.008683
int8pt,0.561997,0.999329,0.008559
int8pt,0.562332,0.999329,0.008537
int8pt,0.562668,0.999329,0.008498
int8pt,0.563003,0.999329,0.008464
int8pt,0.563338,0.999329,0.008411
int8pt,0.563673,0.999329,0.008410
int8pt,0.564008,0.999329,0.008350
int8pt,0.564343,0.999329,0.008306
int8pt,0.564678,0.999329,0.008296
int8pt,0.565013,0.999329,0.008008
int8pt,0.565349,0.999329,0.007997
int8pt,0.565684,0.999329,0.007975
int8pt,0.566019,0.999329,0.007831
int8pt,0.566354,0.999329,0.007814
int8pt,0.566689,0.999329,0.007783
int8pt,0.567024,0.999329,0.007749
int8pt,0.567359,0.999329,0.007697
int8pt,0.567694,0.999329,0.007668
int8pt,0.568029,0.999329,0.007610
int8pt,0.568365,0.999329,0.007568
int8pt,0.568700,0.999329,0.007433
int8pt,0.569035,0.999329,0.007348
int8pt,0.569370,0.999329,0.007261
int8pt,0.569705,0.999329,0.007258
int8pt,0.570040,0.999329,0.007221
int8pt,0.570375,0.999329,0.007196
int8pt,0.570710,0.999329,0.007132
int8pt,0.571046,0.999329,0.007075
int8pt,0.571381,0.999329,0.007067
int8pt,0.571716,0.999329,0.006902
int8pt,0.572051,0.999329,0.006887
int8pt,0.572386,0.999329,0.006869
int8pt,0.572721,0.999329,0.006821
int8pt,0.573056,0.999329,0.006754
int8pt,0.573391,0.999329,0.006721
int8pt,0.573727,0.999329,0.006700
int8pt,0.574062,0.999329,0.006619
int8pt,0.574397,0.999329,0.006533
int8pt,0.574732,0.999329,0.006433
int8pt,0.575067,0.999329,0.006417
int8pt,0.575402,0.999329,0.006414
int8pt,0.575737,0.999329,0.006341
int8pt,0.576072,0.999329,0.006329
int8pt,0.576408,0.999329,0.006323
int8pt,0.576743,0.999329,0.006272
int8pt,0.577078,0.999329,0.006222
int8pt,0.577413,0.999329,0.006104
int8pt,0.577748,0.999329,0.006078
int8pt,0.578083,0.999329,0.006006
int8pt,0.578418,0.999329,0.005960
int8pt,0.578753,0.999329,0.005914
int8pt,0.579088,0.999329,0.005882
int8pt,0.579424,0.999329,0.005792
int8pt,0.579759,0.999329,0.005777
int8pt,0.580094,0.999329,0.005772
int8pt,0.580429,0.999329,0.005699
int8pt,0.580764,0.999329,0.005662
int8pt,0.581099,0.999329,0.005636
int8pt,0.581434,0.999329,0.005535
int8pt,0.581769,0.999329,0.005507
int8pt,0.582105,0.999329,0.005386
int8pt,0.582440,0.999329,0.005257
int8pt,0.582775,0.999329,0.005160
int8pt,0.583110,0.999329,0.005113
int8pt,0.583445,0.999329,0.005096
int8pt,0.583780,0.999329,0.005005
int8pt,0.584115,0.999329,0.004902
int8pt,0.584450,0.999329,0.004803
int8pt,0.584786,0.999329,0.004781
int8pt,0.585121,0.999329,0.004772
int8pt,0.585456,0.999329,0.004729
int8pt,0.585791,0.999329,0.004718
int8pt,0.586126,0.999329,0.004708
int8pt,0.586461,0.999329,0.004662
int8pt,0.586796,0.999329,0.004640
int8pt,0.587131,0.999329,0.004465
int8pt,0.587466,0.999329,0.004432
int8pt,0.587802,0.999329,0.004347
int8pt,0.588137,0.999329,0.004280
int8pt,0.588472,0.999329,0.004259
int8pt,0.588807,0.999329,0.004217
int8pt,0.589142,0.999329,0.004054
int8pt,0.589477,0.999329,0.004027
int8pt,0.589812,0.999329,0.004025
int8pt,0.590147,0.999329,0.004010
int8pt,0.590483,0.999329,0.003985
int8pt,0.590818,0.999329,0.003978
int8pt,0.591153,0.999329,0.003943
int8pt,0.591488,0.999329,0.003930
int8pt,0.591823,0.999329,0.003915
int8pt,0.592158,0.999329,0.003789
int8pt,0.592493,0.999329,0.003663
int8pt,0.592828,0.999329,0.003541
int8pt,0.593164,0.999329,0.003507
int8pt,0.593499,0.999329,0.003460
int8pt,0.593834,0.999329,0.003338
int8pt,0.594169,0.999329,0.003314
int8pt,0.594504,0.999329,0.003305
int8pt,0.594839,0.999329,0.003258
int8pt,0.595174,0.999329,0.003099
int8pt,0.595509,0.999329,0.003082
int8pt,0.595845,0.999329,0.003027
int8pt,0.596180,0.999329,0.002968
int8pt,0.596515,0.999329,0.002912
int8pt,0.596850,0.999329,0.002845
int8pt,0.597185,0.999329,0.002819
int8pt,0.597520,0.999329,0.002766
int8pt,0.597855,0.999329,0.002762
int8pt,0.598190,0.999329,0.002679
int8pt,0.598525,0.999329,0.002634
int8pt,0.598861,0.999329,0.002578
int8pt,0.599196,0.999329,0.002572
int8pt,0.599531,0.999329,0.002497
int8pt,0.599866,0.999329,0.002377
int8pt,0.600201,0.999329,0.002289
int8pt,0.600536,0.999329,0.002264
int8pt,0.600871,0.999329,0.002200
int8pt,0.601206,0.999329,0.002056
int8pt,0.601542,0.999329,0.001894
int8pt,0.601877,0.999329,0.001838
int8pt,0.602212,0.999329,0.001759
int8pt,0.602547,0.999329,0.001704
int8pt,0.602882,0.999329,0.001595
int8pt,0.603217,0.999329,0.001531
int8pt,0.603552,0.999329,0.001517
int8pt,0.603887,0.999329,0.001514
int8pt,0.604223,0.999329,0.001424
int8pt,0.604558,0.999329,0.001352
int8pt,0.604893,0.999329,0.001325
int8pt,0.605228,0.999329,0.001316
int8pt,0.605563,0.999329,0.001310
int8pt,0.605898,0.999329,0.001297
int8pt,0.606233,0.999329,0.001236
int8pt,0.606568,0.999329,0.001233
int8pt,0.606903,0.999329,0.001207
int8pt,0.607239,0.999329,0.001087
int8pt,0.607574,0.999329,0.001068
int8pt,0.607909,0.999329,0.000939
int8pt,0.608244,0.999329,0.000873
int8pt,0.608579,0.999329,0.000842
int8pt,0.608914,0.999329,0.000639
int8pt,0.609249,0.999329,0.000468
int8pt,0.609584,0.999329,0.000412
int8pt,0.609920,0.999329,0.000411
int8pt,0.610255,0.999329,0.000359
int8pt,0.610590,0.999329,0.000280
int8pt,0.610925,0.999329,0.000259
int8pt,0.611260,0.999329,0.000188
int8pt,0.611595,0.999329,0.000179
int8pt,0.611930,0.999329,0.000090
int8pt,0.612265,0.999329,0.000087
int8pt,0.612601,0.999329,-0.000017
int8pt,0.612936,0.999329,-0.000106
int8pt,0.613271,0.999329,-0.000140
int8pt,0.613606,0.999329,-0.000210
int8pt,0.613941,0.999329,-0.000217
int8pt,0.614276,0.999329,-0.000360
int8pt,0.614611,0.999329,-0.000416
int8pt,0.614946,0.999329,-0.000522
int8pt,0.615282,0.999329,-0.000594
int8pt,0.615617,0.999329,-0.000670
int8pt,0.615952,0.999329,-0.000832
int8pt,0.616287,0.999329,-0.000840
int8pt,0.616622,0.999329,-0.000896
int8pt,0.616957,0.999329,-0.000903
int8pt,0.617292,0.999329,-0.000943
int8pt,0.617627,0.999329,-0.001016
int8pt,0.617962,0.999329,-0.001019
int8pt,0.618298,0.999329,-0.001146
int8pt,0.618633,0.999329,-0.001149
int8pt,0.618968,0.999329,-0.001204
int8pt,0.619303,0.999329,-0.001237
int8pt,0.619638,0.999329,-0.001293
int8pt,0.619973,0.999329,-0.001324
int8pt,0.620308,0.999329,-0.001447
int8pt,0.620643,0.999329,-0.001529
int8pt,0.620979,0.999329,-0.001651
int8pt,0.621314,0.999329,-0.001669
int8pt,0.621649,0.999329,-0.001672
int8pt,0.621984,0.999329,-0.001673
int8pt,0.622319,0.999329,-0.001675
int8pt,0.622654,0.999329,-0.001707
int8pt,0.622989,0.999329,-0.001822
int8pt,0.623324,0.999329,-0.001824
int8pt,0.623660,0.999329,-0.001843
int8pt,0.623995,0.999329,-0.001862
int8pt,0.624330,0.999329,-0.001960
int8pt,0.624665,0.999329,-0.002088
int8pt,0.625000,0.999329,-0.002194
int8pt,0.625335,0.999329,-0.002289
int8pt,0.625670,0.999329,-0.002383
int8pt,0.626005,0.999329,-0.002442
int8pt,0.626340,0.999329,-0.002463
int8pt,0.626676,0.999329,-0.002493
int8pt,0.627011,0.999329,-0.002510
int8pt,0.627346,0.999329,-0.002539
int8pt,0.627681,0.999329,-0.002598
int8pt,0.628016,0.999329,-0.002667
int8pt,0.628351,0.999329,-0.002779
int8pt,0.628686,0.999329,-0.002866
int8pt,0.629021,0.999329,-0.002935
int8pt,0.629357,0.999329,-0.003008
int8pt,0.629692,0.999329,-0.003048
int8pt,0.630027,0.999329,-0.003049
int8pt,0.630362,0.999329,-0.003089
int8pt,0.630697,0.999329,-0.003089
int8pt,0.631032,0.999329,-0.003098
int8pt,0.631367,0.999329,-0.003230
int8pt,0.631702,0.999329,-0.003237
int8pt,0.632038,0.999329,-0.003266
int8pt,0.632373,0.999329,-0.003327
int8pt,0.632708,0.999329,-0.003366
int8pt,0.633043,0.999329,-0.003486
int8pt,0.633378,0.999329,-0.003537
int8pt,0.633713,0.999329,-0.003585
int8pt,0.634048,0.999329,-0.003605
int8pt,0.634383,0.999329,-0.003631
int8pt,0.634718,0.999329,-0.003650
int8pt,0.635054,0.999329,-0.003681
int8pt,0.635389,0.999329,-0.003687
int8pt,0.635724,0.999329,-0.003907
int8pt,0.636059,0.999329,-0.003919
int8pt,0.636394,0.999329,-0.004233
int8pt,0.636729,0.999329,-0.004329
int8pt,0.637064,0.999329,-0.004330
int8pt,0.637399,0.999329,-0.004353
int8pt,0.637735,0.999329,-0.004355
int8pt,0.638070,0.999329,-0.004409
int8pt,0.638405,0.999329,-0.004683
int8pt,0.638740,0.999329,-0.004705
int8pt,0.639075,0.999329,-0.004720
int8pt,0.639410,0.999329,-0.004750
int8pt,0.639745,0.999329,-0.004795
int8pt,0.640080,0.999329,-0.004819
int8pt,0.640416,0.999329,-0.004820
int8pt,0.640751,0.999329,-0.004826
int8pt,0.641086,0.999329,-0.004864
int8pt,0.641421,0.999329,-0.004934
int8pt,0.641756,0.999329,-0.004941
int8pt,0.642091,0.999329,-0.004971
int8pt,0.642426,0.999329,-0.004988
int8pt,0.642761,0.999329,-0.005148
int8pt,0.643097,0.999329,-0.005347
int8pt,0.643432,0.999329,-0.005385
int8pt,0.643767,0.999329,-0.005415
int8pt,0.644102,0.999329,-0.005416
int8pt,0.644437,0.999329,-0.005500
int8pt,0.644772,0.999329,-0.005502
int8pt,0.645107,0.999329,-0.005554
int8pt,0.645442,0.999329,-0.005583
int8pt,0.645777,0.999329,-0.005628
int8pt,0.646113,0.999329,-0.005635
int8pt,0.646448,0.999329,-0.005785
int8pt,0.646783,0.999329,-0.005821
int8pt,0.647118,0.999329,-0.005941
int8pt,0.647453,0.999329,-0.006082
int8pt,0.647788,0.999329,-0.006149
int8pt,0.648123,0.999329,-0.006254
int8pt,0.648458,0.999329,-0.006295
int8pt,0.648794,0.999329,-0.006333
int8pt,0.649129,0.999329,-0.006436
int8pt,0.649464,0.999329,-0.006498
int8pt,0.649799,0.999329,-0.006550
int8pt,0.650134,0.999329,-0.006775
int8pt,0.650469,0.999329,-0.006797
int8pt,0.650804,0.999329,-0.006811
int8pt,0.651139,0.999329,-0.006837
int8pt,0.651475,0.999329,-0.006977
int8pt,0.651810,0.999329,-0.006991
int8pt,0.652145,0.999329,-0.007057
int8pt,0.652480,0.999329,-0.007086
int8pt,0.652815,0.999329,-0.007141
int8pt,0.653150,0.999329,-0.007175
int8pt,0.653485,0.999329,-0.007193
int8pt,0.653820,0.999329,-0.007235
int8pt,0.654155,0.999329,-0.007246
int8pt,0.654491,0.999329,-0.007248
int8pt,0.654826,0.999329,-0.007289
int8pt,0.655161,0.999329,-0.007350
int8pt,0.655496,0.999329,-0.007358
int8pt,0.655831,0.999329,-0.007369
int8pt,0.656166,0.999329,-0.007510
int8pt,0.656501,0.999329,-0.007521
int8pt,0.656836,0.999329,-0.007580
int8pt,0.656836,0.999665,-0.007638
int8pt,0.657172,0.999665,-0.007721
int8pt,0.657507,0.999665,-0.007740
int8pt,0.657842,0.999665,-0.007837
int8pt,0.658177,0.999665,-0.007858
int8pt,0.658512,0.999665,-0.007888
int8pt,0.658847,0.999665,-0.008019
int8pt,0.659182,0.999665,-0.008076
int8pt,0.659517,0.999665,-0.008088
int8pt,0.659853,0.999665,-0.008176
int8pt,0.660188,0.999665,-0.008188
int8pt,0.660523,0.999665,-0.008380
int8pt,0.660858,0.999665,-0.008384
int8pt,0.661193,0.999665,-0.008414
int8pt,0.661528,0.999665,-0.008550
int8pt,0.661863,0.999665,-0.008618
int8pt,0.662198,0.999665,-0.008664
int8pt,0.662534,0.999665,-0.008676
int8pt,0.662869,0.999665,-0.008741
int8pt,0.663204,0.999665,-0.008791
int8pt,0.663539,0.999665,-0.008826
int8pt,0.663874,0.999665,-0.008968
int8pt,0.664209,0.999665,-0.008977
int8pt,0.664544,0.999665,-0.009004
int8pt,0.664879,0.999665,-0.009077
int8pt,0.665214,0.999665,-0.009293
int8pt,0.665550,0.999665,-0.009295
int8pt,0.665885,0.999665,-0.009312
int8pt,0.666220,0.999665,-0.009314
int8pt,0.666555,0.999665,-0.009382
int8pt,0.666890,0.999665,-0.009478
int8pt,0.667225,0.999665,-0.009610
int8pt,0.667560,0.999665,-0.009632
int8pt,0.667895,0.999665,-0.009635
int8pt,0.668231,0.999665,-0.009700
int8pt,0.668566,0.999665,-0.009723
int8pt,0.668901,0.999665,-0.009774
int8pt,0.669236,0.999665,-0.009860
int8pt,0.669571,0.999665,-0.009865
int8pt,0.669906,0.999665,-0.009923
int8pt,0.670241,0.999665,-0.009990
int8pt,0.670576,0.999665,-0.010008
int8pt,0.670912,0.999665,-0.010061
int8pt,0.671247,0.999665,-0.010127
int8pt,0.671582,0.999665,-0.010134
int8pt,0.671917,0.999665,-0.010213
int8pt,0.672252,0.999665,-0.010224
int8pt,0.672587,0.999665,-0.010276
int8pt,0.672922,0.999665,-0.010381
int8pt,0.673257,0.999665,-0.010404
int8pt,0.673592,0.999665,-0.010412
int8pt,0.673928,0.999665,-0.010483
int8pt,0.674263,0.999665,-0.010566
int8pt,0.674598,0.999665,-0.010688
int8pt,0.674933,0.999665,-0.010690
int8pt,0.675268,0.999665,-0.010843
int8pt,0.675603,0.999665,-0.010936
int8pt,0.675938,0.999665,-0.011011
int8pt,0.676273,0.999665,-0.011118
int8pt,0.676609,0.999665,-0.011178
int8pt,0.676944,0.999665,-0.011180
int8pt,0.677279,0.999665,-0.011195
int8pt,0.677614,0.999665,-0.011448
int8pt,0.677949,0.999665,-0.011580
int8pt,0.678284,0.999665,-0.011853
int8pt,0.678619,0.999665,-0.011870
int8pt,0.678954,0.999665,-0.011982
int8pt,0.679290,0.999665,-0.012339
int8pt,0.679625,0.999665,-0.012373
int8pt,0.679960,0.999665,-0.012378
int8pt,0.680295,0.999665,-0.012396
int8pt,0.680630,0.999665,-0.012416
int8pt,0.680965,0.999665,-0.012441
int8pt,0.681300,0.999665,-0.012518
int8pt,0.681635,0.999665,-0.012525
int8pt,0.681971,0.999665,-0.012548
int8pt,0.682306,0.999665,-0.012551
int8pt,0.682641,0.999665,-0.012609
int8pt,0.682976,0.999665,-0.012662
int8pt,0.683311,0.999665,-0.012718
int8pt,0.683646,0.999665,-0.012730
int8pt,0.683981,0.999665,-0.012849
int8pt,0.684316,0.999665,-0.012855
int8pt,0.684651,0.999665,-0.012865
int8pt,0.684987,0.999665,-0.012893
int8pt,0.685322,0.999665,-0.012913
int8pt,0.685657,0.999665,-0.013176
int8pt,0.685992,0.999665,-0.013198
int8pt,0.686327,0.999665,-0.013292
int8pt,0.686662,0.999665,-0.013446
int8pt,0.686997,0.999665,-0.013469
int8pt,0.687332,0.999665,-0.013532
int8pt,0.687668,0.999665,-0.013664
int8pt,0.688003,0.999665,-0.013669
int8pt,0.688338,0.999665,-0.013751
int8pt,0.688673,0.999665,-0.013791
int8pt,0.689008,0.999665,-0.013803
int8pt,0.689343,0.999665,-0.013827
int8pt,0.689678,0.999665,-0.013891
int8pt,0.690013,0.999665,-0.013900
int8pt,0.690349,0.999665,-0.013909
int8pt,0.690684,0.999665,-0.013976
int8pt,0.691019,0.999665,-0.014094
int8pt,0.691354,0.999665,-0.014105
int8pt,0.691689,0.999665,-0.014212
int8pt,0.692024,0.999665,-0.014266
int8pt,0.692359,0.999665,-0.014301
int8pt,0.692694,0.999665,-0.014329
int8pt,0.693029,0.999665,-0.014343
int8pt,0.693365,0.999665,-0.014447
int8pt,0.693700,0.999665,-0.014456
int8pt,0.694035,0.999665,-0.014561
int8pt,0.694370,0.999665,-0.014594
int8pt,0.694705,0.999665,-0.014620
int8pt,0.695040,0.999665,-0.014634
int8pt,0.695375,0.999665,-0.014659
int8pt,0.695710,0.999665,-0.014697
int8pt,0.696046,0.999665,-0.014698
int8pt,0.696381,0.999665,-0.014856
int8pt,0.696716,0.999665,-0.014905
int8pt,0.697051,0.999665,-0.014910
int8pt,0.697386,0.999665,-0.015043
int8pt,0.697721,0.999665,-0.015314
int8pt,0.698056,0.999665,-0.015354
int8pt,0.698391,0.999665,-0.015474
int8pt,0.698727,0.999665,-0.015702
int8pt,0.699062,0.999665,-0.015729
int8pt,0.699397,0.999665,-0.015841
int8pt,0.699732,0.999665,-0.015863
int8pt,0.700067,0.999665,-0.015925
int8pt,0.700402,0.999665,-0.015985
int8pt,0.700737,0.999665,-0.016151
int8pt,0.701072,0.999665,-0.016199
int8pt,0.701408,0.999665,-0.016201
int8pt,0.701743,0.999665,-0.016319
int8pt,0.702078,0.999665,-0.016337
int8pt,0.702413,0.999665,-0.016338
int8pt,0.702748,0.999665,-0.016362
int8pt,0.703083,0.999665,-0.016405
int8pt,0.703418,0.999665,-0.016522
int8pt,0.703753,0.999665,-0.016590
int8pt,0.704088,0.999665,-0.016610
int8pt,0.704424,0.999665,-0.016617
int8pt,0.704759,0.999665,-0.016656
int8pt,0.705094,0.999665,-0.016671
int8pt,0.705429,0.999665,-0.016687
int8pt,0.705764,0.999665,-0.016712
int8pt,0.706099,0.999665,-0.016746
int8pt,0.706434,0.999665,-0.016865
int8pt,0.706769,0.999665,-0.016926
int8pt,0.707105,0.999665,-0.017060
int8pt,0.707440,0.999665,-0.017068
int8pt,0.707775,0.999665,-0.017204
int8pt,0.708110,0.999665,-0.017290
int8pt,0.708445,0.999665,-0.017345
int8pt,0.708780,0.999665,-0.017351
int8pt,0.709115,0.999665,-0.017353
int8pt,0.709450,0.999665,-0.017365
int8pt,0.709786,0.999665,-0.017376
int8pt,0.710121,0.999665,-0.017458
int8pt,0.710456,0.999665,-0.017586
int8pt,0.710791,0.999665,-0.017662
int8pt,0.711126,0.999665,-0.017698
int8pt,0.711461,0.999665,-0.017803
int8pt,0.711796,0.999665,-0.017895
int8pt,0.712131,0.999665,-0.017918
int8pt,0.712466,0.999665,-0.017918
int8pt,0.712802,0.999665,-0.017974
int8pt,0.713137,0.999665,-0.017999
int8pt,0.713472,0.999665,-0.018137
int8pt,0.713807,0.999665,-0.018259
int8pt,0.714142,0.999665,-0.018274
int8pt,0.714477,0.999665,-0.018485
int8pt,0.714812,0.999665,-0.018570
int8pt,0.715147,0.999665,-0.018588
int8pt,0.715483,0.999665,-0.018655
int8pt,0.715818,0.999665,-0.018681
int8pt,0.716153,0.999665,-0.018740
int8pt,0.716488,0.999665,-0.018826
int8pt,0.716823,0.999665,-0.018829
int8pt,0.717158,0.999665,-0.018984
int8pt,0.717493,0.999665,-0.019052
int8pt,0.717828,0.999665,-0.019079
int8pt,0.718164,0.999665,-0.019183
int8pt,0.718499,0.999665,-0.019243
int8pt,0.718834,0.999665,-0.019261
int8pt,0.719169,0.999665,-0.019335
int8pt,0.719504,0.999665,-0.019365
int8pt,0.719839,0.999665,-0.019383
int8pt,0.720174,0.999665,-0.019413
int8pt,0.720509,0.999665,-0.019601
int8pt,0.720845,0.999665,-0.019611
int8pt,0.721180,0.999665,-0.019693
int8pt,0.721515,0.999665,-0.019703
int8pt,0.721850,0.999665,-0.019794
int8pt,0.722185,0.999665,-0.019937
int8pt,0.722520,0.999665,-0.019998
int8pt,0.722855,0.999665,-0.020091
int8pt,0.723190,0.999665,-0.020235
int8pt,0.723525,0.999665,-0.020290
int8pt,0.723861,0.999665,-0.020443
int8pt,0.724196,0.999665,-0.020562
int8pt,0.724531,0.999665,-0.020610
int8pt,0.724866,0.999665,-0.020644
int8pt,0.725201,0.999665,-0.020699
int8pt,0.725536,0.999665,-0.020775
int8pt,0.725871,0.999665,-0.020811
int8pt,0.726206,0.999665,-0.020876
int8pt,0.726542,0.999665,-0.020900
int8pt,0.726877,0.999665,-0.020998
int8pt,0.727212,0.999665,-0.021098
int8pt,0.727547,0.999665,-0.021168
int8pt,0.727882,0.999665,-0.021194
int8pt,0.728217,0.999665,-0.021413
int8pt,0.728552,0.999665,-0.021431
int8pt,0.728887,0.999665,-0.021504
int8pt,0.729223,0.999665,-0.021530
int8pt,0.729558,0.999665,-0.021602
int8pt,0.729893,0.999665,-0.021603
int8pt,0.730228,0.999665,-0.021637
int8pt,0.730563,0.999665,-0.021642
int8pt,0.730898,0.999665,-0.021650
int8pt,0.731233,0.999665,-0.021712
int8pt,0.731568,0.999665,-0.021761
int8pt,0.731903,0.999665,-0.021800
int8pt,0.732239,0.999665,-0.021870
int8pt,0.732574,0.999665,-0.021898
int8pt,0.732909,0.999665,-0.022041
int8pt,0.733244,0.999665,-0.022090
int8pt,0.733579,0.999665,-0.022126
int8pt,0.733914,0.999665,-0.022134
int8pt,0.734249,0.999665,-0.022135
int8pt,0.734584,0.999665,-0.022252
int8pt,0.734920,0.999665,-0.022254
int8pt,0.735255,0.999665,-0.022265
int8pt,0.735590,0.999665,-0.022371
int8pt,0.735925,0.999665,-0.022459
int8pt,0.736260,0.999665,-0.022510
int8pt,0.736595,0.999665,-0.022534
int8pt,0.736930,0.999665,-0.022543
int8pt,0.737265,0.999665,-0.022570
int8pt,0.737601,0.999665,-0.022719
int8pt,0.737936,0.999665,-0.022742
int8pt,0.738271,0.999665,-0.022787
int8pt,0.738606,0.999665,-0.022879
int8pt,0.738941,0.999665,-0.022985
int8pt,0.739276,0.999665,-0.022988
int8pt,0.739611,0.999665,-0.023137
int8pt,0.739946,0.999665,-0.023185
int8pt,0.740282,0.999665,-0.023252
int8pt,0.740617,0.999665,-0.023274
int8pt,0.740952,0.999665,-0.023325
int8pt,0.741287,0.999665,-0.023345
int8pt,0.741622,0.999665,-0.023466
int8pt,0.741957,0.999665,-0.023564
int8pt,0.742292,0.999665,-0.023596
int8pt,0.742627,0.999665,-0.023696
int8pt,0.742962,0.999665,-0.023698
int8pt,0.743298,0.999665,-0.023779
int8pt,0.743633,0.999665,-0.023782
int8pt,0.743968,0.999665,-0.023862
int8pt,0.744303,0.999665,-0.023958
int8pt,0.744638,0.999665,-0.023980
int8pt,0.744973,0.999665,-0.024013
int8pt,0.745308,0.999665,-0.024256
int8pt,0.745643,0.999665,-0.024263
int8pt,0.745979,0.999665,-0.024491
int8pt,0.746314,0.999665,-0.024547
int8pt,0.746649,0.999665,-0.024591
int8pt,0.746984,0.999665,-0.024647
int8pt,0.747319,0.999665,-0.024654
int8pt,0.747654,0.999665,-0.024663
int8pt,0.747989,0.999665,-0.024664
int8pt,0.748324,0.999665,-0.024926
int8pt,0.748660,0.999665,-0.024998
int8pt,0.748995,0.999665,-0.025118
int8pt,0.749330,0.999665,-0.025145
int8pt,0.749665,0.999665,-0.025189
int8pt,0.750000,0.999665,-0.025227
int8pt,0.750335,0.999665,-0.025302
int8pt,0.750670,0.999665,-0.025315
int8pt,0.751005,0.999665,-0.025354
int8pt,0.751340,0.999665,-0.025440
int8pt,0.751676,0.999665,-0.025467
int8pt,0.752011,0.999665,-0.025468
int8pt,0.752346,0.999665,-0.025500
int8pt,0.752681,0.999665,-0.025605
int8pt,0.753016,0.999665,-0.025661
int8pt,0.753351,0.999665,-0.025665
int8pt,0.753686,0.999665,-0.025716
int8pt,0.754021,0.999665,-0.025809
int8pt,0.754357,0.999665,-0.025839
int8pt,0.754692,0.999665,-0.025854
int8pt,0.755027,0.999665,-0.025933
int8pt,0.755362,0.999665,-0.025976
int8pt,0.755697,0.999665,-0.025994
int8pt,0.756032,0.999665,-0.026133
int8pt,0.756367,0.999665,-0.026173
int8pt,0.756702,0.999665,-0.026203
int8pt,0.757038,0.999665,-0.026213
int8pt,0.757373,0.999665,-0.026217
int8pt,0.757708,0.999665,-0.026408
int8pt,0.758043,0.999665,-0.026459
int8pt,0.758378,0.999665,-0.026579
int8pt,0.758713,0.999665,-0.026708
int8pt,0.759048,0.999665,-0.026712
int8pt,0.759383,0.999665,-0.026712
int8pt,0.759718,0.999665,-0.026826
int8pt,0.760054,0.999665,-0.026866
int8pt,0.760389,0.999665,-0.026979
int8pt,0.760724,0.999665,-0.027071
int8pt,0.761059,0.999665,-0.027105
int8pt,0.761394,0.999665,-0.027166
int8pt,0.761729,0.999665,-0.027170
int8pt,0.762064,0.999665,-0.027184
int8pt,0.762399,0.999665,-0.027265
int8pt,0.762735,0.999665,-0.027283
int8pt,0.763070,0.999665,-0.027324
int8pt,0.763405,0.999665,-0.027427
int8pt,0.763740,0.999665,-0.027548
int8pt,0.764075,0.999665,-0.027814
int8pt,0.764410,0.999665,-0.027907
int8pt,0.764745,0.999665,-0.028035
int8pt,0.765080,0.999665,-0.028039
int8pt,0.765416,0.999665,-0.028076
int8pt,0.765751,0.999665,-0.028076
int8pt,0.766086,0.999665,-0.028122
int8pt,0.766421,0.999665,-0.028153
int8pt,0.766756,0.999665,-0.028208
int8pt,0.767091,0.999665,-0.028361
int8pt,0.767426,0.999665,-0.028404
int8pt,0.767761,0.999665,-0.028413
int8pt,0.768097,0.999665,-0.028527
int8pt,0.768432,0.999665,-0.028554
int8pt,0.768767,0.999665,-0.028592
int8pt,0.769102,0.999665,-0.028643
int8pt,0.769437,0.999665,-0.028654
int8pt,0.769772,0.999665,-0.028726
int8pt,0.770107,0.999665,-0.028924
int8pt,0.770442,0.999665,-0.028986
int8pt,0.770777,0.999665,-0.029076
int8pt,0.771113,0.999665,-0.029091
int8pt,0.771448,0.999665,-0.029313
int8pt,0.771783,0.999665,-0.029370
int8pt,0.772118,0.999665,-0.029533
int8pt,0.772453,0.999665,-0.029541
int8pt,0.772788,0.999665,-0.029611
int8pt,0.773123,0.999665,-0.029664
int8pt,0.773458,0.999665,-0.029694
int8pt,0.773794,0.999665,-0.029726
int8pt,0.774129,0.999665,-0.029761
int8pt,0.774464,0.999665,-0.029773
int8pt,0.774799,0.999665,-0.029843
int8pt,0.775134,0.999665,-0.029909
int8pt,0.775469,0.999665,-0.029956
int8pt,0.775804,0.999665,-0.029957
int8pt,0.776139,0.999665,-0.029957
int8pt,0.776475,0.999665,-0.030053
int8pt,0.776475,1.000000,-0.030159
int8pt,0.776810,1.000000,-0.030258
int8pt,0.777145,1.000000,-0.030271
int8pt,0.777480,1.000000,-0.030386
int8pt,0.777815,1.000000,-0.030554
int8pt,0.778150,1.000000,-0.030583
int8pt,0.778485,1.000000,-0.030626
int8pt,0.778820,1.000000,-0.030723
int8pt,0.779155,1.000000,-0.030768
int8pt,0.779491,1.000000,-0.030792
int8pt,0.779826,1.000000,-0.030793
int8pt,0.780161,1.000000,-0.030847
int8pt,0.780496,1.000000,-0.031103
int8pt,0.780831,1.000000,-0.031104
int8pt,0.781166,1.000000,-0.031202
int8pt,0.781501,1.000000,-0.031253
int8pt,0.781836,1.000000,-0.031357
int8pt,0.782172,1.000000,-0.031366
int8pt,0.782507,1.000000,-0.031515
int8pt,0.782842,1.000000,-0.031515
int8pt,0.783177,1.000000,-0.031595
int8pt,0.783512,1.000000,-0.031618
int8pt,0.783847,1.000000,-0.031879
int8pt,0.784182,1.000000,-0.031889
int8pt,0.784517,1.000000,-0.031993
int8pt,0.784853,1.000000,-0.031997
int8pt,0.785188,1.000000,-0.032035
int8pt,0.785523,1.000000,-0.032161
int8pt,0.785858,1.000000,-0.032304
int8pt,0.786193,1.000000,-0.032315
int8pt,0.786528,1.000000,-0.032405
int8pt,0.786863,1.000000,-0.032431
int8pt,0.787198,1.000000,-0.032433
int8pt,0.787534,1.000000,-0.032481
int8pt,0.787869,1.000000,-0.032533
int8pt,0.788204,1.000000,-0.032708
int8pt,0.788539,1.000000,-0.032816
int8pt,0.788874,1.000000,-0.032864
int8pt,0.789209,1.000000,-0.032909
int8pt,0.789544,1.000000,-0.033024
int8pt,0.789879,1.000000,-0.033056
int8pt,0.790214,1.000000,-0.033093
int8pt,0.790550,1.000000,-0.033119
int8pt,0.790885,1.000000,-0.033184
int8pt,0.791220,1.000000,-0.033260
int8pt,0.791555,1.000000,-0.033279
int8pt,0.791890,1.000000,-0.033315
int8pt,0.792225,1.000000,-0.033321
int8pt,0.792560,1.000000,-0.033325
int8pt,0.792895,1.000000,-0.033490
int8pt,0.793231,1.000000,-0.033559
int8pt,0.793566,1.000000,-0.033619
int8pt,0.793901,1.000000,-0.033650
int8pt,0.794236,1.000000,-0.033651
int8pt,0.794571,1.000000,-0.033701
int8pt,0.794906,1.000000,-0.033942
int8pt,0.795241,1.000000,-0.033986
int8pt,0.795576,1.000000,-0.033988
int8pt,0.795912,1.000000,-0.034011
int8pt,0.796247,1.000000,-0.034104
int8pt,0.796582,1.000000,-0.034270
int8pt,0.796917,1.000000,-0.034287
int8pt,0.797252,1.000000,-0.034361
int8pt,0.797587,1.000000,-0.034470
int8pt,0.797922,1.000000,-0.034628
int8pt,0.798257,1.000000,-0.034736
int8pt,0.798592,1.000000,-0.034745
int8pt,0.798928,1.000000,-0.034839
int8pt,0.799263,1.000000,-0.035106
int8pt,0.799598,1.000000,-0.035137
int8pt,0.799933,1.000000,-0.035187
int8pt,0.800268,1.000000,-0.035207
int8pt,0.800603,1.000000,-0.035341
int8pt,0.800938,1.000000,-0.035394
int8pt,0.801273,1.000000,-0.035453
int8pt,0.801609,1.000000,-0.035456
int8pt,0.801944,1.000000,-0.035520
int8pt,0.802279,1.000000,-0.035642
int8pt,0.802614,1.000000,-0.035703
int8pt,0.802949,1.000000,-0.035759
int8pt,0.803284,1.000000,-0.035778
int8pt,0.803619,1.000000,-0.035842
int8pt,0.803954,1.000000,-0.035858
int8pt,0.804290,1.000000,-0.035943
int8pt,0.804625,1.000000,-0.036211
int8pt,0.804960,1.000000,-0.036217
int8pt,0.805295,1.000000,-0.036277
int8pt,0.805630,1.000000,-0.036329
int8pt,0.805965,1.000000,-0.036547
int8pt,0.806300,1.000000,-0.036627
int8pt,0.806635,1.000000,-0.036733
int8pt,0.806971,1.000000,-0.036926
int8pt,0.807306,1.000000,-0.036949
int8pt,0.807641,1.000000,-0.037055
int8pt,0.807976,1.000000,-0.037074
int8pt,0.808311,1.000000,-0.037109
int8pt,0.808646,1.000000,-0.037110
int8pt,0.808981,1.000000,-0.037160
int8pt,0.809316,1.000000,-0.037313
int8pt,0.809651,1.000000,-0.037369
int8pt,0.809987,1.000000,-0.037561
int8pt,0.810322,1.000000,-0.037625
int8pt,0.810657,1.000000,-0.037631
int8pt,0.810992,1.000000,-0.037643
int8pt,0.811327,1.000000,-0.037720
int8pt,0.811662,1.000000,-0.037808
int8pt,0.811997,1.000000,-0.037877
int8pt,0.812332,1.000000,-0.037915
int8pt,0.812668,1.000000,-0.038032
int8pt,0.813003,1.000000,-0.038233
int8pt,0.813338,1.000000,-0.038314
int8pt,0.813673,1.000000,-0.038443
int8pt,0.814008,1.000000,-0.038452
int8pt,0.814343,1.000000,-0.038452
int8pt,0.814678,1.000000,-0.038494
int8pt,0.815013,1.000000,-0.038597
int8pt,0.815349,1.000000,-0.038697
int8pt,0.815684,1.000000,-0.038702
int8pt,0.816019,1.000000,-0.038723
int8pt,0.816354,1.000000,-0.038831
int8pt,0.816689,1.000000,-0.038971
int8pt,0.817024,1.000000,-0.039139
int8pt,0.817359,1.000000,-0.039149
int8pt,0.817694,1.000000,-0.039205
int8pt,0.818029,1.000000,-0.039562
int8pt,0.818365,1.000000,-0.039573
int8pt,0.818700,1.000000,-0.039619
int8pt,0.819035,1.000000,-0.039700
int8pt,0.819370,1.000000,-0.039724
int8pt,0.819705,1.000000,-0.039830
int8pt,0.820040,1.000000,-0.039956
int8pt,0.820375,1.000000,-0.040025
int8pt,0.820710,1.000000,-0.040265
int8pt,0.821046,1.000000,-0.040275
int8pt,0.821381,1.000000,-0.040308
int8pt,0.821716,1.000000,-0.040384
int8pt,0.822051,1.000000,-0.040429
int8pt,0.822386,1.000000,-0.040506
int8pt,0.822721,1.000000,-0.040552
int8pt,0.823056,1.000000,-0.040729
int8pt,0.823391,1.000000,-0.040738
int8pt,0.823727,1.000000,-0.040802
int8pt,0.824062,1.000000,-0.040943
int8pt,0.824397,1.000000,-0.040990
int8pt,0.824732,1.000000,-0.041034
int8pt,0.825067,1.000000,-0.041159
int8pt,0.825402,1.000000,-0.041306
int8pt,0.825737,1.000000,-0.041712
int8pt,0.826072,1.000000,-0.041771
int8pt,0.826408,1.000000,-0.041866
int8pt,0.826743,1.000000,-0.041906
int8pt,0.827078,1.000000,-0.041963
int8pt,0.827413,1.000000,-0.041974
int8pt,0.827748,1.000000,-0.041986
int8pt,0.828083,1.000000,-0.042150
int8pt,0.828418,1.000000,-0.042314
int8pt,0.828753,1.000000,-0.042322
int8pt,0.829088,1.000000,-0.042422
int8pt,0.829424,1.000000,-0.042481
int8pt,0.829759,1.000000,-0.042505
int8pt,0.830094,1.000000,-0.042544
int8pt,0.830429,1.000000,-0.042733
int8pt,0.830764,1.000000,-0.042994
int8pt,0.831099,1.000000,-0.043060
int8pt,0.831434,1.000000,-0.043074
int8pt,0.831769,1.000000,-0.043128
int8pt,0.832105,1.000000,-0.043157
int8pt,0.832440,1.000000,-0.043158
int8pt,0.832775,1.000000,-0.043259
int8pt,0.833110,1.000000,-0.043305
int8pt,0.833445,1.000000,-0.043307
int8pt,0.833780,1.000000,-0.043377
int8pt,0.834115,1.000000,-0.043433
int8pt,0.834450,1.000000,-0.043482
int8pt,0.834786,1.000000,-0.043532
int8pt,0.835121,1.000000,-0.043682
int8pt,0.835456,1.000000,-0.043797
int8pt,0.835791,1.000000,-0.043897
int8pt,0.836126,1.000000,-0.043933
int8pt,0.836461,1.000000,-0.043933
int8pt,0.836796,1.000000,-0.044063
int8pt,0.837131,1.000000,-0.044063
int8pt,0.837466,1.000000,-0.044090
int8pt,0.837802,1.000000,-0.044245
int8pt,0.838137,1.000000,-0.044300
int8pt,0.838472,1.000000,-0.044300
int8pt,0.838807,1.000000,-0.044356
int8pt,0.839142,1.000000,-0.044407
int8pt,0.839477,1.000000,-0.044474
int8pt,0.839812,1.000000,-0.044487
int8pt,0.840147,1.000000,-0.044506
int8pt,0.840483,1.000000,-0.044546
int8pt,0.840818,1.000000,-0.044595
int8pt,0.841153,1.000000,-0.044826
int8pt,0.841488,1.000000,-0.045052
int8pt,0.841823,1.000000,-0.045076
int8pt,0.842158,1.000000,-0.045110
int8pt,0.842493,1.000000,-0.045250
int8pt,0.842828,1.000000,-0.045253
int8pt,0.843164,1.000000,-0.045337
int8pt,0.843499,1.000000,-0.045505
int8pt,0.843834,1.000000,-0.045510
int8pt,0.844169,1.000000,-0.045572
int8pt,0.844504,1.000000,-0.045607
int8pt,0.844839,1.000000,-0.045661
int8pt,0.845174,1.000000,-0.045722
int8pt,0.845509,1.000000,-0.045791
int8pt,0.845845,1.000000,-0.045809
int8pt,0.846180,1.000000,-0.045913
int8pt,0.846515,1.000000,-0.045938
int8pt,0.846850,1.000000,-0.045967
int8pt,0.847185,1.000000,-0.045977
int8pt,0.847520,1.000000,-0.046077
int8pt,0.847855,1.000000,-0.046077
int8pt,0.848190,1.000000,-0.046086
int8pt,0.848525,1.000000,-0.046328
int8pt,0.848861,1.000000,-0.046419
int8pt,0.849196,1.000000,-0.046566
int8pt,0.849531,1.000000,-0.046613
int8pt,0.849866,1.000000,-0.046649
int8pt,0.850201,1.000000,-0.046800
int8pt,0.850536,1.000000,-0.046828
int8pt,0.850871,1.000000,-0.047044
int8pt,0.851206,1.000000,-0.047237
int8pt,0.851542,1.000000,-0.047258
int8pt,0.851877,1.000000,-0.047271
int8pt,0.852212,1.000000,-0.047390
int8pt,0.852547,1.000000,-0.047524
int8pt,0.852882,1.000000,-0.047638
int8pt,0.853217,1.000000,-0.047961
int8pt,0.853552,1.000000,-0.048065
int8pt,0.853887,1.000000,-0.048095
int8pt,0.854223,1.000000,-0.048178
int8pt,0.854558,1.000000,-0.048352
int8pt,0.854893,1.000000,-0.048572
int8pt,0.855228,1.000000,-0.048620
int8pt,0.855563,1.000000,-0.048630
int8pt,0.855898,1.000000,-0.048640
int8pt,0.856233,1.000000,-0.048675
int8pt,0.856568,1.000000,-0.048682
int8pt,0.856903,1.000000,-0.048812
int8pt,0.857239,1.000000,-0.048833
int8pt,0.857574,1.000000,-0.048849
int8pt,0.857909,1.000000,-0.048892
int8pt,0.858244,1.000000,-0.048954
int8pt,0.858579,1.000000,-0.048969
int8pt,0.858914,1.000000,-0.049089
int8pt,0.859249,1.000000,-0.049394
int8pt,0.859584,1.000000,-0.049494
int8pt,0.859920,1.000000,-0.049507
int8pt,0.860255,1.000000,-0.049544
int8pt,0.860590,1.000000,-0.049822
int8pt,0.860925,1.000000,-0.049906
int8pt,0.861260,1.000000,-0.050043
int8pt,0.861595,1.000000,-0.050345
int8pt,0.861930,1.000000,-0.050354
int8pt,0.862265,1.000000,-0.050476
int8pt,0.862601,1.000000,-0.050516
int8pt,0.862936,1.000000,-0.050604
int8pt,0.863271,1.000000,-0.050608
int8pt,0.863606,1.000000,-0.050696
int8pt,0.863941,1.000000,-0.050900
int8pt,0.864276,1.000000,-0.050914
int8pt,0.864611,1.000000,-0.050924
int8pt,0.864946,1.000000,-0.050940
int8pt,0.865282,1.000000,-0.050979
int8pt,0.865617,1.000000,-0.051003
int8pt,0.865952,1.000000,-0.051157
int8pt,0.866287,1.000000,-0.051239
int8pt,0.866622,1.000000,-0.051260
int8pt,0.866957,1.000000,-0.051288
int8pt,0.867292,1.000000,-0.051347
int8pt,0.867627,1.000000,-0.051385
int8pt,0.867962,1.000000,-0.051398
int8pt,0.868298,1.000000,-0.051428
int8pt,0.868633,1.000000,-0.051461
int8pt,0.868968,1.000000,-0.051528
int8pt,0.869303,1.000000,-0.051643
int8pt,0.869638,1.000000,-0.051779
int8pt,0.869973,1.000000,-0.051960
int8pt,0.870308,1.000000,-0.052042
int8pt,0.870643,1.000000,-0.052083
int8pt,0.870979,1.000000,-0.052122
int8pt,0.871314,1.000000,-0.052149
int8pt,0.871649,1.000000,-0.052214
int8pt,0.871984,1.000000,-0.052231
int8pt,0.872319,1.000000,-0.052429
int8pt,0.872654,1.000000,-0.052442
int8pt,0.872989,1.000000,-0.052842
int8pt,0.873324,1.000000,-0.052902
int8pt,0.873660,1.000000,-0.052904
int8pt,0.873995,1.000000,-0.052907
int8pt,0.874330,1.000000,-0.052934
int8pt,0.874665,1.000000,-0.052941
int8pt,0.875000,1.000000,-0.052976
int8pt,0.875335,1.000000,-0.052982
int8pt,0.875670,1.000000,-0.053096
int8pt,0.876005,1.000000,-0.053141
int8pt,0.876340,1.000000,-0.053143
int8pt,0.876676,1.000000,-0.053173
int8pt,0.877011,1.000000,-0.053293
int8pt,0.877346,1.000000,-0.053390
int8pt,0.877681,1.000000,-0.053468
int8pt,0.878016,1.000000,-0.053626
int8pt,0.878351,1.000000,-0.053725
int8pt,0.878686,1.000000,-0.053787
int8pt,0.879021,1.000000,-0.053788
int8pt,0.879357,1.000000,-0.053797
int8pt,0.879692,1.000000,-0.053848
int8pt,0.880027,1.000000,-0.054059
int8pt,0.880362,1.000000,-0.054443
int8pt,0.880697,1.000000,-0.054529
int8pt,0.881032,1.000000,-0.054696
int8pt,0.881367,1.000000,-0.054866
int8pt,0.881702,1.000000,-0.054904
int8pt,0.882038,1.000000,-0.055179
int8pt,0.882373,1.000000,-0.055332
int8pt,0.882708,1.000000,-0.055340
int8pt,0.883043,1.000000,-0.055501
int8pt,0.883378,1.000000,-0.055723
int8pt,0.883713,1.000000,-0.055856
int8pt,0.884048,1.000000,-0.056145
int8pt,0.884383,1.000000,-0.056194
int8pt,0.884718,1.000000,-0.056222
int8pt,0.885054,1.000000,-0.056257
int8pt,0.885389,1.000000,-0.056456
int8pt,0.885724,1.000000,-0.056460
int8pt,0.886059,1.000000,-0.056523
int8pt,0.886394,1.000000,-0.056574
int8pt,0.886729,1.000000,-0.056622
int8pt,0.887064,1.000000,-0.056652
int8pt,0.887399,1.000000,-0.056752
int8pt,0.887735,1.000000,-0.056852
int8pt,0.888070,1.000000,-0.056863
int8pt,0.888405,1.000000,-0.056876
int8pt,0.888740,1.000000,-0.057089
int8pt,0.889075,1.000000,-0.057196
int8pt,0.889410,1.000000,-0.057347
int8pt,0.889745,1.000000,-0.057368
int8pt,0.890080,1.000000,-0.057465
int8pt,0.890416,1.000000,-0.057752
int8pt,0.890751,1.000000,-0.057915
int8pt,0.891086,1.000000,-0.057936
int8pt,0.891421,1.000000,-0.058030
int8pt,0.891756,1.000000,-0.058132
int8pt,0.892091,1.000000,-0.058171
int8pt,0.892426,1.000000,-0.058220
int8pt,0.892761,1.000000,-0.058365
int8pt,0.893097,1.000000,-0.058373
int8pt,0.893432,1.000000,-0.058457
int8pt,0.893767,1.000000,-0.058542
int8pt,0.894102,1.000000,-0.058714
int8pt,0.894437,1.000000,-0.058935
int8pt,0.894772,1.000000,-0.059090
int8pt,0.895107,1.000000,-0.059246
int8pt,0.895442,1.000000,-0.059295
int8pt,0.895777,1.000000,-0.059304
int8pt,0.896113,1.000000,-0.059346
int8pt,0.896448,1.000000,-0.059588
int8pt,0.896783,1.000000,-0.059839
int8pt,0.897118,1.000000,-0.059848
int8pt,0.897453,1.000000,-0.059951
int8pt,0.897788,1.000000,-0.060052
int8pt,0.898123,1.000000,-0.060131
int8pt,0.898458,1.000000,-0.060215
int8pt,0.898794,1.000000,-0.060323
int8pt,0.899129,1.000000,-0.060371
int8pt,0.899464,1.000000,-0.060372
int8pt,0.899799,1.000000,-0.060447
int8pt,0.900134,1.000000,-0.060580
int8pt,0.900469,1.000000,-0.060678
int8pt,0.900804,1.000000,-0.060915
int8pt,0.901139,1.000000,-0.060969
int8pt,0.901475,1.000000,-0.061282
int8pt,0.901810,1.000000,-0.061500
int8pt,0.902145,1.000000,-0.061722
int8pt,0.902480,1.000000,-0.061766
int8pt,0.902815,1.000000,-0.062195
int8pt,0.903150,1.000000,-0.062267
int8pt,0.903485,1.000000,-0.062369
int8pt,0.903820,1.000000,-0.062706
int8pt,0.904155,1.000000,-0.062992
int8pt,0.904491,1.000000,-0.063016
int8pt,0.904826,1.000000,-0.063148
int8pt,0.905161,1.000000,-0.063316
int8pt,0.905496,1.000000,-0.063654
int8pt,0.905831,1.000000,-0.063707
int8pt,0.906166,1.000000,-0.063974
int8pt,0.906501,1.000000,-0.064032
int8pt,0.906836,1.000000,-0.064082
int8pt,0.907172,1.000000,-0.064265
int8pt,0.907507,1.000000,-0.064317
int8pt,0.907842,1.000000,-0.064389
int8pt,0.908177,1.000000,-0.064572
int8pt,0.908512,1.000000,-0.064727
int8pt,0.908847,1.000000,-0.064877
int8pt,0.909182,1.000000,-0.064939
int8pt,0.909517,1.000000,-0.065273
int8pt,0.909853,1.000000,-0.065377
int8pt,0.910188,1.000000,-0.065537
int8pt,0.910523,1.000000,-0.065655
int8pt,0.910858,1.000000,-0.065841
int8pt,0.911193,1.000000,-0.066078
int8pt,0.911528,1.000000,-0.066145
int8pt,0.911863,1.000000,-0.066219
int8pt,0.912198,1.000000,-0.066228
int8pt,0.912534,1.000000,-0.066250
int8pt,0.912869,1.000000,-0.066268
int8pt,0.913204,1.000000,-0.066486
int8pt,0.913539,1.000000,-0.066524
int8pt,0.913874,1.000000,-0.066569
int8pt,0.914209,1.000000,-0.066703
int8pt,0.914544,1.000000,-0.066714
int8pt,0.914879,1.000000,-0.066980
int8pt,0.915214,1.000000,-0.067060
int8pt,0.915550,1.000000,-0.067133
int8pt,0.915885,1.000000,-0.067436
int8pt,0.916220,1.000000,-0.067455
int8pt,0.916555,1.000000,-0.067764
int8pt,0.916890,1.000000,-0.067777
int8pt,0.917225,1.000000,-0.067860
int8pt,0.917560,1.000000,-0.068159
int8pt,0.917895,1.000000,-0.068282
int8pt,0.918231,1.000000,-0.068364
int8pt,0.918566,1.000000,-0.068366
int8pt,0.918901,1.000000,-0.068647
int8pt,0.919236,1.000000,-0.068667
int8pt,0.919571,1.000000,-0.068752
int8pt,0.919906,1.000000,-0.068845
int8pt,0.920241,1.000000,-0.069110
int8pt,0.920576,1.000000,-0.069461
int8pt,0.920912,1.000000,-0.069614
int8pt,0.921247,1.000000,-0.069729
int8pt,0.921582,1.000000,-0.069881
int8pt,0.921917,1.000000,-0.070048
int8pt,0.922252,1.000000,-0.070225
int8pt,0.922587,1.000000,-0.070406
int8pt,0.922922,1.000000,-0.070482
int8pt,0.923257,1.000000,-0.070600
int8pt,0.923592,1.000000,-0.070713
int8pt,0.923928,1.000000,-0.070797
int8pt,0.924263,1.000000,-0.070904
int8pt,0.924598,1.000000,-0.071070
int8pt,0.924933,1.000000,-0.071269
int8pt,0.925268,1.000000,-0.071355
int8pt,0.925603,1.000000,-0.071432
int8pt,0.925938,1.000000,-0.071469
int8pt,0.926273,1.000000,-0.071647
int8pt,0.926609,1.000000,-0.071877
int8pt,0.926944,1.000000,-0.071927
int8pt,0.927279,1.000000,-0.071982
int8pt,0.927614,1.000000,-0.072118
int8pt,0.927949,1.000000,-0.072163
int8pt,0.928284,1.000000,-0.072440
int8pt,0.928619,1.000000,-0.072815
int8pt,0.928954,1.000000,-0.072862
int8pt,0.929290,1.000000,-0.072939
int8pt,0.929625,1.000000,-0.073320
int8pt,0.929960,1.000000,-0.073352
int8pt,0.930295,1.000000,-0.073832
int8pt,0.930630,1.000000,-0.073914
int8pt,0.930965,1.000000,-0.074095
int8pt,0.931300,1.000000,-0.074692
int8pt,0.931635,1.000000,-0.075612
int8pt,0.931971,1.000000,-0.075623
int8pt,0.932306,1.000000,-0.075672
int8pt,0.932641,1.000000,-0.075893
int8pt,0.932976,1.000000,-0.076003
int8pt,0.933311,1.000000,-0.076026
int8pt,0.933646,1.000000,-0.076229
int8pt,0.933981,1.000000,-0.076312
int8pt,0.934316,1.000000,-0.076544
int8pt,0.934651,1.000000,-0.076553
int8pt,0.934987,1.000000,-0.076617
int8pt,0.935322,1.000000,-0.076625
int8pt,0.935657,1.000000,-0.076692
int8pt,0.935992,1.000000,-0.076789
int8pt,0.936327,1.000000,-0.076961
int8pt,0.936662,1.000000,-0.076973
int8pt,0.936997,1.000000,-0.077193
int8pt,0.937332,1.000000,-0.077337
int8pt,0.937668,1.000000,-0.077389
int8pt,0.938003,1.000000,-0.077473
int8pt,0.938338,1.000000,-0.077797
int8pt,0.938673,1.000000,-0.077845
int8pt,0.939008,1.000000,-0.077989
int8pt,0.939343,1.000000,-0.078278
int8pt,0.939678,1.000000,-0.078416
int8pt,0.940013,1.000000,-0.078855
int8pt,0.940349,1.000000,-0.078960
int8pt,0.940684,1.000000,-0.079776
int8pt,0.941019,1.000000,-0.079970
int8pt,0.941354,1.000000,-0.080422
int8pt,0.941689,1.000000,-0.080489
int8pt,0.942024,1.000000,-0.080583
int8pt,0.942359,1.000000,-0.080858
int8pt,0.942694,1.000000,-0.081022
int8pt,0.943029,1.000000,-0.081469
int8pt,0.943365,1.000000,-0.081563
int8pt,0.943700,1.000000,-0.081619
int8pt,0.944035,1.000000,-0.081647
int8pt,0.944370,1.000000,-0.081694
int8pt,0.944705,1.000000,-0.081703
int8pt,0.945040,1.000000,-0.082217
int8pt,0.945375,1.000000,-0.082219
int8pt,0.945710,1.000000,-0.082250
int8pt,0.946046,1.000000,-0.082309
int8pt,0.946381,1.000000,-0.082344
int8pt,0.946716,1.000000,-0.082482
int8pt,0.947051,1.000000,-0.082535
int8pt,0.947386,1.000000,-0.082893
int8pt,0.947721,1.000000,-0.083124
int8pt,0.948056,1.000000,-0.083653
int8pt,0.948391,1.000000,-0.083703
int8pt,0.948727,1.000000,-0.084256
int8pt,0.949062,1.000000,-0.084277
int8pt,0.949397,1.000000,-0.084460
int8pt,0.949732,1.000000,-0.085361
int8pt,0.950067,1.000000,-0.085556
int8pt,0.950402,1.000000,-0.085888
int8pt,0.950737,1.000000,-0.085933
int8pt,0.951072,1.000000,-0.085942
int8pt,0.951408,1.000000,-0.086120
int8pt,0.951743,1.000000,-0.086274
int8pt,0.952078,1.000000,-0.086453
int8pt,0.952413,1.000000,-0.086993
int8pt,0.952748,1.000000,-0.087474
int8pt,0.953083,1.000000,-0.087670
int8pt,0.953418,1.000000,-0.087848
int8pt,0.953753,1.000000,-0.088804
int8pt,0.954088,1.000000,-0.088988
int8pt,0.954424,1.000000,-0.089486
int8pt,0.954759,1.000000,-0.090574
int8pt,0.955094,1.000000,-0.090695
int8pt,0.955429,1.000000,-0.090743
int8pt,0.955764,1.000000,-0.090825
int8pt,0.956099,1.000000,-0.091097
int8pt,0.956434,1.000000,-0.092024
int8pt,0.956769,1.000000,-0.092127
int8pt,0.957105,1.000000,-0.092268
int8pt,0.957440,1.000000,-0.093228
int8pt,0.957775,1.000000,-0.094001
int8pt,0.958110,1.000000,-0.094356
int8pt,0.958445,1.000000,-0.094442
int8pt,0.958780,1.000000,-0.096105
int8pt,0.959115,1.000000,-0.096134
int8pt,0.959450,1.000000,-0.096350
int8pt,0.959786,1.000000,-0.096426
int8pt,0.960121,1.000000,-0.096509
int8pt,0.960456,1.000000,-0.096607
int8pt,0.960791,1.000000,-0.096876
int8pt,0.961126,1.000000,-0.097051
int8pt,0.961461,1.000000,-0.097687
int8pt,0.961796,1.000000,-0.097726
int8pt,0.962131,1.000000,-0.097992
int8pt,0.962466,1.000000,-0.098129
int8pt,0.962802,1.000000,-0.098700
int8pt,0.963137,1.000000,-0.099109
int8pt,0.963472,1.000000,-0.099414
int8pt,0.963807,1.000000,-0.099459
int8pt,0.964142,1.000000,-0.099534
int8pt,0.964477,1.000000,-0.099926
int8pt,0.964812,1.000000,-0.100184
int8pt,0.965147,1.000000,-0.101034
int8pt,0.965483,1.000000,-0.101455
int8pt,0.965818,1.000000,-0.101593
int8pt,0.966153,1.000000,-0.101648
int8pt,0.966488,1.000000,-0.101680
int8pt,0.966823,1.000000,-0.101949
int8pt,0.967158,1.000000,-0.102203
int8pt,0.967493,1.000000,-0.102208
int8pt,0.967828,1.000000,-0.102501
int8pt,0.968164,1.000000,-0.102565
int8pt,0.968499,1.000000,-0.102660
int8pt,0.968834,1.000000,-0.104035
int8pt,0.969169,1.000000,-0.104245
int8pt,0.969504,1.000000,-0.104250
int8pt,0.969839,1.000000,-0.104478
int8pt,0.970174,1.000000,-0.104555
int8pt,0.970509,1.000000,-0.106039
int8pt,0.970845,1.000000,-0.106265
int8pt,0.971180,1.000000,-0.106983
int8pt,0.971515,1.000000,-0.107138
int8pt,0.971850,1.000000,-0.107369
int8pt,0.972185,1.000000,-0.107506
int8pt,0.972520,1.000000,-0.107971
int8pt,0.972855,1.000000,-0.108807
int8pt,0.973190,1.000000,-0.109488
int8pt,0.973525,1.000000,-0.109722
int8pt,0.973861,1.000000,-0.109898
int8pt,0.974196,1.000000,-0.110081
int8pt,0.974531,1.000000,-0.110627
int8pt,0.974866,1.000000,-0.110645
int8pt,0.975201,1.000000,-0.110723
int8pt,0.975536,1.000000,-0.110924
int8pt,0.975871,1.000000,-0.111099
int8pt,0.976206,1.000000,-0.111158
int8pt,0.976542,1.000000,-0.111339
int8pt,0.976877,1.000000,-0.111895
int8pt,0.977212,1.000000,-0.112285
int8pt,0.977547,1.000000,-0.113102
int8pt,0.977882,1.000000,-0.113527
int8pt,0.978217,1.000000,-0.113554
int8pt,0.978552,1.000000,-0.114110
int8pt,0.978887,1.000000,-0.114546
int8pt,0.979223,1.000000,-0.114867
int8pt,0.979558,1.000000,-0.115474
int8pt,0.979893,1.000000,-0.115484
int8pt,0.980228,1.000000,-0.115863
int8pt,0.980563,1.000000,-0.115878
int8pt,0.980898,1.000000,-0.115971
int8pt,0.981233,1.000000,-0.116180
int8pt,0.981568,1.000000,-0.116567
int8pt,0.981903,1.000000,-0.117262
int8pt,0.982239,1.000000,-0.117892
int8pt,0.982574,1.000000,-0.118966
int8pt,0.982909,1.000000,-0.120076
int8pt,0.983244,1.000000,-0.120258
int8pt,0.983579,1.000000,-0.120593
int8pt,0.983914,1.000000,-0.121634
int8pt,0.984249,1.000000,-0.121863
int8pt,0.984584,1.000000,-0.122183
int8pt,0.984920,1.000000,-0.122715
int8pt,0.985255,1.000000,-0.124944
int8pt,0.985590,1.000000,-0.125850
int8pt,0.985925,1.000000,-0.125936
int8pt,0.986260,1.000000,-0.126441
int8pt,0.986595,1.000000,-0.126632
int8pt,0.986930,1.000000,-0.127493
int8pt,0.987265,1.000000,-0.127670
int8pt,0.987601,1.000000,-0.127695
int8pt,0.987936,1.000000,-0.128943
int8pt,0.988271,1.000000,-0.129273
int8pt,0.988606,1.000000,-0.129566
int8pt,0.988941,1.000000,-0.129842
int8pt,0.989276,1.000000,-0.129871
int8pt,0.989611,1.000000,-0.130816
int8pt,0.989946,1.000000,-0.131617
int8pt,0.990282,1.000000,-0.132905
int8pt,0.990617,1.000000,-0.133828
int8pt,0.990952,1.000000,-0.135869
int8pt,0.991287,1.000000,-0.136957
int8pt,0.991622,1.000000,-0.137046
int8pt,0.991957,1.000000,-0.137341
int8pt,0.992292,1.000000,-0.137403
int8pt,0.992627,1.000000,-0.138096
int8pt,0.992962,1.000000,-0.139017
int8pt,0.993298,1.000000,-0.140335
int8pt,0.993633,1.000000,-0.141982
int8pt,0.993968,1.000000,-0.142524
int8pt,0.994303,1.000000,-0.142597
int8pt,0.994638,1.000000,-0.144279
int8pt,0.994973,1.000000,-0.145373
int8pt,0.995308,1.000000,-0.149227
int8pt,0.995643,1.000000,-0.150111
int8pt,0.995979,1.000000,-0.155306
int8pt,0.996314,1.000000,-0.157563
int8pt,0.996649,1.000000,-0.158840
int8pt,0.996984,1.000000,-0.160311
int8pt,0.997319,1.000000,-0.161738
int8pt,0.997654,1.000000,-0.169158
int8pt,0.997989,1.000000,-0.174588
int8pt,0.998324,1.000000,-0.174673
int8pt,0.998660,1.000000,-0.175387
int8pt,0.998995,1.000000,-0.177368
int8pt,0.999330,1.000000,-0.204230
int8pt,0.999665,1.000000,-0.207212
int8pt,1.000000,1.000000,-0.212055
int8pc,0.000000,0.000335,0.937661
int8pc,0.000000,0.000671,0.914473
int8pc,0.000000,0.001006,0.900072
int8pc,0.000000,0.001342,0.899459
int8pc,0.000000,0.001677,0.897442
int8pc,0.000000,0.002013,0.894261
int8pc,0.000000,0.002348,0.890442
int8pc,0.000000,0.002684,0.885668
int8pc,0.000000,0.003019,0.883829
int8pc,0.000000,0.003355,0.876339
int8pc,0.000000,0.003690,0.874373
int8pc,0.000000,0.004025,0.873045
int8pc,0.000000,0.004361,0.868288
int8pc,0.000000,0.004696,0.867890
int8pc,0.000000,0.005032,0.866662
int8pc,0.000000,0.005367,0.864819
int8pc,0.000000,0.005703,0.862615
int8pc,0.000000,0.006038,0.861448
int8pc,0.000000,0.006374,0.861368
int8pc,0.000000,0.006709,0.861161
int8pc,0.000000,0.007045,0.860990
int8pc,0.000000,0.007380,0.860889
int8pc,0.000000,0.007716,0.858839
int8pc,0.000000,0.008051,0.855228
int8pc,0.000000,0.008386,0.854484
int8pc,0.000000,0.008722,0.853131
int8pc,0.000000,0.009057,0.852832
int8pc,0.000000,0.009393,0.851000
int8pc,0.000000,0.009728,0.846507
int8pc,0.000000,0.010064,0.846420
int8pc,0.000000,0.010399,0.846415
int8pc,0.000000,0.010735,0.843579
int8pc,0.000000,0.011070,0.836038
int8pc,0.000000,0.011406,0.834940
int8pc,0.000000,0.011741,0.834214
int8pc,0.000000,0.012076,0.833336
int8pc,0.000000,0.012412,0.831107
int8pc,0.000000,0.012747,0.830128
int8pc,0.000000,0.013083,0.829879
int8pc,0.000000,0.013418,0.828914
int8pc,0.000000,0.013754,0.827073
int8pc,0.000000,0.014089,0.826847
int8pc,0.000000,0.014425,0.826440
int8pc,0.000000,0.014760,0.825754
int8pc,0.000000,0.015096,0.825512
int8pc,0.000000,0.015431,0.824838
int8pc,0.000000,0.015767,0.824606
int8pc,0.000000,0.016102,0.823980
int8pc,0.000000,0.016437,0.823664
int8pc,0.000000,0.016773,0.823179
int8pc,0.000000,0.017108,0.818527
int8pc,0.000000,0.017444,0.817206
int8pc,0.000000,0.017779,0.816233
int8pc,0.000000,0.018115,0.815606
int8pc,0.000000,0.018450,0.815045
int8pc,0.000000,0.018786,0.814813
int8pc,0.000000,0.019121,0.814290
int8pc,0.000000,0.019457,0.813777
int8pc,0.000000,0.019792,0.813614
int8pc,0.000000,0.020127,0.813332
int8pc,0.000000,0.020463,0.812999
int8pc,0.000000,0.020798,0.812272
int8pc,0.000000,0.021134,0.811727
int8pc,0.000000,0.021469,0.810907
int8pc,0.000000,0.021805,0.807831
int8pc,0.000000,0.022140,0.806349
int8pc,0.000000,0.022476,0.805886
int8pc,0.000000,0.022811,0.805241
int8pc,0.000000,0.023147,0.804969
int8pc,0.000000,0.023482,0.804540
int8pc,0.000000,0.023818,0.804379
int8pc,0.000000,0.024153,0.803174
int8pc,0.000000,0.024488,0.803061
int8pc,0.000000,0.024824,0.802853
int8pc,0.000000,0.025159,0.800905
int8pc,0.000000,0.025495,0.800851
int8pc,0.000000,0.025830,0.799831
int8pc,0.000000,0.026166,0.798955
int8pc,0.000000,0.026501,0.798805
int8pc,0.000000,0.026837,0.798552
int8pc,0.000000,0.027172,0.797942
int8pc,0.000000,0.027508,0.797195
int8pc,0.000000,0.027843,0.796766
int8pc,0.000000,0.028178,0.796065
int8pc,0.000000,0.028514,0.795703
int8pc,0.000000,0.028849,0.794014
int8pc,0.000000,0.029185,0.792647
int8pc,0.000000,0.029520,0.792200
int8pc,0.000000,0.029856,0.792089
int8pc,0.000000,0.030191,0.791726
int8pc,0.000000,0.030527,0.791503
int8pc,0.000000,0.030862,0.791478
int8pc,0.000000,0.031198,0.790573
int8pc,0.000000,0.031533,0.790218
int8pc,0.000000,0.031869,0.790094
int8pc,0.000000,0.032204,0.790034
int8pc,0.000000,0.032539,0.789912
int8pc,0.000000,0.032875,0.789494
int8pc,0.000000,0.033210,0.789119
int8pc,0.000000,0.033546,0.789085
int8pc,0.000000,0.033881,0.788569
int8pc,0.000000,0.034217,0.788412
int8pc,0.000000,0.034552,0.787038
int8pc,0.000000,0.034888,0.786216
int8pc,0.000000,0.035223,0.785775
int8pc,0.000000,0.035559,0.785615
int8pc,0.000000,0.035894,0.785360
int8pc,0.000000,0.036229,0.783903
int8pc,0.000000,0.036565,0.783234
int8pc,0.000000,0.036900,0.783024
int8pc,0.000000,0.037236,0.782906
int8pc,0.000000,0.037571,0.782823
int8pc,0.000000,0.037907,0.782623
int8pc,0.000000,0.038242,0.782500
int8pc,0.000000,0.038578,0.782126
int8pc,0.000000,0.038913,0.781690
int8pc,0.000000,0.039249,0.781664
int8pc,0.000000,0.039584,0.780459
int8pc,0.000000,0.039919,0.780390
int8pc,0.000000,0.040255,0.780353
int8pc,0.000000,0.040590,0.780044
int8pc,0.000000,0.040926,0.779893
int8pc,0.000000,0.041261,0.779127
int8pc,0.000000,0.041597,0.778895
int8pc,0.000000,0.041932,0.778488
int8pc,0.000000,0.042268,0.778345
int8pc,0.000000,0.042603,0.778201
int8pc,0.000000,0.042939,0.777858
int8pc,0.000000,0.043274,0.777813
int8pc,0.000000,0.043610,0.777727
int8pc,0.000000,0.043945,0.777491
int8pc,0.000000,0.044280,0.777400
int8pc,0.000000,0.044616,0.776865
int8pc,0.000000,0.044951,0.776810
int8pc,0.000000,0.045287,0.776578
int8pc,0.000000,0.045622,0.776025
int8pc,0.000000,0.045958,0.775947
int8pc,0.000000,0.046293,0.774452
int8pc,0.000000,0.046629,0.773844
int8pc,0.000000,0.046964,0.773379
int8pc,0.000000,0.047300,0.773006
int8pc,0.000000,0.047635,0.772011
int8pc,0.000000,0.047970,0.772007
int8pc,0.000000,0.048306,0.771906
int8pc,0.000000,0.048641,0.771886
int8pc,0.000000,0.048977,0.771202
int8pc,0.000000,0.049312,0.771199
int8pc,0.000000,0.049648,0.770700
int8pc,0.000000,0.049983,0.769841
int8pc,0.000000,0.050319,0.769572
int8pc,0.000000,0.050654,0.769464
int8pc,0.000000,0.050990,0.769212
int8pc,0.000000,0.051325,0.768985
int8pc,0.000000,0.051661,0.768597
int8pc,0.000000,0.051996,0.768533
int8pc,0.000000,0.052331,0.768376
int8pc,0.000000,0.052667,0.768199
int8pc,0.000000,0.053002,0.767983
int8pc,0.000000,0.053338,0.767741
int8pc,0.000000,0.053673,0.767092
int8pc,0.000000,0.054009,0.766989
int8pc,0.000000,0.054344,0.766162
int8pc,0.000000,0.054680,0.765885
int8pc,0.000000,0.055015,0.765764
int8pc,0.000000,0.055351,0.765638
int8pc,0.000000,0.055686,0.765572
int8pc,0.000000,0.056021,0.765386
int8pc,0.000000,0.056357,0.764721
int8pc,0.000000,0.056692,0.764551
int8pc,0.000000,0.057028,0.764540
int8pc,0.000000,0.057363,0.764515
int8pc,0.000000,0.057699,0.764285
int8pc,0.000000,0.058034,0.763982
int8pc,0.000000,0.058370,0.763681
int8pc,0.000000,0.058705,0.763048
int8pc,0.000000,0.059041,0.762880
int8pc,0.000000,0.059376,0.762519
int8pc,0.000000,0.059712,0.762518
int8pc,0.000000,0.060047,0.762173
int8pc,0.000000,0.060382,0.761528
int8pc,0.000000,0.060718,0.761522
int8pc,0.000000,0.061053,0.761520
int8pc,0.000000,0.061389,0.761211
int8pc,0.000000,0.061724,0.760843
int8pc,0.000000,0.062060,0.760718
int8pc,0.000000,0.062395,0.760225
int8pc,0.000000,0.062731,0.760124
int8pc,0.000000,0.063066,0.758512
int8pc,0.000000,0.063402,0.758072
int8pc,0.000000,0.063737,0.757116
int8pc,0.000000,0.064072,0.756876
int8pc,0.000000,0.064408,0.756684
int8pc,0.000000,0.064743,0.756620
int8pc,0.000000,0.065079,0.756130
int8pc,0.000000,0.065414,0.756049
int8pc,0.000000,0.065750,0.755632
int8pc,0.000000,0.066085,0.755625
int8pc,0.000000,0.066421,0.755551
int8pc,0.000000,0.066756,0.755418
int8pc,0.000000,0.067092,0.754915
int8pc,0.000000,0.067427,0.754851
int8pc,0.000000,0.067762,0.754744
int8pc,0.000000,0.068098,0.754000
int8pc,0.000000,0.068433,0.753954
int8pc,0.000000,0.068769,0.753826
int8pc,0.000000,0.069104,0.752356
int8pc,0.000000,0.069440,0.752233
int8pc,0.000000,0.069775,0.752211
int8pc,0.000000,0.070111,0.752060
int8pc,0.000000,0.070446,0.751795
int8pc,0.000000,0.070782,0.751591
int8pc,0.000000,0.071117,0.751501
int8pc,0.000000,0.071453,0.751447
int8pc,0.000000,0.071788,0.751402
int8pc,0.000000,0.072123,0.750606
int8pc,0.000000,0.072459,0.750436
int8pc,0.000000,0.072794,0.750304
int8pc,0.000000,0.073130,0.749798
int8pc,0.000000,0.073465,0.749671
int8pc,0.000000,0.073801,0.749458
int8pc,0.000000,0.074136,0.749208
int8pc,0.000000,0.074472,0.748966
int8pc,0.000000,0.074807,0.748321
int8pc,0.000000,0.075143,0.747472
int8pc,0.000000,0.075478,0.747420
int8pc,0.000000,0.075813,0.747238
int8pc,0.000000,0.076149,0.747152
int8pc,0.000000,0.076484,0.746820
int8pc,0.000000,0.076820,0.746767
int8pc,0.000000,0.077155,0.746741
int8pc,0.000000,0.077491,0.746523
int8pc,0.000000,0.077826,0.746172
int8pc,0.000000,0.078162,0.745686
int8pc,0.000000,0.078497,0.744913
int8pc,0.000000,0.078833,0.744479
int8pc,0.000000,0.079168,0.743595
int8pc,0.000000,0.079504,0.743584
int8pc,0.000000,0.079839,0.743485
int8pc,0.000000,0.080174,0.743473
int8pc,0.000000,0.080510,0.743005
int8pc,0.000000,0.080845,0.742655
int8pc,0.000000,0.081181,0.742490
int8pc,0.000000,0.081516,0.742382
int8pc,0.000000,0.081852,0.742373
int8pc,0.000000,0.082187,0.742015
int8pc,0.000000,0.082523,0.741486
int8pc,0.000000,0.082858,0.741260
int8pc,0.000000,0.083194,0.741132
int8pc,0.000000,0.083529,0.740844
int8pc,0.000000,0.083864,0.740786
int8pc,0.000000,0.084200,0.740684
int8pc,0.000000,0.084535,0.740543
int8pc,0.000000,0.084871,0.740111
int8pc,0.000000,0.085206,0.740004
int8pc,0.000000,0.085542,0.739861
int8pc,0.000000,0.085877,0.739381
int8pc,0.000000,0.086213,0.739344
int8pc,0.000000,0.086548,0.738740
int8pc,0.000000,0.086884,0.738262
int8pc,0.000000,0.087219,0.737936
int8pc,0.000000,0.087555,0.737608
int8pc,0.000000,0.087890,0.737487
int8pc,0.000000,0.088225,0.737372
int8pc,0.000000,0.088561,0.737357
int8pc,0.000000,0.088896,0.737029
int8pc,0.000000,0.089232,0.737009
int8pc,0.000000,0.089567,0.736905
int8pc,0.000000,0.089903,0.736895
int8pc,0.000000,0.090238,0.736780
int8pc,0.000000,0.090574,0.736765
int8pc,0.000000,0.090909,0.736512
int8pc,0.000000,0.091245,0.736338
int8pc,0.000000,0.091580,0.736293
int8pc,0.000000,0.091915,0.736260
int8pc,0.000000,0.092251,0.735897
int8pc,0.000000,0.092586,0.735865
int8pc,0.000000,0.092922,0.735549
int8pc,0.000000,0.093257,0.735447
int8pc,0.000000,0.093593,0.734738
int8pc,0.000000,0.093928,0.734715
int8pc,0.000000,0.094264,0.733752
int8pc,0.000000,0.094599,0.733644
int8pc,0.000000,0.094935,0.733588
int8pc,0.000000,0.095270,0.733374
int8pc,0.000000,0.095606,0.733247
int8pc,0.000000,0.095941,0.732862
int8pc,0.000000,0.096276,0.732809
int8pc,0.000000,0.096612,0.732738
int8pc,0.000000,0.096947,0.732545
int8pc,0.000000,0.097283,0.732188
int8pc,0.000000,0.097618,0.732130
int8pc,0.000000,0.097954,0.731991
int8pc,0.000000,0.098289,0.731880
int8pc,0.000000,0.098625,0.731827
int8pc,0.000000,0.098960,0.731718
int8pc,0.000000,0.099296,0.731633
int8pc,0.000000,0.099631,0.731572
int8pc,0.000000,0.099966,0.731483
int8pc,0.000000,0.100302,0.731361
int8pc,0.000000,0.100637,0.731127
int8pc,0.000000,0.100973,0.730973
int8pc,0.000000,0.101308,0.730966
int8pc,0.000000,0.101644,0.730670
int8pc,0.000000,0.101979,0.730449
int8pc,0.000000,0.102315,0.729879
int8pc,0.000000,0.102650,0.729539
int8pc,0.000000,0.102986,0.729403
int8pc,0.000000,0.103321,0.729055
int8pc,0.000000,0.103656,0.728704
int8pc,0.000000,0.103992,0.728683
int8pc,0.000000,0.104327,0.728117
int8pc,0.000000,0.104663,0.727777
int8pc,0.000000,0.104998,0.727563
int8pc,0.000000,0.105334,0.727555
int8pc,0.000000,0.105669,0.727511
int8pc,0.000000,0.106005,0.727450
int8pc,0.000000,0.106340,0.727444
int8pc,0.000000,0.106676,0.727394
int8pc,0.000000,0.107011,0.727081
int8pc,0.000000,0.107347,0.726890
int8pc,0.000000,0.107682,0.726735
int8pc,0.000000,0.108017,0.726732
int8pc,0.000000,0.108353,0.726725
int8pc,0.000000,0.108688,0.726558
int8pc,0.000000,0.109024,0.726497
int8pc,0.000000,0.109359,0.726378
int8pc,0.000000,0.109695,0.726000
int8pc,0.000000,0.110030,0.725618
int8pc,0.000000,0.110366,0.725434
int8pc,0.000000,0.110701,0.724293
int8pc,0.000000,0.111037,0.724240
int8pc,0.000000,0.111372,0.724077
int8pc,0.000000,0.111707,0.723949
int8pc,0.000000,0.112043,0.723618
int8pc,0.000000,0.112378,0.723303
int8pc,0.000000,0.112714,0.723240
int8pc,0.000000,0.113049,0.723230
int8pc,0.000000,0.113385,0.723185
int8pc,0.000000,0.113720,0.722947
int8pc,0.000000,0.114056,0.722865
int8pc,0.000000,0.114391,0.722606
int8pc,0.000000,0.114727,0.722331
int8pc,0.000000,0.115062,0.722167
int8pc,0.000000,0.115398,0.722138
int8pc,0.000000,0.115733,0.721799
int8pc,0.000000,0.116068,0.721739
int8pc,0.000000,0.116404,0.721678
int8pc,0.000000,0.116739,0.721062
int8pc,0.000000,0.117075,0.720797
int8pc,0.000000,0.117410,0.720793
int8pc,0.000000,0.117746,0.720581
int8pc,0.000000,0.118081,0.720554
int8pc,0.000000,0.118417,0.720327
int8pc,0.000000,0.118752,0.720279
int8pc,0.000000,0.119088,0.720155
int8pc,0.000000,0.119423,0.719957
int8pc,0.000000,0.119758,0.719837
int8pc,0.000000,0.120094,0.719552
int8pc,0.000000,0.120429,0.719476
int8pc,0.000000,0.120765,0.719333
int8pc,0.000000,0.121100,0.719301
int8pc,0.000000,0.121436,0.719271
int8pc,0.000000,0.121771,0.718734
int8pc,0.000000,0.122107,0.718682
int8pc,0.000000,0.122442,0.718587
int8pc,0.000000,0.122778,0.718546
int8pc,0.000000,0.123113,0.718394
int8pc,0.000000,0.123449,0.718365
int8pc,0.000000,0.123784,0.717872
int8pc,0.000000,0.124119,0.717402
int8pc,0.000000,0.124455,0.717300
int8pc,0.000000,0.124790,0.717290
int8pc,0.000000,0.125126,0.717252
int8pc,0.000000,0.125461,0.717069
int8pc,0.000000,0.125797,0.716972
int8pc,0.000000,0.126132,0.716785
int8pc,0.000000,0.126468,0.716492
int8pc,0.000000,0.126803,0.716328
int8pc,0.000000,0.127139,0.716245
int8pc,0.000000,0.127474,0.716154
int8pc,0.000000,0.127809,0.716143
int8pc,0.000000,0.128145,0.716133
int8pc,0.000000,0.128480,0.715282
int8pc,0.000000,0.128816,0.714708
int8pc,0.000000,0.129151,0.714485
int8pc,0.000000,0.129487,0.714268
int8pc,0.000000,0.129822,0.714214
int8pc,0.000000,0.130158,0.714094
int8pc,0.000000,0.130493,0.714082
int8pc,0.000000,0.130829,0.713974
int8pc,0.000000,0.131164,0.713893
int8pc,0.000000,0.131499,0.713769
int8pc,0.000000,0.131835,0.713742
int8pc,0.000000,0.132170,0.713674
int8pc,0.000000,0.132506,0.713469
int8pc,0.000000,0.132841,0.713205
int8pc,0.000000,0.133177,0.712757
int8pc,0.000000,0.133512,0.712737
int8pc,0.000000,0.133848,0.712667
int8pc,0.000000,0.134183,0.712472
int8pc,0.000000,0.134519,0.712311
int8pc,0.000000,0.134854,0.712307
int8pc,0.000000,0.135190,0.712245
int8pc,0.000000,0.135525,0.712182
int8pc,0.000000,0.135860,0.712158
int8pc,0.000000,0.136196,0.712115
int8pc,0.000000,0.136531,0.712113
int8pc,0.000000,0.136867,0.712014
int8pc,0.000000,0.137202,0.711861
int8pc,0.000000,0.137538,0.711754
int8pc,0.000000,0.137873,0.711539
int8pc,0.000000,0.138209,0.711266
int8pc,0.000000,0.138544,0.711053
int8pc,0.000000,0.138880,0.711046
int8pc,0.000000,0.139215,0.710962
int8pc,0.000000,0.139550,0.710927
int8pc,0.000000,0.139886,0.710827
int8pc,0.000000,0.140221,0.710384
int8pc,0.000000,0.140557,0.710340
int8pc,0.000000,0.140892,0.710129
int8pc,0.000000,0.141228,0.709763
int8pc,0.000000,0.141563,0.709411
int8pc,0.000000,0.141899,0.709293
int8pc,0.000000,0.142234,0.709202
int8pc,0.000000,0.142570,0.709081
int8pc,0.000000,0.142905,0.708964
int8pc,0.000000,0.143241,0.708959
int8pc,0.000000,0.143576,0.708821
int8pc,0.000000,0.143911,0.708737
int8pc,0.000000,0.144247,0.708671
int8pc,0.000000,0.144582,0.708476
int8pc,0.000000,0.144918,0.708448
int8pc,0.000000,0.145253,0.708421
int8pc,0.000000,0.145589,0.708410
int8pc,0.000000,0.145924,0.708377
int8pc,0.000000,0.146260,0.707919
int8pc,0.000000,0.146595,0.707716
int8pc,0.000000,0.146931,0.707453
int8pc,0.000000,0.147266,0.707423
int8pc,0.000000,0.147601,0.707122
int8pc,0.000000,0.147937,0.707077
int8pc,0.000000,0.148272,0.706794
int8pc,0.000000,0.148608,0.706221
int8pc,0.000000,0.148943,0.706192
int8pc,0.000000,0.149279,0.706123
int8pc,0.000000,0.149614,0.706114
int8pc,0.000000,0.149950,0.705972
int8pc,0.000000,0.150285,0.705856
int8pc,0.000000,0.150621,0.705814
int8pc,0.000000,0.150956,0.705485
int8pc,0.000000,0.151292,0.705245
int8pc,0.000000,0.151627,0.705122
int8pc,0.000000,0.151962,0.704888
int8pc,0.000000,0.152298,0.704719
int8pc,0.000000,0.152633,0.704683
int8pc,0.000000,0.152969,0.704642
int8pc,0.000000,0.153304,0.704640
int8pc,0.000000,0.153640,0.704625
int8pc,0.000000,0.153975,0.704100
int8pc,0.000000,0.154311,0.704050
int8pc,0.000000,0.154646,0.703411
int8pc,0.000000,0.154982,0.703319
int8pc,0.000000,0.155317,0.703288
int8pc,0.000000,0.155652,0.703162
int8pc,0.000000,0.155988,0.703094
int8pc,0.000000,0.156323,0.703062
int8pc,0.000000,0.156659,0.702820
int8pc,0.000000,0.156994,0.702753
int8pc,0.000000,0.157330,0.702214
int8pc,0.000000,0.157665,0.702056
int8pc,0.000000,0.158001,0.701764
int8pc,0.000000,0.158336,0.701671
int8pc,0.000000,0.158672,0.701637
int8pc,0.000000,0.159007,0.701544
int8pc,0.000000,0.159343,0.701229
int8pc,0.000000,0.159678,0.701223
int8pc,0.000000,0.160013,0.701091
int8pc,0.000000,0.160349,0.701039
int8pc,0.000000,0.160684,0.701008
int8pc,0.000000,0.161020,0.700910
int8pc,0.000000,0.161355,0.700561
int8pc,0.000000,0.161691,0.700517
int8pc,0.000000,0.162026,0.700310
int8pc,0.000000,0.162362,0.700210
int8pc,0.000000,0.162697,0.700182
int8pc,0.000000,0.163033,0.699497
int8pc,0.000000,0.163368,0.699487
int8pc,0.000000,0.163703,0.699484
int8pc,0.000000,0.164039,0.699180
int8pc,0.000000,0.164374,0.699056
int8pc,0.000000,0.164710,0.698913
int8pc,0.000000,0.165045,0.698870
int8pc,0.000000,0.165381,0.698746
int8pc,0.000000,0.165716,0.698519
int8pc,0.000000,0.166052,0.698444
int8pc,0.000000,0.166387,0.698226
int8pc,0.000000,0.166723,0.698025
int8pc,0.000000,0.167058,0.697887
int8pc,0.000000,0.167393,0.697861
int8pc,0.000000,0.167729,0.697802
int8pc,0.000000,0.168064,0.697755
int8pc,0.000000,0.168400,0.697571
int8pc,0.000000,0.168735,0.697411
int8pc,0.000000,0.169071,0.696947
int8pc,0.000000,0.169406,0.696582
int8pc,0.000000,0.169742,0.696532
int8pc,0.000000,0.170077,0.696432
int8pc,0.000000,0.170413,0.696176
int8pc,0.000000,0.170748,0.696061
int8pc,0.000000,0.171084,0.696042
int8pc,0.000000,0.171419,0.695906
int8pc,0.000000,0.171754,0.695901
int8pc,0.000000,0.172090,0.695817
int8pc,0.000000,0.172425,0.695678
int8pc,0.000000,0.172761,0.695653
int8pc,0.000000,0.173096,0.695568
int8pc,0.000000,0.173432,0.695449
int8pc,0.000000,0.173767,0.695361
int8pc,0.000000,0.174103,0.695293
int8pc,0.000000,0.174438,0.695196
int8pc,0.000000,0.174774,0.695169
int8pc,0.000000,0.175109,0.695157
int8pc,0.000000,0.175444,0.694923
int8pc,0.000000,0.175780,0.694856
int8pc,0.000000,0.176115,0.694767
int8pc,0.000000,0.176451,0.694615
int8pc,0.000000,0.176786,0.694596
int8pc,0.000000,0.177122,0.694581
int8pc,0.000000,0.177457,0.694568
int8pc,0.000000,0.177793,0.694253
int8pc,0.000000,0.178128,0.694178
int8pc,0.000000,0.178464,0.693936
int8pc,0.000000,0.178799,0.693887
int8pc,0.000000,0.179135,0.693371
int8pc,0.000000,0.179470,0.693318
int8pc,0.000000,0.179805,0.693052
int8pc,0.000000,0.180141,0.693010
int8pc,0.000000,0.180476,0.692740
int8pc,0.000000,0.180812,0.692420
int8pc,0.000000,0.181147,0.692384
int8pc,0.000000,0.181483,0.692375
int8pc,0.000000,0.181818,0.692232
int8pc,0.000000,0.182154,0.692120
int8pc,0.000000,0.182489,0.692118
int8pc,0.000000,0.182825,0.692016
int8pc,0.000000,0.183160,0.691954
int8pc,0.000000,0.183495,0.691888
int8pc,0.000000,0.183831,0.691807
int8pc,0.000000,0.184166,0.691746
int8pc,0.000000,0.184502,0.691672
int8pc,0.000000,0.184837,0.691402
int8pc,0.000000,0.185173,0.691140
int8pc,0.000000,0.185508,0.690949
int8pc,0.000000,0.185844,0.690900
int8pc,0.000000,0.186179,0.690833
int8pc,0.000000,0.186515,0.690725
int8pc,0.000000,0.186850,0.690723
int8pc,0.000000,0.187186,0.690495
int8pc,0.000000,0.187521,0.690313
int8pc,0.000000,0.187856,0.690241
int8pc,0.000000,0.188192,0.690161
int8pc,0.000000,0.188527,0.689920
int8pc,0.000000,0.188863,0.689581
int8pc,0.000000,0.189198,0.689523
int8pc,0.000000,0.189534,0.689139
int8pc,0.000000,0.189869,0.689125
int8pc,0.000000,0.190205,0.689119
int8pc,0.000000,0.190540,0.689079
int8pc,0.000000,0.190876,0.689033
int8pc,0.000000,0.191211,0.688377
int8pc,0.000000,0.191546,0.688113
int8pc,0.000000,0.191882,0.687968
int8pc,0.000000,0.192217,0.687935
int8pc,0.000000,0.192553,0.687909
int8pc,0.000000,0.192888,0.687541
int8pc,0.000000,0.193224,0.687526
int8pc,0.000000,0.193559,0.687351
int8pc,0.000000,0.193895,0.687310
int8pc,0.000000,0.194230,0.687279
int8pc,0.000000,0.194566,0.687215
int8pc,0.000000,0.194901,0.687190
int8pc,0.000000,0.195236,0.687100
int8pc,0.000000,0.195572,0.686814
int8pc,0.000000,0.195907,0.686636
int8pc,0.000000,0.196243,0.686528
int8pc,0.000000,0.196578,0.686328
int8pc,0.000000,0.196914,0.686145
int8pc,0.000000,0.197249,0.686109
int8pc,0.000000,0.197585,0.686065
int8pc,0.000000,0.197920,0.685951
int8pc,0.000000,0.198256,0.685708
int8pc,0.000000,0.198591,0.685589
int8pc,0.000000,0.198927,0.685516
int8pc,0.000000,0.199262,0.685412
int8pc,0.000000,0.199597,0.685268
int8pc,0.000000,0.199933,0.685238
int8pc,0.000000,0.200268,0.685174
int8pc,0.000000,0.200604,0.685000
int8pc,0.000000,0.200939,0.684960
int8pc,0.000000,0.201275,0.684938
int8pc,0.000000,0.201610,0.684927
int8pc,0.000000,0.201946,0.684788
int8pc,0.000000,0.202281,0.684679
int8pc,0.000000,0.202617,0.684550
int8pc,0.000000,0.202952,0.684419
int8pc,0.000000,0.203287,0.684301
int8pc,0.000000,0.203623,0.684069
int8pc,0.000000,0.203958,0.683819
int8pc,0.000000,0.204294,0.683730
int8pc,0.000000,0.204629,0.683547
int8pc,0.000000,0.204965,0.683178
int8pc,0.000000,0.205300,0.682333
int8pc,0.000000,0.205636,0.682227
int8pc,0.000000,0.205971,0.681964
int8pc,0.000000,0.206307,0.681876
int8pc,0.000000,0.206642,0.681848
int8pc,0.000000,0.206978,0.681795
int8pc,0.000000,0.207313,0.681738
int8pc,0.000000,0.207648,0.681353
int8pc,0.000000,0.207984,0.681249
int8pc,0.000000,0.208319,0.681096
int8pc,0.000000,0.208655,0.681088
int8pc,0.000000,0.208990,0.680708
int8pc,0.000000,0.209326,0.680623
int8pc,0.000000,0.209661,0.680180
int8pc,0.000000,0.209997,0.680088
int8pc,0.000000,0.210332,0.679945
int8pc,0.000000,0.210668,0.679797
int8pc,0.000000,0.211003,0.679717
int8pc,0.000000,0.211338,0.679588
int8pc,0.000000,0.211674,0.679582
int8pc,0.000000,0.212009,0.679565
int8pc,0.000000,0.212345,0.679499
int8pc,0.000000,0.212680,0.679324
int8pc,0.000000,0.213016,0.679312
int8pc,0.000000,0.213351,0.679131
int8pc,0.000000,0.213687,0.678947
int8pc,0.000000,0.214022,0.678903
int8pc,0.000000,0.214358,0.678741
int8pc,0.000000,0.214693,0.678718
int8pc,0.000000,0.215029,0.678694
int8pc,0.000000,0.215364,0.678472
int8pc,0.000000,0.215699,0.678384
int8pc,0.000000,0.216035,0.678343
int8pc,0.000000,0.216370,0.678036
int8pc,0.000000,0.216706,0.678015
int8pc,0.000000,0.217041,0.677995
int8pc,0.000000,0.217377,0.677456
int8pc,0.000000,0.217712,0.677419
int8pc,0.000000,0.218048,0.677407
int8pc,0.000000,0.218383,0.677392
int8pc,0.000000,0.218719,0.677325
int8pc,0.000000,0.219054,0.677280
int8pc,0.000000,0.219389,0.677273
int8pc,0.000000,0.219725,0.677110
int8pc,0.000000,0.220060,0.676985
int8pc,0.000000,0.220396,0.676971
int8pc,0.000000,0.220731,0.676893
int8pc,0.000000,0.221067,0.676868
int8pc,0.000000,0.221402,0.676814
int8pc,0.000000,0.221738,0.676707
int8pc,0.000000,0.222073,0.676471
int8pc,0.000000,0.222409,0.676285
int8pc,0.000000,0.222744,0.676216
int8pc,0.000000,0.223080,0.676186
int8pc,0.000000,0.223415,0.676184
int8pc,0.000000,0.223750,0.676044
int8pc,0.000000,0.224086,0.675976
int8pc,0.000000,0.224421,0.675794
int8pc,0.000000,0.224757,0.675706
int8pc,0.000000,0.225092,0.675629
int8pc,0.000000,0.225428,0.675381
int8pc,0.000000,0.225763,0.675232
int8pc,0.000000,0.226099,0.675139
int8pc,0.000000,0.226434,0.675040
int8pc,0.000000,0.226770,0.675003
int8pc,0.000000,0.227105,0.674912
int8pc,0.000000,0.227440,0.674778
int8pc,0.000000,0.227776,0.674738
int8pc,0.000000,0.228111,0.674712
int8pc,0.000000,0.228447,0.674497
int8pc,0.000000,0.228782,0.674287
int8pc,0.000000,0.229118,0.674222
int8pc,0.000000,0.229453,0.674106
int8pc,0.000000,0.229789,0.673951
int8pc,0.000000,0.230124,0.673734
int8pc,0.000000,0.230460,0.673706
int8pc,0.000000,0.230795,0.673679
int8pc,0.000000,0.231130,0.673469
int8pc,0.000000,0.231466,0.673466
int8pc,0.000000,0.231801,0.673428
int8pc,0.000000,0.232137,0.673293
int8pc,0.000000,0.232472,0.673011
int8pc,0.000000,0.232808,0.672982
int8pc,0.000000,0.233143,0.672940
int8pc,0.000000,0.233479,0.672859
int8pc,0.000000,0.233814,0.672826
int8pc,0.000000,0.234150,0.672680
int8pc,0.000000,0.234485,0.672604
int8pc,0.000000,0.234821,0.672495
int8pc,0.000000,0.235156,0.672449
int8pc,0.000000,0.235491,0.671879
int8pc,0.000000,0.235827,0.671865
int8pc,0.000000,0.236162,0.671843
int8pc,0.000000,0.236498,0.671608
int8pc,0.000000,0.236833,0.671191
int8pc,0.000000,0.237169,0.671029
int8pc,0.000000,0.237504,0.670996
int8pc,0.000000,0.237840,0.670621
int8pc,0.000000,0.238175,0.670589
int8pc,0.000000,0.238511,0.670547
int8pc,0.000000,0.238846,0.669970
int8pc,0.000000,0.239181,0.669948
int8pc,0.000000,0.239517,0.669853
int8pc,0.000000,0.239852,0.669853
int8pc,0.000000,0.240188,0.669744
int8pc,0.000000,0.240523,0.669708
int8pc,0.000000,0.240859,0.669585
int8pc,0.000000,0.241194,0.669537
int8pc,0.000000,0.241530,0.669527
int8pc,0.000000,0.241865,0.669475
int8pc,0.000000,0.242201,0.669404
int8pc,0.000000,0.242536,0.669376
int8pc,0.000000,0.242872,0.669250
int8pc,0.000000,0.243207,0.669183
int8pc,0.000000,0.243542,0.668993
int8pc,0.000000,0.243878,0.668908
int8pc,0.000000,0.244213,0.668856
int8pc,0.000000,0.244549,0.668779
int8pc,0.000000,0.244884,0.668677
int8pc,0.000000,0.245220,0.668668
int8pc,0.000000,0.245555,0.668654
int8pc,0.000000,0.245891,0.668618
int8pc,0.000000,0.246226,0.668537
int8pc,0.000000,0.246562,0.668479
int8pc,0.000000,0.246897,0.668373
int8pc,0.000000,0.247232,0.668310
int8pc,0.000000,0.247568,0.668192
int8pc,0.000000,0.247903,0.667931
int8pc,0.000000,0.248239,0.667882
int8pc,0.000000,0.248574,0.667760
int8pc,0.000000,0.248910,0.667477
int8pc,0.000000,0.249245,0.667450
int8pc,0.000000,0.249581,0.667445
int8pc,0.000000,0.249916,0.667284
int8pc,0.000000,0.250252,0.666800
int8pc,0.000000,0.250587,0.666537
int8pc,0.000000,0.250923,0.666436
int8pc,0.000000,0.251258,0.666413
int8pc,0.000000,0.251593,0.666337
int8pc,0.000000,0.251929,0.666080
int8pc,0.000000,0.252264,0.666008
int8pc,0.000000,0.252600,0.665809
int8pc,0.000000,0.252935,0.665798
int8pc,0.000000,0.253271,0.665767
int8pc,0.000000,0.253606,0.665576
int8pc,0.000000,0.253942,0.665390
int8pc,0.000000,0.254277,0.665321
int8pc,0.000000,0.254613,0.665286
int8pc,0.000000,0.254948,0.665256
int8pc,0.000000,0.255283,0.665187
int8pc,0.000000,0.255619,0.665033
int8pc,0.000000,0.255954,0.664992
int8pc,0.000000,0.256290,0.664613
int8pc,0.000000,0.256625,0.664598
int8pc,0.000000,0.256961,0.664493
int8pc,0.000000,0.257296,0.664476
int8pc,0.000000,0.257632,0.664404
int8pc,0.000000,0.257967,0.664273
int8pc,0.000000,0.258303,0.664204
int8pc,0.000000,0.258638,0.663945
int8pc,0.000000,0.258973,0.663790
int8pc,0.000000,0.259309,0.663396
int8pc,0.000000,0.259644,0.662930
int8pc,0.000000,0.259980,0.662888
int8pc,0.000000,0.260315,0.662868
int8pc,0.000000,0.260651,0.662682
int8pc,0.000000,0.260986,0.662623
int8pc,0.000000,0.261322,0.662621
int8pc,0.000000,0.261657,0.662598
int8pc,0.000000,0.261993,0.662558
int8pc,0.000000,0.262328,0.662511
int8pc,0.000000,0.262664,0.662511
int8pc,0.000000,0.262999,0.662356
int8pc,0.000000,0.263334,0.662188
int8pc,0.000000,0.263670,0.662165
int8pc,0.000000,0.264005,0.662142
int8pc,0.000000,0.264341,0.662065
int8pc,0.000000,0.264676,0.662019
int8pc,0.000000,0.265012,0.661969
int8pc,0.000000,0.265347,0.661947
int8pc,0.000000,0.265683,0.661905
int8pc,0.000000,0.266018,0.661864
int8pc,0.000000,0.266354,0.661836
int8pc,0.000000,0.266689,0.661707
int8pc,0.000000,0.267024,0.661614
int8pc,0.000000,0.267360,0.661478
int8pc,0.000000,0.267695,0.661300
int8pc,0.000000,0.268031,0.661236
int8pc,0.000000,0.268366,0.661061
int8pc,0.000000,0.268702,0.661021
int8pc,0.000000,0.269037,0.660875
int8pc,0.000000,0.269373,0.660762
int8pc,0.000000,0.269708,0.660722
int8pc,0.000000,0.270044,0.660465
int8pc,0.000000,0.270379,0.660394
int8pc,0.000000,0.270715,0.660379
int8pc,0.000000,0.271050,0.660376
int8pc,0.000000,0.271385,0.660109
int8pc,0.000000,0.271721,0.660085
int8pc,0.000000,0.272056,0.660006
int8pc,0.000000,0.272392,0.659988
int8pc,0.000000,0.272727,0.659986
int8pc,0.000000,0.273063,0.659906
int8pc,0.000000,0.273398,0.659824
int8pc,0.000000,0.273734,0.659728
int8pc,0.000000,0.274069,0.659490
int8pc,0.000000,0.274405,0.659272
int8pc,0.000000,0.274740,0.658910
int8pc,0.000000,0.275075,0.658847
int8pc,0.000000,0.275411,0.658449
int8pc,0.000000,0.275746,0.658350
int8pc,0.000000,0.276082,0.658278
int8pc,0.000000,0.276417,0.658276
int8pc,0.000000,0.276753,0.657965
int8pc,0.000000,0.277088,0.657554
int8pc,0.000000,0.277424,0.657356
int8pc,0.000000,0.277759,0.657239
int8pc,0.000000,0.278095,0.657227
int8pc,0.000000,0.278430,0.656827
int8pc,0.000000,0.278766,0.656486
int8pc,0.000000,0.279101,0.656271
int8pc,0.000000,0.279436,0.656143
int8pc,0.000000,0.279772,0.656112
int8pc,0.000000,0.280107,0.655853
int8pc,0.000000,0.280443,0.655777
int8pc,0.000000,0.280778,0.655657
int8pc,0.000000,0.281114,0.655169
int8pc,0.000000,0.281449,0.655109
int8pc,0.000000,0.281785,0.654865
int8pc,0.000000,0.282120,0.654781
int8pc,0.000000,0.282456,0.654737
int8pc,0.000000,0.282791,0.654733
int8pc,0.000000,0.283126,0.654633
int8pc,0.000000,0.283462,0.654578
int8pc,0.000000,0.283797,0.654449
int8pc,0.000000,0.284133,0.654328
int8pc,0.000000,0.284468,0.654266
int8pc,0.000000,0.284804,0.654253
int8pc,0.000000,0.285139,0.654168
int8pc,0.000000,0.285475,0.654136
int8pc,0.000000,0.285810,0.654089
int8pc,0.000000,0.286146,0.653943
int8pc,0.000000,0.286481,0.653784
int8pc,0.000000,0.286817,0.653575
int8pc,0.000000,0.287152,0.653443
int8pc,0.000000,0.287487,0.653395
int8pc,0.000000,0.287823,0.653375
int8pc,0.000000,0.288158,0.653359
int8pc,0.000000,0.288494,0.653284
int8pc,0.000000,0.288829,0.653262
int8pc,0.000000,0.289165,0.653211
int8pc,0.000000,0.289500,0.652974
int8pc,0.000000,0.289836,0.652856
int8pc,0.000000,0.290171,0.652729
int8pc,0.000000,0.290507,0.652472
int8pc,0.000000,0.290842,0.652436
int8pc,0.000000,0.291177,0.652429
int8pc,0.000000,0.291513,0.652304
int8pc,0.000000,0.291848,0.652281
int8pc,0.000000,0.292184,0.652264
int8pc,0.000000,0.292519,0.651569
int8pc,0.000000,0.292855,0.651551
int8pc,0.000000,0.293190,0.651463
int8pc,0.000000,0.293526,0.651199
int8pc,0.000000,0.293861,0.651101
int8pc,0.000000,0.294197,0.651009
int8pc,0.000000,0.294532,0.650956
int8pc,0.000000,0.294867,0.650940
int8pc,0.000000,0.295203,0.650894
int8pc,0.000000,0.295538,0.650875
int8pc,0.000000,0.295874,0.650847
int8pc,0.000000,0.296209,0.650827
int8pc,0.000000,0.296545,0.650733
int8pc,0.000000,0.296880,0.650677
int8pc,0.000000,0.297216,0.650606
int8pc,0.000000,0.297551,0.650071
int8pc,0.000000,0.297887,0.649909
int8pc,0.000000,0.298222,0.649903
int8pc,0.000000,0.298558,0.649709
int8pc,0.000000,0.298893,0.649647
int8pc,0.000000,0.299228,0.649538
int8pc,0.000000,0.299564,0.649496
int8pc,0.000000,0.299899,0.649487
int8pc,0.000000,0.300235,0.649455
int8pc,0.000000,0.300570,0.649226
int8pc,0.000000,0.300906,0.649166
int8pc,0.000000,0.301241,0.649157
int8pc,0.000000,0.301577,0.649103
int8pc,0.000000,0.301912,0.648807
int8pc,0.000000,0.302248,0.648768
int8pc,0.000000,0.302583,0.648714
int8pc,0.000000,0.302918,0.648223
int8pc,0.000000,0.303254,0.648069
int8pc,0.000000,0.303589,0.647839
int8pc,0.000000,0.303925,0.647814
int8pc,0.000000,0.304260,0.647717
int8pc,0.000000,0.304596,0.647616
int8pc,0.000000,0.304931,0.647351
int8pc,0.000000,0.305267,0.647324
int8pc,0.000000,0.305602,0.647221
int8pc,0.000000,0.305938,0.647212
int8pc,0.000000,0.306273,0.647137
int8pc,0.000000,0.306609,0.647100
int8pc,0.000000,0.306944,0.647030
int8pc,0.000000,0.307279,0.646761
int8pc,0.000000,0.307615,0.646734
int8pc,0.000000,0.307950,0.646725
int8pc,0.000000,0.308286,0.646698
int8pc,0.000000,0.308621,0.646685
int8pc,0.000000,0.308957,0.646655
int8pc,0.000000,0.309292,0.646370
int8pc,0.000000,0.309628,0.646307
int8pc,0.000000,0.309963,0.646240
int8pc,0.000000,0.310299,0.646011
int8pc,0.000000,0.310634,0.645898
int8pc,0.000000,0.310969,0.645743
int8pc,0.000000,0.311305,0.645641
int8pc,0.000000,0.311640,0.645614
int8pc,0.000000,0.311976,0.645585
int8pc,0.000000,0.312311,0.645461
int8pc,0.000000,0.312647,0.645428
int8pc,0.000000,0.312982,0.645210
int8pc,0.000000,0.313318,0.645194
int8pc,0.000000,0.313653,0.645189
int8pc,0.000000,0.313989,0.645100
int8pc,0.000000,0.314324,0.645096
int8pc,0.000000,0.314660,0.645074
int8pc,0.000000,0.314995,0.644954
int8pc,0.000000,0.315330,0.644950
int8pc,0.000000,0.315666,0.644868
int8pc,0.000000,0.316001,0.644779
int8pc,0.000000,0.316337,0.644632
int8pc,0.000000,0.316672,0.644514
int8pc,0.000000,0.317008,0.644221
int8pc,0.000000,0.317343,0.644214
int8pc,0.000000,0.317679,0.644156
int8pc,0.000000,0.318014,0.644114
int8pc,0.000000,0.318350,0.644094
int8pc,0.000000,0.318685,0.643911
int8pc,0.000000,0.319020,0.643844
int8pc,0.000000,0.319356,0.643690
int8pc,0.000000,0.319691,0.643620
int8pc,0.000000,0.320027,0.643485
int8pc,0.000000,0.320362,0.643326
int8pc,0.000000,0.320698,0.642992
int8pc,0.000000,0.321033,0.642887
int8pc,0.000000,0.321369,0.642812
int8pc,0.000000,0.321704,0.642787
int8pc,0.000000,0.322040,0.642644
int8pc,0.000000,0.322375,0.642535
int8pc,0.000000,0.322710,0.642369
int8pc,0.000000,0.323046,0.642144
int8pc,0.000000,0.323381,0.642095
int8pc,0.000000,0.323717,0.642085
int8pc,0.000000,0.324052,0.642055
int8pc,0.000000,0.324388,0.642005
int8pc,0.000000,0.324723,0.641879
int8pc,0.000000,0.325059,0.641753
int8pc,0.000000,0.325394,0.641674
int8pc,0.000000,0.325730,0.641560
int8pc,0.000000,0.326065,0.641428
int8pc,0.000000,0.326401,0.641363
int8pc,0.000000,0.326736,0.641200
int8pc,0.000000,0.327071,0.641050
int8pc,0.000000,0.327407,0.641026
int8pc,0.000000,0.327742,0.640943
int8pc,0.000000,0.328078,0.640828
int8pc,0.000000,0.328413,0.640679
int8pc,0.000000,0.328749,0.640645
int8pc,0.000000,0.329084,0.640331
int8pc,0.000000,0.329420,0.640293
int8pc,0.000000,0.329755,0.640275
int8pc,0.000000,0.330091,0.640175
int8pc,0.000000,0.330426,0.640173
int8pc,0.000000,0.330761,0.640119
int8pc,0.000000,0.331097,0.640112
int8pc,0.000000,0.331432,0.640104
int8pc,0.000000,0.331768,0.640018
int8pc,0.000000,0.332103,0.639969
int8pc,0.000000,0.332439,0.639889
int8pc,0.000000,0.332774,0.639829
int8pc,0.000000,0.333110,0.639796
int8pc,0.000000,0.333445,0.639709
int8pc,0.000000,0.333781,0.639435
int8pc,0.000000,0.334116,0.639325
int8pc,0.000000,0.334452,0.639302
int8pc,0.000000,0.334787,0.639280
int8pc,0.000000,0.335122,0.639196
int8pc,0.000000,0.335458,0.639185
int8pc,0.000000,0.335793,0.638921
int8pc,0.000000,0.336129,0.638816
int8pc,0.000000,0.336464,0.638741
int8pc,0.000000,0.336800,0.638709
int8pc,0.000000,0.337135,0.638693
int8pc,0.000000,0.337471,0.638682
int8pc,0.000000,0.337806,0.638566
int8pc,0.000000,0.338142,0.638496
int8pc,0.000000,0.338477,0.638284
int8pc,0.000000,0.338812,0.638203
int8pc,0.000000,0.339148,0.638155
int8pc,0.000000,0.339483,0.637985
int8pc,0.000000,0.339819,0.637932
int8pc,0.000000,0.340154,0.637847
int8pc,0.000000,0.340490,0.637784
int8pc,0.000000,0.340825,0.637677
int8pc,0.000000,0.341161,0.637676
int8pc,0.000000,0.341496,0.637385
int8pc,0.000000,0.341832,0.637383
int8pc,0.000000,0.342167,0.637269
int8pc,0.000000,0.342503,0.637213
int8pc,0.000000,0.342838,0.637068
int8pc,0.000000,0.343173,0.636994
int8pc,0.000000,0.343509,0.636951
int8pc,0.000000,0.343844,0.636909
int8pc,0.000000,0.344180,0.636834
int8pc,0.000000,0.344515,0.636831
int8pc,0.000000,0.344851,0.636745
int8pc,0.000000,0.345186,0.636716
int8pc,0.000000,0.345522,0.636715
int8pc,0.000000,0.345857,0.636679
int8pc,0.000000,0.346193,0.636619
int8pc,0.000000,0.346528,0.636425
int8pc,0.000000,0.346863,0.636240
int8pc,0.000000,0.347199,0.636141
int8pc,0.000000,0.347534,0.636003
int8pc,0.000000,0.347870,0.635927
int8pc,0.000000,0.348205,0.635594
int8pc,0.000000,0.348541,0.635547
int8pc,0.000000,0.348876,0.635469
int8pc,0.000000,0.349212,0.635441
int8pc,0.000000,0.349547,0.635285
int8pc,0.000000,0.349883,0.634962
int8pc,0.000000,0.350218,0.634809
int8pc,0.000000,0.350554,0.634746
int8pc,0.000000,0.350889,0.634499
int8pc,0.000000,0.351224,0.634481
int8pc,0.000000,0.351560,0.633887
int8pc,0.000000,0.351895,0.633834
int8pc,0.000000,0.352231,0.633741
int8pc,0.000000,0.352566,0.633730
int8pc,0.000000,0.352902,0.633566
int8pc,0.000000,0.353237,0.633548
int8pc,0.000000,0.353573,0.633522
int8pc,0.000000,0.353908,0.633483
int8pc,0.000000,0.354244,0.633276
int8pc,0.000000,0.354579,0.633253
int8pc,0.000000,0.354914,0.633209
int8pc,0.000000,0.355250,0.633109
int8pc,0.000000,0.355585,0.633101
int8pc,0.000000,0.355921,0.633056
int8pc,0.000000,0.356256,0.632963
int8pc,0.000000,0.356592,0.632874
int8pc,0.000000,0.356927,0.632852
int8pc,0.000000,0.357263,0.632699
int8pc,0.000000,0.357598,0.632654
int8pc,0.000000,0.357934,0.632647
int8pc,0.000000,0.358269,0.632481
int8pc,0.000000,0.358604,0.632474
int8pc,0.000000,0.358940,0.632429
int8pc,0.000000,0.359275,0.632243
int8pc,0.000000,0.359611,0.632164
int8pc,0.000000,0.359946,0.632116
int8pc,0.000000,0.360282,0.632111
int8pc,0.000000,0.360617,0.631620
int8pc,0.000000,0.360953,0.631522
int8pc,0.000000,0.361288,0.631439
int8pc,0.000000,0.361624,0.631415
int8pc,0.000000,0.361959,0.631270
int8pc,0.000000,0.362295,0.631249
int8pc,0.000000,0.362630,0.631157
int8pc,0.000000,0.362965,0.631154
int8pc,0.000000,0.363301,0.631132
int8pc,0.000000,0.363636,0.630955
int8pc,0.000000,0.363972,0.630949
int8pc,0.000000,0.364307,0.630845
int8pc,0.000000,0.364643,0.630832
int8pc,0.000000,0.364978,0.630790
int8pc,0.000000,0.365314,0.630777
int8pc,0.000000,0.365649,0.630732
int8pc,0.000000,0.365985,0.630691
int8pc,0.000000,0.366320,0.630554
int8pc,0.000000,0.366655,0.630321
int8pc,0.000000,0.366991,0.630310
int8pc,0.000000,0.367326,0.630190
int8pc,0.000000,0.367662,0.630038
int8pc,0.000000,0.367997,0.630008
int8pc,0.000000,0.368333,0.629856
int8pc,0.000000,0.368668,0.629755
int8pc,0.000000,0.369004,0.629749
int8pc,0.000000,0.369339,0.629598
int8pc,0.000000,0.369675,0.629598
int8pc,0.000000,0.370010,0.629590
int8pc,0.000000,0.370346,0.629465
int8pc,0.000000,0.370681,0.629447
int8pc,0.000000,0.371016,0.629195
int8pc,0.000000,0.371352,0.629126
int8pc,0.000000,0.371687,0.628944
int8pc,0.000000,0.372023,0.628865
int8pc,0.000000,0.372358,0.628738
int8pc,0.000000,0.372694,0.628639
int8pc,0.000000,0.373029,0.628414
int8pc,0.000000,0.373365,0.628379
int8pc,0.000000,0.373700,0.628283
int8pc,0.000000,0.374036,0.628235
int8pc,0.000000,0.374371,0.628188
int8pc,0.000000,0.374706,0.628168
int8pc,0.000000,0.375042,0.628139
int8pc,0.000000,0.375377,0.627885
int8pc,0.000000,0.375713,0.627714
int8pc,0.000000,0.376048,0.627517
int8pc,0.000000,0.376384,0.627376
int8pc,0.000000,0.376719,0.627317
int8pc,0.000000,0.377055,0.627307
int8pc,0.000000,0.377390,0.627286
int8pc,0.000000,0.377726,0.627140
int8pc,0.000000,0.378061,0.627041
int8pc,0.000000,0.378397,0.626936
int8pc,0.000000,0.378732,0.626889
int8pc,0.000000,0.379067,0.626671
int8pc,0.000000,0.379403,0.626670
int8pc,0.000000,0.379738,0.626599
int8pc,0.000000,0.380074,0.626555
int8pc,0.000000,0.380409,0.626476
int8pc,0.000000,0.380745,0.626467
int8pc,0.000000,0.381080,0.626293
int8pc,0.000000,0.381416,0.626205
int8pc,0.000000,0.381751,0.626140
int8pc,0.000000,0.382087,0.625898
int8pc,0.000000,0.382422,0.625795
int8pc,0.000000,0.382757,0.625777
int8pc,0.000000,0.383093,0.625636
int8pc,0.000000,0.383428,0.625606
int8pc,0.000000,0.383764,0.625531
int8pc,0.000000,0.384099,0.625490
int8pc,0.000000,0.384435,0.625484
int8pc,0.000000,0.384770,0.625320
int8pc,0.000000,0.385106,0.625319
int8pc,0.000000,0.385441,0.625176
int8pc,0.000000,0.385777,0.625122
int8pc,0.000000,0.386112,0.625079
int8pc,0.000000,0.386448,0.624843
int8pc,0.000000,0.386783,0.624834
int8pc,0.000000,0.387118,0.624832
int8pc,0.000000,0.387454,0.624781
int8pc,0.000000,0.387789,0.624703
int8pc,0.000000,0.388125,0.624659
int8pc,0.000000,0.388460,0.624581
int8pc,0.000000,0.388796,0.624368
int8pc,0.000000,0.389131,0.623799
int8pc,0.000000,0.389467,0.623764
int8pc,0.000000,0.389802,0.623750
int8pc,0.000000,0.390138,0.623703
int8pc,0.000000,0.390473,0.623674
int8pc,0.000000,0.390808,0.623591
int8pc,0.000000,0.391144,0.623532
int8pc,0.000000,0.391479,0.623454
int8pc,0.000000,0.391815,0.623150
int8pc,0.000000,0.392150,0.622984
int8pc,0.000000,0.392486,0.622937
int8pc,0.000000,0.392821,0.622903
int8pc,0.000000,0.393157,0.622896
int8pc,0.000000,0.393492,0.622879
int8pc,0.000000,0.393828,0.622877
int8pc,0.000000,0.394163,0.622789
int8pc,0.000000,0.394498,0.622689
int8pc,0.000000,0.394834,0.622620
int8pc,0.000000,0.395169,0.622568
int8pc,0.000000,0.395505,0.622218
int8pc,0.000000,0.395840,0.622214
int8pc,0.000000,0.396176,0.621919
int8pc,0.000000,0.396511,0.621892
int8pc,0.000000,0.396847,0.621815
int8pc,0.000000,0.397182,0.621517
int8pc,0.000000,0.397518,0.621495
int8pc,0.000000,0.397853,0.621370
int8pc,0.000000,0.398189,0.621353
int8pc,0.000000,0.398524,0.621328
int8pc,0.000000,0.398859,0.621305
int8pc,0.000000,0.399195,0.621288
int8pc,0.000000,0.399530,0.621175
int8pc,0.000000,0.399866,0.621087
int8pc,0.000000,0.400201,0.621010
int8pc,0.000000,0.400537,0.620970
int8pc,0.000000,0.400872,0.620798
int8pc,0.000000,0.401208,0.620747
int8pc,0.000000,0.401543,0.620699
int8pc,0.000000,0.401879,0.620631
int8pc,0.000000,0.402214,0.620342
int8pc,0.000000,0.402549,0.620292
int8pc,0.000000,0.402885,0.619774
int8pc,0.000000,0.403220,0.619569
int8pc,0.000000,0.403556,0.619376
int8pc,0.000000,0.403891,0.619369
int8pc,0.000000,0.404227,0.619153
int8pc,0.000000,0.404562,0.618744
int8pc,0.000000,0.404898,0.618412
int8pc,0.000000,0.405233,0.618249
int8pc,0.000000,0.405569,0.618200
int8pc,0.000000,0.405904,0.618156
int8pc,0.000000,0.406240,0.618132
int8pc,0.000000,0.406575,0.618105
int8pc,0.000000,0.406910,0.618096
int8pc,0.000000,0.407246,0.617937
int8pc,0.000000,0.407581,0.617671
int8pc,0.000000,0.407917,0.617668
int8pc,0.000000,0.408252,0.617474
int8pc,0.000000,0.408588,0.617366
int8pc,0.000000,0.408923,0.617328
int8pc,0.000000,0.409259,0.617302
int8pc,0.000000,0.409594,0.617138
int8pc,0.000000,0.409930,0.617007
int8pc,0.000000,0.410265,0.616935
int8pc,0.000000,0.410600,0.616910
int8pc,0.000000,0.410936,0.616826
int8pc,0.000000,0.411271,0.616548
int8pc,0.000000,0.411607,0.616530
int8pc,0.000000,0.411942,0.616464
int8pc,0.000000,0.412278,0.616425
int8pc,0.000000,0.412613,0.616408
int8pc,0.000000,0.412949,0.616183
int8pc,0.000000,0.413284,0.616037
int8pc,0.000000,0.413620,0.615763
int8pc,0.000000,0.413955,0.615551
int8pc,0.000000,0.414291,0.615529
int8pc,0.000000,0.414626,0.615499
int8pc,0.000000,0.414961,0.615425
int8pc,0.000000,0.415297,0.615359
int8pc,0.000000,0.415632,0.615335
int8pc,0.000000,0.415968,0.615055
int8pc,0.000000,0.416303,0.614990
int8pc,0.000000,0.416639,0.614903
int8pc,0.000000,0.416974,0.614785
int8pc,0.000000,0.417310,0.614656
int8pc,0.000000,0.417645,0.614550
int8pc,0.000000,0.417981,0.614504
int8pc,0.000000,0.418316,0.614234
int8pc,0.000000,0.418651,0.614200
int8pc,0.000000,0.418987,0.614162
int8pc,0.000000,0.419322,0.614082
int8pc,0.000000,0.419658,0.613798
int8pc,0.000000,0.419993,0.613790
int8pc,0.000000,0.420329,0.613777
int8pc,0.000000,0.420664,0.613710
int8pc,0.000000,0.421000,0.613602
int8pc,0.000000,0.421335,0.613585
int8pc,0.000000,0.421671,0.613476
int8pc,0.000000,0.422006,0.613312
int8pc,0.000000,0.422341,0.613268
int8pc,0.000000,0.422677,0.613267
int8pc,0.000000,0.423012,0.613153
int8pc,0.000000,0.423348,0.613017
int8pc,0.000000,0.423683,0.612735
int8pc,0.000000,0.424019,0.612725
int8pc,0.000000,0.424354,0.612713
int8pc,0.000000,0.424690,0.612630
int8pc,0.000000,0.425025,0.612588
int8pc,0.000000,0.425361,0.612516
int8pc,0.000000,0.425696,0.612468
int8pc,0.000000,0.426032,0.612407
int8pc,0.000000,0.426367,0.612387
int8pc,0.000000,0.426702,0.612265
int8pc,0.000000,0.427038,0.612246
int8pc,0.000000,0.427373,0.612213
int8pc,0.000000,0.427709,0.612184
int8pc,0.000000,0.428044,0.612017
int8pc,0.000000,0.428380,0.611758
int8pc,0.000000,0.428715,0.611553
int8pc,0.000000,0.429051,0.611527
int8pc,0.000000,0.429386,0.611458
int8pc,0.000000,0.429722,0.611237
int8pc,0.000000,0.430057,0.611095
int8pc,0.000000,0.430392,0.611041
int8pc,0.000000,0.430728,0.610961
int8pc,0.000000,0.431063,0.610863
int8pc,0.000000,0.431399,0.610784
int8pc,0.000000,0.431734,0.610632
int8pc,0.000000,0.432070,0.610563
int8pc,0.000000,0.432405,0.610544
int8pc,0.000000,0.432741,0.610534
int8pc,0.000000,0.433076,0.610450
int8pc,0.000000,0.433412,0.610348
int8pc,0.000000,0.433747,0.610285
int8pc,0.000000,0.434083,0.610235
int8pc,0.000000,0.434418,0.610091
int8pc,0.000000,0.434753,0.610027
int8pc,0.000000,0.435089,0.610020
int8pc,0.000000,0.435424,0.610008
int8pc,0.000000,0.435760,0.609924
int8pc,0.000000,0.436095,0.609844
int8pc,0.000000,0.436431,0.609381
int8pc,0.000000,0.436766,0.609280
int8pc,0.000000,0.437102,0.609147
int8pc,0.000000,0.437437,0.609083
int8pc,0.000000,0.437773,0.609031
int8pc,0.000000,0.438108,0.609022
int8pc,0.000000,0.438443,0.608952
int8pc,0.000000,0.438779,0.608908
int8pc,0.000000,0.439114,0.608793
int8pc,0.000000,0.439450,0.608733
int8pc,0.000000,0.439785,0.608609
int8pc,0.000000,0.440121,0.608528
int8pc,0.000000,0.440456,0.608460
int8pc,0.000000,0.440792,0.608315
int8pc,0.000000,0.441127,0.608291
int8pc,0.000000,0.441463,0.608086
int8pc,0.000000,0.441798,0.608015
int8pc,0.000000,0.442134,0.608006
int8pc,0.000000,0.442469,0.607860
int8pc,0.000000,0.442804,0.607433
int8pc,0.000000,0.443140,0.607281
int8pc,0.000000,0.443475,0.607227
int8pc,0.000000,0.443811,0.607128
int8pc,0.000000,0.444146,0.607106
int8pc,0.000000,0.444482,0.607016
int8pc,0.000000,0.444817,0.606876
int8pc,0.000000,0.445153,0.606832
int8pc,0.000000,0.445488,0.606750
int8pc,0.000000,0.445824,0.606735
int8pc,0.000000,0.446159,0.606426
int8pc,0.000000,0.446494,0.606314
int8pc,0.000000,0.446830,0.606180
int8pc,0.000000,0.447165,0.605886
int8pc,0.000000,0.447501,0.605815
int8pc,0.000000,0.447836,0.605623
int8pc,0.000000,0.448172,0.605516
int8pc,0.000000,0.448507,0.605444
int8pc,0.000000,0.448843,0.605328
int8pc,0.000000,0.449178,0.605106
int8pc,0.000000,0.449514,0.605011
int8pc,0.000000,0.449849,0.604886
int8pc,0.000000,0.450185,0.604864
int8pc,0.000000,0.450520,0.604764
int8pc,0.000000,0.450855,0.604647
int8pc,0.000000,0.451191,0.604540
int8pc,0.000000,0.451526,0.604386
int8pc,0.000000,0.451862,0.604353
int8pc,0.000000,0.452197,0.604346
int8pc,0.000000,0.452533,0.604300
int8pc,0.000000,0.452868,0.604242
int8pc,0.000000,0.453204,0.604178
int8pc,0.000000,0.453539,0.603879
int8pc,0.000000,0.453875,0.603865
int8pc,0.000000,0.454210,0.603724
int8pc,0.000000,0.454545,0.603492
int8pc,0.000000,0.454881,0.603272
int8pc,0.000000,0.455216,0.603270
int8pc,0.000000,0.455552,0.603226
int8pc,0.000000,0.455887,0.603179
int8pc,0.000000,0.456223,0.603116
int8pc,0.000000,0.456558,0.602958
int8pc,0.000000,0.456894,0.602900
int8pc,0.000000,0.457229,0.602893
int8pc,0.000000,0.457565,0.602867
int8pc,0.000000,0.457900,0.602862
int8pc,0.000000,0.458235,0.602858
int8pc,0.000000,0.458571,0.602850
int8pc,0.000000,0.458906,0.602693
int8pc,0.000000,0.459242,0.602587
int8pc,0.000000,0.459577,0.602541
int8pc,0.000000,0.459913,0.602340
int8pc,0.000000,0.460248,0.602283
int8pc,0.000000,0.460584,0.602277
int8pc,0.000000,0.460919,0.602261
int8pc,0.000000,0.461255,0.602006
int8pc,0.000000,0.461590,0.601968
int8pc,0.000000,0.461926,0.601849
int8pc,0.000000,0.462261,0.601801
int8pc,0.000000,0.462596,0.601718
int8pc,0.000000,0.462932,0.601622
int8pc,0.000000,0.463267,0.601601
int8pc,0.000000,0.463603,0.601195
int8pc,0.000000,0.463938,0.601157
int8pc,0.000000,0.464274,0.601030
int8pc,0.000000,0.464609,0.600967
int8pc,0.000000,0.464945,0.600966
int8pc,0.000000,0.465280,0.600962
int8pc,0.000000,0.465616,0.600923
int8pc,0.000000,0.465951,0.600826
int8pc,0.000000,0.466286,0.600273
int8pc,0.000000,0.466622,0.600103
int8pc,0.000000,0.466957,0.599744
int8pc,0.000000,0.467293,0.599571
int8pc,0.000000,0.467628,0.599563
int8pc,0.000000,0.467964,0.599462
int8pc,0.000000,0.468299,0.599273
int8pc,0.000000,0.468635,0.599120
int8pc,0.000000,0.468970,0.599113
int8pc,0.000000,0.469306,0.599067
int8pc,0.000000,0.469641,0.598917
int8pc,0.000000,0.469977,0.598830
int8pc,0.000000,0.470312,0.598742
int8pc,0.000000,0.470647,0.598610
int8pc,0.000000,0.470983,0.598607
int8pc,0.000000,0.471318,0.598592
int8pc,0.000000,0.471654,0.598580
int8pc,0.000000,0.471989,0.598467
int8pc,0.000000,0.472325,0.598366
int8pc,0.000000,0.472660,0.598198
int8pc,0.000000,0.472996,0.598164
int8pc,0.000000,0.473331,0.598066
int8pc,0.000000,0.473667,0.598036
int8pc,0.000000,0.474002,0.597993
int8pc,0.000000,0.474337,0.597982
int8pc,0.000000,0.474673,0.597971
int8pc,0.000000,0.475008,0.597930
int8pc,0.000000,0.475344,0.597762
int8pc,0.000000,0.475679,0.597535
int8pc,0.000000,0.476015,0.597530
int8pc,0.000000,0.476350,0.597316
int8pc,0.000000,0.476686,0.597309
int8pc,0.000000,0.477021,0.597238
int8pc,0.000000,0.477357,0.597005
int8pc,0.000000,0.477692,0.596831
int8pc,0.000000,0.478028,0.596738
int8pc,0.000000,0.478363,0.596548
int8pc,0.000000,0.478698,0.596441
int8pc,0.000000,0.479034,0.596346
int8pc,0.000000,0.479369,0.596250
int8pc,0.000000,0.479705,0.596243
int8pc,0.000000,0.480040,0.596226
int8pc,0.000000,0.480376,0.596222
int8pc,0.000000,0.480711,0.596190
int8pc,0.000000,0.481047,0.596177
int8pc,0.000000,0.481382,0.596138
int8pc,0.000000,0.481718,0.596031
int8pc,0.000000,0.482053,0.595985
int8pc,0.000000,0.482388,0.595974
int8pc,0.000000,0.482724,0.595472
int8pc,0.000000,0.483059,0.595086
int8pc,0.000000,0.483395,0.594939
int8pc,0.000000,0.483730,0.594792
int8pc,0.000000,0.484066,0.594737
int8pc,0.000000,0.484401,0.594710
int8pc,0.000000,0.484737,0.594702
int8pc,0.000000,0.485072,0.594682
int8pc,0.000000,0.485408,0.594536
int8pc,0.000000,0.485743,0.594402
int8pc,0.000000,0.486078,0.594356
int8pc,0.000000,0.486414,0.594201
int8pc,0.000000,0.486749,0.594134
int8pc,0.000000,0.487085,0.594120
int8pc,0.000000,0.487420,0.594114
int8pc,0.000000,0.487756,0.593961
int8pc,0.000000,0.488091,0.593960
int8pc,0.000000,0.488427,0.593826
int8pc,0.000000,0.488762,0.593754
int8pc,0.000000,0.489098,0.593670
int8pc,0.000000,0.489433,0.593656
int8pc,0.000000,0.489769,0.593608
int8pc,0.000000,0.490104,0.593531
int8pc,0.000000,0.490439,0.593418
int8pc,0.000000,0.490775,0.593390
int8pc,0.000000,0.491110,0.593375
int8pc,0.000000,0.491446,0.593276
int8pc,0.000000,0.491781,0.593101
int8pc,0.000000,0.492117,0.593011
int8pc,0.000000,0.492452,0.592772
int8pc,0.000000,0.492788,0.592687
int8pc,0.000000,0.493123,0.592602
int8pc,0.000000,0.493459,0.592594
int8pc,0.000000,0.493794,0.592586
int8pc,0.000000,0.494129,0.592337
int8pc,0.000000,0.494465,0.592202
int8pc,0.000000,0.494800,0.592096
int8pc,0.000000,0.495136,0.591690
int8pc,0.000000,0.495471,0.591675
int8pc,0.000000,0.495807,0.591639
int8pc,0.000000,0.496142,0.591487
int8pc,0.000000,0.496478,0.591471
int8pc,0.000000,0.496813,0.591330
int8pc,0.000000,0.497149,0.591314
int8pc,0.000000,0.497484,0.591217
int8pc,0.000000,0.497820,0.591100
int8pc,0.000000,0.498155,0.591097
int8pc,0.000000,0.498490,0.591062
int8pc,0.000000,0.498826,0.590953
int8pc,0.000000,0.499161,0.590921
int8pc,0.000000,0.499497,0.590880
int8pc,0.000000,0.499832,0.590794
int8pc,0.000000,0.500168,0.590744
int8pc,0.000000,0.500503,0.590676
int8pc,0.000000,0.500839,0.590624
int8pc,0.000000,0.501174,0.590589
int8pc,0.000000,0.501510,0.590502
int8pc,0.000000,0.501845,0.590491
int8pc,0.000000,0.502180,0.590487
int8pc,0.000000,0.502516,0.590457
int8pc,0.000000,0.502851,0.590435
int8pc,0.000000,0.503187,0.590360
int8pc,0.000000,0.503522,0.590351
int8pc,0.000000,0.503858,0.590325
int8pc,0.000000,0.504193,0.590276
int8pc,0.000000,0.504529,0.590208
int8pc,0.000000,0.504864,0.590153
int8pc,0.000000,0.505200,0.589978
int8pc,0.000000,0.505535,0.589878
int8pc,0.000000,0.505871,0.589874
int8pc,0.000000,0.506206,0.589870
int8pc,0.000000,0.506541,0.589776
int8pc,0.000000,0.506877,0.589696
int8pc,0.000000,0.507212,0.589634
int8pc,0.000000,0.507548,0.589431
int8pc,0.000000,0.507883,0.589366
int8pc,0.000000,0.508219,0.589273
int8pc,0.000000,0.508554,0.589208
int8pc,0.000000,0.508890,0.589189
int8pc,0.000000,0.509225,0.589170
int8pc,0.000000,0.509561,0.589096
int8pc,0.000000,0.509896,0.589066
int8pc,0.000000,0.510231,0.589050
int8pc,0.000000,0.510567,0.589044
int8pc,0.000000,0.510902,0.588816
int8pc,0.000000,0.511238,0.588600
int8pc,0.000000,0.511573,0.588594
int8pc,0.000000,0.511909,0.588574
int8pc,0.000000,0.512244,0.588559
int8pc,0.000000,0.512580,0.588436
int8pc,0.000000,0.512915,0.588434
int8pc,0.000000,0.513251,0.588263
int8pc,0.000000,0.513586,0.588235
int8pc,0.000000,0.513922,0.588228
int8pc,0.000000,0.514257,0.588087
int8pc,0.000000,0.514592,0.587952
int8pc,0.000000,0.514928,0.587883
int8pc,0.000000,0.515263,0.587855
int8pc,0.000000,0.515599,0.587770
int8pc,0.000000,0.515934,0.587728
int8pc,0.000000,0.516270,0.587639
int8pc,0.000000,0.516605,0.587548
int8pc,0.000000,0.516941,0.587441
int8pc,0.000000,0.517276,0.587399
int8pc,0.000000,0.517612,0.587387
int8pc,0.000000,0.517947,0.587377
int8pc,0.000000,0.518282,0.587368
int8pc,0.000000,0.518618,0.587360
int8pc,0.000000,0.518953,0.587329
int8pc,0.000000,0.519289,0.587327
int8pc,0.000000,0.519624,0.587247
int8pc,0.000000,0.519960,0.587240
int8pc,0.000000,0.520295,0.587051
int8pc,0.000000,0.520631,0.586990
int8pc,0.000000,0.520966,0.586815
int8pc,0.000000,0.521302,0.586711
int8pc,0.000000,0.521637,0.586648
int8pc,0.000000,0.521972,0.586523
int8pc,0.000000,0.522308,0.586522
int8pc,0.000000,0.522643,0.586470
int8pc,0.000000,0.522979,0.586396
int8pc,0.000000,0.523314,0.586375
int8pc,0.000000,0.523650,0.586302
int8pc,0.000000,0.523985,0.586263
int8pc,0.000000,0.524321,0.586247
int8pc,0.000000,0.524656,0.586218
int8pc,0.000000,0.524992,0.586127
int8pc,0.000000,0.525327,0.586044
int8pc,0.000000,0.525663,0.585995
int8pc,0.000000,0.525998,0.585760
int8pc,0.000000,0.526333,0.585700
int8pc,0.000000,0.526669,0.585700
int8pc,0.000000,0.527004,0.585680
int8pc,0.000000,0.527340,0.585492
int8pc,0.000000,0.527675,0.585394
int8pc,0.000000,0.528011,0.585223
int8pc,0.000000,0.528346,0.584660
int8pc,0.000000,0.528682,0.584644
int8pc,0.000000,0.529017,0.584377
int8pc,0.000000,0.529353,0.584341
int8pc,0.000000,0.529688,0.584280
int8pc,0.000000,0.530023,0.584115
int8pc,0.000000,0.530359,0.584029
int8pc,0.000000,0.530694,0.583984
int8pc,0.000000,0.531030,0.583943
int8pc,0.000000,0.531365,0.583848
int8pc,0.000000,0.531701,0.583709
int8pc,0.000000,0.532036,0.583659
int8pc,0.000000,0.532372,0.583551
int8pc,0.000000,0.532707,0.583315
int8pc,0.000000,0.533043,0.583166
int8pc,0.000000,0.533378,0.583096
int8pc,0.000000,0.533714,0.582858
int8pc,0.000000,0.534049,0.582772
int8pc,0.000000,0.534384,0.582768
int8pc,0.000000,0.534720,0.582576
int8pc,0.000000,0.535055,0.582574
int8pc,0.000000,0.535391,0.582430
int8pc,0.000000,0.535726,0.582270
int8pc,0.000000,0.536062,0.582165
int8pc,0.000000,0.536397,0.582125
int8pc,0.000000,0.536733,0.582050
int8pc,0.000000,0.537068,0.581847
int8pc,0.000000,0.537404,0.581738
int8pc,0.000000,0.537739,0.581603
int8pc,0.000000,0.538074,0.581602
int8pc,0.000000,0.538410,0.581503
int8pc,0.000000,0.538745,0.581260
int8pc,0.000000,0.539081,0.581052
int8pc,0.000000,0.539416,0.580848
int8pc,0.000000,0.539752,0.580718
int8pc,0.000000,0.540087,0.580509
int8pc,0.000000,0.540423,0.580497
int8pc,0.000000,0.540758,0.580329
int8pc,0.000000,0.541094,0.579961
int8pc,0.000000,0.541429,0.579950
int8pc,0.000000,0.541765,0.579813
int8pc,0.000000,0.542100,0.579652
int8pc,0.000000,0.542435,0.579641
int8pc,0.000000,0.542771,0.579367
int8pc,0.000000,0.543106,0.579174
int8pc,0.000000,0.543442,0.579013
int8pc,0.000000,0.543777,0.578897
int8pc,0.000000,0.544113,0.578706
int8pc,0.000000,0.544448,0.578291
int8pc,0.000000,0.544784,0.578205
int8pc,0.000000,0.545119,0.578015
int8pc,0.000000,0.545455,0.577863
int8pc,0.000000,0.545790,0.577626
int8pc,0.000000,0.546125,0.577604
int8pc,0.000000,0.546461,0.577544
int8pc,0.000000,0.546796,0.577523
int8pc,0.000000,0.547132,0.577523
int8pc,0.000000,0.547467,0.577494
int8pc,0.000000,0.547803,0.577292
int8pc,0.000000,0.548138,0.577262
int8pc,0.000000,0.548474,0.577223
int8pc,0.000000,0.548809,0.577214
int8pc,0.000000,0.549145,0.577203
int8pc,0.000000,0.549480,0.577168
int8pc,0.000000,0.549815,0.577164
int8pc,0.000000,0.550151,0.576951
int8pc,0.000000,0.550486,0.576906
int8pc,0.000000,0.550822,0.576886
int8pc,0.000000,0.551157,0.576740
int8pc,0.000000,0.551493,0.576665
int8pc,0.000000,0.551828,0.576658
int8pc,0.000000,0.552164,0.576609
int8pc,0.000000,0.552499,0.576564
int8pc,0.000000,0.552835,0.576538
int8pc,0.000000,0.553170,0.576456
int8pc,0.000000,0.553506,0.576330
int8pc,0.000000,0.553841,0.576299
int8pc,0.000000,0.554176,0.576200
int8pc,0.000000,0.554512,0.576180
int8pc,0.000000,0.554847,0.576138
int8pc,0.000000,0.555183,0.575934
int8pc,0.000000,0.555518,0.575831
int8pc,0.000000,0.555854,0.575800
int8pc,0.000000,0.556189,0.575759
int8pc,0.000000,0.556525,0.575549
int8pc,0.000000,0.556860,0.575536
int8pc,0.000000,0.557196,0.575457
int8pc,0.000000,0.557531,0.575446
int8pc,0.000000,0.557866,0.575437
int8pc,0.000000,0.558202,0.575328
int8pc,0.000000,0.558537,0.575317
int8pc,0.000000,0.558873,0.575289
int8pc,0.000000,0.559208,0.575277
int8pc,0.000000,0.559544,0.575038
int8pc,0.000000,0.559879,0.575037
int8pc,0.000000,0.560215,0.575033
int8pc,0.000000,0.560550,0.574998
int8pc,0.000000,0.560886,0.574836
int8pc,0.000000,0.561221,0.574737
int8pc,0.000000,0.561557,0.574660
int8pc,0.000000,0.561892,0.574269
int8pc,0.000000,0.562227,0.574240
int8pc,0.000000,0.562563,0.574144
int8pc,0.000000,0.562898,0.573953
int8pc,0.000000,0.563234,0.573881
int8pc,0.000000,0.563569,0.573866
int8pc,0.000000,0.563905,0.573684
int8pc,0.000000,0.564240,0.573625
int8pc,0.000000,0.564576,0.573373
int8pc,0.000000,0.564911,0.573369
int8pc,0.000000,0.565247,0.573285
int8pc,0.000000,0.565582,0.573199
int8pc,0.000000,0.565917,0.573167
int8pc,0.000000,0.566253,0.573152
int8pc,0.000000,0.566588,0.572649
int8pc,0.000000,0.566924,0.572607
int8pc,0.000000,0.567259,0.572552
int8pc,0.000000,0.567595,0.572552
int8pc,0.000000,0.567930,0.572367
int8pc,0.000000,0.568266,0.571953
int8pc,0.000000,0.568601,0.571899
int8pc,0.000000,0.568937,0.571808
int8pc,0.000000,0.569272,0.571677
int8pc,0.000000,0.569608,0.571615
int8pc,0.000000,0.569943,0.571327
int8pc,0.000000,0.570278,0.571290
int8pc,0.000000,0.570614,0.571191
int8pc,0.000000,0.570949,0.571149
int8pc,0.000000,0.571285,0.571054
int8pc,0.000000,0.571620,0.571054
int8pc,0.000000,0.571956,0.570863
int8pc,0.000000,0.572291,0.570843
int8pc,0.000000,0.572627,0.570829
int8pc,0.000000,0.572962,0.570775
int8pc,0.000000,0.573298,0.570707
int8pc,0.000000,0.573633,0.570686
int8pc,0.000000,0.573968,0.570663
int8pc,0.000000,0.574304,0.570636
int8pc,0.000000,0.574639,0.570606
int8pc,0.000000,0.574975,0.570431
int8pc,0.000000,0.575310,0.570150
int8pc,0.000000,0.575646,0.570150
int8pc,0.000000,0.575981,0.570002
int8pc,0.000000,0.576317,0.569927
int8pc,0.000000,0.576652,0.569605
int8pc,0.000000,0.576988,0.569563
int8pc,0.000000,0.577323,0.569527
int8pc,0.000000,0.577659,0.569487
int8pc,0.000000,0.577994,0.569487
int8pc,0.000000,0.578329,0.569133
int8pc,0.000000,0.578665,0.569104
int8pc,0.000000,0.579000,0.568991
int8pc,0.000000,0.579336,0.568960
int8pc,0.000000,0.579671,0.568959
int8pc,0.000000,0.580007,0.568834
int8pc,0.000000,0.580342,0.568711
int8pc,0.000000,0.580678,0.568676
int8pc,0.000000,0.581013,0.568580
int8pc,0.000000,0.581349,0.568578
int8pc,0.000000,0.581684,0.568240
int8pc,0.000000,0.582019,0.568228
int8pc,0.000000,0.582355,0.568128
int8pc,0.000000,0.582690,0.567965
int8pc,0.000000,0.583026,0.567932
int8pc,0.000000,0.583361,0.567727
int8pc,0.000000,0.583697,0.567705
int8pc,0.000000,0.584032,0.567685
int8pc,0.000000,0.584368,0.567561
int8pc,0.000000,0.584703,0.567458
int8pc,0.000000,0.585039,0.567187
int8pc,0.000000,0.585374,0.567162
int8pc,0.000000,0.585709,0.567131
int8pc,0.000000,0.586045,0.567080
int8pc,0.000000,0.586380,0.567028
int8pc,0.000000,0.586716,0.566966
int8pc,0.000000,0.587051,0.566946
int8pc,0.000000,0.587387,0.566926
int8pc,0.000000,0.587722,0.566847
int8pc,0.000000,0.588058,0.566732
int8pc,0.000000,0.588393,0.566699
int8pc,0.000000,0.588729,0.566595
int8pc,0.000000,0.589064,0.566492
int8pc,0.000000,0.589400,0.566452
int8pc,0.000000,0.589735,0.566362
int8pc,0.000000,0.590070,0.566358
int8pc,0.000000,0.590406,0.566252
int8pc,0.000000,0.590741,0.566248
int8pc,0.000000,0.591077,0.566137
int8pc,0.000000,0.591412,0.566016
int8pc,0.000000,0.591748,0.565991
int8pc,0.000000,0.592083,0.565538
int8pc,0.000000,0.592419,0.565518
int8pc,0.000000,0.592754,0.565255
int8pc,0.000000,0.593090,0.565178
int8pc,0.000000,0.593425,0.565042
int8pc,0.000000,0.593760,0.564900
int8pc,0.000000,0.594096,0.564766
int8pc,0.000000,0.594431,0.564681
int8pc,0.000000,0.594767,0.564631
int8pc,0.000000,0.595102,0.564572
int8pc,0.000000,0.595438,0.564572
int8pc,0.000000,0.595773,0.564182
int8pc,0.000000,0.596109,0.564137
int8pc,0.000000,0.596444,0.564014
int8pc,0.000000,0.596780,0.563958
int8pc,0.000000,0.597115,0.563809
int8pc,0.000000,0.597451,0.563783
int8pc,0.000000,0.597786,0.563577
int8pc,0.000000,0.598121,0.563325
int8pc,0.000000,0.598457,0.563009
int8pc,0.000000,0.598792,0.562824
int8pc,0.000000,0.599128,0.562726
int8pc,0.000000,0.599463,0.562688
int8pc,0.000000,0.599799,0.562673
int8pc,0.000000,0.600134,0.562495
int8pc,0.000000,0.600470,0.562316
int8pc,0.000000,0.600805,0.562271
int8pc,0.000000,0.601141,0.562110
int8pc,0.000000,0.601476,0.562087
int8pc,0.000000,0.601811,0.561985
int8pc,0.000000,0.602147,0.561960
int8pc,0.000000,0.602482,0.561909
int8pc,0.000000,0.602818,0.561842
int8pc,0.000000,0.603153,0.561828
int8pc,0.000000,0.603489,0.561758
int8pc,0.000000,0.603824,0.561515
int8pc,0.000000,0.604160,0.561409
int8pc,0.000000,0.604495,0.561394
int8pc,0.000000,0.604831,0.561375
int8pc,0.000000,0.605166,0.561205
int8pc,0.000000,0.605502,0.561186
int8pc,0.000000,0.605837,0.561163
int8pc,0.000000,0.606172,0.561160
int8pc,0.000000,0.606508,0.561112
int8pc,0.000000,0.606843,0.561101
int8pc,0.000000,0.607179,0.561097
int8pc,0.000000,0.607514,0.560951
int8pc,0.000000,0.607850,0.560932
int8pc,0.000000,0.608185,0.560886
int8pc,0.000000,0.608521,0.560824
int8pc,0.000000,0.608856,0.560806
int8pc,0.000000,0.609192,0.560578
int8pc,0.000000,0.609527,0.560503
int8pc,0.000000,0.609862,0.560465
int8pc,0.000000,0.610198,0.560414
int8pc,0.000000,0.610533,0.560362
int8pc,0.000000,0.610869,0.560345
int8pc,0.000000,0.611204,0.560339
int8pc,0.000000,0.611540,0.560271
int8pc,0.000000,0.611875,0.560269
int8pc,0.000000,0.612211,0.559875
int8pc,0.000000,0.612546,0.559529
int8pc,0.000000,0.612882,0.559439
int8pc,0.000000,0.613217,0.559434
int8pc,0.000000,0.613552,0.559414
int8pc,0.000000,0.613888,0.559395
int8pc,0.000000,0.614223,0.558981
int8pc,0.000000,0.614559,0.558790
int8pc,0.000000,0.614894,0.558786
int8pc,0.000000,0.615230,0.558751
int8pc,0.000000,0.615565,0.558664
int8pc,0.000000,0.615901,0.558640
int8pc,0.000000,0.616236,0.558622
int8pc,0.000000,0.616572,0.558613
int8pc,0.000000,0.616907,0.558491
int8pc,0.000000,0.617243,0.558430
int8pc,0.000000,0.617578,0.558392
int8pc,0.000000,0.617913,0.558349
int8pc,0.000000,0.618249,0.558333
int8pc,0.000000,0.618584,0.558255
int8pc,0.000000,0.618920,0.558194
int8pc,0.000000,0.619255,0.558194
int8pc,0.000000,0.619591,0.558071
int8pc,0.000000,0.619926,0.557948
int8pc,0.000000,0.620262,0.557916
int8pc,0.000000,0.620597,0.557910
int8pc,0.000000,0.620933,0.557829
int8pc,0.000000,0.621268,0.557599
int8pc,0.000000,0.621603,0.557513
int8pc,0.000000,0.621939,0.557393
int8pc,0.000000,0.622274,0.557380
int8pc,0.000000,0.622610,0.557377
int8pc,0.000000,0.622945,0.557296
int8pc,0.000000,0.623281,0.557007
int8pc,0.000000,0.623616,0.556887
int8pc,0.000000,0.623952,0.556816
int8pc,0.000000,0.624287,0.556723
int8pc,0.000000,0.624623,0.556711
int8pc,0.000000,0.624958,0.556696
int8pc,0.000000,0.625294,0.556685
int8pc,0.000000,0.625629,0.556663
int8pc,0.000000,0.625964,0.556655
int8pc,0.000000,0.626300,0.556362
int8pc,0.000000,0.626635,0.556358
int8pc,0.000000,0.626971,0.556103
int8pc,0.000000,0.627306,0.556073
int8pc,0.000000,0.627642,0.555979
int8pc,0.000000,0.627977,0.555794
int8pc,0.000000,0.628313,0.555701
int8pc,0.000000,0.628648,0.555601
int8pc,0.000000,0.628984,0.555578
int8pc,0.000000,0.629319,0.555088
int8pc,0.000000,0.629654,0.554963
int8pc,0.000000,0.629990,0.554940
int8pc,0.000000,0.630325,0.554845
int8pc,0.000000,0.630661,0.554821
int8pc,0.000000,0.630996,0.554607
int8pc,0.000000,0.631332,0.554596
int8pc,0.000000,0.631667,0.554520
int8pc,0.000000,0.632003,0.554441
int8pc,0.000000,0.632338,0.554427
int8pc,0.000000,0.632674,0.554273
int8pc,0.000000,0.633009,0.554244
int8pc,0.000000,0.633345,0.554193
int8pc,0.000000,0.633680,0.554165
int8pc,0.000000,0.634015,0.554067
int8pc,0.000000,0.634351,0.553693
int8pc,0.000000,0.634686,0.553667
int8pc,0.000000,0.635022,0.553621
int8pc,0.000000,0.635357,0.553557
int8pc,0.000000,0.635693,0.553463
int8pc,0.000000,0.636028,0.553388
int8pc,0.000000,0.636364,0.553213
int8pc,0.000000,0.636699,0.553089
int8pc,0.000000,0.637035,0.552836
int8pc,0.000000,0.637370,0.552836
int8pc,0.000000,0.637705,0.552834
int8pc,0.000000,0.638041,0.552787
int8pc,0.000000,0.638376,0.552505
int8pc,0.000000,0.638712,0.552501
int8pc,0.000000,0.639047,0.552063
int8pc,0.000000,0.639383,0.552034
int8pc,0.000000,0.639718,0.551895
int8pc,0.000000,0.640054,0.551326
int8pc,0.000000,0.640389,0.551174
int8pc,0.000000,0.640725,0.551037
int8pc,0.000000,0.641060,0.550908
int8pc,0.000000,0.641396,0.550784
int8pc,0.000000,0.641731,0.550744
int8pc,0.000000,0.642066,0.550341
int8pc,0.000000,0.642402,0.550311
int8pc,0.000000,0.642737,0.550272
int8pc,0.000000,0.643073,0.550212
int8pc,0.000000,0.643408,0.550207
int8pc,0.000000,0.643744,0.549937
int8pc,0.000000,0.644079,0.549936
int8pc,0.000000,0.644415,0.549934
int8pc,0.000000,0.644750,0.549844
int8pc,0.000000,0.645086,0.549716
int8pc,0.000000,0.645421,0.549628
int8pc,0.000000,0.645756,0.549593
int8pc,0.000000,0.646092,0.549505
int8pc,0.000000,0.646427,0.549454
int8pc,0.000000,0.646763,0.549380
int8pc,0.000000,0.647098,0.549289
int8pc,0.000000,0.647434,0.549223
int8pc,0.000000,0.647769,0.549169
int8pc,0.000000,0.648105,0.549143
int8pc,0.000000,0.648440,0.548736
int8pc,0.000000,0.648776,0.548659
int8pc,0.000000,0.649111,0.548645
int8pc,0.000000,0.649446,0.548459
int8pc,0.000000,0.649782,0.548345
int8pc,0.000000,0.650117,0.548208
int8pc,0.000000,0.650453,0.548024
int8pc,0.000000,0.650788,0.547965
int8pc,0.000000,0.651124,0.547761
int8pc,0.000000,0.651459,0.547562
int8pc,0.000000,0.651795,0.547496
int8pc,0.000000,0.652130,0.547389
int8pc,0.000000,0.652466,0.547351
int8pc,0.000000,0.652801,0.547236
int8pc,0.000000,0.653137,0.547222
int8pc,0.000000,0.653472,0.547060
int8pc,0.000000,0.653807,0.546980
int8pc,0.000000,0.654143,0.546928
int8pc,0.000000,0.654478,0.546755
int8pc,0.000000,0.654814,0.546632
int8pc,0.000000,0.655149,0.546372
int8pc,0.000000,0.655485,0.546313
int8pc,0.000000,0.655820,0.546075
int8pc,0.000000,0.656156,0.546029
int8pc,0.000000,0.656491,0.545944
int8pc,0.000000,0.656827,0.545921
int8pc,0.000000,0.657162,0.545750
int8pc,0.000000,0.657497,0.545629
int8pc,0.000000,0.657833,0.545594
int8pc,0.000000,0.658168,0.545471
int8pc,0.000000,0.658504,0.545300
int8pc,0.000000,0.658839,0.544994
int8pc,0.000000,0.659175,0.544833
int8pc,0.000000,0.659510,0.544774
int8pc,0.000000,0.659846,0.544697
int8pc,0.000000,0.660181,0.544681
int8pc,0.000000,0.660517,0.544649
int8pc,0.000000,0.660852,0.544279
int8pc,0.000000,0.661188,0.544266
int8pc,0.000000,0.661523,0.544260
int8pc,0.000000,0.661858,0.543996
int8pc,0.000000,0.662194,0.543992
int8pc,0.000000,0.662529,0.543990
int8pc,0.000000,0.662865,0.543928
int8pc,0.000000,0.663200,0.543907
int8pc,0.000000,0.663536,0.543801
int8pc,0.000000,0.663871,0.543292
int8pc,0.000000,0.664207,0.543048
int8pc,0.000000,0.664542,0.543030
int8pc,0.000000,0.664878,0.542976
int8pc,0.000000,0.665213,0.542960
int8pc,0.000000,0.665548,0.542848
int8pc,0.000000,0.665884,0.542833
int8pc,0.000000,0.666219,0.542737
int8pc,0.000000,0.666555,0.542274
int8pc,0.000000,0.666890,0.542269
int8pc,0.000000,0.667226,0.542124
int8pc,0.000000,0.667561,0.542065
int8pc,0.000000,0.667897,0.541877
int8pc,0.000000,0.668232,0.541769
int8pc,0.000000,0.668568,0.541452
int8pc,0.000000,0.668903,0.541353
int8pc,0.000000,0.669239,0.541224
int8pc,0.000000,0.669574,0.541153
int8pc,0.000000,0.669909,0.540782
int8pc,0.000000,0.670245,0.540611
int8pc,0.000000,0.670580,0.540561
int8pc,0.000000,0.670916,0.540457
int8pc,0.000000,0.671251,0.540395
int8pc,0.000000,0.671587,0.540273
int8pc,0.000000,0.671922,0.540168
int8pc,0.000000,0.672258,0.540168
int8pc,0.000000,0.672593,0.540095
int8pc,0.000000,0.672929,0.540025
int8pc,0.000000,0.673264,0.539992
int8pc,0.000000,0.673599,0.539944
int8pc,0.000000,0.673935,0.539661
int8pc,0.000000,0.674270,0.539648
int8pc,0.000000,0.674606,0.539599
int8pc,0.000000,0.674941,0.539532
int8pc,0.000000,0.675277,0.539454
int8pc,0.000000,0.675612,0.539406
int8pc,0.000000,0.675948,0.539395
int8pc,0.000000,0.676283,0.539367
int8pc,0.000000,0.676619,0.539310
int8pc,0.000000,0.676954,0.539285
int8pc,0.000000,0.677290,0.538936
int8pc,0.000000,0.677625,0.538899
int8pc,0.000000,0.677960,0.538856
int8pc,0.000000,0.678296,0.538720
int8pc,0.000000,0.678631,0.538603
int8pc,0.000000,0.678967,0.538550
int8pc,0.000000,0.679302,0.538548
int8pc,0.000000,0.679638,0.538514
int8pc,0.000000,0.679973,0.538435
int8pc,0.000000,0.680309,0.538421
int8pc,0.000000,0.680644,0.538256
int8pc,0.000000,0.680980,0.538194
int8pc,0.000000,0.681315,0.538050
int8pc,0.000000,0.681650,0.538031
int8pc,0.000000,0.681986,0.538001
int8pc,0.000000,0.682321,0.537720
int8pc,0.000000,0.682657,0.537600
int8pc,0.000000,0.682992,0.537432
int8pc,0.000000,0.683328,0.537345
int8pc,0.000000,0.683663,0.537313
int8pc,0.000000,0.683999,0.537196
int8pc,0.000000,0.684334,0.537061
int8pc,0.000000,0.684670,0.536759
int8pc,0.000000,0.685005,0.536673
int8pc,0.000000,0.685340,0.536577
int8pc,0.000000,0.685676,0.536572
int8pc,0.000000,0.686011,0.536402
int8pc,0.000000,0.686347,0.536331
int8pc,0.000000,0.686682,0.536308
int8pc,0.000000,0.687018,0.536011
int8pc,0.000000,0.687353,0.535948
int8pc,0.000000,0.687689,0.535826
int8pc,0.000000,0.688024,0.535653
int8pc,0.000000,0.688360,0.535638
int8pc,0.000000,0.688695,0.535558
int8pc,0.000000,0.689031,0.535542
int8pc,0.000000,0.689366,0.535428
int8pc,0.000000,0.689701,0.535329
int8pc,0.000000,0.690037,0.535325
int8pc,0.000000,0.690372,0.535285
int8pc,0.000000,0.690708,0.535214
int8pc,0.000000,0.691043,0.535146
int8pc,0.000000,0.691379,0.535077
int8pc,0.000000,0.691714,0.534833
int8pc,0.000000,0.692050,0.534725
int8pc,0.000000,0.692385,0.534433
int8pc,0.000000,0.692721,0.534147
int8pc,0.000000,0.693056,0.534013
int8pc,0.000000,0.693391,0.533995
int8pc,0.000000,0.693727,0.533876
int8pc,0.000000,0.694062,0.533857
int8pc,0.000000,0.694398,0.533671
int8pc,0.000000,0.694733,0.533648
int8pc,0.000000,0.695069,0.533324
int8pc,0.000000,0.695404,0.533275
int8pc,0.000000,0.695740,0.533254
int8pc,0.000000,0.696075,0.533239
int8pc,0.000000,0.696411,0.533162
int8pc,0.000000,0.696746,0.533108
int8pc,0.000000,0.697082,0.532724
int8pc,0.000000,0.697417,0.532706
int8pc,0.000000,0.697752,0.532621
int8pc,0.000000,0.698088,0.532414
int8pc,0.000000,0.698423,0.532237
int8pc,0.000000,0.698759,0.532107
int8pc,0.000000,0.699094,0.532020
int8pc,0.000000,0.699430,0.531547
int8pc,0.000000,0.699765,0.531497
int8pc,0.000000,0.700101,0.531367
int8pc,0.000000,0.700436,0.531122
int8pc,0.000000,0.700772,0.530997
int8pc,0.000000,0.701107,0.530878
int8pc,0.000000,0.701442,0.530832
int8pc,0.000000,0.701778,0.530825
int8pc,0.000000,0.702113,0.530788
int8pc,0.000000,0.702449,0.530723
int8pc,0.000000,0.702784,0.530705
int8pc,0.000000,0.703120,0.530629
int8pc,0.000000,0.703455,0.530279
int8pc,0.000000,0.703791,0.530146
int8pc,0.000000,0.704126,0.530001
int8pc,0.000000,0.704462,0.529879
int8pc,0.000000,0.704797,0.529871
int8pc,0.000000,0.705133,0.529798
int8pc,0.000000,0.705468,0.529653
int8pc,0.000000,0.705803,0.529454
int8pc,0.000000,0.706139,0.529086
int8pc,0.000000,0.706474,0.529065
int8pc,0.000000,0.706810,0.528995
int8pc,0.000000,0.707145,0.528862
int8pc,0.000000,0.707481,0.528850
int8pc,0.000000,0.707816,0.528755
int8pc,0.000000,0.708152,0.528719
int8pc,0.000000,0.708487,0.528635
int8pc,0.000000,0.708823,0.528477
int8pc,0.000000,0.709158,0.528320
int8pc,0.000000,0.709493,0.528269
int8pc,0.000000,0.709829,0.528252
int8pc,0.000000,0.710164,0.528186
int8pc,0.000000,0.710500,0.528157
int8pc,0.000000,0.710835,0.527984
int8pc,0.000000,0.711171,0.527837
int8pc,0.000000,0.711506,0.527808
int8pc,0.000000,0.711842,0.527653
int8pc,0.000000,0.712177,0.527556
int8pc,0.000000,0.712513,0.527537
int8pc,0.000000,0.712848,0.527454
int8pc,0.000000,0.713183,0.527444
int8pc,0.000000,0.713519,0.527329
int8pc,0.000000,0.713854,0.527309
int8pc,0.000000,0.714190,0.527251
int8pc,0.000000,0.714525,0.526993
int8pc,0.000000,0.714861,0.526905
int8pc,0.000000,0.715196,0.526895
int8pc,0.000000,0.715532,0.526578
int8pc,0.000000,0.715867,0.526534
int8pc,0.000000,0.716203,0.526465
int8pc,0.000000,0.716538,0.526293
int8pc,0.000000,0.716874,0.526022
int8pc,0.000000,0.717209,0.525760
int8pc,0.000000,0.717544,0.525661
int8pc,0.000000,0.717880,0.525651
int8pc,0.000000,0.718215,0.525608
int8pc,0.000000,0.718551,0.525513
int8pc,0.000000,0.718886,0.525402
int8pc,0.000000,0.719222,0.525318
int8pc,0.000000,0.719557,0.525267
int8pc,0.000000,0.719893,0.525153
int8pc,0.000000,0.720228,0.525094
int8pc,0.000000,0.720564,0.525088
int8pc,0.000000,0.720899,0.525075
int8pc,0.000000,0.721234,0.524930
int8pc,0.000000,0.721570,0.524850
int8pc,0.000000,0.721905,0.524841
int8pc,0.000000,0.722241,0.524814
int8pc,0.000000,0.722576,0.524696
int8pc,0.000000,0.722912,0.524615
int8pc,0.000000,0.723247,0.524572
int8pc,0.000000,0.723583,0.524438
int8pc,0.000000,0.723918,0.524424
int8pc,0.000000,0.724254,0.524325
int8pc,0.000000,0.724589,0.524322
int8pc,0.000000,0.724925,0.524293
int8pc,0.000000,0.725260,0.524137
int8pc,0.000000,0.725595,0.524125
int8pc,0.000000,0.725931,0.524028
int8pc,0.000000,0.726266,0.523993
int8pc,0.000000,0.726602,0.523988
int8pc,0.000000,0.726937,0.523697
int8pc,0.000000,0.727273,0.523534
int8pc,0.000000,0.727608,0.523524
int8pc,0.000000,0.727944,0.523410
int8pc,0.000000,0.728279,0.523344
int8pc,0.000000,0.728615,0.523292
int8pc,0.000000,0.728950,0.523261
int8pc,0.000000,0.729285,0.523249
int8pc,0.000000,0.729621,0.523236
int8pc,0.000000,0.729956,0.523052
int8pc,0.000000,0.730292,0.522713
int8pc,0.000000,0.730627,0.522641
int8pc,0.000000,0.730963,0.522142
int8pc,0.000000,0.731298,0.522126
int8pc,0.000000,0.731634,0.521918
int8pc,0.000000,0.731969,0.521809
int8pc,0.000000,0.732305,0.521498
int8pc,0.000000,0.732640,0.521308
int8pc,0.000000,0.732976,0.521113
int8pc,0.000000,0.733311,0.520791
int8pc,0.000000,0.733646,0.520772
int8pc,0.000000,0.733982,0.520753
int8pc,0.000000,0.734317,0.520650
int8pc,0.000000,0.734653,0.520517
int8pc,0.000000,0.734988,0.520512
int8pc,0.000000,0.735324,0.520489
int8pc,0.000000,0.735659,0.520370
int8pc,0.000000,0.735995,0.520294
int8pc,0.000000,0.736330,0.520271
int8pc,0.000000,0.736666,0.520219
int8pc,0.000000,0.737001,0.520189
int8pc,0.000000,0.737336,0.520093
int8pc,0.000000,0.737672,0.520021
int8pc,0.000000,0.738007,0.519749
int8pc,0.000000,0.738343,0.519676
int8pc,0.000000,0.738678,0.519521
int8pc,0.000000,0.739014,0.519364
int8pc,0.000000,0.739349,0.519235
int8pc,0.000000,0.739685,0.519163
int8pc,0.000000,0.740020,0.519159
int8pc,0.000000,0.740356,0.518957
int8pc,0.000000,0.740691,0.518946
int8pc,0.000000,0.741027,0.518914
int8pc,0.000000,0.741362,0.518913
int8pc,0.000000,0.741697,0.518616
int8pc,0.000000,0.742033,0.518574
int8pc,0.000000,0.742368,0.518531
int8pc,0.000000,0.742704,0.518517
int8pc,0.000000,0.743039,0.518489
int8pc,0.000000,0.743375,0.518322
int8pc,0.000000,0.743710,0.518233
int8pc,0.000000,0.744046,0.518132
int8pc,0.000000,0.744381,0.518120
int8pc,0.000000,0.744717,0.518000
int8pc,0.000000,0.745052,0.517971
int8pc,0.000000,0.745387,0.517963
int8pc,0.000000,0.745723,0.517885
int8pc,0.000000,0.746058,0.517799
int8pc,0.000000,0.746394,0.517603
int8pc,0.000000,0.746729,0.517589
int8pc,0.000000,0.747065,0.517560
int8pc,0.000000,0.747400,0.517547
int8pc,0.000000,0.747736,0.517439
int8pc,0.000000,0.748071,0.517420
int8pc,0.000000,0.748407,0.517319
int8pc,0.000000,0.748742,0.517185
int8pc,0.000000,0.749077,0.517153
int8pc,0.000000,0.749413,0.517117
int8pc,0.000000,0.749748,0.517083
int8pc,0.000000,0.750084,0.517050
int8pc,0.000000,0.750419,0.517039
int8pc,0.000000,0.750755,0.516898
int8pc,0.000000,0.751090,0.516856
int8pc,0.000000,0.751426,0.516623
int8pc,0.000000,0.751761,0.516186
int8pc,0.000000,0.752097,0.515871
int8pc,0.000000,0.752432,0.515808
int8pc,0.000000,0.752768,0.515555
int8pc,0.000000,0.753103,0.515151
int8pc,0.000000,0.753438,0.514992
int8pc,0.000000,0.753774,0.514939
int8pc,0.000000,0.754109,0.514872
int8pc,0.000000,0.754445,0.514475
int8pc,0.000000,0.754780,0.514454
int8pc,0.000000,0.755116,0.514418
int8pc,0.000000,0.755451,0.514183
int8pc,0.000000,0.755787,0.513972
int8pc,0.000000,0.756122,0.513903
int8pc,0.000000,0.756458,0.513762
int8pc,0.000000,0.756793,0.513740
int8pc,0.000000,0.757128,0.513530
int8pc,0.000000,0.757464,0.513501
int8pc,0.000000,0.757799,0.513370
int8pc,0.000000,0.758470,0.513308
int8pc,0.000000,0.758806,0.513304
int8pc,0.000000,0.759141,0.513205
int8pc,0.000000,0.759477,0.512910
int8pc,0.000000,0.759812,0.512828
int8pc,0.000000,0.760148,0.512681
int8pc,0.000000,0.760483,0.512224
int8pc,0.000000,0.760819,0.512119
int8pc,0.000000,0.761154,0.511798
int8pc,0.000000,0.761489,0.511765
int8pc,0.000000,0.761825,0.511727
int8pc,0.000000,0.762160,0.511457
int8pc,0.000000,0.762496,0.511451
int8pc,0.000000,0.762831,0.511241
int8pc,0.000000,0.763167,0.511060
int8pc,0.000000,0.763502,0.510999
int8pc,0.000000,0.763838,0.510888
int8pc,0.000000,0.764173,0.510827
int8pc,0.000000,0.764509,0.510699
int8pc,0.000000,0.764844,0.510677
int8pc,0.000000,0.765179,0.510658
int8pc,0.000000,0.765515,0.510624
int8pc,0.000000,0.765850,0.510567
int8pc,0.000000,0.766186,0.510494
int8pc,0.000000,0.766521,0.510424
int8pc,0.000000,0.766857,0.510344
int8pc,0.000000,0.767192,0.510263
int8pc,0.000000,0.767528,0.510195
int8pc,0.000000,0.767863,0.510027
int8pc,0.000000,0.768199,0.509796
int8pc,0.000000,0.768534,0.509717
int8pc,0.000000,0.768870,0.509666
int8pc,0.000000,0.769205,0.509643
int8pc,0.000000,0.769540,0.509508
int8pc,0.000000,0.769876,0.509359
int8pc,0.000000,0.770211,0.509253
int8pc,0.000000,0.770547,0.509128
int8pc,0.000000,0.770882,0.509040
int8pc,0.000000,0.771218,0.508868
int8pc,0.000000,0.771553,0.508636
int8pc,0.000000,0.771889,0.508634
int8pc,0.000000,0.772224,0.508582
int8pc,0.000000,0.772560,0.508574
int8pc,0.000000,0.772895,0.508529
int8pc,0.000000,0.773230,0.508378
int8pc,0.000000,0.773566,0.508159
int8pc,0.000000,0.773901,0.508136
int8pc,0.000000,0.774237,0.507866
int8pc,0.000000,0.774572,0.507735
int8pc,0.000000,0.774908,0.507696
int8pc,0.000000,0.775243,0.507686
int8pc,0.000000,0.775579,0.507615
int8pc,0.000000,0.775914,0.507579
int8pc,0.000000,0.776250,0.507511
int8pc,0.000000,0.776585,0.507506
int8pc,0.000000,0.776920,0.507195
int8pc,0.000000,0.777256,0.507014
int8pc,0.000000,0.777591,0.506971
int8pc,0.000000,0.777927,0.506789
int8pc,0.000000,0.778262,0.506649
int8pc,0.000000,0.778598,0.506615
int8pc,0.000000,0.778933,0.506438
int8pc,0.000000,0.779269,0.506334
int8pc,0.000000,0.779604,0.506149
int8pc,0.000000,0.779940,0.505836
int8pc,0.000000,0.780275,0.505504
int8pc,0.000000,0.780611,0.505464
int8pc,0.000000,0.780946,0.505411
int8pc,0.000000,0.781281,0.504934
int8pc,0.000000,0.781617,0.504892
int8pc,0.000000,0.781952,0.504888
int8pc,0.000000,0.782288,0.504786
int8pc,0.000000,0.782623,0.504713
int8pc,0.000000,0.782959,0.504411
int8pc,0.000000,0.783294,0.504304
int8pc,0.000000,0.783630,0.504270
int8pc,0.000000,0.783965,0.504020
int8pc,0.000000,0.784301,0.503932
int8pc,0.000000,0.784636,0.503682
int8pc,0.000000,0.784971,0.503542
int8pc,0.000000,0.785307,0.503534
int8pc,0.000000,0.785642,0.503396
int8pc,0.000000,0.785978,0.503253
int8pc,0.000000,0.786313,0.503019
int8pc,0.000000,0.786649,0.503009
int8pc,0.000000,0.786984,0.502965
int8pc,0.000000,0.787320,0.502917
int8pc,0.000000,0.787655,0.502830
int8pc,0.000000,0.787991,0.502816
int8pc,0.000000,0.788326,0.502800
int8pc,0.000000,0.788662,0.502646
int8pc,0.000000,0.788997,0.502631
int8pc,0.000000,0.789332,0.502336
int8pc,0.000000,0.789668,0.502180
int8pc,0.000000,0.790003,0.501916
int8pc,0.000000,0.790339,0.501696
int8pc,0.000000,0.790674,0.501426
int8pc,0.000000,0.791010,0.501145
int8pc,0.000000,0.791345,0.501132
int8pc,0.000000,0.791681,0.501104
int8pc,0.000000,0.792016,0.501093
int8pc,0.000000,0.792352,0.500987
int8pc,0.000000,0.792687,0.500808
int8pc,0.000000,0.793022,0.500691
int8pc,0.000000,0.793358,0.500323
int8pc,0.000000,0.793693,0.500205
int8pc,0.000000,0.794029,0.500048
int8pc,0.000000,0.794364,0.499961
int8pc,0.000000,0.794700,0.499786
int8pc,0.000000,0.795035,0.499741
int8pc,0.000000,0.795371,0.499721
int8pc,0.000000,0.795706,0.499677
int8pc,0.000000,0.796042,0.499533
int8pc,0.000000,0.796377,0.499286
int8pc,0.000000,0.796713,0.499275
int8pc,0.000000,0.797048,0.499130
int8pc,0.000000,0.797383,0.498917
int8pc,0.000000,0.797719,0.498825
int8pc,0.000000,0.798054,0.498730
int8pc,0.000000,0.798390,0.498727
int8pc,0.000000,0.798725,0.498361
int8pc,0.000000,0.799061,0.498320
int8pc,0.000000,0.799396,0.498280
int8pc,0.000000,0.799732,0.498160
int8pc,0.000000,0.800067,0.497793
int8pc,0.000000,0.800403,0.497606
int8pc,0.000000,0.800738,0.497471
int8pc,0.000000,0.801073,0.497462
int8pc,0.000000,0.801409,0.497405
int8pc,0.000000,0.801744,0.497330
int8pc,0.000000,0.802080,0.497314
int8pc,0.000000,0.802415,0.497263
int8pc,0.000000,0.802751,0.496916
int8pc,0.000000,0.803086,0.496710
int8pc,0.000000,0.803422,0.496523
int8pc,0.000000,0.803757,0.496498
int8pc,0.000000,0.804093,0.496228
int8pc,0.000000,0.804428,0.496017
int8pc,0.000000,0.804764,0.495709
int8pc,0.000000,0.805099,0.495641
int8pc,0.000000,0.805434,0.495488
int8pc,0.000000,0.805770,0.495436
int8pc,0.000000,0.806105,0.495126
int8pc,0.000000,0.806441,0.495060
int8pc,0.000000,0.806776,0.494936
int8pc,0.000000,0.807112,0.494926
int8pc,0.000000,0.807447,0.494848
int8pc,0.000000,0.807783,0.494803
int8pc,0.000000,0.808118,0.494710
int8pc,0.000000,0.808454,0.494678
int8pc,0.000000,0.808789,0.494625
int8pc,0.000000,0.809124,0.494455
int8pc,0.000000,0.809460,0.494176
int8pc,0.000000,0.809795,0.494056
int8pc,0.000000,0.810131,0.493823
int8pc,0.000000,0.810466,0.493619
int8pc,0.000000,0.810802,0.493573
int8pc,0.000000,0.811137,0.493495
int8pc,0.000000,0.811473,0.493350
int8pc,0.000000,0.811808,0.493341
int8pc,0.000000,0.812144,0.493301
int8pc,0.000000,0.812479,0.493246
int8pc,0.000000,0.812814,0.493218
int8pc,0.000000,0.813150,0.493097
int8pc,0.000000,0.813485,0.492730
int8pc,0.000000,0.813821,0.492541
int8pc,0.000000,0.814156,0.492230
int8pc,0.000000,0.814492,0.492006
int8pc,0.000000,0.814827,0.491923
int8pc,0.000000,0.815163,0.491489
int8pc,0.000000,0.815498,0.491413
int8pc,0.000000,0.815834,0.491137
int8pc,0.000000,0.816169,0.491053
int8pc,0.000000,0.816505,0.491001
int8pc,0.000000,0.816840,0.490990
int8pc,0.000000,0.817175,0.490818
int8pc,0.000000,0.817511,0.490785
int8pc,0.000000,0.817846,0.490633
int8pc,0.000000,0.818182,0.490571
int8pc,0.000000,0.818517,0.490486
int8pc,0.000000,0.818853,0.489943
int8pc,0.000000,0.819188,0.489895
int8pc,0.000000,0.819524,0.489816
int8pc,0.000000,0.819859,0.489647
int8pc,0.000000,0.820195,0.489289
int8pc,0.000000,0.820530,0.489286
int8pc,0.000000,0.820865,0.489019
int8pc,0.000000,0.821201,0.488898
int8pc,0.000000,0.821536,0.488613
int8pc,0.000000,0.821872,0.488552
int8pc,0.000000,0.822207,0.487863
int8pc,0.000000,0.822543,0.487524
int8pc,0.000000,0.822878,0.487364
int8pc,0.000000,0.823214,0.486855
int8pc,0.000000,0.823549,0.486854
int8pc,0.000000,0.823885,0.486741
int8pc,0.000000,0.824220,0.486733
int8pc,0.000000,0.824556,0.486427
int8pc,0.000000,0.824891,0.486281
int8pc,0.000000,0.825226,0.486238
int8pc,0.000000,0.825562,0.486139
int8pc,0.000000,0.825897,0.485782
int8pc,0.000000,0.826233,0.485698
int8pc,0.000000,0.826568,0.485526
int8pc,0.000000,0.826904,0.485413
int8pc,0.000000,0.827239,0.485411
int8pc,0.000000,0.827575,0.485406
int8pc,0.000000,0.827910,0.485085
int8pc,0.000000,0.828246,0.485049
int8pc,0.000000,0.828581,0.484703
int8pc,0.000000,0.828916,0.484688
int8pc,0.000000,0.829252,0.484680
int8pc,0.000000,0.829587,0.484567
int8pc,0.000000,0.829923,0.484248
int8pc,0.000000,0.830258,0.484208
int8pc,0.000000,0.830594,0.483725
int8pc,0.000000,0.830929,0.483537
int8pc,0.000000,0.831265,0.483489
int8pc,0.000000,0.831600,0.483355
int8pc,0.000000,0.831936,0.483110
int8pc,0.000000,0.832271,0.482853
int8pc,0.000000,0.832607,0.482454
int8pc,0.000000,0.832942,0.482454
int8pc,0.000000,0.833277,0.482377
int8pc,0.000000,0.833613,0.482291
int8pc,0.000000,0.833948,0.482210
int8pc,0.000000,0.834284,0.481935
int8pc,0.000000,0.834619,0.481802
int8pc,0.000000,0.834955,0.481663
int8pc,0.000000,0.835290,0.481632
int8pc,0.000000,0.835626,0.481597
int8pc,0.000000,0.835961,0.481493
int8pc,0.000000,0.836297,0.481481
int8pc,0.000000,0.836632,0.481393
int8pc,0.000000,0.836967,0.481303
int8pc,0.000000,0.837303,0.481244
int8pc,0.000000,0.837638,0.481145
int8pc,0.000000,0.837974,0.481131
int8pc,0.000000,0.838309,0.480839
int8pc,0.000000,0.838645,0.480173
int8pc,0.000000,0.838980,0.480032
int8pc,0.000000,0.839316,0.479936
int8pc,0.000000,0.839651,0.479932
int8pc,0.000000,0.839987,0.479858
int8pc,0.000000,0.840322,0.479690
int8pc,0.000000,0.840657,0.479663
int8pc,0.000000,0.840993,0.479509
int8pc,0.000000,0.841328,0.479418
int8pc,0.000000,0.841664,0.479336
int8pc,0.000000,0.841999,0.479084
int8pc,0.000000,0.842335,0.479082
int8pc,0.000000,0.842670,0.478580
int8pc,0.000000,0.843006,0.478567
int8pc,0.000000,0.843341,0.478333
int8pc,0.000000,0.843677,0.478174
int8pc,0.000000,0.844012,0.478041
int8pc,0.000000,0.844348,0.477835
int8pc,0.000000,0.844683,0.477585
int8pc,0.000000,0.845018,0.477416
int8pc,0.000000,0.845354,0.477011
int8pc,0.000000,0.845689,0.476821
int8pc,0.000000,0.846025,0.476231
int8pc,0.000000,0.846360,0.476201
int8pc,0.000000,0.846696,0.475984
int8pc,0.000000,0.847031,0.475266
int8pc,0.000000,0.847367,0.475119
int8pc,0.000000,0.847702,0.474604
int8pc,0.000000,0.848038,0.474218
int8pc,0.000000,0.848373,0.473914
int8pc,0.000000,0.848708,0.473553
int8pc,0.000000,0.849044,0.473435
int8pc,0.000000,0.849379,0.473369
int8pc,0.000000,0.849715,0.473205
int8pc,0.000000,0.850050,0.473116
int8pc,0.000000,0.850386,0.473030
int8pc,0.000000,0.850721,0.472788
int8pc,0.000000,0.851057,0.472696
int8pc,0.000000,0.851392,0.472408
int8pc,0.000000,0.851728,0.472163
int8pc,0.000000,0.852063,0.471554
int8pc,0.000000,0.852399,0.471382
int8pc,0.000000,0.852734,0.471315
int8pc,0.000000,0.853069,0.470579
int8pc,0.000000,0.853405,0.470559
int8pc,0.000000,0.853740,0.469492
int8pc,0.000000,0.854076,0.469189
int8pc,0.000000,0.854411,0.468946
int8pc,0.000000,0.854747,0.468465
int8pc,0.000000,0.855082,0.468199
int8pc,0.000000,0.855418,0.468194
int8pc,0.000000,0.855753,0.468191
int8pc,0.000000,0.856089,0.467950
int8pc,0.000000,0.856424,0.467643
int8pc,0.000000,0.856759,0.467544
int8pc,0.000000,0.857095,0.467177
int8pc,0.000000,0.857430,0.467166
int8pc,0.000000,0.857766,0.467132
int8pc,0.000000,0.858101,0.466996
int8pc,0.000000,0.858437,0.466790
int8pc,0.000000,0.858772,0.466527
int8pc,0.000000,0.859108,0.466523
int8pc,0.000000,0.859443,0.466464
int8pc,0.000000,0.859779,0.466253
int8pc,0.000000,0.860114,0.466239
int8pc,0.000000,0.860450,0.465891
int8pc,0.000000,0.860785,0.465528
int8pc,0.000000,0.861120,0.464910
int8pc,0.000000,0.861456,0.464432
int8pc,0.000000,0.861791,0.464035
int8pc,0.000000,0.862127,0.463925
int8pc,0.000000,0.862462,0.463734
int8pc,0.000000,0.862798,0.463356
int8pc,0.000000,0.863133,0.462956
int8pc,0.000000,0.863469,0.462782
int8pc,0.000000,0.863804,0.462744
int8pc,0.000000,0.864140,0.462613
int8pc,0.000000,0.864475,0.462504
int8pc,0.000000,0.864810,0.462407
int8pc,0.000000,0.865146,0.462309
int8pc,0.000000,0.865481,0.462193
int8pc,0.000000,0.865817,0.462146
int8pc,0.000000,0.866152,0.462015
int8pc,0.000000,0.866488,0.461854
int8pc,0.000000,0.866823,0.461394
int8pc,0.000000,0.867159,0.461291
int8pc,0.000000,0.867494,0.460418
int8pc,0.000000,0.867830,0.460199
int8pc,0.000000,0.868165,0.459999
int8pc,0.000000,0.868501,0.459413
int8pc,0.000000,0.868836,0.459207
int8pc,0.000000,0.869171,0.459111
int8pc,0.000000,0.869507,0.459094
int8pc,0.000000,0.869842,0.459091
int8pc,0.000000,0.870178,0.459072
int8pc,0.000000,0.870513,0.458630
int8pc,0.000000,0.870849,0.458369
int8pc,0.000000,0.871184,0.458116
int8pc,0.000000,0.871520,0.457949
int8pc,0.000000,0.871855,0.457509
int8pc,0.000000,0.872191,0.457185
int8pc,0.000000,0.872526,0.457085
int8pc,0.000000,0.872861,0.456928
int8pc,0.000000,0.873197,0.456900
int8pc,0.000000,0.873532,0.456676
int8pc,0.000000,0.873868,0.455864
int8pc,0.000000,0.874203,0.455667
int8pc,0.000000,0.874539,0.455607
int8pc,0.000000,0.874874,0.455337
int8pc,0.000000,0.875210,0.455322
int8pc,0.000000,0.875545,0.455074
int8pc,0.000000,0.875881,0.454997
int8pc,0.000000,0.876216,0.454670
int8pc,0.000000,0.876551,0.454469
int8pc,0.000000,0.876887,0.454440
int8pc,0.000000,0.877222,0.454169
int8pc,0.000000,0.877558,0.454168
int8pc,0.000000,0.877893,0.454139
int8pc,0.000000,0.878229,0.453506
int8pc,0.000000,0.878564,0.453105
int8pc,0.000000,0.878900,0.452592
int8pc,0.000000,0.879235,0.452525
int8pc,0.000000,0.879571,0.452455
int8pc,0.000000,0.879906,0.451816
int8pc,0.000000,0.880242,0.451674
int8pc,0.000000,0.880577,0.451553
int8pc,0.000000,0.880912,0.451481
int8pc,0.000000,0.881248,0.451055
int8pc,0.000000,0.881583,0.450953
int8pc,0.000000,0.881919,0.450876
int8pc,0.000000,0.882254,0.450559
int8pc,0.000000,0.882590,0.450077
int8pc,0.000000,0.882925,0.449965
int8pc,0.000000,0.883261,0.449633
int8pc,0.000000,0.883596,0.449632
int8pc,0.000000,0.883932,0.449444
int8pc,0.000000,0.884267,0.448621
int8pc,0.000000,0.884602,0.447904
int8pc,0.000000,0.884938,0.447802
int8pc,0.000000,0.885273,0.447759
int8pc,0.000000,0.885609,0.447519
int8pc,0.000000,0.885944,0.445760
int8pc,0.000000,0.886280,0.445609
int8pc,0.000000,0.886615,0.445302
int8pc,0.000000,0.886951,0.444898
int8pc,0.000000,0.887286,0.444512
int8pc,0.000000,0.887622,0.444490
int8pc,0.000000,0.887957,0.444179
int8pc,0.000000,0.888293,0.444128
int8pc,0.000000,0.888628,0.443868
int8pc,0.000000,0.888963,0.443498
int8pc,0.000000,0.889299,0.443485
int8pc,0.000000,0.889634,0.443112
int8pc,0.000000,0.889970,0.442670
int8pc,0.000000,0.890305,0.442521
int8pc,0.000000,0.890641,0.442121
int8pc,0.000000,0.890976,0.442052
int8pc,0.000000,0.891312,0.441806
int8pc,0.000000,0.891647,0.441716
int8pc,0.000000,0.891983,0.441584
int8pc,0.000000,0.892318,0.441482
int8pc,0.000000,0.892653,0.441370
int8pc,0.000000,0.892989,0.440551
int8pc,0.000000,0.893324,0.440243
int8pc,0.000000,0.893660,0.440101
int8pc,0.000000,0.893995,0.440057
int8pc,0.000000,0.894331,0.439991
int8pc,0.000000,0.894666,0.439913
int8pc,0.000000,0.895002,0.439673
int8pc,0.000000,0.895337,0.439561
int8pc,0.000000,0.895673,0.439250
int8pc,0.000000,0.896008,0.439004
int8pc,0.000000,0.896344,0.438699
int8pc,0.000000,0.896679,0.438014
int8pc,0.000000,0.897014,0.437862
int8pc,0.000000,0.897350,0.437802
int8pc,0.000000,0.897685,0.437624
int8pc,0.000000,0.898021,0.437538
int8pc,0.000000,0.898356,0.437288
int8pc,0.000000,0.898692,0.437155
int8pc,0.000000,0.899027,0.437064
int8pc,0.000000,0.899363,0.436856
int8pc,0.000000,0.899698,0.436627
int8pc,0.000000,0.900034,0.436495
int8pc,0.000000,0.900369,0.436473
int8pc,0.000000,0.900704,0.436468
int8pc,0.000000,0.901040,0.436457
int8pc,0.000000,0.901375,0.436405
int8pc,0.000000,0.901711,0.436191
int8pc,0.000000,0.902046,0.436129
int8pc,0.000000,0.902382,0.436117
int8pc,0.000000,0.902717,0.435836
int8pc,0.000000,0.903053,0.435713
int8pc,0.000000,0.903388,0.435703
int8pc,0.000000,0.903724,0.435662
int8pc,0.000000,0.904059,0.435653
int8pc,0.000000,0.904394,0.435356
int8pc,0.000000,0.904730,0.434945
int8pc,0.000000,0.905065,0.434746
int8pc,0.000000,0.905401,0.434436
int8pc,0.000000,0.905736,0.434279
int8pc,0.000000,0.906072,0.434101
int8pc,0.000000,0.906407,0.433461
int8pc,0.000000,0.906743,0.433141
int8pc,0.000000,0.907078,0.433030
int8pc,0.000000,0.907414,0.432373
int8pc,0.000000,0.907749,0.431955
int8pc,0.000000,0.908085,0.431511
int8pc,0.000000,0.908420,0.431487
int8pc,0.000000,0.908755,0.431177
int8pc,0.000000,0.909091,0.431159
int8pc,0.000000,0.909426,0.430501
int8pc,0.000000,0.909762,0.430087
int8pc,0.000000,0.910097,0.429710
int8pc,0.000000,0.910433,0.429023
int8pc,0.000000,0.910768,0.428508
int8pc,0.000000,0.911104,0.428133
int8pc,0.000000,0.911439,0.428050
int8pc,0.000000,0.911775,0.427551
int8pc,0.000000,0.912110,0.426430
int8pc,0.000000,0.912445,0.426389
int8pc,0.000000,0.912781,0.425919
int8pc,0.000000,0.913116,0.425758
int8pc,0.000000,0.913452,0.425708
int8pc,0.000000,0.913787,0.425238
int8pc,0.000000,0.914123,0.425112
int8pc,0.000000,0.914458,0.424583
int8pc,0.000000,0.914794,0.424573
int8pc,0.000000,0.915129,0.424319
int8pc,0.000000,0.915465,0.424077
int8pc,0.000000,0.915800,0.423814
int8pc,0.000000,0.916136,0.423438
int8pc,0.000000,0.916471,0.423374
int8pc,0.000000,0.916806,0.423373
int8pc,0.000000,0.917142,0.423309
int8pc,0.000000,0.917477,0.423208
int8pc,0.000000,0.917813,0.423015
int8pc,0.000000,0.918148,0.422795
int8pc,0.000000,0.918484,0.422641
int8pc,0.000000,0.918819,0.422377
int8pc,0.000000,0.919155,0.422292
int8pc,0.000000,0.919490,0.421665
int8pc,0.000000,0.919826,0.421088
int8pc,0.000000,0.920161,0.419581
int8pc,0.000000,0.920496,0.419280
int8pc,0.000000,0.920832,0.419166
int8pc,0.000000,0.921167,0.419158
int8pc,0.000000,0.921503,0.418947
int8pc,0.000000,0.921838,0.418662
int8pc,0.000000,0.922174,0.418313
int8pc,0.000000,0.922509,0.418226
int8pc,0.000000,0.922845,0.417369
int8pc,0.000000,0.923180,0.417255
int8pc,0.000000,0.923516,0.416943
int8pc,0.000000,0.923851,0.416393
int8pc,0.000000,0.924187,0.415794
int8pc,0.000000,0.924522,0.415400
int8pc,0.000000,0.924857,0.413551
int8pc,0.000000,0.925193,0.413031
int8pc,0.000000,0.925528,0.412915
int8pc,0.000000,0.925864,0.411990
int8pc,0.000000,0.926199,0.411802
int8pc,0.000000,0.926535,0.411685
int8pc,0.000000,0.926870,0.411509
int8pc,0.000000,0.927206,0.411331
int8pc,0.000000,0.927541,0.411297
int8pc,0.000000,0.927877,0.410819
int8pc,0.000000,0.928212,0.410681
int8pc,0.000000,0.928547,0.409479
int8pc,0.000000,0.928883,0.409426
int8pc,0.000000,0.929218,0.409290
int8pc,0.000000,0.929554,0.408743
int8pc,0.000000,0.929889,0.408491
int8pc,0.000000,0.930225,0.408295
int8pc,0.000000,0.930560,0.407599
int8pc,0.000000,0.930896,0.406340
int8pc,0.000000,0.931231,0.405752
int8pc,0.000000,0.931567,0.405471
int8pc,0.000000,0.931902,0.405107
int8pc,0.000000,0.932238,0.405077
int8pc,0.000000,0.932573,0.404762
int8pc,0.000000,0.932908,0.404502
int8pc,0.000000,0.933244,0.404137
int8pc,0.000000,0.933579,0.403039
int8pc,0.000000,0.933915,0.402815
int8pc,0.000000,0.934250,0.402300
int8pc,0.000000,0.934586,0.402261
int8pc,0.000000,0.934921,0.402094
int8pc,0.000000,0.935257,0.401804
int8pc,0.000000,0.935592,0.401765
int8pc,0.000000,0.935928,0.401517
int8pc,0.000000,0.936263,0.401059
int8pc,0.000000,0.936598,0.400888
int8pc,0.000000,0.936934,0.400386
int8pc,0.000000,0.937269,0.400157
int8pc,0.000000,0.937605,0.400091
int8pc,0.000000,0.937940,0.398970
int8pc,0.000000,0.938276,0.398927
int8pc,0.000000,0.938611,0.398462
int8pc,0.000000,0.938947,0.398090
int8pc,0.000000,0.939282,0.398049
int8pc,0.000000,0.939618,0.397274
int8pc,0.000000,0.939953,0.396896
int8pc,0.000000,0.940288,0.395609
int8pc,0.000000,0.940624,0.394988
int8pc,0.000000,0.940959,0.394795
int8pc,0.000000,0.941295,0.394465
int8pc,0.000000,0.941630,0.394309
int8pc,0.000000,0.941966,0.393765
int8pc,0.000000,0.942301,0.393212
int8pc,0.000000,0.942637,0.392969
int8pc,0.000000,0.942972,0.392593
int8pc,0.000000,0.943308,0.392500
int8pc,0.000000,0.943643,0.392459
int8pc,0.000000,0.943979,0.392008
int8pc,0.000000,0.944314,0.391949
int8pc,0.000000,0.944649,0.391859
int8pc,0.000000,0.944985,0.391112
int8pc,0.000000,0.945320,0.390951
int8pc,0.000000,0.945656,0.390136
int8pc,0.000000,0.945991,0.390076
int8pc,0.000000,0.946327,0.389424
int8pc,0.000000,0.946662,0.388742
int8pc,0.000000,0.946998,0.388033
int8pc,0.000000,0.947333,0.387974
int8pc,0.000000,0.947669,0.387595
int8pc,0.000000,0.948004,0.387001
int8pc,0.000000,0.948339,0.386983
int8pc,0.000000,0.948675,0.386483
int8pc,0.000000,0.949010,0.386165
int8pc,0.000000,0.949346,0.385458
int8pc,0.000000,0.949681,0.384792
int8pc,0.000000,0.950017,0.384723
int8pc,0.000000,0.950352,0.383845
int8pc,0.000000,0.950688,0.382694
int8pc,0.000000,0.951023,0.381552
int8pc,0.000000,0.951359,0.381399
int8pc,0.000000,0.951694,0.380765
int8pc,0.000000,0.952030,0.380202
int8pc,0.000000,0.952365,0.380154
int8pc,0.000000,0.952700,0.379904
int8pc,0.000000,0.953036,0.379700
int8pc,0.000000,0.953371,0.378981
int8pc,0.000000,0.953707,0.378775
int8pc,0.000000,0.954042,0.375527
int8pc,0.000000,0.954378,0.375349
int8pc,0.000000,0.954713,0.374659
int8pc,0.000000,0.955049,0.374544
int8pc,0.000000,0.955384,0.374299
int8pc,0.000000,0.955720,0.373605
int8pc,0.000000,0.956055,0.373429
int8pc,0.000000,0.956390,0.373068
int8pc,0.000000,0.956726,0.372473
int8pc,0.000000,0.957061,0.371927
int8pc,0.000000,0.957397,0.371018
int8pc,0.000000,0.957732,0.370803
int8pc,0.000000,0.958068,0.369401
int8pc,0.000000,0.958403,0.369065
int8pc,0.000000,0.958739,0.369026
int8pc,0.000000,0.959074,0.368771
int8pc,0.000000,0.959410,0.368067
int8pc,0.000000,0.959745,0.367952
int8pc,0.000000,0.960081,0.367582
int8pc,0.000000,0.960416,0.366783
int8pc,0.000000,0.960751,0.366181
int8pc,0.000000,0.961087,0.366108
int8pc,0.000000,0.961422,0.366015
int8pc,0.000000,0.961758,0.364887
int8pc,0.000000,0.962093,0.363749
int8pc,0.000000,0.962429,0.363381
int8pc,0.000000,0.962764,0.363326
int8pc,0.000000,0.963100,0.362515
int8pc,0.000000,0.963435,0.362118
int8pc,0.000000,0.963771,0.361986
int8pc,0.000000,0.964106,0.361422
int8pc,0.000000,0.964441,0.361246
int8pc,0.000000,0.964777,0.360947
int8pc,0.000000,0.965112,0.360547
int8pc,0.000000,0.965448,0.360080
int8pc,0.000000,0.965783,0.359532
int8pc,0.000000,0.966119,0.359396
int8pc,0.000000,0.966454,0.359324
int8pc,0.000000,0.966790,0.359274
int8pc,0.000000,0.967125,0.356878
int8pc,0.000000,0.967461,0.355574
int8pc,0.000000,0.967796,0.354082
int8pc,0.000000,0.968131,0.353278
int8pc,0.000000,0.968467,0.352132
int8pc,0.000000,0.968802,0.351739
int8pc,0.000000,0.969138,0.351638
int8pc,0.000000,0.969473,0.351366
int8pc,0.000000,0.969809,0.350883
int8pc,0.000000,0.970144,0.350767
int8pc,0.000000,0.970480,0.350099
int8pc,0.000000,0.970815,0.348252
int8pc,0.000000,0.971151,0.348099
int8pc,0.000000,0.971486,0.347247
int8pc,0.000000,0.971822,0.345651
int8pc,0.000000,0.972157,0.344928
int8pc,0.000000,0.972492,0.344775
int8pc,0.000000,0.972828,0.344077
int8pc,0.000000,0.973163,0.343535
int8pc,0.000000,0.973499,0.343028
int8pc,0.000000,0.973834,0.342876
int8pc,0.000000,0.974170,0.341983
int8pc,0.000000,0.974505,0.341607
int8pc,0.000000,0.974841,0.341456
int8pc,0.000000,0.975176,0.340503
int8pc,0.000000,0.975512,0.340159
int8pc,0.000000,0.975847,0.339815
int8pc,0.000000,0.976182,0.338758
int8pc,0.000000,0.976518,0.338349
int8pc,0.000000,0.976853,0.335426
int8pc,0.000000,0.977189,0.334643
int8pc,0.000000,0.977524,0.334559
int8pc,0.000000,0.977860,0.334480
int8pc,0.000000,0.978195,0.334112
int8pc,0.000000,0.978531,0.334097
int8pc,0.000000,0.978866,0.332888
int8pc,0.000000,0.979202,0.332817
int8pc,0.000000,0.979537,0.331743
int8pc,0.000000,0.979873,0.331519
int8pc,0.000000,0.980208,0.330898
int8pc,0.000000,0.980543,0.328612
int8pc,0.000000,0.980879,0.328323
int8pc,0.000000,0.981214,0.326819
int8pc,0.000000,0.981550,0.326765
int8pc,0.000000,0.981885,0.325802
int8pc,0.000000,0.982221,0.321764
int8pc,0.000000,0.982556,0.320608
int8pc,0.000000,0.982892,0.320598
int8pc,0.000000,0.983227,0.318144
int8pc,0.000000,0.983563,0.317571
int8pc,0.000000,0.983898,0.316540
int8pc,0.000000,0.984233,0.314800
int8pc,0.000000,0.984569,0.314711
int8pc,0.000000,0.984904,0.312263
int8pc,0.000000,0.985240,0.312167
int8pc,0.000000,0.985575,0.311525
int8pc,0.000000,0.985911,0.306813
int8pc,0.000000,0.986246,0.303179
int8pc,0.000000,0.986582,0.302476
int8pc,0.000000,0.986917,0.294393
int8pc,0.000000,0.987253,0.293937
int8pc,0.000000,0.987588,0.293647
int8pc,0.000335,0.987588,0.292215
int8pc,0.000335,0.987924,0.287528
int8pc,0.000335,0.988259,0.284786
int8pc,0.000335,0.988594,0.280357
int8pc,0.000335,0.988930,0.276773
int8pc,0.000670,0.988930,0.276387
int8pc,0.000670,0.989265,0.274189
int8pc,0.000670,0.989601,0.270983
int8pc,0.000670,0.989936,0.270850
int8pc,0.000670,0.990272,0.262644
int8pc,0.000670,0.990607,0.258021
int8pc,0.000670,0.990943,0.254491
int8pc,0.000670,0.991278,0.254355
int8pc,0.001005,0.991278,0.253370
int8pc,0.001005,0.991614,0.252758
int8pc,0.001005,0.991949,0.250298
int8pc,0.001005,0.992284,0.246488
int8pc,0.001005,0.992620,0.237221
int8pc,0.001005,0.992955,0.236250
int8pc,0.001005,0.993291,0.235810
int8pc,0.001340,0.993291,0.235264
int8pc,0.001340,0.993626,0.235251
int8pc,0.001340,0.993962,0.233858
int8pc,0.001340,0.994297,0.228372
int8pc,0.001340,0.994633,0.226901
int8pc,0.001340,0.994968,0.222181
int8pc,0.001340,0.995304,0.220700
int8pc,0.001676,0.995304,0.218929
int8pc,0.002011,0.995304,0.214354
int8pc,0.002346,0.995304,0.212903
int8pc,0.002681,0.995304,0.211047
int8pc,0.003016,0.995304,0.210985
int8pc,0.003016,0.995639,0.210192
int8pc,0.003351,0.995639,0.209401
int8pc,0.003351,0.995975,0.207687
int8pc,0.003686,0.995975,0.204115
int8pc,0.004021,0.995975,0.200591
int8pc,0.004357,0.995975,0.200361
int8pc,0.004692,0.995975,0.200086
int8pc,0.005027,0.995975,0.197947
int8pc,0.005362,0.995975,0.197700
int8pc,0.005697,0.995975,0.195431
int8pc,0.006032,0.995975,0.195232
int8pc,0.006032,0.996310,0.193634
int8pc,0.006367,0.996310,0.193350
int8pc,0.006702,0.996310,0.189427
int8pc,0.007038,0.996310,0.184419
int8pc,0.007373,0.996310,0.181919
int8pc,0.007708,0.996310,0.180703
int8pc,0.008043,0.996310,0.179905
int8pc,0.008378,0.996310,0.178892
int8pc,0.008713,0.996310,0.178023
int8pc,0.009048,0.996310,0.177173
int8pc,0.009383,0.996310,0.175772
int8pc,0.009718,0.996310,0.175476
int8pc,0.010054,0.996310,0.174383
int8pc,0.010389,0.996310,0.173688
int8pc,0.010724,0.996310,0.173261
int8pc,0.011059,0.996310,0.171923
int8pc,0.011394,0.996310,0.171640
int8pc,0.011729,0.996310,0.170655
int8pc,0.012064,0.996310,0.170543
int8pc,0.012399,0.996310,0.168465
int8pc,0.012735,0.996310,0.165627
int8pc,0.013070,0.996310,0.164793
int8pc,0.013405,0.996310,0.164074
int8pc,0.013740,0.996310,0.163127
int8pc,0.014075,0.996310,0.163038
int8pc,0.014075,0.996645,0.162933
int8pc,0.014410,0.996645,0.162780
int8pc,0.014745,0.996645,0.161553
int8pc,0.015080,0.996645,0.159846
int8pc,0.015416,0.996645,0.159175
int8pc,0.015751,0.996645,0.158940
int8pc,0.016086,0.996645,0.158757
int8pc,0.016421,0.996645,0.156926
int8pc,0.016756,0.996645,0.156745
int8pc,0.017091,0.996645,0.155499
int8pc,0.017426,0.996645,0.150763
int8pc,0.017761,0.996645,0.150365
int8pc,0.018097,0.996645,0.149354
int8pc,0.018432,0.996645,0.148059
int8pc,0.018767,0.996645,0.147626
int8pc,0.019102,0.996645,0.147143
int8pc,0.019437,0.996645,0.146538
int8pc,0.019772,0.996645,0.146392
int8pc,0.020107,0.996645,0.145756
int8pc,0.020442,0.996645,0.145612
int8pc,0.020777,0.996645,0.144894
int8pc,0.021113,0.996645,0.144784
int8pc,0.021448,0.996645,0.144621
int8pc,0.021783,0.996645,0.144298
int8pc,0.022118,0.996645,0.144023
int8pc,0.022453,0.996645,0.143623
int8pc,0.022788,0.996645,0.143181
int8pc,0.023123,0.996645,0.142720
int8pc,0.023123,0.996981,0.142452
int8pc,0.023458,0.996981,0.141605
int8pc,0.023794,0.996981,0.141137
int8pc,0.024129,0.996981,0.140940
int8pc,0.024464,0.996981,0.140867
int8pc,0.024799,0.996981,0.139608
int8pc,0.025134,0.996981,0.139391
int8pc,0.025469,0.996981,0.138909
int8pc,0.025804,0.996981,0.137340
int8pc,0.026139,0.996981,0.137199
int8pc,0.026475,0.996981,0.136519
int8pc,0.026810,0.996981,0.136165
int8pc,0.027145,0.996981,0.135894
int8pc,0.027480,0.996981,0.135758
int8pc,0.027815,0.996981,0.134778
int8pc,0.028150,0.996981,0.134197
int8pc,0.028485,0.996981,0.134057
int8pc,0.028820,0.996981,0.133783
int8pc,0.029155,0.996981,0.133653
int8pc,0.029491,0.996981,0.133646
int8pc,0.029826,0.996981,0.133420
int8pc,0.030161,0.996981,0.132528
int8pc,0.030161,0.997316,0.132032
int8pc,0.030496,0.997316,0.131079
int8pc,0.030831,0.997316,0.131039
int8pc,0.031166,0.997316,0.130876
int8pc,0.031501,0.997316,0.130570
int8pc,0.031836,0.997316,0.130249
int8pc,0.032172,0.997316,0.129743
int8pc,0.032507,0.997316,0.129484
int8pc,0.032842,0.997316,0.129182
int8pc,0.033177,0.997316,0.128319
int8pc,0.033512,0.997316,0.128247
int8pc,0.033847,0.997316,0.127992
int8pc,0.034182,0.997316,0.127988
int8pc,0.034517,0.997316,0.127908
int8pc,0.034853,0.997316,0.127808
int8pc,0.035188,0.997316,0.125859
int8pc,0.035523,0.997316,0.125769
int8pc,0.035858,0.997316,0.125477
int8pc,0.036193,0.997316,0.125249
int8pc,0.036528,0.997316,0.124809
int8pc,0.036863,0.997316,0.124419
int8pc,0.037198,0.997316,0.124095
int8pc,0.037534,0.997316,0.123666
int8pc,0.037869,0.997316,0.123565
int8pc,0.038204,0.997316,0.123523
int8pc,0.038539,0.997316,0.123386
int8pc,0.038874,0.997316,0.123219
int8pc,0.039209,0.997316,0.122849
int8pc,0.039544,0.997316,0.122688
int8pc,0.039879,0.997316,0.122118
int8pc,0.040214,0.997316,0.122102
int8pc,0.040550,0.997316,0.121786
int8pc,0.040885,0.997316,0.121538
int8pc,0.041220,0.997316,0.121203
int8pc,0.041555,0.997316,0.121146
int8pc,0.041890,0.997316,0.120918
int8pc,0.041890,0.997652,0.120313
int8pc,0.042225,0.997652,0.119884
int8pc,0.042560,0.997652,0.119581
int8pc,0.042895,0.997652,0.118895
int8pc,0.043231,0.997652,0.118198
int8pc,0.043566,0.997652,0.117836
int8pc,0.043901,0.997652,0.117758
int8pc,0.044236,0.997652,0.117654
int8pc,0.044571,0.997652,0.117537
int8pc,0.044906,0.997652,0.117354
int8pc,0.045241,0.997652,0.117209
int8pc,0.045576,0.997652,0.116820
int8pc,0.045912,0.997652,0.116744
int8pc,0.046247,0.997652,0.116520
int8pc,0.046582,0.997652,0.116435
int8pc,0.046917,0.997652,0.116238
int8pc,0.047252,0.997652,0.115842
int8pc,0.047587,0.997652,0.115801
int8pc,0.047922,0.997652,0.115759
int8pc,0.048257,0.997652,0.115732
int8pc,0.048592,0.997652,0.115336
int8pc,0.048928,0.997652,0.114881
int8pc,0.049263,0.997652,0.114845
int8pc,0.049598,0.997652,0.114720
int8pc,0.049933,0.997652,0.114462
int8pc,0.050268,0.997652,0.114393
int8pc,0.050603,0.997652,0.114356
int8pc,0.050938,0.997652,0.114330
int8pc,0.051273,0.997652,0.114252
int8pc,0.051609,0.997652,0.114216
int8pc,0.051944,0.997652,0.113981
int8pc,0.052279,0.997652,0.113908
int8pc,0.052614,0.997652,0.113866
int8pc,0.052949,0.997652,0.113793
int8pc,0.053284,0.997652,0.113722
int8pc,0.053619,0.997652,0.113552
int8pc,0.053954,0.997652,0.113438
int8pc,0.054290,0.997652,0.113430
int8pc,0.054625,0.997652,0.113399
int8pc,0.054960,0.997652,0.113338
int8pc,0.055295,0.997652,0.113200
int8pc,0.055630,0.997652,0.113009
int8pc,0.055965,0.997652,0.112833
int8pc,0.056300,0.997652,0.111825
int8pc,0.056635,0.997652,0.111812
int8pc,0.056971,0.997652,0.111790
int8pc,0.057306,0.997652,0.111663
int8pc,0.057641,0.997652,0.111405
int8pc,0.057976,0.997652,0.111349
int8pc,0.058311,0.997652,0.110759
int8pc,0.058646,0.997652,0.110575
int8pc,0.058981,0.997652,0.110527
int8pc,0.059316,0.997652,0.109943
int8pc,0.059651,0.997652,0.109853
int8pc,0.059987,0.997652,0.108929
int8pc,0.060322,0.997652,0.108791
int8pc,0.060657,0.997652,0.108429
int8pc,0.060992,0.997652,0.108168
int8pc,0.061327,0.997652,0.108047
int8pc,0.061662,0.997652,0.107999
int8pc,0.061997,0.997652,0.107895
int8pc,0.062332,0.997652,0.107713
int8pc,0.062668,0.997652,0.107648
int8pc,0.063003,0.997652,0.107561
int8pc,0.063338,0.997652,0.107473
int8pc,0.063673,0.997652,0.107399
int8pc,0.064008,0.997652,0.107317
int8pc,0.064343,0.997652,0.107002
int8pc,0.064678,0.997652,0.106909
int8pc,0.065013,0.997652,0.106642
int8pc,0.065349,0.997652,0.106571
int8pc,0.065684,0.997652,0.106556
int8pc,0.066019,0.997652,0.106135
int8pc,0.066354,0.997652,0.105925
int8pc,0.066689,0.997652,0.105555
int8pc,0.067024,0.997652,0.105301
int8pc,0.067359,0.997652,0.105291
int8pc,0.067694,0.997652,0.105284
int8pc,0.068029,0.997652,0.105219
int8pc,0.068365,0.997652,0.105206
int8pc,0.068700,0.997652,0.104557
int8pc,0.069035,0.997652,0.104262
int8pc,0.069370,0.997652,0.104183
int8pc,0.069705,0.997652,0.104181
int8pc,0.070040,0.997652,0.104171
int8pc,0.070375,0.997652,0.103870
int8pc,0.070710,0.997652,0.103429
int8pc,0.071046,0.997652,0.103370
int8pc,0.071381,0.997652,0.103066
int8pc,0.071716,0.997652,0.102831
int8pc,0.072051,0.997652,0.102590
int8pc,0.072386,0.997652,0.102571
int8pc,0.072721,0.997652,0.102471
int8pc,0.073056,0.997652,0.102342
int8pc,0.073391,0.997652,0.102171
int8pc,0.073727,0.997652,0.102045
int8pc,0.074062,0.997652,0.101505
int8pc,0.074397,0.997652,0.101500
int8pc,0.074732,0.997652,0.101304
int8pc,0.075067,0.997652,0.101256
int8pc,0.075402,0.997652,0.101138
int8pc,0.075737,0.997652,0.100883
int8pc,0.076072,0.997652,0.100858
int8pc,0.076408,0.997652,0.100778
int8pc,0.076743,0.997652,0.100452
int8pc,0.077078,0.997652,0.100314
int8pc,0.077413,0.997652,0.100216
int8pc,0.077748,0.997652,0.100074
int8pc,0.078083,0.997652,0.100073
int8pc,0.078418,0.997652,0.100029
int8pc,0.078753,0.997652,0.099770
int8pc,0.079088,0.997652,0.099564
int8pc,0.079424,0.997652,0.099514
int8pc,0.079759,0.997652,0.099173
int8pc,0.080094,0.997652,0.098994
int8pc,0.080429,0.997652,0.098352
int8pc,0.080764,0.997652,0.098282
int8pc,0.081099,0.997652,0.098097
int8pc,0.081434,0.997652,0.098024
int8pc,0.081769,0.997652,0.097916
int8pc,0.082105,0.997652,0.097887
int8pc,0.082440,0.997652,0.097806
int8pc,0.082775,0.997652,0.097764
int8pc,0.083110,0.997652,0.097761
int8pc,0.083445,0.997652,0.097658
int8pc,0.083780,0.997652,0.097453
int8pc,0.084115,0.997652,0.097401
int8pc,0.084450,0.997652,0.096690
int8pc,0.084786,0.997652,0.096658
int8pc,0.085121,0.997652,0.096626
int8pc,0.085456,0.997652,0.096570
int8pc,0.085791,0.997652,0.096530
int8pc,0.086126,0.997652,0.096492
int8pc,0.086461,0.997652,0.096461
int8pc,0.086796,0.997652,0.096424
int8pc,0.087131,0.997652,0.096190
int8pc,0.087466,0.997652,0.096181
int8pc,0.087802,0.997652,0.096161
int8pc,0.088137,0.997652,0.096096
int8pc,0.088472,0.997652,0.096045
int8pc,0.088807,0.997652,0.095831
int8pc,0.089142,0.997652,0.095830
int8pc,0.089477,0.997652,0.095750
int8pc,0.089812,0.997652,0.095729
int8pc,0.090147,0.997652,0.095624
int8pc,0.090483,0.997652,0.095486
int8pc,0.090818,0.997652,0.095461
int8pc,0.091153,0.997652,0.095449
int8pc,0.091488,0.997652,0.095398
int8pc,0.091823,0.997652,0.095187
int8pc,0.092158,0.997652,0.095062
int8pc,0.092493,0.997652,0.094973
int8pc,0.092828,0.997652,0.094679
int8pc,0.093164,0.997652,0.094470
int8pc,0.093499,0.997652,0.094427
int8pc,0.093834,0.997652,0.094390
int8pc,0.094169,0.997652,0.094353
int8pc,0.094504,0.997652,0.094319
int8pc,0.094839,0.997652,0.094239
int8pc,0.095174,0.997652,0.094072
int8pc,0.095509,0.997652,0.093880
int8pc,0.095845,0.997652,0.093328
int8pc,0.096180,0.997652,0.092782
int8pc,0.096515,0.997652,0.092681
int8pc,0.096850,0.997652,0.092617
int8pc,0.097185,0.997652,0.092505
int8pc,0.097520,0.997652,0.092357
int8pc,0.097855,0.997652,0.092286
int8pc,0.098190,0.997652,0.092178
int8pc,0.098525,0.997652,0.092099
int8pc,0.098861,0.997652,0.091835
int8pc,0.099196,0.997652,0.091819
int8pc,0.099531,0.997652,0.091657
int8pc,0.099866,0.997652,0.091396
int8pc,0.100201,0.997652,0.091281
int8pc,0.100536,0.997652,0.091205
int8pc,0.100871,0.997652,0.091172
int8pc,0.101206,0.997652,0.091125
int8pc,0.101542,0.997652,0.091105
int8pc,0.101877,0.997652,0.091054
int8pc,0.102212,0.997652,0.091000
int8pc,0.102547,0.997652,0.090964
int8pc,0.102882,0.997652,0.090956
int8pc,0.103217,0.997652,0.090625
int8pc,0.103552,0.997652,0.090596
int8pc,0.103887,0.997652,0.090544
int8pc,0.104223,0.997652,0.090535
int8pc,0.104558,0.997652,0.090481
int8pc,0.104893,0.997652,0.090303
int8pc,0.105228,0.997652,0.090283
int8pc,0.105563,0.997652,0.089935
int8pc,0.105898,0.997652,0.089780
int8pc,0.106233,0.997652,0.089463
int8pc,0.106568,0.997652,0.089062
int8pc,0.106903,0.997652,0.088958
int8pc,0.107239,0.997652,0.088324
int8pc,0.107574,0.997652,0.088235
int8pc,0.107909,0.997652,0.088230
int8pc,0.108244,0.997652,0.088060
int8pc,0.108579,0.997652,0.087976
int8pc,0.108914,0.997652,0.087963
int8pc,0.109249,0.997652,0.087646
int8pc,0.109584,0.997652,0.087633
int8pc,0.109920,0.997652,0.087558
int8pc,0.110255,0.997652,0.087391
int8pc,0.110590,0.997652,0.087354
int8pc,0.110925,0.997652,0.087300
int8pc,0.111260,0.997652,0.087149
int8pc,0.111595,0.997652,0.087138
int8pc,0.111930,0.997652,0.087126
int8pc,0.112265,0.997652,0.087109
int8pc,0.112601,0.997652,0.087097
int8pc,0.112936,0.997652,0.086915
int8pc,0.113271,0.997652,0.086849
int8pc,0.113606,0.997652,0.086823
int8pc,0.113941,0.997652,0.086449
int8pc,0.114276,0.997652,0.086386
int8pc,0.114611,0.997652,0.086186
int8pc,0.114946,0.997652,0.086146
int8pc,0.115282,0.997652,0.086104
int8pc,0.115617,0.997652,0.086038
int8pc,0.115952,0.997652,0.085626
int8pc,0.116287,0.997652,0.085534
int8pc,0.116622,0.997652,0.085498
int8pc,0.116957,0.997652,0.085446
int8pc,0.117292,0.997652,0.085442
int8pc,0.117627,0.997652,0.085436
int8pc,0.117962,0.997652,0.085338
int8pc,0.118298,0.997652,0.085321
int8pc,0.118633,0.997652,0.085291
int8pc,0.118968,0.997652,0.085128
int8pc,0.119303,0.997652,0.085041
int8pc,0.119638,0.997652,0.084976
int8pc,0.119973,0.997652,0.084957
int8pc,0.120308,0.997652,0.084777
int8pc,0.120643,0.997652,0.084717
int8pc,0.120979,0.997652,0.084711
int8pc,0.121314,0.997652,0.084474
int8pc,0.121649,0.997652,0.084392
int8pc,0.121984,0.997652,0.084230
int8pc,0.122319,0.997652,0.084138
int8pc,0.122654,0.997652,0.084121
int8pc,0.122989,0.997652,0.083914
int8pc,0.123324,0.997652,0.083730
int8pc,0.123660,0.997652,0.083699
int8pc,0.123995,0.997652,0.083634
int8pc,0.124330,0.997652,0.083510
int8pc,0.124665,0.997652,0.083469
int8pc,0.125000,0.997652,0.083201
int8pc,0.125335,0.997652,0.082963
int8pc,0.125670,0.997652,0.082590
int8pc,0.126005,0.997652,0.082545
int8pc,0.126340,0.997652,0.082537
int8pc,0.126676,0.997652,0.082374
int8pc,0.127011,0.997652,0.082273
int8pc,0.127346,0.997652,0.082189
int8pc,0.127681,0.997652,0.082155
int8pc,0.128016,0.997652,0.082136
int8pc,0.128351,0.997652,0.082031
int8pc,0.128686,0.997652,0.082014
int8pc,0.129021,0.997652,0.081701
int8pc,0.129357,0.997652,0.081682
int8pc,0.129692,0.997652,0.081665
int8pc,0.130027,0.997652,0.081583
int8pc,0.130362,0.997652,0.081457
int8pc,0.130697,0.997652,0.081385
int8pc,0.131032,0.997652,0.081220
int8pc,0.131367,0.997652,0.081210
int8pc,0.131702,0.997652,0.081202
int8pc,0.132038,0.997652,0.081107
int8pc,0.132373,0.997652,0.081030
int8pc,0.132708,0.997652,0.080942
int8pc,0.133043,0.997652,0.080893
int8pc,0.133378,0.997652,0.080866
int8pc,0.133713,0.997652,0.080551
int8pc,0.134048,0.997652,0.080485
int8pc,0.134383,0.997652,0.080355
int8pc,0.134718,0.997652,0.080252
int8pc,0.135054,0.997652,0.080132
int8pc,0.135389,0.997652,0.079991
int8pc,0.135724,0.997652,0.079796
int8pc,0.136059,0.997652,0.079764
int8pc,0.136394,0.997652,0.079541
int8pc,0.136729,0.997652,0.079464
int8pc,0.137064,0.997652,0.079449
int8pc,0.137399,0.997652,0.079293
int8pc,0.137735,0.997652,0.079114
int8pc,0.138070,0.997652,0.079097
int8pc,0.138405,0.997652,0.079002
int8pc,0.138740,0.997652,0.078821
int8pc,0.139075,0.997652,0.078716
int8pc,0.139410,0.997652,0.078594
int8pc,0.139745,0.997652,0.078424
int8pc,0.139745,0.997987,0.078395
int8pc,0.140080,0.997987,0.078288
int8pc,0.140416,0.997987,0.078079
int8pc,0.140751,0.997987,0.078056
int8pc,0.141086,0.997987,0.077921
int8pc,0.141421,0.997987,0.077620
int8pc,0.141756,0.997987,0.077611
int8pc,0.142091,0.997987,0.077540
int8pc,0.142426,0.997987,0.077457
int8pc,0.142761,0.997987,0.077405
int8pc,0.143097,0.997987,0.077279
int8pc,0.143432,0.997987,0.077230
int8pc,0.143767,0.997987,0.077220
int8pc,0.144102,0.997987,0.077217
int8pc,0.144437,0.997987,0.077198
int8pc,0.144772,0.997987,0.076820
int8pc,0.145107,0.997987,0.076798
int8pc,0.145442,0.997987,0.076732
int8pc,0.145777,0.997987,0.076312
int8pc,0.146113,0.997987,0.076192
int8pc,0.146448,0.997987,0.076044
int8pc,0.146783,0.997987,0.075941
int8pc,0.147118,0.997987,0.075826
int8pc,0.147453,0.997987,0.075710
int8pc,0.147788,0.997987,0.075702
int8pc,0.148123,0.997987,0.075577
int8pc,0.148458,0.997987,0.075560
int8pc,0.148794,0.997987,0.075415
int8pc,0.149129,0.997987,0.075384
int8pc,0.149464,0.997987,0.075371
int8pc,0.149799,0.997987,0.075338
int8pc,0.150134,0.997987,0.075291
int8pc,0.150469,0.997987,0.075114
int8pc,0.150804,0.997987,0.075113
int8pc,0.151139,0.997987,0.074965
int8pc,0.151475,0.997987,0.074948
int8pc,0.151810,0.997987,0.074869
int8pc,0.152145,0.997987,0.074330
int8pc,0.152480,0.997987,0.074052
int8pc,0.152815,0.997987,0.073892
int8pc,0.153150,0.997987,0.073702
int8pc,0.153485,0.997987,0.073674
int8pc,0.153820,0.997987,0.073615
int8pc,0.154155,0.997987,0.073390
int8pc,0.154491,0.997987,0.073372
int8pc,0.154826,0.997987,0.073251
int8pc,0.155161,0.997987,0.073220
int8pc,0.155496,0.997987,0.073162
int8pc,0.155831,0.997987,0.072992
int8pc,0.156166,0.997987,0.072968
int8pc,0.156501,0.997987,0.072937
int8pc,0.156836,0.997987,0.072790
int8pc,0.157172,0.997987,0.072755
int8pc,0.157507,0.997987,0.072658
int8pc,0.157842,0.997987,0.072637
int8pc,0.158177,0.997987,0.072332
int8pc,0.158512,0.997987,0.071951
int8pc,0.158847,0.997987,0.071647
int8pc,0.159182,0.997987,0.071595
int8pc,0.159517,0.997987,0.071553
int8pc,0.159853,0.997987,0.071436
int8pc,0.160188,0.997987,0.071251
int8pc,0.160523,0.997987,0.071166
int8pc,0.160858,0.997987,0.070994
int8pc,0.161193,0.997987,0.070739
int8pc,0.161528,0.997987,0.070713
int8pc,0.161863,0.997987,0.070608
int8pc,0.162198,0.997987,0.070584
int8pc,0.162534,0.997987,0.070548
int8pc,0.162869,0.997987,0.070526
int8pc,0.163204,0.997987,0.070497
int8pc,0.163539,0.997987,0.070346
int8pc,0.163874,0.997987,0.070290
int8pc,0.164209,0.997987,0.070286
int8pc,0.164544,0.997987,0.070220
int8pc,0.164879,0.997987,0.070182
int8pc,0.165214,0.997987,0.070024
int8pc,0.165550,0.997987,0.069879
int8pc,0.165885,0.997987,0.069627
int8pc,0.166220,0.997987,0.069618
int8pc,0.166555,0.997987,0.069556
int8pc,0.166890,0.997987,0.069340
int8pc,0.167225,0.997987,0.069316
int8pc,0.167560,0.997987,0.069269
int8pc,0.167895,0.997987,0.069036
int8pc,0.168231,0.997987,0.069002
int8pc,0.168566,0.997987,0.068821
int8pc,0.168901,0.997987,0.068772
int8pc,0.169236,0.997987,0.068768
int8pc,0.169571,0.997987,0.068715
int8pc,0.169906,0.997987,0.068621
int8pc,0.170241,0.997987,0.068580
int8pc,0.170576,0.997987,0.068503
int8pc,0.170912,0.997987,0.068420
int8pc,0.171247,0.997987,0.068081
int8pc,0.171582,0.997987,0.068075
int8pc,0.171917,0.997987,0.067951
int8pc,0.172252,0.997987,0.067950
int8pc,0.172587,0.997987,0.067802
int8pc,0.172922,0.997987,0.067799
int8pc,0.173257,0.997987,0.067748
int8pc,0.173592,0.997987,0.067671
int8pc,0.173928,0.997987,0.067557
int8pc,0.174263,0.997987,0.067400
int8pc,0.174598,0.997987,0.067376
int8pc,0.174933,0.997987,0.067325
int8pc,0.175268,0.997987,0.067252
int8pc,0.175603,0.997987,0.067238
int8pc,0.175938,0.997987,0.066968
int8pc,0.176273,0.997987,0.066897
int8pc,0.176609,0.997987,0.066847
int8pc,0.176944,0.997987,0.066845
int8pc,0.177279,0.997987,0.066837
int8pc,0.177614,0.997987,0.066732
int8pc,0.177949,0.997987,0.066655
int8pc,0.178284,0.997987,0.066572
int8pc,0.178619,0.997987,0.066488
int8pc,0.178954,0.997987,0.066363
int8pc,0.179290,0.997987,0.066201
int8pc,0.179625,0.997987,0.066201
int8pc,0.179960,0.997987,0.065926
int8pc,0.180295,0.997987,0.065841
int8pc,0.180630,0.997987,0.065831
int8pc,0.180965,0.997987,0.065584
int8pc,0.181300,0.997987,0.065536
int8pc,0.181635,0.997987,0.065369
int8pc,0.181971,0.997987,0.065345
int8pc,0.182306,0.997987,0.065277
int8pc,0.182641,0.997987,0.065242
int8pc,0.182976,0.997987,0.065162
int8pc,0.183311,0.997987,0.064823
int8pc,0.183646,0.997987,0.064810
int8pc,0.183981,0.997987,0.064356
int8pc,0.184316,0.997987,0.064328
int8pc,0.184651,0.997987,0.064223
int8pc,0.184987,0.997987,0.064021
int8pc,0.185322,0.997987,0.063925
int8pc,0.185657,0.997987,0.063905
int8pc,0.185992,0.997987,0.063879
int8pc,0.186327,0.997987,0.063837
int8pc,0.186662,0.997987,0.063807
int8pc,0.186997,0.997987,0.063761
int8pc,0.187332,0.997987,0.063665
int8pc,0.187668,0.997987,0.063596
int8pc,0.188003,0.997987,0.063456
int8pc,0.188338,0.997987,0.063340
int8pc,0.188673,0.997987,0.063153
int8pc,0.189008,0.997987,0.063081
int8pc,0.189343,0.997987,0.062927
int8pc,0.189678,0.997987,0.062924
int8pc,0.190013,0.997987,0.062923
int8pc,0.190349,0.997987,0.062905
int8pc,0.190684,0.997987,0.062802
int8pc,0.191019,0.997987,0.062756
int8pc,0.191354,0.997987,0.062684
int8pc,0.191689,0.997987,0.062601
int8pc,0.192024,0.997987,0.062493
int8pc,0.192024,0.998323,0.062371
int8pc,0.192359,0.998323,0.062313
int8pc,0.192694,0.998323,0.062112
int8pc,0.193029,0.998323,0.062053
int8pc,0.193365,0.998323,0.061782
int8pc,0.193700,0.998323,0.061720
int8pc,0.194035,0.998323,0.061474
int8pc,0.194370,0.998323,0.061371
int8pc,0.194705,0.998323,0.061033
int8pc,0.195040,0.998323,0.060895
int8pc,0.195375,0.998323,0.060874
int8pc,0.195710,0.998323,0.060852
int8pc,0.196046,0.998323,0.060843
int8pc,0.196381,0.998323,0.060756
int8pc,0.196716,0.998323,0.060746
int8pc,0.197051,0.998323,0.060728
int8pc,0.197386,0.998323,0.060679
int8pc,0.197721,0.998323,0.060653
int8pc,0.198056,0.998323,0.060606
int8pc,0.198391,0.998323,0.060401
int8pc,0.198727,0.998323,0.060300
int8pc,0.199062,0.998323,0.060258
int8pc,0.199397,0.998323,0.060196
int8pc,0.199732,0.998323,0.060103
int8pc,0.200067,0.998323,0.060100
int8pc,0.200402,0.998323,0.060079
int8pc,0.200737,0.998323,0.060020
int8pc,0.201072,0.998323,0.059984
int8pc,0.201408,0.998323,0.059984
int8pc,0.201743,0.998323,0.059916
int8pc,0.202078,0.998323,0.059862
int8pc,0.202413,0.998323,0.059858
int8pc,0.202748,0.998323,0.059784
int8pc,0.203083,0.998323,0.059769
int8pc,0.203418,0.998323,0.059499
int8pc,0.203753,0.998323,0.059492
int8pc,0.204088,0.998323,0.059464
int8pc,0.204424,0.998323,0.059419
int8pc,0.204759,0.998323,0.059308
int8pc,0.205094,0.998323,0.059260
int8pc,0.205429,0.998323,0.059202
int8pc,0.205764,0.998323,0.059175
int8pc,0.206099,0.998323,0.059152
int8pc,0.206434,0.998323,0.059141
int8pc,0.206769,0.998323,0.059079
int8pc,0.207105,0.998323,0.059027
int8pc,0.207440,0.998323,0.058990
int8pc,0.207775,0.998323,0.058903
int8pc,0.208110,0.998323,0.058848
int8pc,0.208445,0.998323,0.058825
int8pc,0.208780,0.998323,0.058796
int8pc,0.209115,0.998323,0.058677
int8pc,0.209450,0.998323,0.058636
int8pc,0.209786,0.998323,0.058540
int8pc,0.210121,0.998323,0.058454
int8pc,0.210456,0.998323,0.058406
int8pc,0.210791,0.998323,0.058336
int8pc,0.211126,0.998323,0.058297
int8pc,0.211461,0.998323,0.058271
int8pc,0.211796,0.998323,0.058128
int8pc,0.212131,0.998323,0.058070
int8pc,0.212466,0.998323,0.057969
int8pc,0.212802,0.998323,0.057964
int8pc,0.213137,0.998323,0.057757
int8pc,0.213472,0.998323,0.057664
int8pc,0.213807,0.998323,0.057614
int8pc,0.214142,0.998323,0.057501
int8pc,0.214477,0.998323,0.057497
int8pc,0.214812,0.998323,0.057243
int8pc,0.215147,0.998323,0.057225
int8pc,0.215483,0.998323,0.057133
int8pc,0.215818,0.998323,0.057118
int8pc,0.216153,0.998323,0.056949
int8pc,0.216488,0.998323,0.056747
int8pc,0.216823,0.998323,0.056746
int8pc,0.217158,0.998323,0.056690
int8pc,0.217493,0.998323,0.056661
int8pc,0.217493,0.998658,0.056371
int8pc,0.217828,0.998658,0.056337
int8pc,0.218164,0.998658,0.056227
int8pc,0.218499,0.998658,0.056183
int8pc,0.218834,0.998658,0.056147
int8pc,0.219169,0.998658,0.056098
int8pc,0.219504,0.998658,0.056054
int8pc,0.219839,0.998658,0.055986
int8pc,0.220174,0.998658,0.055974
int8pc,0.220509,0.998658,0.055863
int8pc,0.220845,0.998658,0.055775
int8pc,0.221180,0.998658,0.055738
int8pc,0.221515,0.998658,0.055729
int8pc,0.221850,0.998658,0.055663
int8pc,0.222185,0.998658,0.055661
int8pc,0.222520,0.998658,0.055647
int8pc,0.222855,0.998658,0.055615
int8pc,0.223190,0.998658,0.055556
int8pc,0.223525,0.998658,0.055519
int8pc,0.223861,0.998658,0.055486
int8pc,0.224196,0.998658,0.055399
int8pc,0.224531,0.998658,0.055376
int8pc,0.224866,0.998658,0.055196
int8pc,0.225201,0.998658,0.054983
int8pc,0.225536,0.998658,0.054836
int8pc,0.225871,0.998658,0.054798
int8pc,0.226206,0.998658,0.054762
int8pc,0.226542,0.998658,0.054689
int8pc,0.226877,0.998658,0.054675
int8pc,0.227212,0.998658,0.054625
int8pc,0.227547,0.998658,0.054486
int8pc,0.227882,0.998658,0.054445
int8pc,0.228217,0.998658,0.054416
int8pc,0.228552,0.998658,0.054319
int8pc,0.228887,0.998658,0.054268
int8pc,0.229223,0.998658,0.054236
int8pc,0.229558,0.998658,0.054184
int8pc,0.229893,0.998658,0.054165
int8pc,0.230228,0.998658,0.054132
int8pc,0.230563,0.998658,0.054042
int8pc,0.230898,0.998658,0.053985
int8pc,0.231233,0.998658,0.053897
int8pc,0.231568,0.998658,0.053881
int8pc,0.231903,0.998658,0.053725
int8pc,0.232239,0.998658,0.053666
int8pc,0.232574,0.998658,0.053664
int8pc,0.232909,0.998658,0.053533
int8pc,0.233244,0.998658,0.053529
int8pc,0.233579,0.998658,0.053484
int8pc,0.233914,0.998658,0.053480
int8pc,0.234249,0.998658,0.053450
int8pc,0.234584,0.998658,0.053377
int8pc,0.234920,0.998658,0.053353
int8pc,0.235255,0.998658,0.053258
int8pc,0.235590,0.998658,0.053236
int8pc,0.235925,0.998658,0.053136
int8pc,0.236260,0.998658,0.053076
int8pc,0.236595,0.998658,0.053069
int8pc,0.236930,0.998658,0.053060
int8pc,0.237265,0.998658,0.053013
int8pc,0.237601,0.998658,0.052944
int8pc,0.237936,0.998658,0.052941
int8pc,0.238271,0.998658,0.052940
int8pc,0.238606,0.998658,0.052905
int8pc,0.238941,0.998658,0.052846
int8pc,0.239276,0.998658,0.052829
int8pc,0.239611,0.998658,0.052781
int8pc,0.239946,0.998658,0.052743
int8pc,0.240282,0.998658,0.052684
int8pc,0.240617,0.998658,0.052586
int8pc,0.240952,0.998658,0.052554
int8pc,0.241287,0.998658,0.052546
int8pc,0.241622,0.998658,0.052533
int8pc,0.241957,0.998658,0.052492
int8pc,0.242292,0.998658,0.052466
int8pc,0.242627,0.998658,0.052360
int8pc,0.242962,0.998658,0.052271
int8pc,0.243298,0.998658,0.052270
int8pc,0.243633,0.998658,0.052247
int8pc,0.243968,0.998658,0.052013
int8pc,0.244303,0.998658,0.052008
int8pc,0.244638,0.998658,0.051977
int8pc,0.244973,0.998658,0.051914
int8pc,0.245308,0.998658,0.051906
int8pc,0.245643,0.998658,0.051850
int8pc,0.245979,0.998658,0.051769
int8pc,0.246314,0.998658,0.051757
int8pc,0.246649,0.998658,0.051684
int8pc,0.246984,0.998658,0.051494
int8pc,0.247319,0.998658,0.051457
int8pc,0.247654,0.998658,0.051341
int8pc,0.247989,0.998658,0.051340
int8pc,0.248324,0.998658,0.051209
int8pc,0.248660,0.998658,0.051173
int8pc,0.248995,0.998658,0.050969
int8pc,0.249330,0.998658,0.050777
int8pc,0.249665,0.998658,0.050752
int8pc,0.250000,0.998658,0.050731
int8pc,0.250335,0.998658,0.050633
int8pc,0.250670,0.998658,0.050630
int8pc,0.251005,0.998658,0.050610
int8pc,0.251340,0.998658,0.050601
int8pc,0.251676,0.998658,0.050454
int8pc,0.252011,0.998658,0.050424
int8pc,0.252346,0.998658,0.050344
int8pc,0.252681,0.998658,0.050289
int8pc,0.253016,0.998658,0.050256
int8pc,0.253351,0.998658,0.050228
int8pc,0.253686,0.998658,0.050198
int8pc,0.254021,0.998658,0.050104
int8pc,0.254357,0.998658,0.049942
int8pc,0.254692,0.998658,0.049923
int8pc,0.255027,0.998658,0.049833
int8pc,0.255362,0.998658,0.049829
int8pc,0.255697,0.998658,0.049627
int8pc,0.256032,0.998658,0.049596
int8pc,0.256367,0.998658,0.049509
int8pc,0.256702,0.998658,0.049152
int8pc,0.257038,0.998658,0.049016
int8pc,0.257373,0.998658,0.048986
int8pc,0.257708,0.998658,0.048894
int8pc,0.258043,0.998658,0.048673
int8pc,0.258378,0.998658,0.048617
int8pc,0.258713,0.998658,0.048535
int8pc,0.259048,0.998658,0.048523
int8pc,0.259383,0.998658,0.048419
int8pc,0.259718,0.998658,0.048373
int8pc,0.260054,0.998658,0.048367
int8pc,0.260389,0.998658,0.048093
int8pc,0.260724,0.998658,0.048038
int8pc,0.261059,0.998658,0.048019
int8pc,0.261394,0.998658,0.047976
int8pc,0.261729,0.998658,0.047869
int8pc,0.262064,0.998658,0.047758
int8pc,0.262399,0.998658,0.047750
int8pc,0.262735,0.998658,0.047697
int8pc,0.263070,0.998658,0.047648
int8pc,0.263405,0.998658,0.047631
int8pc,0.263740,0.998658,0.047630
int8pc,0.264075,0.998658,0.047440
int8pc,0.264410,0.998658,0.047353
int8pc,0.264745,0.998658,0.047350
int8pc,0.265080,0.998658,0.047328
int8pc,0.265416,0.998658,0.047314
int8pc,0.265751,0.998658,0.047136
int8pc,0.266086,0.998658,0.046928
int8pc,0.266421,0.998658,0.046783
int8pc,0.266756,0.998658,0.046582
int8pc,0.267091,0.998658,0.046475
int8pc,0.267426,0.998658,0.046327
int8pc,0.267761,0.998658,0.046234
int8pc,0.268097,0.998658,0.046099
int8pc,0.268432,0.998658,0.046045
int8pc,0.268767,0.998658,0.045887
int8pc,0.269102,0.998658,0.045878
int8pc,0.269437,0.998658,0.045765
int8pc,0.269772,0.998658,0.045741
int8pc,0.270107,0.998658,0.045732
int8pc,0.270442,0.998658,0.045675
int8pc,0.270777,0.998658,0.045660
int8pc,0.271113,0.998658,0.045590
int8pc,0.271448,0.998658,0.045505
int8pc,0.271783,0.998658,0.045481
int8pc,0.272118,0.998658,0.045446
int8pc,0.272453,0.998658,0.045417
int8pc,0.272788,0.998658,0.045408
int8pc,0.273123,0.998658,0.045355
int8pc,0.273458,0.998658,0.045023
int8pc,0.273794,0.998658,0.044956
int8pc,0.274129,0.998658,0.044910
int8pc,0.274464,0.998658,0.044890
int8pc,0.274799,0.998658,0.044818
int8pc,0.275134,0.998658,0.044803
int8pc,0.275469,0.998658,0.044770
int8pc,0.275804,0.998658,0.044765
int8pc,0.276139,0.998658,0.044662
int8pc,0.276475,0.998658,0.044464
int8pc,0.276810,0.998658,0.044408
int8pc,0.277145,0.998658,0.044382
int8pc,0.277480,0.998658,0.044286
int8pc,0.277815,0.998658,0.044273
int8pc,0.278150,0.998658,0.044270
int8pc,0.278485,0.998658,0.044089
int8pc,0.278820,0.998658,0.044024
int8pc,0.279155,0.998658,0.043977
int8pc,0.279491,0.998658,0.043818
int8pc,0.279826,0.998658,0.043737
int8pc,0.280161,0.998658,0.043709
int8pc,0.280496,0.998658,0.043644
int8pc,0.280831,0.998658,0.043580
int8pc,0.281166,0.998658,0.043515
int8pc,0.281501,0.998658,0.043505
int8pc,0.281836,0.998658,0.043481
int8pc,0.282172,0.998658,0.043338
int8pc,0.282507,0.998658,0.043116
int8pc,0.282842,0.998658,0.043115
int8pc,0.283177,0.998658,0.043015
int8pc,0.283512,0.998658,0.043003
int8pc,0.283847,0.998658,0.042987
int8pc,0.284182,0.998658,0.042985
int8pc,0.284517,0.998658,0.042847
int8pc,0.284853,0.998658,0.042799
int8pc,0.285188,0.998658,0.042779
int8pc,0.285523,0.998658,0.042772
int8pc,0.285858,0.998658,0.042701
int8pc,0.286193,0.998658,0.042601
int8pc,0.286528,0.998658,0.042473
int8pc,0.286863,0.998658,0.042469
int8pc,0.287198,0.998658,0.042399
int8pc,0.287534,0.998658,0.042377
int8pc,0.287869,0.998658,0.042335
int8pc,0.288204,0.998658,0.042327
int8pc,0.288539,0.998658,0.042222
int8pc,0.288874,0.998658,0.042104
int8pc,0.289209,0.998658,0.042097
int8pc,0.289544,0.998658,0.042091
int8pc,0.289879,0.998658,0.042068
int8pc,0.290214,0.998658,0.041990
int8pc,0.290550,0.998658,0.041870
int8pc,0.290885,0.998658,0.041787
int8pc,0.291220,0.998658,0.041765
int8pc,0.291555,0.998658,0.041726
int8pc,0.291890,0.998658,0.041621
int8pc,0.292225,0.998658,0.041594
int8pc,0.292560,0.998658,0.041587
int8pc,0.292895,0.998658,0.041548
int8pc,0.293231,0.998658,0.041531
int8pc,0.293566,0.998658,0.041476
int8pc,0.293901,0.998658,0.041454
int8pc,0.294236,0.998658,0.041404
int8pc,0.294571,0.998658,0.041295
int8pc,0.294906,0.998658,0.041289
int8pc,0.295241,0.998658,0.041267
int8pc,0.295576,0.998658,0.041210
int8pc,0.295912,0.998658,0.041210
int8pc,0.296247,0.998658,0.041199
int8pc,0.296582,0.998658,0.041128
int8pc,0.296917,0.998658,0.041013
int8pc,0.297252,0.998658,0.041006
int8pc,0.297587,0.998658,0.040990
int8pc,0.297922,0.998658,0.040897
int8pc,0.298257,0.998658,0.040387
int8pc,0.298592,0.998658,0.040111
int8pc,0.298928,0.998658,0.040077
int8pc,0.299263,0.998658,0.040014
int8pc,0.299598,0.998658,0.039923
int8pc,0.299933,0.998658,0.039789
int8pc,0.300268,0.998658,0.039633
int8pc,0.300603,0.998658,0.039597
int8pc,0.300938,0.998658,0.039482
int8pc,0.301273,0.998658,0.039470
int8pc,0.301609,0.998658,0.039417
int8pc,0.301944,0.998658,0.039417
int8pc,0.302279,0.998658,0.039293
int8pc,0.302614,0.998658,0.039188
int8pc,0.302949,0.998658,0.039150
int8pc,0.303284,0.998658,0.039145
int8pc,0.303619,0.998658,0.039001
int8pc,0.303954,0.998658,0.038852
int8pc,0.304290,0.998658,0.038842
int8pc,0.304625,0.998658,0.038810
int8pc,0.304960,0.998658,0.038790
int8pc,0.305295,0.998658,0.038732
int8pc,0.305630,0.998658,0.038657
int8pc,0.305965,0.998658,0.038648
int8pc,0.306300,0.998658,0.038637
int8pc,0.306635,0.998658,0.038630
int8pc,0.306971,0.998658,0.038599
int8pc,0.307306,0.998658,0.038588
int8pc,0.307641,0.998658,0.038529
int8pc,0.307976,0.998658,0.038437
int8pc,0.308311,0.998658,0.038345
int8pc,0.308646,0.998658,0.038322
int8pc,0.308981,0.998658,0.038105
int8pc,0.309316,0.998658,0.038091
int8pc,0.309651,0.998658,0.038063
int8pc,0.309987,0.998658,0.038041
int8pc,0.310322,0.998658,0.037970
int8pc,0.310657,0.998658,0.037928
int8pc,0.310992,0.998658,0.037911
int8pc,0.311327,0.998658,0.037787
int8pc,0.311662,0.998658,0.037736
int8pc,0.311997,0.998658,0.037687
int8pc,0.312332,0.998658,0.037620
int8pc,0.312668,0.998658,0.037606
int8pc,0.313003,0.998658,0.037570
int8pc,0.313338,0.998658,0.037402
int8pc,0.313673,0.998658,0.037394
int8pc,0.314008,0.998658,0.037295
int8pc,0.314343,0.998658,0.037285
int8pc,0.314678,0.998658,0.037134
int8pc,0.315013,0.998658,0.037025
int8pc,0.315349,0.998658,0.036905
int8pc,0.315684,0.998658,0.036876
int8pc,0.316019,0.998658,0.036841
int8pc,0.316354,0.998658,0.036839
int8pc,0.316689,0.998658,0.036802
int8pc,0.317024,0.998658,0.036691
int8pc,0.317359,0.998658,0.036670
int8pc,0.317694,0.998658,0.036645
int8pc,0.318029,0.998658,0.036588
int8pc,0.318365,0.998658,0.036574
int8pc,0.318700,0.998658,0.036558
int8pc,0.319035,0.998658,0.036554
int8pc,0.319370,0.998658,0.036553
int8pc,0.319705,0.998658,0.036545
int8pc,0.320040,0.998658,0.036538
int8pc,0.320375,0.998658,0.036475
int8pc,0.320710,0.998658,0.036307
int8pc,0.321046,0.998658,0.036219
int8pc,0.321381,0.998658,0.036162
int8pc,0.321716,0.998658,0.036151
int8pc,0.322051,0.998658,0.036136
int8pc,0.322386,0.998658,0.035970
int8pc,0.322721,0.998658,0.035956
int8pc,0.323056,0.998658,0.035953
int8pc,0.323391,0.998658,0.035920
int8pc,0.323727,0.998658,0.035838
int8pc,0.324062,0.998658,0.035790
int8pc,0.324397,0.998658,0.035782
int8pc,0.324732,0.998658,0.035671
int8pc,0.325067,0.998658,0.035670
int8pc,0.325402,0.998658,0.035660
int8pc,0.325737,0.998658,0.035613
int8pc,0.326072,0.998658,0.035597
int8pc,0.326408,0.998658,0.035536
int8pc,0.326743,0.998658,0.035458
int8pc,0.327078,0.998658,0.035435
int8pc,0.327413,0.998658,0.035429
int8pc,0.327748,0.998658,0.035404
int8pc,0.328083,0.998658,0.035376
int8pc,0.328418,0.998658,0.035343
int8pc,0.328753,0.998658,0.035308
int8pc,0.329088,0.998658,0.035270
int8pc,0.329424,0.998658,0.035180
int8pc,0.329759,0.998658,0.035023
int8pc,0.330094,0.998658,0.034940
int8pc,0.330429,0.998658,0.034925
int8pc,0.330764,0.998658,0.034688
int8pc,0.331099,0.998658,0.034680
int8pc,0.331434,0.998658,0.034623
int8pc,0.331769,0.998658,0.034519
int8pc,0.332105,0.998658,0.034404
int8pc,0.332440,0.998658,0.034367
int8pc,0.332775,0.998658,0.034228
int8pc,0.333110,0.998658,0.034181
int8pc,0.333445,0.998658,0.034180
int8pc,0.333780,0.998658,0.034146
int8pc,0.334115,0.998658,0.034116
int8pc,0.334450,0.998658,0.034101
int8pc,0.334786,0.998658,0.034035
int8pc,0.335121,0.998658,0.034008
int8pc,0.335456,0.998658,0.033977
int8pc,0.335791,0.998658,0.033897
int8pc,0.336126,0.998658,0.033812
int8pc,0.336461,0.998658,0.033757
int8pc,0.336796,0.998658,0.033750
int8pc,0.337131,0.998658,0.033727
int8pc,0.337466,0.998658,0.033696
int8pc,0.337802,0.998658,0.033679
int8pc,0.338137,0.998658,0.033522
int8pc,0.338472,0.998658,0.033301
int8pc,0.338807,0.998658,0.033275
int8pc,0.339142,0.998658,0.033199
int8pc,0.339477,0.998658,0.033156
int8pc,0.339812,0.998658,0.033001
int8pc,0.340147,0.998658,0.032996
int8pc,0.340483,0.998658,0.032987
int8pc,0.340818,0.998658,0.032964
int8pc,0.341153,0.998658,0.032934
int8pc,0.341488,0.998658,0.032926
int8pc,0.341823,0.998658,0.032922
int8pc,0.342158,0.998658,0.032894
int8pc,0.342493,0.998658,0.032835
int8pc,0.342828,0.998658,0.032816
int8pc,0.343164,0.998658,0.032762
int8pc,0.343499,0.998658,0.032691
int8pc,0.343834,0.998658,0.032667
int8pc,0.344169,0.998658,0.032644
int8pc,0.344504,0.998658,0.032579
int8pc,0.344839,0.998658,0.032573
int8pc,0.345174,0.998658,0.032509
int8pc,0.345509,0.998658,0.032497
int8pc,0.345845,0.998658,0.032468
int8pc,0.346180,0.998658,0.032388
int8pc,0.346515,0.998658,0.032302
int8pc,0.346850,0.998658,0.032300
int8pc,0.347185,0.998658,0.032284
int8pc,0.347520,0.998658,0.032266
int8pc,0.347855,0.998658,0.032195
int8pc,0.348190,0.998658,0.032085
int8pc,0.348525,0.998658,0.031956
int8pc,0.348861,0.998658,0.031947
int8pc,0.349196,0.998658,0.031830
int8pc,0.349531,0.998658,0.031805
int8pc,0.349866,0.998658,0.031797
int8pc,0.350201,0.998658,0.031643
int8pc,0.350536,0.998658,0.031612
int8pc,0.350871,0.998658,0.031571
int8pc,0.351206,0.998658,0.031436
int8pc,0.351542,0.998658,0.031274
int8pc,0.351877,0.998658,0.031272
int8pc,0.352212,0.998658,0.031253
int8pc,0.352547,0.998658,0.031182
int8pc,0.352882,0.998658,0.031154
int8pc,0.353217,0.998658,0.031142
int8pc,0.353552,0.998658,0.031052
int8pc,0.353887,0.998658,0.031037
int8pc,0.354223,0.998658,0.031010
int8pc,0.354558,0.998658,0.030985
int8pc,0.354893,0.998658,0.030924
int8pc,0.355228,0.998658,0.030779
int8pc,0.355563,0.998658,0.030570
int8pc,0.355898,0.998658,0.030569
int8pc,0.356233,0.998658,0.030533
int8pc,0.356568,0.998658,0.030523
int8pc,0.356903,0.998658,0.030441
int8pc,0.357239,0.998658,0.030398
int8pc,0.357574,0.998658,0.030396
int8pc,0.357909,0.998658,0.030377
int8pc,0.358244,0.998658,0.030246
int8pc,0.358579,0.998658,0.030204
int8pc,0.358914,0.998658,0.030135
int8pc,0.359249,0.998658,0.030124
int8pc,0.359584,0.998658,0.030085
int8pc,0.359920,0.998658,0.030000
int8pc,0.360255,0.998658,0.029911
int8pc,0.360590,0.998658,0.029865
int8pc,0.360925,0.998658,0.029754
int8pc,0.361260,0.998658,0.029733
int8pc,0.361595,0.998658,0.029707
int8pc,0.361930,0.998658,0.029670
int8pc,0.362265,0.998658,0.029634
int8pc,0.362601,0.998658,0.029627
int8pc,0.362936,0.998658,0.029587
int8pc,0.363271,0.998658,0.029555
int8pc,0.363606,0.998658,0.029491
int8pc,0.363941,0.998658,0.029455
int8pc,0.364276,0.998658,0.029450
int8pc,0.364611,0.998658,0.029359
int8pc,0.364946,0.998658,0.029308
int8pc,0.365282,0.998658,0.029267
int8pc,0.365617,0.998658,0.029252
int8pc,0.365952,0.998658,0.029248
int8pc,0.366287,0.998658,0.029197
int8pc,0.366622,0.998658,0.029180
int8pc,0.366957,0.998658,0.029025
int8pc,0.367292,0.998658,0.028953
int8pc,0.367627,0.998658,0.028893
int8pc,0.367962,0.998658,0.028880
int8pc,0.368298,0.998658,0.028777
int8pc,0.368633,0.998658,0.028742
int8pc,0.368968,0.998658,0.028580
int8pc,0.369303,0.998658,0.028519
int8pc,0.369638,0.998658,0.028443
int8pc,0.369973,0.998658,0.028441
int8pc,0.370308,0.998658,0.028427
int8pc,0.370643,0.998658,0.028423
int8pc,0.370979,0.998658,0.028312
int8pc,0.371314,0.998658,0.028303
int8pc,0.371649,0.998658,0.028293
int8pc,0.371984,0.998658,0.028233
int8pc,0.372319,0.998658,0.028111
int8pc,0.372654,0.998658,0.028039
int8pc,0.372989,0.998658,0.028037
int8pc,0.373324,0.998658,0.028008
int8pc,0.373660,0.998658,0.027832
int8pc,0.373995,0.998658,0.027805
int8pc,0.374330,0.998658,0.027785
int8pc,0.374665,0.998658,0.027738
int8pc,0.375000,0.998658,0.027697
int8pc,0.375335,0.998658,0.027638
int8pc,0.375670,0.998658,0.027599
int8pc,0.376005,0.998658,0.027561
int8pc,0.376340,0.998658,0.027485
int8pc,0.376676,0.998658,0.027443
int8pc,0.377011,0.998658,0.027312
int8pc,0.377346,0.998658,0.027216
int8pc,0.377681,0.998658,0.027170
int8pc,0.378016,0.998658,0.027130
int8pc,0.378351,0.998658,0.027084
int8pc,0.378686,0.998658,0.027074
int8pc,0.379021,0.998658,0.027031
int8pc,0.379357,0.998658,0.027019
int8pc,0.379692,0.998658,0.027007
int8pc,0.380027,0.998658,0.026991
int8pc,0.380362,0.998658,0.026939
int8pc,0.380697,0.998658,0.026882
int8pc,0.381032,0.998658,0.026774
int8pc,0.381367,0.998658,0.026702
int8pc,0.381702,0.998658,0.026644
int8pc,0.382038,0.998658,0.026523
int8pc,0.382373,0.998658,0.026484
int8pc,0.382708,0.998658,0.026466
int8pc,0.383043,0.998658,0.026204
int8pc,0.383378,0.998658,0.026181
int8pc,0.383713,0.998658,0.026106
int8pc,0.384048,0.998658,0.026056
int8pc,0.384383,0.998658,0.026045
int8pc,0.384718,0.998658,0.025977
int8pc,0.385054,0.998658,0.025888
int8pc,0.385389,0.998658,0.025779
int8pc,0.385724,0.998658,0.025775
int8pc,0.386059,0.998658,0.025756
int8pc,0.386394,0.998658,0.025727
int8pc,0.386729,0.998658,0.025558
int8pc,0.387064,0.998658,0.025557
int8pc,0.387399,0.998658,0.025496
int8pc,0.387735,0.998658,0.025490
int8pc,0.388070,0.998658,0.025480
int8pc,0.388405,0.998658,0.025464
int8pc,0.388740,0.998658,0.025458
int8pc,0.389075,0.998658,0.025357
int8pc,0.389410,0.998658,0.025306
int8pc,0.389745,0.998658,0.025249
int8pc,0.390080,0.998658,0.025204
int8pc,0.390416,0.998658,0.025033
int8pc,0.390751,0.998658,0.025020
int8pc,0.391086,0.998658,0.024991
int8pc,0.391421,0.998658,0.024960
int8pc,0.391756,0.998658,0.024939
int8pc,0.392091,0.998658,0.024923
int8pc,0.392426,0.998658,0.024866
int8pc,0.392761,0.998658,0.024705
int8pc,0.393097,0.998658,0.024578
int8pc,0.393432,0.998658,0.024573
int8pc,0.393767,0.998658,0.024482
int8pc,0.394102,0.998658,0.024365
int8pc,0.394437,0.998658,0.024313
int8pc,0.394772,0.998658,0.024161
int8pc,0.395107,0.998658,0.024119
int8pc,0.395442,0.998658,0.024112
int8pc,0.395777,0.998658,0.023967
int8pc,0.396113,0.998658,0.023894
int8pc,0.396448,0.998658,0.023769
int8pc,0.396783,0.998658,0.023712
int8pc,0.397118,0.998658,0.023586
int8pc,0.397453,0.998658,0.023568
int8pc,0.397788,0.998658,0.023551
int8pc,0.398123,0.998658,0.023444
int8pc,0.398458,0.998658,0.023365
int8pc,0.398794,0.998658,0.023283
int8pc,0.399129,0.998658,0.023233
int8pc,0.399464,0.998658,0.023109
int8pc,0.399799,0.998658,0.023088
int8pc,0.400134,0.998658,0.023009
int8pc,0.400469,0.998658,0.022922
int8pc,0.400804,0.998658,0.022906
int8pc,0.401139,0.998658,0.022540
int8pc,0.401475,0.998658,0.022486
int8pc,0.401810,0.998658,0.022468
int8pc,0.402145,0.998658,0.022454
int8pc,0.402480,0.998658,0.022331
int8pc,0.402815,0.998658,0.022314
int8pc,0.403150,0.998658,0.022303
int8pc,0.403485,0.998658,0.022180
int8pc,0.403820,0.998658,0.022029
int8pc,0.404155,0.998658,0.021972
int8pc,0.404491,0.998658,0.021841
int8pc,0.404826,0.998658,0.021746
int8pc,0.405161,0.998658,0.021595
int8pc,0.405496,0.998658,0.021588
int8pc,0.405831,0.998658,0.021531
int8pc,0.406166,0.998658,0.021523
int8pc,0.406501,0.998658,0.021372
int8pc,0.406836,0.998658,0.021171
int8pc,0.407172,0.998658,0.021164
int8pc,0.407507,0.998658,0.021145
int8pc,0.407842,0.998658,0.021127
int8pc,0.408177,0.998658,0.021123
int8pc,0.408512,0.998658,0.021123
int8pc,0.408847,0.998658,0.021080
int8pc,0.409182,0.998658,0.020943
int8pc,0.409517,0.998658,0.020846
int8pc,0.409853,0.998658,0.020825
int8pc,0.410188,0.998658,0.020737
int8pc,0.410523,0.998658,0.020731
int8pc,0.410858,0.998658,0.020721
int8pc,0.411193,0.998658,0.020548
int8pc,0.411528,0.998658,0.020504
int8pc,0.411863,0.998658,0.020382
int8pc,0.412198,0.998658,0.020248
int8pc,0.412534,0.998658,0.020236
int8pc,0.412869,0.998658,0.020231
int8pc,0.413204,0.998658,0.020160
int8pc,0.413539,0.998658,0.020091
int8pc,0.413874,0.998658,0.019966
int8pc,0.414209,0.998658,0.019962
int8pc,0.414544,0.998658,0.019913
int8pc,0.414879,0.998658,0.019910
int8pc,0.415214,0.998658,0.019890
int8pc,0.415550,0.998658,0.019822
int8pc,0.415885,0.998658,0.019732
int8pc,0.416220,0.998658,0.019719
int8pc,0.416555,0.998658,0.019703
int8pc,0.416890,0.998658,0.019626
int8pc,0.417225,0.998658,0.019596
int8pc,0.417560,0.998658,0.019496
int8pc,0.417895,0.998658,0.019431
int8pc,0.418231,0.998658,0.019308
int8pc,0.418566,0.998658,0.019298
int8pc,0.418901,0.998658,0.019283
int8pc,0.419236,0.998658,0.019253
int8pc,0.419571,0.998658,0.019249
int8pc,0.419906,0.998658,0.019226
int8pc,0.420241,0.998658,0.019135
int8pc,0.420576,0.998658,0.019135
int8pc,0.420912,0.998658,0.019116
int8pc,0.421247,0.998658,0.019104
int8pc,0.421582,0.998658,0.018918
int8pc,0.421917,0.998658,0.018891
int8pc,0.422252,0.998658,0.018748
int8pc,0.422587,0.998658,0.018626
int8pc,0.422922,0.998658,0.018563
int8pc,0.423257,0.998658,0.018545
int8pc,0.423592,0.998658,0.018435
int8pc,0.423928,0.998658,0.018391
int8pc,0.424263,0.998658,0.018324
int8pc,0.424598,0.998658,0.018278
int8pc,0.424933,0.998658,0.018234
int8pc,0.425268,0.998658,0.018178
int8pc,0.425603,0.998658,0.018161
int8pc,0.425938,0.998658,0.018016
int8pc,0.426273,0.998658,0.017998
int8pc,0.426609,0.998658,0.017919
int8pc,0.426944,0.998658,0.017794
int8pc,0.427279,0.998658,0.017776
int8pc,0.427614,0.998658,0.017765
int8pc,0.427949,0.998658,0.017693
int8pc,0.428284,0.998658,0.017572
int8pc,0.428619,0.998658,0.017405
int8pc,0.428954,0.998658,0.017389
int8pc,0.429290,0.998658,0.017305
int8pc,0.429625,0.998658,0.017288
int8pc,0.429960,0.998658,0.017286
int8pc,0.430295,0.998658,0.017200
int8pc,0.430630,0.998658,0.017176
int8pc,0.430965,0.998658,0.017170
int8pc,0.431300,0.998658,0.017148
int8pc,0.431635,0.998658,0.017078
int8pc,0.431971,0.998658,0.016985
int8pc,0.432306,0.998658,0.016953
int8pc,0.432641,0.998658,0.016642
int8pc,0.432976,0.998658,0.016620
int8pc,0.433311,0.998658,0.016608
int8pc,0.433646,0.998658,0.016601
int8pc,0.433981,0.998658,0.016596
int8pc,0.434316,0.998658,0.016533
int8pc,0.434651,0.998658,0.016517
int8pc,0.434987,0.998658,0.016349
int8pc,0.435322,0.998658,0.016215
int8pc,0.435657,0.998658,0.016125
int8pc,0.435992,0.998658,0.016121
int8pc,0.436327,0.998658,0.016109
int8pc,0.436662,0.998658,0.016103
int8pc,0.436997,0.998658,0.016041
int8pc,0.437332,0.998658,0.015966
int8pc,0.437668,0.998658,0.015939
int8pc,0.438003,0.998658,0.015939
int8pc,0.438338,0.998658,0.015766
int8pc,0.438673,0.998658,0.015744
int8pc,0.439008,0.998658,0.015685
int8pc,0.439343,0.998658,0.015616
int8pc,0.439678,0.998658,0.015614
int8pc,0.440013,0.998658,0.015578
int8pc,0.440349,0.998658,0.015559
int8pc,0.440684,0.998658,0.015530
int8pc,0.441019,0.998658,0.015504
int8pc,0.441354,0.998658,0.015480
int8pc,0.441689,0.998658,0.015446
int8pc,0.442024,0.998658,0.015329
int8pc,0.442359,0.998658,0.015315
int8pc,0.442694,0.998658,0.015244
int8pc,0.443029,0.998658,0.015183
int8pc,0.443365,0.998658,0.015131
int8pc,0.443700,0.998658,0.015092
int8pc,0.444035,0.998658,0.015091
int8pc,0.444370,0.998658,0.015028
int8pc,0.444705,0.998658,0.014924
int8pc,0.445040,0.998658,0.014887
int8pc,0.445375,0.998658,0.014880
int8pc,0.445710,0.998658,0.014839
int8pc,0.446046,0.998658,0.014836
int8pc,0.446381,0.998658,0.014814
int8pc,0.446716,0.998658,0.014774
int8pc,0.447051,0.998658,0.014615
int8pc,0.447386,0.998658,0.014321
int8pc,0.447721,0.998658,0.014306
int8pc,0.448056,0.998658,0.014282
int8pc,0.448391,0.998658,0.014157
int8pc,0.448727,0.998658,0.014043
int8pc,0.449062,0.998658,0.014033
int8pc,0.449397,0.998658,0.014016
int8pc,0.449732,0.998658,0.013922
int8pc,0.450067,0.998658,0.013914
int8pc,0.450402,0.998658,0.013851
int8pc,0.450737,0.998658,0.013825
int8pc,0.451072,0.998658,0.013626
int8pc,0.451408,0.998658,0.013551
int8pc,0.451743,0.998658,0.013540
int8pc,0.452078,0.998658,0.013516
int8pc,0.452413,0.998658,0.013397
int8pc,0.452748,0.998658,0.013374
int8pc,0.453083,0.998658,0.013316
int8pc,0.453418,0.998658,0.013272
int8pc,0.453753,0.998658,0.013258
int8pc,0.454088,0.998658,0.013237
int8pc,0.454424,0.998658,0.013219
int8pc,0.454759,0.998658,0.013136
int8pc,0.455094,0.998658,0.013094
int8pc,0.455429,0.998658,0.013037
int8pc,0.455764,0.998658,0.013035
int8pc,0.456099,0.998658,0.013017
int8pc,0.456434,0.998658,0.012979
int8pc,0.456769,0.998658,0.012957
int8pc,0.457105,0.998658,0.012910
int8pc,0.457440,0.998658,0.012904
int8pc,0.457775,0.998658,0.012899
int8pc,0.458110,0.998658,0.012771
int8pc,0.458445,0.998658,0.012641
int8pc,0.458780,0.998658,0.012632
int8pc,0.459115,0.998658,0.012555
int8pc,0.459450,0.998658,0.012514
int8pc,0.459786,0.998658,0.012477
int8pc,0.459786,0.998994,0.012413
int8pc,0.460121,0.998994,0.012207
int8pc,0.460456,0.998994,0.012203
int8pc,0.460791,0.998994,0.012088
int8pc,0.461126,0.998994,0.012086
int8pc,0.461461,0.998994,0.012074
int8pc,0.461796,0.998994,0.011955
int8pc,0.462131,0.998994,0.011933
int8pc,0.462466,0.998994,0.011921
int8pc,0.462802,0.998994,0.011884
int8pc,0.463137,0.998994,0.011730
int8pc,0.463472,0.998994,0.011561
int8pc,0.463807,0.998994,0.011495
int8pc,0.464142,0.998994,0.011489
int8pc,0.464477,0.998994,0.011294
int8pc,0.464812,0.998994,0.011256
int8pc,0.465147,0.998994,0.011154
int8pc,0.465483,0.998994,0.011109
int8pc,0.465818,0.998994,0.011040
int8pc,0.466153,0.998994,0.011017
int8pc,0.466488,0.998994,0.010982
int8pc,0.466823,0.998994,0.010744
int8pc,0.467158,0.998994,0.010716
int8pc,0.467493,0.998994,0.010624
int8pc,0.467828,0.998994,0.010603
int8pc,0.468164,0.998994,0.010591
int8pc,0.468499,0.998994,0.010582
int8pc,0.468834,0.998994,0.010549
int8pc,0.469169,0.998994,0.010476
int8pc,0.469504,0.998994,0.010437
int8pc,0.469839,0.998994,0.010422
int8pc,0.470174,0.998994,0.010399
int8pc,0.470509,0.998994,0.010387
int8pc,0.470845,0.998994,0.010350
int8pc,0.471180,0.998994,0.010347
int8pc,0.471515,0.998994,0.010325
int8pc,0.471850,0.998994,0.010269
int8pc,0.472185,0.998994,0.010221
int8pc,0.472520,0.998994,0.010137
int8pc,0.472855,0.998994,0.010080
int8pc,0.473190,0.998994,0.009840
int8pc,0.473525,0.998994,0.009809
int8pc,0.473861,0.998994,0.009791
int8pc,0.474196,0.998994,0.009787
int8pc,0.474531,0.998994,0.009670
int8pc,0.474866,0.998994,0.009637
int8pc,0.475201,0.998994,0.009595
int8pc,0.475536,0.998994,0.009593
int8pc,0.475871,0.998994,0.009538
int8pc,0.476206,0.998994,0.009531
int8pc,0.476542,0.998994,0.009367
int8pc,0.476877,0.998994,0.009310
int8pc,0.477212,0.998994,0.009254
int8pc,0.477547,0.998994,0.009211
int8pc,0.477882,0.998994,0.009173
int8pc,0.478217,0.998994,0.009145
int8pc,0.478552,0.998994,0.009064
int8pc,0.478887,0.998994,0.008979
int8pc,0.479223,0.998994,0.008891
int8pc,0.479558,0.998994,0.008696
int8pc,0.479893,0.998994,0.008664
int8pc,0.480228,0.998994,0.008596
int8pc,0.480563,0.998994,0.008573
int8pc,0.480898,0.998994,0.008534
int8pc,0.481233,0.998994,0.008478
int8pc,0.481568,0.998994,0.008464
int8pc,0.481903,0.998994,0.008411
int8pc,0.482239,0.998994,0.008407
int8pc,0.482574,0.998994,0.008350
int8pc,0.482909,0.998994,0.008282
int8pc,0.483244,0.998994,0.008277
int8pc,0.483579,0.998994,0.008202
int8pc,0.483914,0.998994,0.008173
int8pc,0.484249,0.998994,0.008116
int8pc,0.484584,0.998994,0.008080
int8pc,0.484920,0.998994,0.008062
int8pc,0.485255,0.998994,0.008043
int8pc,0.485590,0.998994,0.008002
int8pc,0.485925,0.998994,0.007992
int8pc,0.486260,0.998994,0.007986
int8pc,0.486595,0.998994,0.007938
int8pc,0.486930,0.998994,0.007844
int8pc,0.487265,0.998994,0.007829
int8pc,0.487601,0.998994,0.007772
int8pc,0.487936,0.998994,0.007696
int8pc,0.488271,0.998994,0.007632
int8pc,0.488606,0.998994,0.007628
int8pc,0.488941,0.998994,0.007628
int8pc,0.489276,0.998994,0.007600
int8pc,0.489611,0.998994,0.007557
int8pc,0.489946,0.998994,0.007545
int8pc,0.490282,0.998994,0.007404
int8pc,0.490617,0.998994,0.007389
int8pc,0.490952,0.998994,0.007383
int8pc,0.491287,0.998994,0.007347
int8pc,0.491622,0.998994,0.007343
int8pc,0.491957,0.998994,0.007331
int8pc,0.492292,0.998994,0.007320
int8pc,0.492627,0.998994,0.007294
int8pc,0.492962,0.998994,0.007277
int8pc,0.493298,0.998994,0.007263
int8pc,0.493633,0.998994,0.007240
int8pc,0.493968,0.998994,0.007233
int8pc,0.494303,0.998994,0.007139
int8pc,0.494638,0.998994,0.007048
int8pc,0.494973,0.998994,0.007044
int8pc,0.495308,0.998994,0.006949
int8pc,0.495643,0.998994,0.006800
int8pc,0.495979,0.998994,0.006785
int8pc,0.496314,0.998994,0.006772
int8pc,0.496649,0.998994,0.006756
int8pc,0.496984,0.998994,0.006752
int8pc,0.497319,0.998994,0.006573
int8pc,0.497654,0.998994,0.006479
int8pc,0.497989,0.998994,0.006390
int8pc,0.498324,0.998994,0.006365
int8pc,0.498660,0.998994,0.006328
int8pc,0.498995,0.998994,0.005884
int8pc,0.499330,0.998994,0.005823
int8pc,0.499665,0.998994,0.005814
int8pc,0.500000,0.998994,0.005805
int8pc,0.500335,0.998994,0.005762
int8pc,0.500670,0.998994,0.005640
int8pc,0.501005,0.998994,0.005530
int8pc,0.501340,0.998994,0.005517
int8pc,0.501676,0.998994,0.005502
int8pc,0.502011,0.998994,0.005453
int8pc,0.502346,0.998994,0.005425
int8pc,0.502681,0.998994,0.005424
int8pc,0.503016,0.998994,0.005367
int8pc,0.503351,0.998994,0.005321
int8pc,0.503686,0.998994,0.005232
int8pc,0.504021,0.998994,0.005221
int8pc,0.504357,0.998994,0.005221
int8pc,0.504692,0.998994,0.005215
int8pc,0.505027,0.998994,0.005111
int8pc,0.505362,0.998994,0.005079
int8pc,0.505697,0.998994,0.005050
int8pc,0.506032,0.998994,0.004973
int8pc,0.506367,0.998994,0.004924
int8pc,0.506702,0.998994,0.004780
int8pc,0.507038,0.998994,0.004733
int8pc,0.507373,0.998994,0.004632
int8pc,0.507708,0.998994,0.004571
int8pc,0.508043,0.998994,0.004500
int8pc,0.508378,0.998994,0.004356
int8pc,0.508713,0.998994,0.004349
int8pc,0.509048,0.998994,0.004338
int8pc,0.509383,0.998994,0.004252
int8pc,0.509718,0.998994,0.004013
int8pc,0.510054,0.998994,0.003971
int8pc,0.510389,0.998994,0.003873
int8pc,0.510724,0.998994,0.003837
int8pc,0.511059,0.998994,0.003834
int8pc,0.511394,0.998994,0.003833
int8pc,0.511729,0.998994,0.003767
int8pc,0.512064,0.998994,0.003723
int8pc,0.512399,0.998994,0.003721
int8pc,0.512735,0.998994,0.003699
int8pc,0.513070,0.998994,0.003649
int8pc,0.513405,0.998994,0.003589
int8pc,0.513740,0.998994,0.003585
int8pc,0.514075,0.998994,0.003521
int8pc,0.514410,0.998994,0.003506
int8pc,0.514745,0.998994,0.003312
int8pc,0.515080,0.998994,0.003295
int8pc,0.515416,0.998994,0.003238
int8pc,0.515751,0.998994,0.003139
int8pc,0.516086,0.998994,0.003114
int8pc,0.516421,0.998994,0.003099
int8pc,0.516756,0.998994,0.003056
int8pc,0.517091,0.998994,0.002971
int8pc,0.517426,0.998994,0.002965
int8pc,0.517761,0.998994,0.002940
int8pc,0.518097,0.998994,0.002871
int8pc,0.518432,0.998994,0.002798
int8pc,0.518767,0.998994,0.002769
int8pc,0.519102,0.998994,0.002749
int8pc,0.519437,0.998994,0.002693
int8pc,0.519772,0.998994,0.002646
int8pc,0.520107,0.998994,0.002621
int8pc,0.520442,0.998994,0.002602
int8pc,0.520777,0.998994,0.002524
int8pc,0.521113,0.998994,0.002513
int8pc,0.521448,0.998994,0.002507
int8pc,0.521783,0.998994,0.002246
int8pc,0.522118,0.998994,0.002080
int8pc,0.522453,0.998994,0.002079
int8pc,0.522788,0.998994,0.002078
int8pc,0.523123,0.998994,0.002055
int8pc,0.523458,0.998994,0.002022
int8pc,0.523794,0.998994,0.001778
int8pc,0.524129,0.998994,0.001738
int8pc,0.524464,0.998994,0.001609
int8pc,0.524799,0.998994,0.001581
int8pc,0.525134,0.998994,0.001564
int8pc,0.525469,0.998994,0.001457
int8pc,0.525804,0.998994,0.001355
int8pc,0.526139,0.998994,0.001293
int8pc,0.526475,0.998994,0.001291
int8pc,0.526810,0.998994,0.001257
int8pc,0.527145,0.998994,0.001234
int8pc,0.527480,0.998994,0.001224
int8pc,0.527815,0.998994,0.001208
int8pc,0.528150,0.998994,0.001158
int8pc,0.528485,0.998994,0.001129
int8pc,0.528820,0.998994,0.001024
int8pc,0.529155,0.998994,0.000985
int8pc,0.529491,0.998994,0.000961
int8pc,0.529826,0.998994,0.000883
int8pc,0.530161,0.998994,0.000879
int8pc,0.530496,0.998994,0.000777
int8pc,0.530831,0.998994,0.000777
int8pc,0.531166,0.998994,0.000747
int8pc,0.531501,0.998994,0.000695
int8pc,0.531836,0.998994,0.000678
int8pc,0.532172,0.998994,0.000606
int8pc,0.532507,0.998994,0.000582
int8pc,0.532842,0.998994,0.000381
int8pc,0.533177,0.998994,0.000364
int8pc,0.533512,0.998994,0.000268
int8pc,0.533847,0.998994,0.000232
int8pc,0.534182,0.998994,0.000220
int8pc,0.534517,0.998994,0.000218
int8pc,0.534853,0.998994,0.000209
int8pc,0.535188,0.998994,0.000096
int8pc,0.535523,0.998994,0.000043
int8pc,0.535858,0.998994,-0.000042
int8pc,0.536193,0.998994,-0.000044
int8pc,0.536528,0.998994,-0.000070
int8pc,0.536863,0.998994,-0.000120
int8pc,0.537198,0.998994,-0.000126
int8pc,0.537534,0.998994,-0.000136
int8pc,0.537869,0.998994,-0.000170
int8pc,0.538204,0.998994,-0.000187
int8pc,0.538539,0.998994,-0.000191
int8pc,0.538874,0.998994,-0.000390
int8pc,0.539209,0.998994,-0.000398
int8pc,0.539544,0.998994,-0.000470
int8pc,0.539879,0.998994,-0.000476
int8pc,0.540214,0.998994,-0.000605
int8pc,0.540550,0.998994,-0.000657
int8pc,0.540885,0.998994,-0.000685
int8pc,0.541220,0.998994,-0.000807
int8pc,0.541555,0.998994,-0.000877
int8pc,0.541890,0.998994,-0.000913
int8pc,0.542225,0.998994,-0.000950
int8pc,0.542560,0.998994,-0.000973
int8pc,0.542560,0.999329,-0.001003
int8pc,0.542895,0.999329,-0.001021
int8pc,0.543231,0.999329,-0.001061
int8pc,0.543566,0.999329,-0.001123
int8pc,0.543901,0.999329,-0.001153
int8pc,0.544236,0.999329,-0.001162
int8pc,0.544571,0.999329,-0.001217
int8pc,0.544906,0.999329,-0.001267
int8pc,0.545241,0.999329,-0.001300
int8pc,0.545576,0.999329,-0.001350
int8pc,0.545912,0.999329,-0.001351
int8pc,0.546247,0.999329,-0.001531
int8pc,0.546582,0.999329,-0.001655
int8pc,0.546917,0.999329,-0.001660
int8pc,0.547252,0.999329,-0.001752
int8pc,0.547587,0.999329,-0.001793
int8pc,0.547922,0.999329,-0.001922
int8pc,0.548257,0.999329,-0.001927
int8pc,0.548592,0.999329,-0.001968
int8pc,0.548928,0.999329,-0.001975
int8pc,0.549263,0.999329,-0.001978
int8pc,0.549598,0.999329,-0.001994
int8pc,0.549933,0.999329,-0.002045
int8pc,0.550268,0.999329,-0.002156
int8pc,0.550603,0.999329,-0.002241
int8pc,0.550938,0.999329,-0.002241
int8pc,0.551273,0.999329,-0.002287
int8pc,0.551609,0.999329,-0.002339
int8pc,0.551944,0.999329,-0.002340
int8pc,0.552279,0.999329,-0.002381
int8pc,0.552614,0.999329,-0.002403
int8pc,0.552949,0.999329,-0.002573
int8pc,0.553284,0.999329,-0.002593
int8pc,0.553619,0.999329,-0.002635
int8pc,0.553954,0.999329,-0.002674
int8pc,0.554290,0.999329,-0.002756
int8pc,0.554625,0.999329,-0.002756
int8pc,0.554960,0.999329,-0.002757
int8pc,0.555295,0.999329,-0.002795
int8pc,0.555630,0.999329,-0.002835
int8pc,0.555965,0.999329,-0.002872
int8pc,0.556300,0.999329,-0.002908
int8pc,0.556635,0.999329,-0.002934
int8pc,0.556971,0.999329,-0.003109
int8pc,0.557306,0.999329,-0.003153
int8pc,0.557641,0.999329,-0.003166
int8pc,0.557976,0.999329,-0.003257
int8pc,0.558311,0.999329,-0.003297
int8pc,0.558646,0.999329,-0.003325
int8pc,0.558981,0.999329,-0.003338
int8pc,0.559316,0.999329,-0.003364
int8pc,0.559651,0.999329,-0.003455
int8pc,0.559987,0.999329,-0.003465
int8pc,0.560322,0.999329,-0.003476
int8pc,0.560657,0.999329,-0.003477
int8pc,0.560992,0.999329,-0.003517
int8pc,0.561327,0.999329,-0.003675
int8pc,0.561662,0.999329,-0.003784
int8pc,0.561997,0.999329,-0.003835
int8pc,0.562332,0.999329,-0.003843
int8pc,0.562668,0.999329,-0.003852
int8pc,0.563003,0.999329,-0.003860
int8pc,0.563338,0.999329,-0.003900
int8pc,0.563673,0.999329,-0.004067
int8pc,0.564008,0.999329,-0.004251
int8pc,0.564343,0.999329,-0.004348
int8pc,0.564678,0.999329,-0.004398
int8pc,0.565013,0.999329,-0.004405
int8pc,0.565349,0.999329,-0.004440
int8pc,0.565684,0.999329,-0.004443
int8pc,0.566019,0.999329,-0.004462
int8pc,0.566354,0.999329,-0.004481
int8pc,0.566689,0.999329,-0.004490
int8pc,0.567024,0.999329,-0.004545
int8pc,0.567359,0.999329,-0.004583
int8pc,0.567694,0.999329,-0.004589
int8pc,0.568029,0.999329,-0.004611
int8pc,0.568365,0.999329,-0.004618
int8pc,0.568700,0.999329,-0.004695
int8pc,0.569035,0.999329,-0.004816
int8pc,0.569370,0.999329,-0.004832
int8pc,0.569705,0.999329,-0.004863
int8pc,0.570040,0.999329,-0.004883
int8pc,0.570375,0.999329,-0.004987
int8pc,0.570710,0.999329,-0.005055
int8pc,0.571046,0.999329,-0.005177
int8pc,0.571381,0.999329,-0.005191
int8pc,0.571716,0.999329,-0.005284
int8pc,0.572051,0.999329,-0.005286
int8pc,0.572386,0.999329,-0.005307
int8pc,0.572721,0.999329,-0.005563
int8pc,0.573056,0.999329,-0.005578
int8pc,0.573391,0.999329,-0.005608
int8pc,0.573727,0.999329,-0.005722
int8pc,0.574062,0.999329,-0.005740
int8pc,0.574397,0.999329,-0.005862
int8pc,0.574732,0.999329,-0.005995
int8pc,0.575067,0.999329,-0.006087
int8pc,0.575402,0.999329,-0.006088
int8pc,0.575737,0.999329,-0.006153
int8pc,0.576072,0.999329,-0.006247
int8pc,0.576408,0.999329,-0.006348
int8pc,0.576743,0.999329,-0.006388
int8pc,0.577078,0.999329,-0.006392
int8pc,0.577413,0.999329,-0.006400
int8pc,0.577748,0.999329,-0.006419
int8pc,0.578083,0.999329,-0.006440
int8pc,0.578418,0.999329,-0.006449
int8pc,0.578753,0.999329,-0.006469
int8pc,0.579088,0.999329,-0.006502
int8pc,0.579424,0.999329,-0.006569
int8pc,0.579759,0.999329,-0.006585
int8pc,0.580094,0.999329,-0.006666
int8pc,0.580429,0.999329,-0.006675
int8pc,0.580764,0.999329,-0.006710
int8pc,0.581099,0.999329,-0.006796
int8pc,0.581434,0.999329,-0.006815
int8pc,0.581434,0.999665,-0.006818
int8pc,0.581769,0.999665,-0.006825
int8pc,0.582105,0.999665,-0.006841
int8pc,0.582440,0.999665,-0.006883
int8pc,0.582775,0.999665,-0.006966
int8pc,0.583110,0.999665,-0.007037
int8pc,0.583445,0.999665,-0.007039
int8pc,0.583780,0.999665,-0.007048
int8pc,0.584115,0.999665,-0.007071
int8pc,0.584450,0.999665,-0.007086
int8pc,0.584786,0.999665,-0.007107
int8pc,0.585121,0.999665,-0.007116
int8pc,0.585456,0.999665,-0.007186
int8pc,0.585791,0.999665,-0.007250
int8pc,0.586126,0.999665,-0.007357
int8pc,0.586461,0.999665,-0.007423
int8pc,0.586796,0.999665,-0.007450
int8pc,0.587131,0.999665,-0.007525
int8pc,0.587466,0.999665,-0.007544
int8pc,0.587802,0.999665,-0.007603
int8pc,0.588137,0.999665,-0.007609
int8pc,0.588472,0.999665,-0.007727
int8pc,0.588807,0.999665,-0.007740
int8pc,0.589142,0.999665,-0.007750
int8pc,0.589477,0.999665,-0.007910
int8pc,0.589812,0.999665,-0.007915
int8pc,0.590147,0.999665,-0.007960
int8pc,0.590483,0.999665,-0.007976
int8pc,0.590818,0.999665,-0.008064
int8pc,0.591153,0.999665,-0.008179
int8pc,0.591488,0.999665,-0.008203
int8pc,0.591823,0.999665,-0.008233
int8pc,0.592158,0.999665,-0.008274
int8pc,0.592493,0.999665,-0.008288
int8pc,0.592828,0.999665,-0.008463
int8pc,0.593164,0.999665,-0.008567
int8pc,0.593499,0.999665,-0.008630
int8pc,0.593834,0.999665,-0.008862
int8pc,0.594169,0.999665,-0.008884
int8pc,0.594504,0.999665,-0.008902
int8pc,0.594839,0.999665,-0.008907
int8pc,0.595174,0.999665,-0.008942
int8pc,0.595509,0.999665,-0.008961
int8pc,0.595845,0.999665,-0.009065
int8pc,0.596180,0.999665,-0.009240
int8pc,0.596515,0.999665,-0.009302
int8pc,0.596850,0.999665,-0.009362
int8pc,0.597185,0.999665,-0.009385
int8pc,0.597520,0.999665,-0.009386
int8pc,0.597855,0.999665,-0.009425
int8pc,0.598190,0.999665,-0.009446
int8pc,0.598525,0.999665,-0.009615
int8pc,0.598861,0.999665,-0.009666
int8pc,0.599196,0.999665,-0.009825
int8pc,0.599531,0.999665,-0.009829
int8pc,0.599866,0.999665,-0.009845
int8pc,0.600201,0.999665,-0.009857
int8pc,0.600536,0.999665,-0.009868
int8pc,0.600871,0.999665,-0.009895
int8pc,0.601206,0.999665,-0.009903
int8pc,0.601542,0.999665,-0.009929
int8pc,0.601877,0.999665,-0.009957
int8pc,0.602212,0.999665,-0.010101
int8pc,0.602547,0.999665,-0.010219
int8pc,0.602882,0.999665,-0.010241
int8pc,0.603217,0.999665,-0.010339
int8pc,0.603552,0.999665,-0.010516
int8pc,0.603887,0.999665,-0.010566
int8pc,0.604223,0.999665,-0.010581
int8pc,0.604558,0.999665,-0.010617
int8pc,0.604893,0.999665,-0.010667
int8pc,0.605228,0.999665,-0.010791
int8pc,0.605563,0.999665,-0.011003
int8pc,0.605898,0.999665,-0.011031
int8pc,0.606233,0.999665,-0.011037
int8pc,0.606568,0.999665,-0.011065
int8pc,0.606903,0.999665,-0.011158
int8pc,0.607239,0.999665,-0.011205
int8pc,0.607574,0.999665,-0.011301
int8pc,0.607909,0.999665,-0.011348
int8pc,0.608244,0.999665,-0.011372
int8pc,0.608579,0.999665,-0.011438
int8pc,0.608914,0.999665,-0.011522
int8pc,0.609249,0.999665,-0.011584
int8pc,0.609584,0.999665,-0.011668
int8pc,0.609920,0.999665,-0.011739
int8pc,0.610255,0.999665,-0.011804
int8pc,0.610590,0.999665,-0.011908
int8pc,0.610925,0.999665,-0.011962
int8pc,0.611260,0.999665,-0.011999
int8pc,0.611595,0.999665,-0.012094
int8pc,0.611930,0.999665,-0.012108
int8pc,0.612265,0.999665,-0.012207
int8pc,0.612601,0.999665,-0.012232
int8pc,0.612936,0.999665,-0.012326
int8pc,0.613271,0.999665,-0.012328
int8pc,0.613606,0.999665,-0.012471
int8pc,0.613941,0.999665,-0.012532
int8pc,0.614276,0.999665,-0.012610
int8pc,0.614611,0.999665,-0.012734
int8pc,0.614946,0.999665,-0.012846
int8pc,0.615282,0.999665,-0.012973
int8pc,0.615617,0.999665,-0.012987
int8pc,0.615952,0.999665,-0.013105
int8pc,0.616287,0.999665,-0.013243
int8pc,0.616622,0.999665,-0.013274
int8pc,0.616957,0.999665,-0.013286
int8pc,0.617292,0.999665,-0.013337
int8pc,0.617627,0.999665,-0.013379
int8pc,0.617962,0.999665,-0.013555
int8pc,0.618298,0.999665,-0.013643
int8pc,0.618633,0.999665,-0.013674
int8pc,0.618968,0.999665,-0.013674
int8pc,0.619303,0.999665,-0.013758
int8pc,0.619638,0.999665,-0.013828
int8pc,0.619973,0.999665,-0.014128
int8pc,0.620308,0.999665,-0.014134
int8pc,0.620643,0.999665,-0.014223
int8pc,0.620979,0.999665,-0.014227
int8pc,0.621314,0.999665,-0.014235
int8pc,0.621649,0.999665,-0.014269
int8pc,0.621984,0.999665,-0.014336
int8pc,0.622319,0.999665,-0.014431
int8pc,0.622654,0.999665,-0.014522
int8pc,0.622989,0.999665,-0.014523
int8pc,0.623324,0.999665,-0.014742
int8pc,0.623660,0.999665,-0.014802
int8pc,0.623995,0.999665,-0.014817
int8pc,0.624330,0.999665,-0.014902
int8pc,0.624665,0.999665,-0.014922
int8pc,0.625000,0.999665,-0.014927
int8pc,0.625335,0.999665,-0.014939
int8pc,0.625670,0.999665,-0.014960
int8pc,0.626005,0.999665,-0.015135
int8pc,0.626340,0.999665,-0.015153
int8pc,0.626676,0.999665,-0.015189
int8pc,0.627011,0.999665,-0.015213
int8pc,0.627346,0.999665,-0.015261
int8pc,0.627681,0.999665,-0.015301
int8pc,0.628016,0.999665,-0.015325
int8pc,0.628351,0.999665,-0.015406
int8pc,0.628686,0.999665,-0.015483
int8pc,0.629021,0.999665,-0.015541
int8pc,0.629357,0.999665,-0.015648
int8pc,0.629692,0.999665,-0.015748
int8pc,0.630027,0.999665,-0.015749
int8pc,0.630362,0.999665,-0.015792
int8pc,0.630697,0.999665,-0.015899
int8pc,0.631032,0.999665,-0.015922
int8pc,0.631367,0.999665,-0.016195
int8pc,0.631702,0.999665,-0.016223
int8pc,0.632038,0.999665,-0.016246
int8pc,0.632373,0.999665,-0.016409
int8pc,0.632708,0.999665,-0.016426
int8pc,0.633043,0.999665,-0.016435
int8pc,0.633378,0.999665,-0.016436
int8pc,0.633713,0.999665,-0.016443
int8pc,0.634048,0.999665,-0.016576
int8pc,0.634383,0.999665,-0.016620
int8pc,0.634718,0.999665,-0.016638
int8pc,0.635054,0.999665,-0.016728
int8pc,0.635389,0.999665,-0.016735
int8pc,0.635724,0.999665,-0.016764
int8pc,0.636059,0.999665,-0.016855
int8pc,0.636394,0.999665,-0.016920
int8pc,0.636729,0.999665,-0.017125
int8pc,0.637064,0.999665,-0.017167
int8pc,0.637399,0.999665,-0.017263
int8pc,0.637735,0.999665,-0.017264
int8pc,0.638070,0.999665,-0.017325
int8pc,0.638405,0.999665,-0.017441
int8pc,0.638740,0.999665,-0.017456
int8pc,0.639075,0.999665,-0.017521
int8pc,0.639410,0.999665,-0.017532
int8pc,0.639745,0.999665,-0.017560
int8pc,0.640080,0.999665,-0.017571
int8pc,0.640416,0.999665,-0.017637
int8pc,0.640751,0.999665,-0.017652
int8pc,0.641086,0.999665,-0.017662
int8pc,0.641421,0.999665,-0.017683
int8pc,0.641756,0.999665,-0.017768
int8pc,0.642091,0.999665,-0.017842
int8pc,0.642426,0.999665,-0.017902
int8pc,0.642761,0.999665,-0.017938
int8pc,0.643097,0.999665,-0.018050
int8pc,0.643432,0.999665,-0.018060
int8pc,0.643767,0.999665,-0.018084
int8pc,0.644102,0.999665,-0.018163
int8pc,0.644437,0.999665,-0.018176
int8pc,0.644772,0.999665,-0.018335
int8pc,0.645107,0.999665,-0.018400
int8pc,0.645442,0.999665,-0.018518
int8pc,0.645777,0.999665,-0.018547
int8pc,0.646113,0.999665,-0.018589
int8pc,0.646448,0.999665,-0.018590
int8pc,0.646783,0.999665,-0.018716
int8pc,0.647118,0.999665,-0.018726
int8pc,0.647453,0.999665,-0.018767
int8pc,0.647788,0.999665,-0.018842
int8pc,0.648123,0.999665,-0.018851
int8pc,0.648458,0.999665,-0.018917
int8pc,0.648794,0.999665,-0.018972
int8pc,0.649129,0.999665,-0.018982
int8pc,0.649464,0.999665,-0.019027
int8pc,0.649799,0.999665,-0.019039
int8pc,0.650134,0.999665,-0.019075
int8pc,0.650469,0.999665,-0.019146
int8pc,0.650804,0.999665,-0.019255
int8pc,0.651139,0.999665,-0.019256
int8pc,0.651475,0.999665,-0.019361
int8pc,0.651810,0.999665,-0.019374
int8pc,0.652145,0.999665,-0.019427
int8pc,0.652480,0.999665,-0.019572
int8pc,0.652815,0.999665,-0.019643
int8pc,0.653150,0.999665,-0.019650
int8pc,0.653485,0.999665,-0.019681
int8pc,0.653820,0.999665,-0.019779
int8pc,0.654155,0.999665,-0.019787
int8pc,0.654491,0.999665,-0.019929
int8pc,0.654826,0.999665,-0.019930
int8pc,0.655161,0.999665,-0.020041
int8pc,0.655496,0.999665,-0.020067
int8pc,0.655831,0.999665,-0.020069
int8pc,0.656166,0.999665,-0.020117
int8pc,0.656501,0.999665,-0.020121
int8pc,0.656836,0.999665,-0.020146
int8pc,0.657172,0.999665,-0.020186
int8pc,0.657507,0.999665,-0.020253
int8pc,0.657842,0.999665,-0.020317
int8pc,0.658177,0.999665,-0.020345
int8pc,0.658512,0.999665,-0.020356
int8pc,0.658847,0.999665,-0.020370
int8pc,0.659182,0.999665,-0.020520
int8pc,0.659517,0.999665,-0.020535
int8pc,0.659853,0.999665,-0.020544
int8pc,0.660188,0.999665,-0.020559
int8pc,0.660523,0.999665,-0.020693
int8pc,0.660858,0.999665,-0.020743
int8pc,0.661193,0.999665,-0.020749
int8pc,0.661528,0.999665,-0.020782
int8pc,0.661863,0.999665,-0.020809
int8pc,0.662198,0.999665,-0.020841
int8pc,0.662534,0.999665,-0.020905
int8pc,0.662869,0.999665,-0.020982
int8pc,0.663204,0.999665,-0.021170
int8pc,0.663539,0.999665,-0.021222
int8pc,0.663874,0.999665,-0.021230
int8pc,0.664209,0.999665,-0.021238
int8pc,0.664544,0.999665,-0.021250
int8pc,0.664879,0.999665,-0.021252
int8pc,0.665214,0.999665,-0.021311
int8pc,0.665550,0.999665,-0.021390
int8pc,0.665885,0.999665,-0.021575
int8pc,0.666220,0.999665,-0.021791
int8pc,0.666555,0.999665,-0.021806
int8pc,0.666890,0.999665,-0.021830
int8pc,0.667225,0.999665,-0.021845
int8pc,0.667560,0.999665,-0.021978
int8pc,0.667895,0.999665,-0.021992
int8pc,0.668231,0.999665,-0.022130
int8pc,0.668566,0.999665,-0.022226
int8pc,0.668901,0.999665,-0.022232
int8pc,0.669236,0.999665,-0.022284
int8pc,0.669571,0.999665,-0.022325
int8pc,0.669906,0.999665,-0.022348
int8pc,0.670241,0.999665,-0.022356
int8pc,0.670576,0.999665,-0.022362
int8pc,0.670912,0.999665,-0.022420
int8pc,0.671247,0.999665,-0.022533
int8pc,0.671582,0.999665,-0.022622
int8pc,0.671917,0.999665,-0.022722
int8pc,0.672252,0.999665,-0.022817
int8pc,0.672587,0.999665,-0.022877
int8pc,0.672922,0.999665,-0.022954
int8pc,0.673257,0.999665,-0.022988
int8pc,0.673592,0.999665,-0.022996
int8pc,0.673928,0.999665,-0.023089
int8pc,0.674263,0.999665,-0.023094
int8pc,0.674598,0.999665,-0.023126
int8pc,0.674933,0.999665,-0.023243
int8pc,0.675268,0.999665,-0.023407
int8pc,0.675603,0.999665,-0.023585
int8pc,0.675938,0.999665,-0.023606
int8pc,0.676273,0.999665,-0.023698
int8pc,0.676609,0.999665,-0.023700
int8pc,0.676944,0.999665,-0.023741
int8pc,0.677279,0.999665,-0.023795
int8pc,0.677614,0.999665,-0.023820
int8pc,0.677949,0.999665,-0.023848
int8pc,0.678284,0.999665,-0.023876
int8pc,0.678619,0.999665,-0.023988
int8pc,0.678954,0.999665,-0.023990
int8pc,0.679290,0.999665,-0.024036
int8pc,0.679625,0.999665,-0.024126
int8pc,0.679960,0.999665,-0.024158
int8pc,0.680295,0.999665,-0.024263
int8pc,0.680630,0.999665,-0.024277
int8pc,0.680965,0.999665,-0.024336
int8pc,0.681300,0.999665,-0.024410
int8pc,0.681635,0.999665,-0.024431
int8pc,0.681971,0.999665,-0.024783
int8pc,0.682306,0.999665,-0.024793
int8pc,0.682641,0.999665,-0.024809
int8pc,0.682976,0.999665,-0.024846
int8pc,0.683311,0.999665,-0.024876
int8pc,0.683646,0.999665,-0.025143
int8pc,0.683981,0.999665,-0.025220
int8pc,0.684316,0.999665,-0.025462
int8pc,0.684651,0.999665,-0.025538
int8pc,0.684987,0.999665,-0.025637
int8pc,0.685322,0.999665,-0.025664
int8pc,0.685657,0.999665,-0.025674
int8pc,0.685992,0.999665,-0.025792
int8pc,0.686327,0.999665,-0.025797
int8pc,0.686662,0.999665,-0.025854
int8pc,0.686997,0.999665,-0.025923
int8pc,0.687332,0.999665,-0.025946
int8pc,0.687668,0.999665,-0.026028
int8pc,0.688003,0.999665,-0.026042
int8pc,0.688338,0.999665,-0.026047
int8pc,0.688673,0.999665,-0.026077
int8pc,0.689008,0.999665,-0.026087
int8pc,0.689343,0.999665,-0.026184
int8pc,0.689678,0.999665,-0.026306
int8pc,0.690013,0.999665,-0.026373
int8pc,0.690349,0.999665,-0.026479
int8pc,0.690684,0.999665,-0.026495
int8pc,0.691019,0.999665,-0.026515
int8pc,0.691354,0.999665,-0.026531
int8pc,0.691689,0.999665,-0.026535
int8pc,0.692024,0.999665,-0.026547
int8pc,0.692359,0.999665,-0.026559
int8pc,0.692694,0.999665,-0.026570
int8pc,0.693029,0.999665,-0.026627
int8pc,0.693365,0.999665,-0.026673
int8pc,0.693700,0.999665,-0.026676
int8pc,0.694035,0.999665,-0.026713
int8pc,0.694370,0.999665,-0.026729
int8pc,0.694705,0.999665,-0.027036
int8pc,0.695040,0.999665,-0.027159
int8pc,0.695375,0.999665,-0.027161
int8pc,0.695710,0.999665,-0.027164
int8pc,0.696046,0.999665,-0.027277
int8pc,0.696381,0.999665,-0.027332
int8pc,0.696716,0.999665,-0.027347
int8pc,0.697051,0.999665,-0.027433
int8pc,0.697386,0.999665,-0.027618
int8pc,0.697721,0.999665,-0.027651
int8pc,0.698056,0.999665,-0.027690
int8pc,0.698391,0.999665,-0.027690
int8pc,0.698727,0.999665,-0.027740
int8pc,0.699062,0.999665,-0.027856
int8pc,0.699397,0.999665,-0.027943
int8pc,0.699732,0.999665,-0.027951
int8pc,0.700067,0.999665,-0.028100
int8pc,0.700402,0.999665,-0.028137
int8pc,0.700737,0.999665,-0.028196
int8pc,0.701072,0.999665,-0.028205
int8pc,0.701408,0.999665,-0.028265
int8pc,0.701743,0.999665,-0.028272
int8pc,0.702078,0.999665,-0.028311
int8pc,0.702413,0.999665,-0.028360
int8pc,0.702748,0.999665,-0.028385
int8pc,0.703083,0.999665,-0.028586
int8pc,0.703418,0.999665,-0.028642
int8pc,0.703753,0.999665,-0.028818
int8pc,0.704088,0.999665,-0.028886
int8pc,0.704424,0.999665,-0.028961
int8pc,0.704759,0.999665,-0.028990
int8pc,0.705094,0.999665,-0.029005
int8pc,0.705429,0.999665,-0.029013
int8pc,0.705764,0.999665,-0.029066
int8pc,0.706099,0.999665,-0.029105
int8pc,0.706434,0.999665,-0.029140
int8pc,0.706769,0.999665,-0.029236
int8pc,0.707105,0.999665,-0.029249
int8pc,0.707440,0.999665,-0.029283
int8pc,0.707775,0.999665,-0.029301
int8pc,0.708110,0.999665,-0.029327
int8pc,0.708445,0.999665,-0.029347
int8pc,0.708780,0.999665,-0.029406
int8pc,0.709115,0.999665,-0.029559
int8pc,0.709450,0.999665,-0.029566
int8pc,0.709786,0.999665,-0.029596
int8pc,0.710121,0.999665,-0.029616
int8pc,0.710456,0.999665,-0.029792
int8pc,0.710791,0.999665,-0.029797
int8pc,0.711126,0.999665,-0.029830
int8pc,0.711461,0.999665,-0.029955
int8pc,0.711796,0.999665,-0.029969
int8pc,0.712131,0.999665,-0.030097
int8pc,0.712466,0.999665,-0.030099
int8pc,0.712802,0.999665,-0.030301
int8pc,0.713137,0.999665,-0.030388
int8pc,0.713472,0.999665,-0.030589
int8pc,0.713807,0.999665,-0.030604
int8pc,0.714142,0.999665,-0.030657
int8pc,0.714477,0.999665,-0.030781
int8pc,0.714812,0.999665,-0.030905
int8pc,0.715147,0.999665,-0.030907
int8pc,0.715483,0.999665,-0.031017
int8pc,0.715818,0.999665,-0.031049
int8pc,0.716153,0.999665,-0.031117
int8pc,0.716488,0.999665,-0.031320
int8pc,0.716823,0.999665,-0.031374
int8pc,0.717158,0.999665,-0.031587
int8pc,0.717493,0.999665,-0.031626
int8pc,0.717828,0.999665,-0.031661
int8pc,0.718164,0.999665,-0.031717
int8pc,0.718499,0.999665,-0.031817
int8pc,0.718834,0.999665,-0.031919
int8pc,0.719169,0.999665,-0.032026
int8pc,0.719504,0.999665,-0.032137
int8pc,0.719839,0.999665,-0.032184
int8pc,0.720174,0.999665,-0.032203
int8pc,0.720509,0.999665,-0.032363
int8pc,0.720845,0.999665,-0.032422
int8pc,0.721180,0.999665,-0.032527
int8pc,0.721515,0.999665,-0.032546
int8pc,0.721850,0.999665,-0.032650
int8pc,0.722185,0.999665,-0.032655
int8pc,0.722520,0.999665,-0.032672
int8pc,0.722855,0.999665,-0.032923
int8pc,0.723190,0.999665,-0.032983
int8pc,0.723525,0.999665,-0.032985
int8pc,0.723861,0.999665,-0.032997
int8pc,0.724196,0.999665,-0.033018
int8pc,0.724531,0.999665,-0.033467
int8pc,0.724866,0.999665,-0.033478
int8pc,0.725201,0.999665,-0.033607
int8pc,0.725536,0.999665,-0.033831
int8pc,0.725871,0.999665,-0.033862
int8pc,0.726206,0.999665,-0.033878
int8pc,0.726542,0.999665,-0.034160
int8pc,0.726877,0.999665,-0.034273
int8pc,0.727212,0.999665,-0.034322
int8pc,0.727547,0.999665,-0.034332
int8pc,0.727882,0.999665,-0.034334
int8pc,0.728217,0.999665,-0.034495
int8pc,0.728552,0.999665,-0.034499
int8pc,0.728887,0.999665,-0.034570
int8pc,0.729223,0.999665,-0.034628
int8pc,0.729558,0.999665,-0.034659
int8pc,0.729893,0.999665,-0.034693
int8pc,0.730228,0.999665,-0.034762
int8pc,0.730563,0.999665,-0.034829
int8pc,0.730898,0.999665,-0.034914
int8pc,0.731233,0.999665,-0.035002
int8pc,0.731568,0.999665,-0.035162
int8pc,0.731903,0.999665,-0.035254
int8pc,0.732239,0.999665,-0.035295
int8pc,0.732574,0.999665,-0.035357
int8pc,0.732909,0.999665,-0.035712
int8pc,0.733244,0.999665,-0.035751
int8pc,0.733579,0.999665,-0.035775
int8pc,0.733914,0.999665,-0.035804
int8pc,0.734249,0.999665,-0.035894
int8pc,0.734584,0.999665,-0.035902
int8pc,0.734920,0.999665,-0.036020
int8pc,0.735255,0.999665,-0.036041
int8pc,0.735590,0.999665,-0.036150
int8pc,0.735925,0.999665,-0.036365
int8pc,0.736260,0.999665,-0.036396
int8pc,0.736595,0.999665,-0.036400
int8pc,0.736930,0.999665,-0.036453
int8pc,0.737265,0.999665,-0.036536
int8pc,0.737601,0.999665,-0.036548
int8pc,0.737936,0.999665,-0.036565
int8pc,0.738271,0.999665,-0.036599
int8pc,0.738606,0.999665,-0.036625
int8pc,0.738941,0.999665,-0.036682
int8pc,0.739276,0.999665,-0.036743
int8pc,0.739611,0.999665,-0.036796
int8pc,0.739946,0.999665,-0.036974
int8pc,0.740282,0.999665,-0.037081
int8pc,0.740617,0.999665,-0.037146
int8pc,0.740952,0.999665,-0.037181
int8pc,0.741287,0.999665,-0.037336
int8pc,0.741622,0.999665,-0.037466
int8pc,0.741957,0.999665,-0.037480
int8pc,0.742292,0.999665,-0.037501
int8pc,0.742627,0.999665,-0.037550
int8pc,0.742962,0.999665,-0.037674
int8pc,0.743298,0.999665,-0.037676
int8pc,0.743633,0.999665,-0.037766
int8pc,0.743968,0.999665,-0.037905
int8pc,0.744303,0.999665,-0.038031
int8pc,0.744638,0.999665,-0.038071
int8pc,0.744973,0.999665,-0.038243
int8pc,0.745308,0.999665,-0.038311
int8pc,0.745643,0.999665,-0.038313
int8pc,0.745979,0.999665,-0.038326
int8pc,0.746314,0.999665,-0.038496
int8pc,0.746649,0.999665,-0.038584
int8pc,0.746984,0.999665,-0.038655
int8pc,0.747319,0.999665,-0.038691
int8pc,0.747654,0.999665,-0.038723
int8pc,0.747989,0.999665,-0.038762
int8pc,0.748324,0.999665,-0.038770
int8pc,0.748660,0.999665,-0.038965
int8pc,0.748995,0.999665,-0.039086
int8pc,0.749330,0.999665,-0.039291
int8pc,0.749665,0.999665,-0.039447
int8pc,0.750000,0.999665,-0.039450
int8pc,0.750335,0.999665,-0.039567
int8pc,0.750670,0.999665,-0.039599
int8pc,0.751005,0.999665,-0.039609
int8pc,0.751340,0.999665,-0.039635
int8pc,0.751676,0.999665,-0.039643
int8pc,0.752011,0.999665,-0.039819
int8pc,0.752346,0.999665,-0.039878
int8pc,0.752681,0.999665,-0.039898
int8pc,0.753016,0.999665,-0.039943
int8pc,0.753351,0.999665,-0.039958
int8pc,0.753686,0.999665,-0.040011
int8pc,0.754021,0.999665,-0.040107
int8pc,0.754357,0.999665,-0.040371
int8pc,0.754692,0.999665,-0.040508
int8pc,0.755027,0.999665,-0.040543
int8pc,0.755362,0.999665,-0.040561
int8pc,0.755697,0.999665,-0.040658
int8pc,0.756032,0.999665,-0.040730
int8pc,0.756367,0.999665,-0.040915
int8pc,0.756702,0.999665,-0.040928
int8pc,0.757038,0.999665,-0.041015
int8pc,0.757373,0.999665,-0.041138
int8pc,0.757708,0.999665,-0.041271
int8pc,0.758043,0.999665,-0.041325
int8pc,0.758378,0.999665,-0.041358
int8pc,0.758713,0.999665,-0.041421
int8pc,0.759048,0.999665,-0.041439
int8pc,0.759383,0.999665,-0.041600
int8pc,0.759718,0.999665,-0.041681
int8pc,0.760054,0.999665,-0.041689
int8pc,0.760389,0.999665,-0.041825
int8pc,0.760724,0.999665,-0.041845
int8pc,0.761059,0.999665,-0.041871
int8pc,0.761394,0.999665,-0.041900
int8pc,0.761729,0.999665,-0.041966
int8pc,0.762064,0.999665,-0.041971
int8pc,0.762399,0.999665,-0.042029
int8pc,0.762735,0.999665,-0.042038
int8pc,0.763070,0.999665,-0.042219
int8pc,0.763405,0.999665,-0.042288
int8pc,0.763740,0.999665,-0.042300
int8pc,0.764075,0.999665,-0.042301
int8pc,0.764410,0.999665,-0.042433
int8pc,0.764745,0.999665,-0.042740
int8pc,0.765080,0.999665,-0.042781
int8pc,0.765416,0.999665,-0.042842
int8pc,0.765751,0.999665,-0.042885
int8pc,0.766086,0.999665,-0.042892
int8pc,0.766421,0.999665,-0.042958
int8pc,0.766756,0.999665,-0.043041
int8pc,0.767091,0.999665,-0.043080
int8pc,0.767426,0.999665,-0.043129
int8pc,0.767761,0.999665,-0.043435
int8pc,0.768097,0.999665,-0.043516
int8pc,0.768432,0.999665,-0.043673
int8pc,0.768767,0.999665,-0.043810
int8pc,0.769102,0.999665,-0.043820
int8pc,0.769437,0.999665,-0.043935
int8pc,0.769772,0.999665,-0.043946
int8pc,0.770107,0.999665,-0.044009
int8pc,0.770442,0.999665,-0.044148
int8pc,0.770777,0.999665,-0.044151
int8pc,0.771113,0.999665,-0.044188
int8pc,0.771448,0.999665,-0.044266
int8pc,0.771783,0.999665,-0.044360
int8pc,0.772118,0.999665,-0.044505
int8pc,0.772453,0.999665,-0.044568
int8pc,0.772788,0.999665,-0.044840
int8pc,0.773123,0.999665,-0.044867
int8pc,0.773458,0.999665,-0.044930
int8pc,0.773794,0.999665,-0.045237
int8pc,0.774129,0.999665,-0.045477
int8pc,0.774464,0.999665,-0.045648
int8pc,0.774799,0.999665,-0.045656
int8pc,0.775134,0.999665,-0.045909
int8pc,0.775469,0.999665,-0.046068
int8pc,0.775804,0.999665,-0.046170
int8pc,0.776139,0.999665,-0.046217
int8pc,0.776475,0.999665,-0.046306
int8pc,0.776810,0.999665,-0.046336
int8pc,0.777145,0.999665,-0.046339
int8pc,0.777480,0.999665,-0.046388
int8pc,0.777815,0.999665,-0.046500
int8pc,0.778150,0.999665,-0.046509
int8pc,0.778485,0.999665,-0.046519
int8pc,0.778820,0.999665,-0.046589
int8pc,0.779155,0.999665,-0.046631
int8pc,0.779491,0.999665,-0.046739
int8pc,0.779826,0.999665,-0.046867
int8pc,0.780161,0.999665,-0.046916
int8pc,0.780496,0.999665,-0.046958
int8pc,0.780831,0.999665,-0.047001
int8pc,0.781166,0.999665,-0.047101
int8pc,0.781501,0.999665,-0.047128
int8pc,0.781836,0.999665,-0.047288
int8pc,0.782172,0.999665,-0.047292
int8pc,0.782507,0.999665,-0.047329
int8pc,0.782842,0.999665,-0.047409
int8pc,0.783177,0.999665,-0.047412
int8pc,0.783512,0.999665,-0.047489
int8pc,0.783847,0.999665,-0.047633
int8pc,0.784182,0.999665,-0.047724
int8pc,0.784517,0.999665,-0.047879
int8pc,0.784853,0.999665,-0.048354
int8pc,0.785188,0.999665,-0.048408
int8pc,0.785523,0.999665,-0.048506
int8pc,0.785858,0.999665,-0.048532
int8pc,0.786193,0.999665,-0.048764
int8pc,0.786528,0.999665,-0.048801
int8pc,0.786528,1.000000,-0.048827
int8pc,0.786863,1.000000,-0.048935
int8pc,0.787198,1.000000,-0.049101
int8pc,0.787534,1.000000,-0.049219
int8pc,0.787869,1.000000,-0.049261
int8pc,0.788204,1.000000,-0.049345
int8pc,0.788539,1.000000,-0.049416
int8pc,0.788874,1.000000,-0.049436
int8pc,0.789209,1.000000,-0.049438
int8pc,0.789544,1.000000,-0.049464
int8pc,0.789879,1.000000,-0.049683
int8pc,0.790214,1.000000,-0.049725
int8pc,0.790550,1.000000,-0.049774
int8pc,0.790885,1.000000,-0.049826
int8pc,0.791220,1.000000,-0.049862
int8pc,0.791555,1.000000,-0.049866
int8pc,0.791890,1.000000,-0.049913
int8pc,0.792225,1.000000,-0.050136
int8pc,0.792560,1.000000,-0.050156
int8pc,0.792895,1.000000,-0.050243
int8pc,0.793231,1.000000,-0.050251
int8pc,0.793566,1.000000,-0.050275
int8pc,0.793901,1.000000,-0.050315
int8pc,0.794236,1.000000,-0.050335
int8pc,0.794571,1.000000,-0.050412
int8pc,0.794906,1.000000,-0.050442
int8pc,0.795241,1.000000,-0.050502
int8pc,0.795576,1.000000,-0.050521
int8pc,0.795912,1.000000,-0.050568
int8pc,0.796247,1.000000,-0.050635
int8pc,0.796582,1.000000,-0.050642
int8pc,0.796917,1.000000,-0.050723
int8pc,0.797252,1.000000,-0.050841
int8pc,0.797587,1.000000,-0.051004
int8pc,0.797922,1.000000,-0.051023
int8pc,0.798257,1.000000,-0.051039
int8pc,0.798592,1.000000,-0.051082
int8pc,0.798928,1.000000,-0.051128
int8pc,0.799263,1.000000,-0.051321
int8pc,0.799598,1.000000,-0.051326
int8pc,0.799933,1.000000,-0.051421
int8pc,0.800268,1.000000,-0.051598
int8pc,0.800603,1.000000,-0.051602
int8pc,0.800938,1.000000,-0.051656
int8pc,0.801273,1.000000,-0.051837
int8pc,0.801609,1.000000,-0.052225
int8pc,0.801944,1.000000,-0.052238
int8pc,0.802279,1.000000,-0.052244
int8pc,0.802614,1.000000,-0.052328
int8pc,0.802949,1.000000,-0.052361
int8pc,0.803284,1.000000,-0.052405
int8pc,0.803619,1.000000,-0.052560
int8pc,0.803954,1.000000,-0.052640
int8pc,0.804290,1.000000,-0.052730
int8pc,0.804625,1.000000,-0.052744
int8pc,0.804960,1.000000,-0.052837
int8pc,0.805295,1.000000,-0.052926
int8pc,0.805630,1.000000,-0.053180
int8pc,0.805965,1.000000,-0.053217
int8pc,0.806300,1.000000,-0.053269
int8pc,0.806635,1.000000,-0.053311
int8pc,0.806971,1.000000,-0.053361
int8pc,0.807306,1.000000,-0.053369
int8pc,0.807641,1.000000,-0.053468
int8pc,0.807976,1.000000,-0.053518
int8pc,0.808311,1.000000,-0.053524
int8pc,0.808646,1.000000,-0.053834
int8pc,0.808981,1.000000,-0.053846
int8pc,0.809316,1.000000,-0.054014
int8pc,0.809651,1.000000,-0.054222
int8pc,0.809987,1.000000,-0.054342
int8pc,0.810322,1.000000,-0.054364
int8pc,0.810657,1.000000,-0.054507
int8pc,0.810992,1.000000,-0.054633
int8pc,0.811327,1.000000,-0.054661
int8pc,0.811662,1.000000,-0.054755
int8pc,0.811997,1.000000,-0.054873
int8pc,0.812332,1.000000,-0.054907
int8pc,0.812668,1.000000,-0.055074
int8pc,0.813003,1.000000,-0.055128
int8pc,0.813338,1.000000,-0.055134
int8pc,0.813673,1.000000,-0.055277
int8pc,0.814008,1.000000,-0.055344
int8pc,0.814343,1.000000,-0.055565
int8pc,0.814678,1.000000,-0.055577
int8pc,0.815013,1.000000,-0.055592
int8pc,0.815349,1.000000,-0.055760
int8pc,0.815684,1.000000,-0.055790
int8pc,0.816019,1.000000,-0.055838
int8pc,0.816354,1.000000,-0.055852
int8pc,0.816689,1.000000,-0.055904
int8pc,0.817024,1.000000,-0.055939
int8pc,0.817359,1.000000,-0.055946
int8pc,0.817694,1.000000,-0.055985
int8pc,0.818029,1.000000,-0.055989
int8pc,0.818365,1.000000,-0.056027
int8pc,0.818700,1.000000,-0.056046
int8pc,0.819035,1.000000,-0.056068
int8pc,0.819370,1.000000,-0.056083
int8pc,0.819705,1.000000,-0.056088
int8pc,0.820040,1.000000,-0.056104
int8pc,0.820375,1.000000,-0.056112
int8pc,0.820710,1.000000,-0.056120
int8pc,0.821046,1.000000,-0.056136
int8pc,0.821381,1.000000,-0.056350
int8pc,0.821716,1.000000,-0.056421
int8pc,0.822051,1.000000,-0.056682
int8pc,0.822386,1.000000,-0.056818
int8pc,0.822721,1.000000,-0.056839
int8pc,0.823056,1.000000,-0.057007
int8pc,0.823391,1.000000,-0.057057
int8pc,0.823727,1.000000,-0.057125
int8pc,0.824062,1.000000,-0.057250
int8pc,0.824397,1.000000,-0.057581
int8pc,0.824732,1.000000,-0.057624
int8pc,0.825067,1.000000,-0.057688
int8pc,0.825402,1.000000,-0.057773
int8pc,0.825737,1.000000,-0.057852
int8pc,0.826072,1.000000,-0.057954
int8pc,0.826408,1.000000,-0.058071
int8pc,0.826743,1.000000,-0.058198
int8pc,0.827078,1.000000,-0.058329
int8pc,0.827413,1.000000,-0.058353
int8pc,0.827748,1.000000,-0.058416
int8pc,0.828083,1.000000,-0.058504
int8pc,0.828418,1.000000,-0.058640
int8pc,0.828753,1.000000,-0.058847
int8pc,0.829088,1.000000,-0.058877
int8pc,0.829424,1.000000,-0.058878
int8pc,0.829759,1.000000,-0.058981
int8pc,0.830094,1.000000,-0.059041
int8pc,0.830429,1.000000,-0.059057
int8pc,0.830764,1.000000,-0.059197
int8pc,0.831099,1.000000,-0.059210
int8pc,0.831434,1.000000,-0.059268
int8pc,0.831769,1.000000,-0.059295
int8pc,0.832105,1.000000,-0.059298
int8pc,0.832440,1.000000,-0.059340
int8pc,0.832775,1.000000,-0.059577
int8pc,0.833110,1.000000,-0.059637
int8pc,0.833445,1.000000,-0.059644
int8pc,0.833780,1.000000,-0.059716
int8pc,0.834115,1.000000,-0.059890
int8pc,0.834450,1.000000,-0.059924
int8pc,0.834786,1.000000,-0.059953
int8pc,0.835121,1.000000,-0.060181
int8pc,0.835456,1.000000,-0.060387
int8pc,0.835791,1.000000,-0.060414
int8pc,0.836126,1.000000,-0.060556
int8pc,0.836461,1.000000,-0.060605
int8pc,0.836796,1.000000,-0.060843
int8pc,0.837131,1.000000,-0.060882
int8pc,0.837466,1.000000,-0.060891
int8pc,0.837802,1.000000,-0.060895
int8pc,0.838137,1.000000,-0.060898
int8pc,0.838472,1.000000,-0.060947
int8pc,0.838807,1.000000,-0.060961
int8pc,0.839142,1.000000,-0.060974
int8pc,0.839477,1.000000,-0.061013
int8pc,0.839812,1.000000,-0.061067
int8pc,0.840147,1.000000,-0.061105
int8pc,0.840483,1.000000,-0.061157
int8pc,0.840818,1.000000,-0.061166
int8pc,0.841153,1.000000,-0.061200
int8pc,0.841488,1.000000,-0.061250
int8pc,0.841823,1.000000,-0.061314
int8pc,0.842158,1.000000,-0.061368
int8pc,0.842493,1.000000,-0.061394
int8pc,0.842828,1.000000,-0.061561
int8pc,0.843164,1.000000,-0.061574
int8pc,0.843499,1.000000,-0.061610
int8pc,0.843834,1.000000,-0.061659
int8pc,0.844169,1.000000,-0.062034
int8pc,0.844504,1.000000,-0.062058
int8pc,0.844839,1.000000,-0.062109
int8pc,0.845174,1.000000,-0.062143
int8pc,0.845509,1.000000,-0.062160
int8pc,0.845845,1.000000,-0.062236
int8pc,0.846180,1.000000,-0.062260
int8pc,0.846515,1.000000,-0.062413
int8pc,0.846850,1.000000,-0.062453
int8pc,0.847185,1.000000,-0.062519
int8pc,0.847520,1.000000,-0.062525
int8pc,0.847855,1.000000,-0.062538
int8pc,0.848190,1.000000,-0.062687
int8pc,0.848525,1.000000,-0.062798
int8pc,0.848861,1.000000,-0.062812
int8pc,0.849196,1.000000,-0.062843
int8pc,0.849531,1.000000,-0.062966
int8pc,0.849866,1.000000,-0.062980
int8pc,0.850201,1.000000,-0.062992
int8pc,0.850536,1.000000,-0.063037
int8pc,0.850871,1.000000,-0.063042
int8pc,0.851206,1.000000,-0.063120
int8pc,0.851542,1.000000,-0.063123
int8pc,0.851877,1.000000,-0.063124
int8pc,0.852212,1.000000,-0.063181
int8pc,0.852547,1.000000,-0.063283
int8pc,0.852882,1.000000,-0.063325
int8pc,0.853217,1.000000,-0.063358
int8pc,0.853552,1.000000,-0.063437
int8pc,0.853887,1.000000,-0.063626
int8pc,0.854223,1.000000,-0.063653
int8pc,0.854558,1.000000,-0.063675
int8pc,0.854893,1.000000,-0.063819
int8pc,0.855228,1.000000,-0.063824
int8pc,0.855563,1.000000,-0.063863
int8pc,0.855898,1.000000,-0.063978
int8pc,0.856233,1.000000,-0.063990
int8pc,0.856568,1.000000,-0.064010
int8pc,0.856903,1.000000,-0.064137
int8pc,0.857239,1.000000,-0.064138
int8pc,0.857574,1.000000,-0.064486
int8pc,0.857909,1.000000,-0.064512
int8pc,0.858244,1.000000,-0.064521
int8pc,0.858579,1.000000,-0.064554
int8pc,0.858914,1.000000,-0.064587
int8pc,0.859249,1.000000,-0.064589
int8pc,0.859584,1.000000,-0.064637
int8pc,0.859920,1.000000,-0.065043
int8pc,0.860255,1.000000,-0.065046
int8pc,0.860590,1.000000,-0.065217
int8pc,0.860925,1.000000,-0.065365
int8pc,0.861260,1.000000,-0.065426
int8pc,0.861595,1.000000,-0.065448
int8pc,0.861930,1.000000,-0.065565
int8pc,0.862265,1.000000,-0.065613
int8pc,0.862601,1.000000,-0.066018
int8pc,0.862936,1.000000,-0.066021
int8pc,0.863271,1.000000,-0.066041
int8pc,0.863606,1.000000,-0.066060
int8pc,0.863941,1.000000,-0.066083
int8pc,0.864276,1.000000,-0.066389
int8pc,0.864611,1.000000,-0.066468
int8pc,0.864946,1.000000,-0.066588
int8pc,0.865282,1.000000,-0.066931
int8pc,0.865617,1.000000,-0.066946
int8pc,0.865952,1.000000,-0.066972
int8pc,0.866287,1.000000,-0.067109
int8pc,0.866622,1.000000,-0.067219
int8pc,0.866957,1.000000,-0.067265
int8pc,0.867292,1.000000,-0.067341
int8pc,0.867627,1.000000,-0.067576
int8pc,0.867962,1.000000,-0.067585
int8pc,0.868298,1.000000,-0.067636
int8pc,0.868633,1.000000,-0.067831
int8pc,0.868968,1.000000,-0.068455
int8pc,0.869303,1.000000,-0.068477
int8pc,0.869638,1.000000,-0.068490
int8pc,0.869973,1.000000,-0.068504
int8pc,0.870308,1.000000,-0.068524
int8pc,0.870643,1.000000,-0.068529
int8pc,0.870979,1.000000,-0.068860
int8pc,0.871314,1.000000,-0.068987
int8pc,0.871649,1.000000,-0.069135
int8pc,0.871984,1.000000,-0.069270
int8pc,0.872319,1.000000,-0.069298
int8pc,0.872654,1.000000,-0.069299
int8pc,0.872989,1.000000,-0.069318
int8pc,0.873324,1.000000,-0.069330
int8pc,0.873660,1.000000,-0.069341
int8pc,0.873995,1.000000,-0.069621
int8pc,0.874330,1.000000,-0.069622
int8pc,0.874665,1.000000,-0.069821
int8pc,0.875000,1.000000,-0.069953
int8pc,0.875335,1.000000,-0.070072
int8pc,0.875670,1.000000,-0.070079
int8pc,0.876005,1.000000,-0.070161
int8pc,0.876340,1.000000,-0.070228
int8pc,0.876676,1.000000,-0.070234
int8pc,0.877011,1.000000,-0.070362
int8pc,0.877346,1.000000,-0.070594
int8pc,0.877681,1.000000,-0.070626
int8pc,0.878016,1.000000,-0.070717
int8pc,0.878351,1.000000,-0.070862
int8pc,0.878686,1.000000,-0.070865
int8pc,0.879021,1.000000,-0.070893
int8pc,0.879357,1.000000,-0.070900
int8pc,0.879692,1.000000,-0.070900
int8pc,0.880027,1.000000,-0.071060
int8pc,0.880362,1.000000,-0.071139
int8pc,0.880697,1.000000,-0.071157
int8pc,0.881032,1.000000,-0.071304
int8pc,0.881367,1.000000,-0.071528
int8pc,0.881702,1.000000,-0.071560
int8pc,0.882038,1.000000,-0.071665
int8pc,0.882373,1.000000,-0.071748
int8pc,0.882708,1.000000,-0.071811
int8pc,0.883043,1.000000,-0.071812
int8pc,0.883378,1.000000,-0.071920
int8pc,0.883713,1.000000,-0.072114
int8pc,0.884048,1.000000,-0.072210
int8pc,0.884383,1.000000,-0.072216
int8pc,0.884718,1.000000,-0.072322
int8pc,0.885054,1.000000,-0.072404
int8pc,0.885389,1.000000,-0.072670
int8pc,0.885724,1.000000,-0.072814
int8pc,0.886059,1.000000,-0.072833
int8pc,0.886394,1.000000,-0.072856
int8pc,0.886729,1.000000,-0.072966
int8pc,0.887064,1.000000,-0.073002
int8pc,0.887399,1.000000,-0.073048
int8pc,0.887735,1.000000,-0.073061
int8pc,0.888070,1.000000,-0.073273
int8pc,0.888405,1.000000,-0.073292
int8pc,0.888740,1.000000,-0.073436
int8pc,0.889075,1.000000,-0.073653
int8pc,0.889410,1.000000,-0.074095
int8pc,0.889745,1.000000,-0.074489
int8pc,0.890080,1.000000,-0.074526
int8pc,0.890416,1.000000,-0.074556
int8pc,0.890751,1.000000,-0.074574
int8pc,0.891086,1.000000,-0.074707
int8pc,0.891421,1.000000,-0.075078
int8pc,0.891756,1.000000,-0.075167
int8pc,0.892091,1.000000,-0.075476
int8pc,0.892426,1.000000,-0.075624
int8pc,0.892761,1.000000,-0.075631
int8pc,0.893097,1.000000,-0.075730
int8pc,0.893432,1.000000,-0.075904
int8pc,0.893767,1.000000,-0.076083
int8pc,0.894102,1.000000,-0.076122
int8pc,0.894437,1.000000,-0.076169
int8pc,0.894772,1.000000,-0.076203
int8pc,0.895107,1.000000,-0.076315
int8pc,0.895442,1.000000,-0.076437
int8pc,0.895777,1.000000,-0.076620
int8pc,0.896113,1.000000,-0.076685
int8pc,0.896448,1.000000,-0.076814
int8pc,0.896783,1.000000,-0.076853
int8pc,0.897118,1.000000,-0.076996
int8pc,0.897453,1.000000,-0.077095
int8pc,0.897788,1.000000,-0.077095
int8pc,0.898123,1.000000,-0.077221
int8pc,0.898458,1.000000,-0.077284
int8pc,0.898794,1.000000,-0.077580
int8pc,0.899129,1.000000,-0.077614
int8pc,0.899464,1.000000,-0.077616
int8pc,0.899799,1.000000,-0.077681
int8pc,0.900134,1.000000,-0.078265
int8pc,0.900469,1.000000,-0.078549
int8pc,0.900804,1.000000,-0.078719
int8pc,0.901139,1.000000,-0.078785
int8pc,0.901475,1.000000,-0.078847
int8pc,0.901810,1.000000,-0.078970
int8pc,0.902145,1.000000,-0.078996
int8pc,0.902480,1.000000,-0.079106
int8pc,0.902815,1.000000,-0.079282
int8pc,0.903150,1.000000,-0.079288
int8pc,0.903485,1.000000,-0.079296
int8pc,0.903820,1.000000,-0.079391
int8pc,0.904155,1.000000,-0.079466
int8pc,0.904491,1.000000,-0.079561
int8pc,0.904826,1.000000,-0.079607
int8pc,0.905161,1.000000,-0.080153
int8pc,0.905496,1.000000,-0.080259
int8pc,0.905831,1.000000,-0.080319
int8pc,0.906166,1.000000,-0.080387
int8pc,0.906501,1.000000,-0.080524
int8pc,0.906836,1.000000,-0.080542
int8pc,0.907172,1.000000,-0.080570
int8pc,0.907507,1.000000,-0.080589
int8pc,0.907842,1.000000,-0.080768
int8pc,0.908177,1.000000,-0.080887
int8pc,0.908512,1.000000,-0.081203
int8pc,0.908847,1.000000,-0.081217
int8pc,0.909182,1.000000,-0.081296
int8pc,0.909517,1.000000,-0.081369
int8pc,0.909853,1.000000,-0.081589
int8pc,0.910188,1.000000,-0.081595
int8pc,0.910523,1.000000,-0.081677
int8pc,0.910858,1.000000,-0.081728
int8pc,0.911193,1.000000,-0.081779
int8pc,0.911528,1.000000,-0.081780
int8pc,0.911863,1.000000,-0.081786
int8pc,0.912198,1.000000,-0.081979
int8pc,0.912534,1.000000,-0.082137
int8pc,0.912869,1.000000,-0.082197
int8pc,0.913204,1.000000,-0.082710
int8pc,0.913539,1.000000,-0.082790
int8pc,0.913874,1.000000,-0.082941
int8pc,0.914209,1.000000,-0.083013
int8pc,0.914544,1.000000,-0.083051
int8pc,0.914879,1.000000,-0.083190
int8pc,0.915214,1.000000,-0.083215
int8pc,0.915550,1.000000,-0.083495
int8pc,0.915885,1.000000,-0.083731
int8pc,0.916220,1.000000,-0.083914
int8pc,0.916555,1.000000,-0.083917
int8pc,0.916890,1.000000,-0.083955
int8pc,0.917225,1.000000,-0.084055
int8pc,0.917560,1.000000,-0.084177
int8pc,0.917895,1.000000,-0.084243
int8pc,0.918231,1.000000,-0.084320
int8pc,0.918566,1.000000,-0.084451
int8pc,0.918901,1.000000,-0.084634
int8pc,0.919236,1.000000,-0.084837
int8pc,0.919571,1.000000,-0.084858
int8pc,0.919906,1.000000,-0.085146
int8pc,0.920241,1.000000,-0.085192
int8pc,0.920576,1.000000,-0.085518
int8pc,0.920912,1.000000,-0.085615
int8pc,0.921247,1.000000,-0.085764
int8pc,0.921582,1.000000,-0.085909
int8pc,0.921917,1.000000,-0.086085
int8pc,0.922252,1.000000,-0.086284
int8pc,0.922587,1.000000,-0.086393
int8pc,0.922922,1.000000,-0.086415
int8pc,0.923257,1.000000,-0.086548
int8pc,0.923592,1.000000,-0.086580
int8pc,0.923928,1.000000,-0.086689
int8pc,0.924263,1.000000,-0.086900
int8pc,0.924598,1.000000,-0.086986
int8pc,0.924933,1.000000,-0.087107
int8pc,0.925268,1.000000,-0.087128
int8pc,0.925603,1.000000,-0.087222
int8pc,0.925938,1.000000,-0.087635
int8pc,0.926273,1.000000,-0.087748
int8pc,0.926609,1.000000,-0.087761
int8pc,0.926944,1.000000,-0.087770
int8pc,0.927279,1.000000,-0.087897
int8pc,0.927614,1.000000,-0.087953
int8pc,0.927949,1.000000,-0.088036
int8pc,0.928284,1.000000,-0.088059
int8pc,0.928619,1.000000,-0.088324
int8pc,0.928954,1.000000,-0.088402
int8pc,0.929290,1.000000,-0.088535
int8pc,0.929625,1.000000,-0.088706
int8pc,0.929960,1.000000,-0.088915
int8pc,0.930295,1.000000,-0.089321
int8pc,0.930630,1.000000,-0.089694
int8pc,0.930965,1.000000,-0.089805
int8pc,0.931300,1.000000,-0.089880
int8pc,0.931635,1.000000,-0.090216
int8pc,0.931971,1.000000,-0.090537
int8pc,0.932306,1.000000,-0.090689
int8pc,0.932641,1.000000,-0.090801
int8pc,0.932976,1.000000,-0.090842
int8pc,0.933311,1.000000,-0.091025
int8pc,0.933646,1.000000,-0.091103
int8pc,0.933981,1.000000,-0.091501
int8pc,0.934316,1.000000,-0.091538
int8pc,0.934651,1.000000,-0.091646
int8pc,0.934987,1.000000,-0.091724
int8pc,0.935322,1.000000,-0.091956
int8pc,0.935657,1.000000,-0.092402
int8pc,0.935992,1.000000,-0.092549
int8pc,0.936327,1.000000,-0.092668
int8pc,0.936662,1.000000,-0.093066
int8pc,0.936997,1.000000,-0.093164
int8pc,0.937332,1.000000,-0.093200
int8pc,0.937668,1.000000,-0.093250
int8pc,0.938003,1.000000,-0.093356
int8pc,0.938338,1.000000,-0.093664
int8pc,0.938673,1.000000,-0.093924
int8pc,0.939008,1.000000,-0.094199
int8pc,0.939343,1.000000,-0.094363
int8pc,0.939678,1.000000,-0.094448
int8pc,0.940013,1.000000,-0.094608
int8pc,0.940349,1.000000,-0.094685
int8pc,0.940684,1.000000,-0.094689
int8pc,0.941019,1.000000,-0.094697
int8pc,0.941354,1.000000,-0.094708
int8pc,0.941689,1.000000,-0.094829
int8pc,0.942024,1.000000,-0.095044
int8pc,0.942359,1.000000,-0.095306
int8pc,0.942694,1.000000,-0.095332
int8pc,0.943029,1.000000,-0.095422
int8pc,0.943365,1.000000,-0.095434
int8pc,0.943700,1.000000,-0.095489
int8pc,0.944035,1.000000,-0.096130
int8pc,0.944370,1.000000,-0.096420
int8pc,0.944705,1.000000,-0.096449
int8pc,0.945040,1.000000,-0.096687
int8pc,0.945375,1.000000,-0.096705
int8pc,0.945710,1.000000,-0.096944
int8pc,0.946046,1.000000,-0.097114
int8pc,0.946381,1.000000,-0.097114
int8pc,0.946716,1.000000,-0.097132
int8pc,0.947051,1.000000,-0.097332
int8pc,0.947386,1.000000,-0.097410
int8pc,0.947721,1.000000,-0.097486
int8pc,0.948056,1.000000,-0.097935
int8pc,0.948391,1.000000,-0.098242
int8pc,0.948727,1.000000,-0.098342
int8pc,0.949062,1.000000,-0.099062
int8pc,0.949397,1.000000,-0.099107
int8pc,0.949732,1.000000,-0.099372
int8pc,0.950067,1.000000,-0.099678
int8pc,0.950402,1.000000,-0.099723
int8pc,0.950737,1.000000,-0.100147
int8pc,0.951072,1.000000,-0.100213
int8pc,0.951408,1.000000,-0.100362
int8pc,0.951743,1.000000,-0.100865
int8pc,0.952078,1.000000,-0.101460
int8pc,0.952413,1.000000,-0.101517
int8pc,0.952748,1.000000,-0.101755
int8pc,0.953083,1.000000,-0.101755
int8pc,0.953418,1.000000,-0.101767
int8pc,0.953753,1.000000,-0.101887
int8pc,0.954088,1.000000,-0.101909
int8pc,0.954424,1.000000,-0.102147
int8pc,0.954759,1.000000,-0.102179
int8pc,0.955094,1.000000,-0.102825
int8pc,0.955429,1.000000,-0.103080
int8pc,0.955764,1.000000,-0.103296
int8pc,0.956099,1.000000,-0.103922
int8pc,0.956434,1.000000,-0.103948
int8pc,0.956769,1.000000,-0.104269
int8pc,0.957105,1.000000,-0.104278
int8pc,0.957440,1.000000,-0.104279
int8pc,0.957775,1.000000,-0.104411
int8pc,0.958110,1.000000,-0.104479
int8pc,0.958445,1.000000,-0.104580
int8pc,0.958780,1.000000,-0.104865
int8pc,0.959115,1.000000,-0.104957
int8pc,0.959450,1.000000,-0.104978
int8pc,0.959786,1.000000,-0.105557
int8pc,0.960121,1.000000,-0.106144
int8pc,0.960456,1.000000,-0.106718
int8pc,0.960791,1.000000,-0.106779
int8pc,0.961126,1.000000,-0.106991
int8pc,0.961461,1.000000,-0.107169
int8pc,0.961796,1.000000,-0.107567
int8pc,0.962131,1.000000,-0.107980
int8pc,0.962466,1.000000,-0.108010
int8pc,0.962802,1.000000,-0.108080
int8pc,0.963137,1.000000,-0.108180
int8pc,0.963472,1.000000,-0.108311
int8pc,0.963807,1.000000,-0.108620
int8pc,0.964142,1.000000,-0.109103
int8pc,0.964477,1.000000,-0.109189
int8pc,0.964812,1.000000,-0.109340
int8pc,0.965147,1.000000,-0.109627
int8pc,0.965483,1.000000,-0.110186
int8pc,0.965818,1.000000,-0.110335
int8pc,0.966153,1.000000,-0.110379
int8pc,0.966488,1.000000,-0.111243
int8pc,0.966823,1.000000,-0.111859
int8pc,0.967158,1.000000,-0.112119
int8pc,0.967493,1.000000,-0.112612
int8pc,0.967828,1.000000,-0.113284
int8pc,0.968164,1.000000,-0.113521
int8pc,0.968499,1.000000,-0.114797
int8pc,0.968834,1.000000,-0.114832
int8pc,0.969169,1.000000,-0.115303
int8pc,0.969504,1.000000,-0.115413
int8pc,0.969839,1.000000,-0.115515
int8pc,0.970174,1.000000,-0.116852
int8pc,0.970509,1.000000,-0.116964
int8pc,0.970845,1.000000,-0.117389
int8pc,0.971180,1.000000,-0.118128
int8pc,0.971515,1.000000,-0.118323
int8pc,0.971850,1.000000,-0.118402
int8pc,0.972185,1.000000,-0.118468
int8pc,0.972520,1.000000,-0.119229
int8pc,0.972855,1.000000,-0.119445
int8pc,0.973190,1.000000,-0.120100
int8pc,0.973525,1.000000,-0.121150
int8pc,0.973861,1.000000,-0.121691
int8pc,0.974196,1.000000,-0.122239
int8pc,0.974531,1.000000,-0.122850
int8pc,0.974866,1.000000,-0.122871
int8pc,0.975201,1.000000,-0.123168
int8pc,0.975536,1.000000,-0.124911
int8pc,0.975871,1.000000,-0.125107
int8pc,0.976206,1.000000,-0.126078
int8pc,0.976542,1.000000,-0.126156
int8pc,0.976877,1.000000,-0.126291
int8pc,0.977212,1.000000,-0.126570
int8pc,0.977547,1.000000,-0.126586
int8pc,0.977882,1.000000,-0.126789
int8pc,0.978217,1.000000,-0.127596
int8pc,0.978552,1.000000,-0.128103
int8pc,0.978887,1.000000,-0.128652
int8pc,0.979223,1.000000,-0.129486
int8pc,0.979558,1.000000,-0.131116
int8pc,0.979893,1.000000,-0.131320
int8pc,0.980228,1.000000,-0.131398
int8pc,0.980563,1.000000,-0.132563
int8pc,0.980898,1.000000,-0.132564
int8pc,0.981233,1.000000,-0.133738
int8pc,0.981568,1.000000,-0.134217
int8pc,0.981903,1.000000,-0.134641
int8pc,0.982239,1.000000,-0.134767
int8pc,0.982574,1.000000,-0.134832
int8pc,0.982909,1.000000,-0.135895
int8pc,0.983244,1.000000,-0.137758
int8pc,0.983579,1.000000,-0.138266
int8pc,0.983914,1.000000,-0.138752
int8pc,0.984249,1.000000,-0.139053
int8pc,0.984584,1.000000,-0.139367
int8pc,0.984920,1.000000,-0.140005
int8pc,0.985255,1.000000,-0.140171
int8pc,0.985590,1.000000,-0.140371
int8pc,0.985925,1.000000,-0.140488
int8pc,0.986260,1.000000,-0.141309
int8pc,0.986595,1.000000,-0.141379
int8pc,0.986930,1.000000,-0.141473
int8pc,0.987265,1.000000,-0.141910
int8pc,0.987601,1.000000,-0.142290
int8pc,0.987936,1.000000,-0.142496
int8pc,0.988271,1.000000,-0.142620
int8pc,0.988606,1.000000,-0.143597
int8pc,0.988941,1.000000,-0.143823
int8pc,0.989276,1.000000,-0.144038
int8pc,0.989611,1.000000,-0.144520
int8pc,0.989946,1.000000,-0.144855
int8pc,0.990282,1.000000,-0.145405
int8pc,0.990617,1.000000,-0.145658
int8pc,0.990952,1.000000,-0.146675
int8pc,0.991287,1.000000,-0.146839
int8pc,0.991622,1.000000,-0.147082
int8pc,0.991957,1.000000,-0.147897
int8pc,0.992292,1.000000,-0.149346
int8pc,0.992627,1.000000,-0.149994
int8pc,0.992962,1.000000,-0.150419
int8pc,0.993298,1.000000,-0.151243
int8pc,0.993633,1.000000,-0.151896
int8pc,0.993968,1.000000,-0.151966
int8pc,0.994303,1.000000,-0.152193
int8pc,0.994638,1.000000,-0.154905
int8pc,0.994973,1.000000,-0.155044
int8pc,0.995308,1.000000,-0.155815
int8pc,0.995643,1.000000,-0.156741
int8pc,0.995979,1.000000,-0.158985
int8pc,0.996314,1.000000,-0.159607
int8pc,0.996649,1.000000,-0.160075
int8pc,0.996984,1.000000,-0.160803
int8pc,0.997319,1.000000,-0.167007
int8pc,0.997654,1.000000,-0.168659
int8pc,0.997989,1.000000,-0.168942
int8pc,0.998324,1.000000,-0.177936
int8pc,0.998660,1.000000,-0.178506
int8pc,0.998995,1.000000,-0.191716
int8pc,0.999330,1.000000,-0.208575
int8pc,0.999665,1.000000,-0.212560
int8pc,1.000000,1.000000,-0.214166
