dataset,enrolled,probe,attempt,presentation,detail,lighting,sim_fp32,sim_int8pt,sim_int8pc,live_fp32,live_int8pt,live_int8pc
own,p01,p01,genuine,live,,bright,0.855312,0.843140,0.846696,8.006835,9.724717,9.817333
own,p01,p01,genuine,live,,bright,0.810215,0.818074,0.816069,3.613028,5.742214,5.742214
own,p01,p01,genuine,live,,bright,0.748139,0.748248,0.735469,8.320078,10.650880,8.520704
own,p01,p01,genuine,live,,bright,0.680215,0.657919,0.676896,11.447161,11.808584,11.484427
own,p01,p01,genuine,live,,bright,0.708384,0.706946,0.740362,11.179267,11.299194,10.002565
own,p01,p01,genuine,live,,bright,0.686439,0.661781,0.660195,4.380626,4.538201,5.649597
own,p01,p01,genuine,live,,bright,0.645060,0.641420,0.631945,7.810622,8.520704,9.076403
own,p01,p01,genuine,live,,bright,0.764564,0.772662,0.762183,6.145576,6.946226,7.872390
own,p01,p01,genuine,live,,bright,0.839415,0.821363,0.824644,7.133254,8.705936,8.057622
own,p01,p01,genuine,live,,bright,0.831469,0.827650,0.825830,9.608784,7.779773,8.613320
own,p01,p01,genuine,live,,bright,0.869816,0.856643,0.869136,9.408838,10.187799,9.261635
own,p01,p01,genuine,live,,bright,0.775275,0.740635,0.762762,1.778090,4.723434,4.630817
own,p01,p01,genuine,live,,bright,0.758648,0.750815,0.748909,4.288164,8.613320,6.390528
own,p01,p01,genuine,live,,bright,0.843529,0.828711,0.836884,5.118121,9.724717,9.076403
own,p01,p01,genuine,live,,bright,0.875557,0.859182,0.870056,5.829724,7.965006,7.965006
own,p01,p01,genuine,live,,bright,0.895079,0.869581,0.886282,4.007072,7.779773,7.131459
own,p01,p01,genuine,live,,bright,0.880677,0.849198,0.859524,4.446160,7.872390,8.613320
own,p01,p01,genuine,live,,bright,0.880169,0.856626,0.870065,6.419511,8.613320,9.539484
own,p01,p01,genuine,live,,bright,0.719689,0.736201,0.717846,5.310639,8.242855,7.965006
own,p01,p01,genuine,live,,bright,0.883626,0.856349,0.858072,7.383052,9.724717,9.539484
own,p01,p01,genuine,live,,bright,0.873080,0.863060,0.848974,8.566292,11.391811,10.002565
own,p01,p01,genuine,live,,bright,0.116228,0.125879,0.137208,-1.289772,0.092616,1.667094
own,p01,p01,genuine,live,,bright,0.606056,0.593322,0.574837,4.719773,4.538201,6.390528
own,p01,p01,genuine,live,,bright,0.720436,0.698165,0.713026,4.071670,6.436836,7.038843
own,p01,p01,genuine,live,,bright,0.799202,0.753977,0.774480,4.973032,6.575761,6.853610
own,p01,p01,genuine,live,,bright,0.820380,0.798712,0.811404,6.829669,7.687157,8.891170
own,p01,p01,genuine,live,,bright,0.838450,0.813767,0.827265,5.994861,8.150239,8.057622
own,p01,p01,genuine,live,,bright,0.863770,0.833618,0.847809,9.512592,11.530735,11.113962
own,p01,p01,genuine,live,,bright,0.680723,0.662313,0.652906,1.452859,2.130176,2.685874
own,p01,p01,genuine,live,,bright,0.381381,0.356887,0.395437,3.696531,5.742214,4.630817
own,p01,p01,genuine,live,,bright,0.694734,0.690370,0.687136,3.802594,5.093899,5.834830
own,p01,p01,genuine,live,,bright,0.747336,0.749433,0.741038,4.402286,6.483144,6.205296
own,p01,p01,genuine,live,,bright,0.753401,0.732819,0.746677,5.119274,6.297912,8.057622
own,p01,p01,genuine,live,,bright,0.578808,0.585355,0.571933,8.042761,8.150239,8.705936
own,p01,p01,genuine,live,,bright,0.437160,0.407165,0.457952,1.879939,4.630817,2.408025
own,p01,p01,genuine,live,,bright,0.640992,0.639526,0.627155,6.481624,7.038843,6.020063
own,p01,p01,genuine,live,,bright,0.763143,0.745012,0.753313,5.730727,7.965006,6.297912
own,p01,p01,genuine,live,,bright,0.816449,0.778958,0.805904,6.624267,7.965006,8.613320
own,p01,p01,genuine,live,,dim,0.557113,0.537993,0.541495,1.009098,1.481862,2.037560
own,p01,p01,genuine,live,,dim,0.531620,0.500933,0.503608,0.558760,2.130176,1.111396
own,p01,p01,genuine,live,,dim,0.526080,0.512664,0.502977,0.661091,1.018780,1.296629
own,p01,p01,genuine,live,,dim,0.573923,0.557210,0.560142,1.508720,2.778491,3.519421
own,p01,p01,genuine,live,,dim,0.650351,0.645789,0.631640,2.092341,3.797270,3.889887
own,p01,p01,genuine,live,,dim,0.603213,0.623201,0.576125,2.749763,4.352968,4.352968
own,p01,p01,genuine,live,,dim,0.634415,0.604195,0.625080,3.116078,3.056340,3.148956
own,p01,p01,genuine,live,,dim,0.613122,0.612163,0.579115,0.557206,1.944943,2.593258
own,p01,p01,genuine,live,,dim,0.626280,0.603862,0.611843,-0.028188,1.481862,1.667094
own,p01,p01,genuine,live,,dim,0.572138,0.548015,0.584231,3.642648,4.260352,6.112679
own,p01,p01,genuine,live,,dim,0.548323,0.500195,0.536016,1.790099,1.481862,1.667094
own,p01,p01,genuine,live,,dim,0.500618,0.482956,0.499347,0.806126,1.667094,0.463082
own,p01,p01,genuine,live,,dim,0.485651,0.468575,0.460819,2.363841,0.555698,1.111396
own,p01,p01,genuine,live,,dim,0.564954,0.548011,0.557488,1.275114,-0.926163,0.463082
own,p01,p01,genuine,live,,dim,0.627660,0.624442,0.631952,3.655231,3.797270,3.612038
own,p01,p01,genuine,live,,dim,0.653087,0.586319,0.591818,3.807096,5.649597,5.186516
own,p01,p01,genuine,live,,dim,0.648480,0.599920,0.587968,4.910088,6.297912,5.001283
own,p01,p01,genuine,live,,dim,0.639582,0.627764,0.615038,1.528473,3.704654,2.130176
own,p01,p01,genuine,live,,dim,0.660490,0.630110,0.626642,1.385123,2.037560,2.871107
own,p01,p01,genuine,live,,dim,0.609186,0.545451,0.585043,-1.394960,-0.926163,-1.157704
own,p01,p01,genuine,live,,dim,0.571853,0.527570,0.569586,0.298453,1.018780,-0.277849
own,p01,p01,genuine,live,,dim,0.540409,0.496107,0.544517,1.079060,3.519421,2.454333
own,p01,p01,genuine,live,,dim,0.578357,0.550954,0.547871,-0.076653,1.852327,1.759711
own,p01,p01,genuine,live,,dim,0.586859,0.511245,0.532659,-0.172435,1.296629,1.389245
own,p01,p01,genuine,live,,dim,0.590815,0.514609,0.557900,0.801612,3.704654,0.926163
own,p01,p01,genuine,live,,dim,0.565578,0.513556,0.549008,1.653103,3.704654,2.037560
own,p01,p01,genuine,live,,dim,0.520446,0.444710,0.479027,-0.935292,0.370465,-0.092616
own,p01,p01,genuine,live,,dim,0.303433,0.210575,0.239776,-0.906537,0.185233,-0.648314
own,p01,p01,genuine,live,,dim,0.484853,0.412794,0.445208,1.438614,1.852327,1.018780
own,p01,p01,genuine,live,,dim,0.497083,0.444216,0.465696,0.890139,2.500641,1.204013
own,p01,p01,genuine,live,,dim,0.541539,0.511256,0.531421,0.786091,2.593258,1.296629
own,p01,p01,genuine,live,,dim,0.612859,0.564732,0.557409,0.590458,2.130176,1.111396
own,p01,p01,spoof,screen,,bright,0.669673,0.666754,0.674745,-5.391600,-4.908667,-4.816050
own,p01,p01,spoof,screen,,bright,0.653376,0.640807,0.641764,-3.641602,-3.704654,-3.056340
own,p01,p01,spoof,screen,,bright,0.649269,0.641952,0.644470,-3.591954,-3.148956,-1.759711
own,p01,p01,spoof,screen,,bright,0.649269,0.612807,0.660999,-6.270881,-5.927446,-5.927446
own,p01,p01,spoof,screen,,bright,0.636824,0.624962,0.621864,-3.036498,-2.871107,-2.408025
own,p01,p01,spoof,screen,,bright,0.682745,0.663456,0.688518,-3.327274,-3.334188,-2.315409
own,p01,p01,spoof,screen,,bright,0.669382,0.667225,0.671470,-7.341404,-8.613320,-7.687157
own,p01,p01,spoof,screen,,bright,0.687887,0.667429,0.679239,-5.008393,-5.464365,-5.834830
own,p01,p01,spoof,screen,,bright,0.711911,0.692353,0.706475,-5.931673,-5.510673,-6.205296
own,p01,p01,spoof,screen,,bright,0.716686,0.685048,0.711000,-7.116469,-7.316691,-7.316691
own,p01,p01,spoof,screen,,bright,0.721973,0.703811,0.704858,-5.078599,-4.260352,-4.816050
own,p01,p01,spoof,screen,,bright,0.684693,0.672833,0.685795,-7.068213,-6.112679,-6.899918
own,p01,p01,spoof,screen,,bright,0.666679,0.699327,0.672122,-7.751044,-7.594541,-8.057622
own,p01,p01,spoof,screen,,bright,0.647510,0.652129,0.664165,-5.962141,-5.464365,-6.112679
own,p01,p01,spoof,screen,,bright,0.688557,0.686627,0.694695,-3.618260,-2.871107,-3.241572
own,p01,p01,spoof,screen,,bright,0.702482,0.688673,0.703147,-5.907080,-5.649597,-4.723434
own,p01,p01,spoof,screen,,bright,0.692894,0.694782,0.692430,-2.200544,-2.315409,-1.574478
own,p01,p01,spoof,screen,,bright,0.658074,0.621204,0.647783,-3.058792,-2.130176,-1.759711
own,p01,p01,spoof,screen,,bright,0.630777,0.634613,0.609827,-2.509901,-2.778491,-2.222792
own,p01,p01,spoof,screen,,bright,0.696760,0.653474,0.684588,0.722932,0.833547,1.018780
own,p01,p01,spoof,screen,,bright,0.706911,0.700750,0.724711,-1.626777,-1.574478,-1.389245
own,p01,p01,spoof,screen,,bright,0.736851,0.719072,0.749180,0.082450,-0.463082,0.648314
own,p01,p01,spoof,screen,,bright,0.687208,0.671232,0.680675,-2.278378,-2.130176,-2.685874
own,p01,p01,spoof,screen,,bright,0.511475,0.535187,0.505207,-3.736650,-4.260352,-5.742214
own,p01,p01,spoof,screen,,bright,0.690072,0.676170,0.661286,-5.068904,-5.186516,-4.723434
own,p01,p01,spoof,screen,,bright,0.741151,0.735577,0.739338,-2.191581,-3.704654,-1.481862
own,p01,p01,spoof,screen,,bright,0.732132,0.695183,0.724281,-3.893011,-3.982503,-2.963723
own,p01,p01,spoof,screen,,bright,0.525457,0.460248,0.523283,-9.404301,-8.983786,-8.520704
own,p01,p01,spoof,screen,,bright,0.756505,0.754022,0.760785,5.633578,5.742214,5.834830
own,p01,p01,spoof,screen,,bright,0.735777,0.734541,0.740827,5.432726,5.464365,4.630817
own,p01,p01,spoof,screen,,bright,0.788673,0.775724,0.786527,4.636128,7.965006,6.668377
own,p01,p01,spoof,screen,,bright,0.786053,0.785212,0.783171,4.952728,6.390528,6.112679
own,p01,p01,spoof,screen,,bright,0.796461,0.784254,0.781614,4.051857,4.167736,5.834830
own,p01,p01,spoof,screen,,bright,0.774680,0.790552,0.770879,7.748819,7.224075,7.640849
own,p01,p01,spoof,screen,,dim,0.649999,0.614403,0.636593,-1.764819,-1.759711,-1.296629
own,p01,p01,spoof,screen,,dim,0.638126,0.664199,0.621604,-6.133477,-4.445585,-5.927446
own,p01,p01,spoof,screen,,dim,0.651215,0.638452,0.645826,-1.424284,-0.277849,-0.740931
own,p01,p01,spoof,screen,,dim,0.686939,0.682018,0.676264,-1.081293,-0.555698,0.648314
own,p01,p01,spoof,screen,,dim,0.692876,0.656273,0.675976,-2.418273,-1.944943,-1.481862
own,p01,p01,spoof,screen,,dim,0.740462,0.707970,0.732475,-1.964833,-0.463082,-1.111396
own,p01,p01,spoof,screen,,dim,0.679821,0.666631,0.677553,-3.633783,-2.778491,-1.481862
own,p01,p01,spoof,screen,,dim,0.659081,0.616206,0.640683,-5.922949,-4.260352,-3.519421
own,p01,p01,spoof,screen,,dim,0.717100,0.660677,0.685373,-1.392156,-0.648314,-0.277849
own,p01,p01,spoof,screen,,dim,0.729949,0.675706,0.688134,-0.844211,0.185233,-1.481862
own,p01,p01,spoof,screen,,dim,0.692146,0.649944,0.663516,0.604244,1.389245,1.204013
own,p01,p01,spoof,screen,,dim,0.742598,0.707623,0.739815,-1.686407,0.185233,-0.648314
own,p01,p01,spoof,screen,,dim,0.754037,0.727654,0.728868,-1.879017,-0.277849,-0.926163
own,p01,p01,spoof,screen,,dim,0.619163,0.584048,0.588766,-8.397349,-7.779773,-7.409308
own,p01,p01,spoof,screen,,dim,0.604068,0.593033,0.578712,-6.507822,-5.279132,-4.538201
own,p01,p01,spoof,screen,,dim,0.703868,0.684304,0.690219,-5.097922,-5.279132,-4.167736
own,p01,p01,spoof,screen,,dim,0.697189,0.670340,0.679672,-3.309618,-2.685874,-2.871107
own,p01,p01,spoof,screen,,dim,0.722897,0.688347,0.705612,-5.954592,-4.723434,-4.538201
own,p01,p01,spoof,screen,,dim,0.731247,0.695426,0.708316,-3.581539,-1.759711,-1.852327
own,p01,p01,spoof,screen,,dim,0.752439,0.703449,0.729752,-2.020249,-1.389245,-1.481862
own,p01,p01,spoof,screen,,dim,0.678046,0.662023,0.679399,-9.183783,-8.613320,-8.242855
own,p01,p01,spoof,screen,,dim,0.705872,0.681915,0.684236,-3.706089,-3.704654,-2.963723
own,p01,p01,spoof,screen,,dim,0.730583,0.693727,0.717829,-3.813586,-3.612038,-3.148956
own,p01,p01,spoof,screen,,dim,0.682270,0.667200,0.692919,-5.410896,-4.538201,-4.075119
own,p01,p01,spoof,screen,,dim,0.716572,0.689408,0.707458,-3.983661,-3.797270,-2.130176
own,p01,p01,spoof,screen,,dim,0.689461,0.666154,0.674137,-4.694362,-4.908667,-3.889887
own,p01,p01,spoof,screen,,dim,0.723069,0.674232,0.716459,0.761424,1.481862,2.685874
own,p01,p01,spoof,screen,,dim,0.703432,0.669623,0.691497,0.103172,0.648314,1.667094
own,p01,p01,spoof,screen,,dim,0.720222,0.701913,0.718029,-3.128321,-1.481862,-2.222792
own,p01,p01,spoof,screen,,dim,0.650344,0.601267,0.643627,4.546595,4.816050,4.352968
own,p01,p01,spoof,screen,,dim,0.697249,0.665923,0.653167,2.843270,2.685874,2.037560
own,p01,p03,impostor,live,,bright,0.048579,0.081041,0.075974,1.717355,6.205296,5.927446
own,p01,p03,impostor,live,,bright,0.060483,0.099217,0.104010,2.012792,6.668377,6.297912
own,p01,p03,impostor,live,,bright,0.065133,0.095829,0.103424,-1.479191,3.889887,3.426805
own,p01,p03,impostor,live,,bright,0.094427,0.114497,0.115949,0.193939,5.371748,4.630817
own,p01,p03,impostor,live,,bright,0.093720,0.115550,0.134887,1.444753,6.205296,4.167736
own,p01,p03,impostor,live,,bright,0.110071,0.141613,0.133663,-2.985679,2.778491,3.334188
own,p01,p03,impostor,live,,bright,0.074260,0.107238,0.098414,3.029632,8.798553,7.965006
own,p01,p03,impostor,live,,bright,0.096958,0.127433,0.096471,1.325380,7.872390,6.760993
own,p01,p03,impostor,live,,bright,0.088253,0.110010,0.107710,0.150371,5.279132,6.575761
own,p01,p03,impostor,live,,bright,0.096689,0.105514,0.099107,3.137469,7.872390,7.224075
own,p01,p03,impostor,live,,bright,0.079725,0.110685,0.096407,6.747308,10.650880,10.095182
own,p01,p03,impostor,live,,bright,0.091452,0.115141,0.092399,5.895595,8.891170,7.687157
own,p01,p03,impostor,live,,bright,0.019469,0.070193,0.055165,7.494546,11.113962,10.465648
own,p01,p03,impostor,live,,bright,0.037063,0.037276,0.045927,6.335724,7.965006,8.659628
own,p01,p03,impostor,live,,bright,0.036714,0.063007,0.053766,7.279796,10.002565,8.705936
own,p01,p03,impostor,live,,bright,0.026633,0.064945,0.028264,6.876521,7.687157,7.409308
own,p01,p03,impostor,live,,bright,0.122126,0.123998,0.127221,4.122456,9.539484,6.760993
own,p01,p03,impostor,live,,bright,0.071058,0.096806,0.101771,2.059022,6.297912,5.649597
own,p01,p03,impostor,live,,bright,0.052524,0.075024,0.070629,1.929101,5.649597,6.112679
own,p01,p03,impostor,live,,bright,0.061775,0.089040,0.081809,1.701872,5.371748,4.352968
own,p01,p03,impostor,live,,bright,0.073887,0.099877,0.110094,1.137388,6.575761,5.556981
own,p01,p03,impostor,live,,bright,0.008053,0.065592,0.065307,-0.213759,5.279132,5.001283
own,p01,p03,impostor,live,,bright,0.046042,0.068798,0.068539,-5.184806,2.593258,1.759711
own,p01,p03,impostor,live,,bright,0.066417,0.060315,0.106379,-0.846242,3.704654,4.167736
own,p01,p03,impostor,live,,bright,0.089341,0.117264,0.112687,-1.681755,0.277849,2.593258
own,p01,p03,impostor,live,,bright,0.122323,0.152554,0.133618,1.473706,2.685874,3.797270
own,p01,p03,impostor,live,,bright,0.164447,0.169914,0.177663,-1.757220,-0.185233,2.871107
own,p01,p03,impostor,live,,bright,0.129890,0.123922,0.143199,-2.038891,0.370465,2.130176
own,p01,p03,impostor,live,,bright,0.131156,0.113638,0.118303,0.154791,2.871107,3.797270
own,p01,p03,impostor,live,,bright,0.139995,0.142503,0.183321,-2.169104,2.778491,3.889887
own,p01,p03,impostor,live,,bright,0.083895,0.102292,0.119514,-4.213458,0.555698,1.111396
own,p01,p03,impostor,live,,bright,0.061560,0.082038,0.097869,-2.649016,5.001283,3.797270
own,p01,p03,impostor,live,,bright,0.092668,0.085054,0.107940,-0.453590,4.630817,4.075119
own,p01,p03,impostor,live,,bright,0.095849,0.122028,0.125152,-0.198663,6.020063,4.075119
own,p01,p03,impostor,live,,bright,0.033836,0.076752,0.079929,-0.472506,6.112679,6.297912
own,p01,p03,impostor,live,,bright,0.012011,0.043647,0.068588,0.625802,8.520704,6.158987
own,p01,p03,impostor,live,,bright,0.079177,0.108206,0.099205,0.718858,5.834830,5.371748
own,p01,p03,impostor,live,,bright,0.087144,0.114524,0.114188,2.364708,7.687157,6.205296
own,p01,p03,impostor,live,,dim,0.013525,0.028093,0.019179,-2.172418,-1.204013,-2.037560
own,p01,p03,impostor,live,,dim,-0.018477,-0.028780,-0.006271,-2.667331,0.648314,-0.138925
own,p01,p03,impostor,live,,dim,-0.016496,-0.034252,-0.011857,-2.752817,0.000000,0.185233
own,p01,p03,impostor,live,,dim,-0.004161,0.007141,-0.002212,-1.169278,1.296629,0.926163
own,p01,p03,impostor,live,,dim,0.049046,0.026967,0.052767,-2.192132,-0.463082,0.926163
own,p01,p03,impostor,live,,dim,0.034411,0.035379,0.048104,-0.704880,2.222792,1.389245
own,p01,p03,impostor,live,,dim,0.034430,0.022492,0.041361,-0.672390,2.315409,2.037560
own,p01,p03,impostor,live,,dim,0.021683,0.035821,0.034341,-5.101608,-1.944943,-1.204013
own,p01,p03,impostor,live,,dim,0.007151,0.024770,0.003847,-4.222444,-2.408025,-1.852327
own,p01,p03,impostor,live,,dim,0.031640,0.023410,0.048568,-4.124011,-1.667094,-0.277849
own,p01,p03,impostor,live,,dim,0.009189,0.034798,0.038592,-2.584674,-0.277849,-0.648314
own,p01,p03,impostor,live,,dim,0.021705,0.035939,0.040493,-4.684267,-1.481862,1.018780
own,p01,p03,impostor,live,,dim,0.105904,0.088407,0.110949,-2.136297,0.277849,-0.926163
own,p01,p03,impostor,live,,dim,0.031471,0.027173,0.049119,-2.433302,-0.463082,-0.648314
own,p01,p03,impostor,live,,dim,0.008731,0.009938,0.035071,-0.723745,1.759711,0.926163
own,p01,p03,impostor,live,,dim,0.048994,0.036344,0.081259,-3.685296,-1.574478,-2.408025
own,p01,p03,impostor,live,,dim,0.047777,0.027245,0.048380,-3.503423,-1.389245,0.370465
own,p01,p03,impostor,live,,dim,0.048166,0.013346,0.042390,-2.359273,0.370465,1.574478
own,p01,p03,impostor,live,,dim,0.049335,0.045469,0.052368,-1.321893,-1.018780,0.926163
own,p01,p03,impostor,live,,dim,0.088401,0.064368,0.117081,-3.853730,-2.315409,-0.740931
own,p01,p03,impostor,live,,dim,0.021522,-0.003266,-0.024167,-2.788315,-0.926163,-0.926163
own,p01,p03,impostor,live,,dim,0.011842,-0.012043,-0.001507,-5.084783,-4.260352,-2.130176
own,p01,p03,impostor,live,,dim,0.033660,-0.005090,-0.013928,-4.265548,-1.852327,-2.408025
own,p01,p03,impostor,live,,dim,0.047753,0.016342,0.012540,-4.146945,-1.481862,0.463082
own,p01,p03,impostor,live,,dim,-0.006024,0.009701,0.048086,-2.011302,0.463082,0.000000
own,p01,p03,impostor,live,,dim,0.025556,-0.001244,0.041034,-1.926879,-0.277849,0.833547
own,p01,p03,impostor,live,,dim,-0.024229,-0.027070,0.002464,-4.719036,-1.389245,-1.111396
own,p01,p03,impostor,live,,dim,0.017162,0.002095,0.007867,-2.080170,0.463082,0.833547
own,p01,p03,impostor,live,,dim,0.074445,0.067780,0.089169,-6.067070,-1.389245,-0.463082
own,p01,p03,impostor,live,,dim,0.043844,0.032078,0.041348,-2.024532,0.833547,-0.555698
own,p01,p03,impostor,live,,dim,0.087041,0.071282,0.119644,-2.945116,0.370465,0.555698
own,p01,p03,impostor,live,,dim,0.027707,-0.013501,0.029891,-3.923157,-2.315409,0.555698
own,p01,p03,impostor,live,,dim,-0.007665,-0.053121,-0.022229,-1.476679,-0.185233,2.315409
own,p01,p03,impostor,live,,dim,0.020767,0.026175,0.065427,-3.527048,-1.759711,-0.463082
own,p01,p03,impostor,live,,dim,0.002595,0.007515,0.035378,-3.390449,1.574478,2.037560
own,p01,p03,impostor,live,,dim,0.045675,0.018700,0.012607,-2.743975,-0.833547,-0.277849
own,p01,p03,impostor,live,,dim,-0.052617,-0.046246,-0.057472,-4.744352,-1.111396,-0.092616
own,p01,p02,impostor,live,,bright,0.059772,0.069131,0.057989,3.755605,3.889887,6.575761
own,p01,p02,impostor,live,,bright,0.095503,0.120823,0.110756,4.260633,4.260352,5.834830
own,p01,p02,impostor,live,,bright,0.073324,0.075122,0.066544,2.382360,4.908667,5.371748
own,p01,p02,impostor,live,,bright,0.059223,0.076895,0.045903,1.796386,1.667094,2.593258
own,p01,p02,impostor,live,,bright,0.056193,0.069957,0.054678,2.740026,3.148956,4.445585
own,p01,p02,impostor,live,,bright,0.073547,0.080677,0.062634,0.815786,1.481862,1.667094
own,p01,p02,impostor,live,,bright,0.061052,0.069986,0.058763,1.567177,0.185233,2.685874
own,p01,p02,impostor,live,,bright,0.008575,0.022054,0.019851,2.500372,3.056340,4.445585
own,p01,p02,impostor,live,,bright,0.064126,0.068649,0.055741,3.478359,2.963723,4.352968
own,p01,p02,impostor,live,,bright,0.127107,0.111927,0.116491,11.236039,10.002565,11.577044
own,p01,p02,impostor,live,,bright,0.118474,0.109388,0.097934,12.621314,11.808584,11.808584
own,p01,p02,impostor,live,,bright,0.065893,0.080001,0.038579,8.495095,10.928729,11.808584
own,p01,p02,impostor,live,,bright,0.007616,0.016714,-0.012693,6.815101,7.594541,9.076403
own,p01,p02,impostor,live,,bright,0.080831,0.094212,0.078075,6.713602,7.131459,8.983786
own,p01,p02,impostor,live,,bright,0.062385,0.059297,0.043261,5.135967,6.297912,7.409308
own,p01,p02,impostor,live,,bright,0.074571,0.069410,0.072702,2.829976,3.797270,4.816050
own,p01,p02,impostor,live,,bright,0.069475,0.084235,0.068413,4.950465,4.630817,7.038843
own,p01,p02,impostor,live,,bright,0.088893,0.087790,0.089055,3.800914,3.704654,7.594541
own,p01,p02,impostor,live,,bright,0.038876,0.054170,0.043697,0.763010,1.389245,3.889887
own,p01,p02,impostor,live,,bright,0.043223,0.056449,0.031507,4.234604,3.982503,6.946226
own,p01,p02,impostor,live,,bright,0.039231,0.038427,0.026939,4.489016,5.834830,8.011314
own,p01,p02,impostor,live,,bright,0.031027,0.034764,0.014940,3.591536,2.500641,6.390528
own,p01,p02,impostor,live,,bright,0.031053,0.043105,0.021396,6.315413,6.205296,7.501925
own,p01,p02,impostor,live,,bright,0.044671,0.055687,0.047467,4.551798,4.816050,7.687157
own,p01,p02,impostor,live,,bright,0.012824,0.017092,0.007503,7.870837,8.242855,9.307943
own,p01,p02,impostor,live,,bright,0.009762,0.043720,0.020212,3.015388,3.797270,6.205296
own,p01,p02,impostor,live,,bright,0.046349,0.057748,0.052022,5.652786,5.279132,7.131459
own,p01,p02,impostor,live,,bright,0.039965,0.044809,0.037706,6.300108,6.946226,7.224075
own,p01,p02,impostor,live,,bright,0.026536,0.047297,0.049477,4.616124,5.186516,7.131459
own,p01,p02,impostor,live,,bright,0.034176,0.038962,0.035777,3.766402,3.519421,4.908667
own,p01,p02,impostor,live,,bright,0.045617,0.053227,0.028075,5.975117,4.816050,6.112679
own,p01,p02,impostor,live,,bright,0.039726,0.038478,0.041500,4.232134,6.575761,7.965006
own,p01,p02,impostor,live,,bright,0.030012,0.036101,0.014031,2.299362,2.315409,6.297912
own,p01,p02,impostor,live,,bright,0.034857,0.047758,0.018365,5.503404,6.760993,10.187799
own,p01,p02,impostor,live,,bright,0.048795,0.049154,0.040501,3.472461,7.316691,7.965006
own,p01,p02,impostor,live,,bright,0.021013,0.029624,0.008129,5.111013,6.483144,7.687157
own,p01,p02,impostor,live,,dim,0.087574,0.084412,0.079111,1.614399,1.759711,2.130176
own,p01,p02,impostor,live,,dim,0.045298,0.068837,0.048425,0.140653,1.204013,1.204013
own,p01,p02,impostor,live,,dim,0.047611,0.031294,0.038828,1.087842,2.778491,2.130176
own,p01,p02,impostor,live,,dim,0.068234,0.049588,0.068778,-0.160925,1.296629,1.759711
own,p01,p02,impostor,live,,dim,0.067457,0.078168,0.098658,3.958955,4.352968,4.167736
own,p01,p02,impostor,live,,dim,0.015680,0.017657,0.024540,1.334991,3.056340,3.334188
own,p01,p02,impostor,live,,dim,0.022424,0.033250,0.032642,2.935071,4.260352,4.260352
own,p01,p02,impostor,live,,dim,0.060427,0.056525,0.071056,4.447600,4.260352,4.908667
own,p01,p02,impostor,live,,dim,0.088926,0.100895,0.111527,4.077868,5.742214,3.612038
own,p01,p02,impostor,live,,dim,0.049465,0.057714,0.069941,4.356566,3.889887,3.519421
own,p01,p02,impostor,live,,dim,0.070161,0.073360,0.085575,-0.491157,0.555698,1.204013
own,p01,p02,impostor,live,,dim,0.129928,0.135110,0.166569,1.574260,2.222792,2.500641
own,p01,p02,impostor,live,,dim,0.178807,0.180399,0.194002,0.030661,0.277849,2.222792
own,p01,p02,impostor,live,,dim,0.091082,0.118887,0.114137,-0.259123,-2.130176,1.018780
own,p01,p02,impostor,live,,dim,0.078572,0.106014,0.081240,1.475505,-0.185233,1.667094
own,p01,p02,impostor,live,,dim,0.063611,0.063407,0.067317,2.872842,2.778491,3.612038
own,p01,p02,impostor,live,,dim,0.129601,0.139362,0.122706,6.950506,6.297912,6.575761
own,p01,p02,impostor,live,,dim,0.149149,0.162279,0.168527,4.341982,4.260352,3.056340
own,p01,p02,impostor,live,,dim,0.082634,0.085663,0.087369,4.849401,5.464365,4.352968
own,p01,p02,impostor,live,,dim,0.101772,0.144180,0.140519,4.404272,3.889887,4.908667
own,p01,p02,impostor,live,,dim,0.080055,0.095178,0.088185,5.902535,5.464365,5.186516
own,p01,p02,impostor,live,,dim,0.043148,0.069136,0.054322,5.486969,6.112679,5.371748
own,p01,p02,impostor,live,,dim,0.026932,0.053307,0.022978,5.982809,4.075119,5.927446
own,p01,p02,impostor,live,,dim,0.064911,0.063654,0.074605,7.301263,6.205296,6.483144
own,p01,p02,impostor,live,,dim,0.090264,0.076772,0.100711,6.725647,6.575761,7.131459
own,p01,p02,impostor,live,,dim,0.097591,0.103706,0.107846,5.603923,5.649597,6.390528
own,p01,p02,impostor,live,,dim,0.080266,0.055590,0.080178,5.326339,6.390528,6.205296
own,p01,p02,impostor,live,,dim,0.073782,0.080478,0.084617,4.945826,6.205296,6.483144
own,p01,p02,impostor,live,,dim,0.064216,0.071710,0.052841,5.615492,5.556981,5.834830
own,p01,p02,impostor,live,,dim,0.043377,0.065056,0.055202,5.081801,6.483144,4.908667
own,p01,p02,impostor,live,,dim,0.070196,0.090526,0.065422,5.127798,4.538201,4.538201
own,p01,p02,impostor,live,,dim,0.069892,0.094146,0.077274,3.400516,4.538201,4.075119
own,p01,p02,impostor,live,,dim,0.080951,0.092309,0.084175,5.305587,5.464365,5.093899
own,p01,p02,impostor,live,,dim,0.074991,0.113597,0.085375,6.397861,6.297912,7.872390
own,p01,p02,impostor,live,,dim,0.108549,0.097927,0.096213,5.446049,5.649597,3.889887
own,p03,p01,impostor,live,,bright,0.065634,0.106080,0.112119,8.006835,9.724717,9.817333
own,p03,p01,impostor,live,,bright,0.006856,0.035286,0.026011,3.613028,5.742214,5.742214
own,p03,p01,impostor,live,,bright,0.097514,0.153142,0.145806,8.320078,10.650880,8.520704
own,p03,p01,impostor,live,,bright,0.094790,0.137885,0.089251,11.447161,11.808584,11.484427
own,p03,p01,impostor,live,,bright,0.102388,0.131389,0.131758,11.179267,11.299194,10.002565
own,p03,p01,impostor,live,,bright,0.145105,0.173776,0.174339,4.380626,4.538201,5.649597
own,p03,p01,impostor,live,,bright,0.093994,0.105877,0.110371,7.810622,8.520704,9.076403
own,p03,p01,impostor,live,,bright,0.167408,0.168616,0.182556,6.145576,6.946226,7.872390
own,p03,p01,impostor,live,,bright,0.092692,0.075679,0.110877,7.133254,8.705936,8.057622
own,p03,p01,impostor,live,,bright,0.100483,0.117487,0.129498,9.608784,7.779773,8.613320
own,p03,p01,impostor,live,,bright,0.099101,0.082950,0.111231,9.408838,10.187799,9.261635
own,p03,p01,impostor,live,,bright,0.066640,0.057738,0.070434,1.778090,4.723434,4.630817
own,p03,p01,impostor,live,,bright,0.076124,0.087743,0.102885,4.288164,8.613320,6.390528
own,p03,p01,impostor,live,,bright,0.079545,0.065057,0.104815,5.118121,9.724717,9.076403
own,p03,p01,impostor,live,,bright,0.069380,0.046185,0.104278,5.829724,7.965006,7.965006
own,p03,p01,impostor,live,,bright,0.080645,0.099888,0.112432,4.007072,7.779773,7.131459
own,p03,p01,impostor,live,,bright,0.081758,0.067547,0.097810,4.446160,7.872390,8.613320
own,p03,p01,impostor,live,,bright,0.076964,0.070817,0.100903,6.419511,8.613320,9.539484
own,p03,p01,impostor,live,,bright,0.101906,0.088803,0.105523,5.310639,8.242855,7.965006
own,p03,p01,impostor,live,,bright,0.073793,0.070386,0.079835,7.383052,9.724717,9.539484
own,p03,p01,impostor,live,,bright,0.052290,0.063378,0.074727,8.566292,11.391811,10.002565
own,p03,p01,impostor,live,,bright,0.073800,0.030434,0.077349,-1.289772,0.092616,1.667094
own,p03,p01,impostor,live,,bright,0.162125,0.138904,0.188836,4.719773,4.538201,6.390528
own,p03,p01,impostor,live,,bright,0.149486,0.161078,0.169010,4.071670,6.436836,7.038843
own,p03,p01,impostor,live,,bright,0.156009,0.150872,0.171539,4.973032,6.575761,6.853610
own,p03,p01,impostor,live,,bright,0.151928,0.155654,0.167644,6.829669,7.687157,8.891170
own,p03,p01,impostor,live,,bright,0.153841,0.134543,0.192593,5.994861,8.150239,8.057622
own,p03,p01,impostor,live,,bright,0.149353,0.140451,0.170360,9.512592,11.530735,11.113962
own,p03,p01,impostor,live,,bright,0.111275,0.103012,0.132310,1.452859,2.130176,2.685874
own,p03,p01,impostor,live,,bright,0.098301,0.099583,0.085974,3.696531,5.742214,4.630817
own,p03,p01,impostor,live,,bright,0.089477,0.064455,0.098013,3.802594,5.093899,5.834830
own,p03,p01,impostor,live,,bright,0.051059,0.055776,0.070663,4.402286,6.483144,6.205296
own,p03,p01,impostor,live,,bright,0.049541,0.050612,0.073380,5.119274,6.297912,8.057622
own,p03,p01,impostor,live,,bright,0.035576,-0.003931,0.029282,8.042761,8.150239,8.705936
own,p03,p01,impostor,live,,bright,0.039688,0.023277,0.046003,1.879939,4.630817,2.408025
own,p03,p01,impostor,live,,bright,0.041112,0.039709,0.036916,6.481624,7.038843,6.020063
own,p03,p01,impostor,live,,bright,0.075736,0.073059,0.078529,5.730727,7.965006,6.297912
own,p03,p01,impostor,live,,bright,0.082911,0.072610,0.091028,6.624267,7.965006,8.613320
own,p03,p01,impostor,live,,dim,0.026735,0.072979,0.083204,1.009098,1.481862,2.037560
own,p03,p01,impostor,live,,dim,-0.026050,0.019601,0.043657,0.558760,2.130176,1.111396
own,p03,p01,impostor,live,,dim,0.039118,0.042426,0.117011,0.661091,1.018780,1.296629
own,p03,p01,impostor,live,,dim,-0.015863,0.034491,0.036459,1.508720,2.778491,3.519421
own,p03,p01,impostor,live,,dim,-0.005663,0.057072,0.040790,2.092341,3.797270,3.889887
own,p03,p01,impostor,live,,dim,0.060434,0.093861,0.087227,2.749763,4.352968,4.352968
own,p03,p01,impostor,live,,dim,0.089157,0.112560,0.135107,3.116078,3.056340,3.148956
own,p03,p01,impostor,live,,dim,0.037712,0.083851,0.060723,0.557206,1.944943,2.593258
own,p03,p01,impostor,live,,dim,0.093607,0.122026,0.143086,-0.028188,1.481862,1.667094
own,p03,p01,impostor,live,,dim,0.070783,0.091034,0.128425,3.642648,4.260352,6.112679
own,p03,p01,impostor,live,,dim,0.068337,0.105891,0.118652,1.790099,1.481862,1.667094
own,p03,p01,impostor,live,,dim,0.058679,0.103669,0.086317,0.806126,1.667094,0.463082
own,p03,p01,impostor,live,,dim,0.048106,0.080722,0.074995,2.363841,0.555698,1.111396
own,p03,p01,impostor,live,,dim,0.114695,0.154141,0.160005,1.275114,-0.926163,0.463082
own,p03,p01,impostor,live,,dim,0.099826,0.112492,0.140756,3.655231,3.797270,3.612038
own,p03,p01,impostor,live,,dim,0.084510,0.099263,0.092978,3.807096,5.649597,5.186516
own,p03,p01,impostor,live,,dim,0.112276,0.158823,0.134360,4.910088,6.297912,5.001283
own,p03,p01,impostor,live,,dim,0.110362,0.134737,0.131640,1.528473,3.704654,2.130176
own,p03,p01,impostor,live,,dim,0.127087,0.161223,0.163148,1.385123,2.037560,2.871107
own,p03,p01,impostor,live,,dim,0.121036,0.123562,0.147362,-1.394960,-0.926163,-1.157704
own,p03,p01,impostor,live,,dim,0.149929,0.138352,0.164951,0.298453,1.018780,-0.277849
own,p03,p01,impostor,live,,dim,-0.038484,-0.011206,-0.007505,1.079060,3.519421,2.454333
own,p03,p01,impostor,live,,dim,0.031432,0.043016,0.055321,-0.076653,1.852327,1.759711
own,p03,p01,impostor,live,,dim,0.015460,0.040655,0.049576,-0.172435,1.296629,1.389245
own,p03,p01,impostor,live,,dim,0.044058,0.066009,0.048507,0.801612,3.704654,0.926163
own,p03,p01,impostor,live,,dim,0.085626,0.084628,0.117422,1.653103,3.704654,2.037560
own,p03,p01,impostor,live,,dim,0.044966,0.072054,0.074745,-0.935292,0.370465,-0.092616
own,p03,p01,impostor,live,,dim,-0.023398,-0.019319,-0.020581,-0.906537,0.185233,-0.648314
own,p03,p01,impostor,live,,dim,0.018926,0.071100,0.063698,1.438614,1.852327,1.018780
own,p03,p01,impostor,live,,dim,0.063785,0.054625,0.083232,0.890139,2.500641,1.204013
own,p03,p01,impostor,live,,dim,0.080136,0.090345,0.091574,0.786091,2.593258,1.296629
own,p03,p01,impostor,live,,dim,0.047258,0.067426,0.067076,0.590458,2.130176,1.111396
own,p03,p03,genuine,live,,bright,0.945248,0.922761,0.936387,1.717355,6.205296,5.927446
own,p03,p03,genuine,live,,bright,0.945914,0.922686,0.940784,2.012792,6.668377,6.297912
own,p03,p03,genuine,live,,bright,0.906153,0.885449,0.894494,-1.479191,3.889887,3.426805
own,p03,p03,genuine,live,,bright,0.873032,0.844512,0.858089,0.193939,5.371748,4.630817
own,p03,p03,genuine,live,,bright,0.872433,0.840754,0.864211,1.444753,6.205296,4.167736
own,p03,p03,genuine,live,,bright,0.893846,0.875720,0.883308,-2.985679,2.778491,3.334188
own,p03,p03,genuine,live,,bright,0.884166,0.846737,0.873469,3.029632,8.798553,7.965006
own,p03,p03,genuine,live,,bright,0.819774,0.812151,0.811310,1.325380,7.872390,6.760993
own,p03,p03,genuine,live,,bright,0.760332,0.772511,0.784223,0.150371,5.279132,6.575761
own,p03,p03,genuine,live,,bright,0.771109,0.749193,0.753830,3.137469,7.872390,7.224075
own,p03,p03,genuine,live,,bright,0.685434,0.685394,0.666554,6.747308,10.650880,10.095182
own,p03,p03,genuine,live,,bright,0.649291,0.674427,0.629749,5.895595,8.891170,7.687157
own,p03,p03,genuine,live,,bright,0.671336,0.673446,0.641338,7.494546,11.113962,10.465648
own,p03,p03,genuine,live,,bright,0.686317,0.710862,0.661106,6.335724,7.965006,8.659628
own,p03,p03,genuine,live,,bright,0.680960,0.698991,0.651156,7.279796,10.002565,8.705936
own,p03,p03,genuine,live,,bright,0.689406,0.692939,0.637724,6.876521,7.687157,7.409308
own,p03,p03,genuine,live,,bright,0.808791,0.788724,0.796011,4.122456,9.539484,6.760993
own,p03,p03,genuine,live,,bright,0.899484,0.883944,0.897555,2.059022,6.297912,5.649597
own,p03,p03,genuine,live,,bright,0.914685,0.898438,0.910551,1.929101,5.649597,6.112679
own,p03,p03,genuine,live,,bright,0.913421,0.896316,0.894504,1.701872,5.371748,4.352968
own,p03,p03,genuine,live,,bright,0.898489,0.879984,0.889938,1.137388,6.575761,5.556981
own,p03,p03,genuine,live,,bright,0.875924,0.853646,0.870132,-0.213759,5.279132,5.001283
own,p03,p03,genuine,live,,bright,0.864865,0.851612,0.853864,-5.184806,2.593258,1.759711
own,p03,p03,genuine,live,,bright,0.881797,0.865496,0.860056,-0.846242,3.704654,4.167736
own,p03,p03,genuine,live,,bright,0.840249,0.850510,0.833406,-1.681755,0.277849,2.593258
own,p03,p03,genuine,live,,bright,0.746185,0.719501,0.741003,1.473706,2.685874,3.797270
own,p03,p03,genuine,live,,bright,0.764758,0.742954,0.758007,-1.757220,-0.185233,2.871107
own,p03,p03,genuine,live,,bright,0.803935,0.801674,0.795571,-2.038891,0.370465,2.130176
own,p03,p03,genuine,live,,bright,0.827959,0.817783,0.821315,0.154791,2.871107,3.797270
own,p03,p03,genuine,live,,bright,0.871913,0.862538,0.864574,-2.169104,2.778491,3.889887
own,p03,p03,genuine,live,,bright,0.904827,0.878893,0.898826,-4.213458,0.555698,1.111396
own,p03,p03,genuine,live,,bright,0.873339,0.849403,0.856334,-2.649016,5.001283,3.797270
own,p03,p03,genuine,live,,bright,0.853945,0.841366,0.852486,-0.453590,4.630817,4.075119
own,p03,p03,genuine,live,,bright,0.905961,0.877114,0.878488,-0.198663,6.020063,4.075119
own,p03,p03,genuine,live,,bright,0.909014,0.883642,0.888039,-0.472506,6.112679,6.297912
own,p03,p03,genuine,live,,bright,0.923071,0.889951,0.916880,0.625802,8.520704,6.158987
own,p03,p03,genuine,live,,bright,0.861631,0.856456,0.872572,0.718858,5.834830,5.371748
own,p03,p03,genuine,live,,bright,0.813471,0.782913,0.795431,2.364708,7.687157,6.205296
own,p03,p03,genuine,live,,dim,0.425039,0.318682,0.398968,-2.172418,-1.204013,-2.037560
own,p03,p03,genuine,live,,dim,0.460884,0.310658,0.372037,-2.667331,0.648314,-0.138925
own,p03,p03,genuine,live,,dim,0.572714,0.435726,0.503385,-2.752817,0.000000,0.185233
own,p03,p03,genuine,live,,dim,0.533386,0.467751,0.480442,-1.169278,1.296629,0.926163
own,p03,p03,genuine,live,,dim,0.462522,0.465706,0.476810,-2.192132,-0.463082,0.926163
own,p03,p03,genuine,live,,dim,0.592113,0.508933,0.532443,-0.704880,2.222792,1.389245
own,p03,p03,genuine,live,,dim,0.559306,0.483904,0.501455,-0.672390,2.315409,2.037560
own,p03,p03,genuine,live,,dim,0.383349,0.326019,0.327614,-5.101608,-1.944943,-1.204013
own,p03,p03,genuine,live,,dim,0.497363,0.415816,0.427452,-4.222444,-2.408025,-1.852327
own,p03,p03,genuine,live,,dim,0.583381,0.493798,0.473461,-4.124011,-1.667094,-0.277849
own,p03,p03,genuine,live,,dim,0.531564,0.482407,0.462040,-2.584674,-0.277849,-0.648314
own,p03,p03,genuine,live,,dim,0.541489,0.458900,0.461165,-4.684267,-1.481862,1.018780
own,p03,p03,genuine,live,,dim,0.391087,0.368440,0.330090,-2.136297,0.277849,-0.926163
own,p03,p03,genuine,live,,dim,0.428164,0.427766,0.347782,-2.433302,-0.463082,-0.648314
own,p03,p03,genuine,live,,dim,0.448250,0.435451,0.400197,-0.723745,1.759711,0.926163
own,p03,p03,genuine,live,,dim,0.396969,0.312857,0.343908,-3.685296,-1.574478,-2.408025
own,p03,p03,genuine,live,,dim,0.577697,0.531542,0.530646,-3.503423,-1.389245,0.370465
own,p03,p03,genuine,live,,dim,0.565610,0.542693,0.543444,-2.359273,0.370465,1.574478
own,p03,p03,genuine,live,,dim,0.479941,0.386387,0.450585,-1.321893,-1.018780,0.926163
own,p03,p03,genuine,live,,dim,0.312490,0.362879,0.416671,-3.853730,-2.315409,-0.740931
own,p03,p03,genuine,live,,dim,0.093234,0.080110,0.036138,-2.788315,-0.926163,-0.926163
own,p03,p03,genuine,live,,dim,0.218074,0.219679,0.182905,-5.084783,-4.260352,-2.130176
own,p03,p03,genuine,live,,dim,0.398189,0.351790,0.362767,-4.265548,-1.852327,-2.408025
own,p03,p03,genuine,live,,dim,0.268499,0.201172,0.210765,-4.146945,-1.481862,0.463082
own,p03,p03,genuine,live,,dim,0.335967,0.286770,0.332075,-2.011302,0.463082,0.000000
own,p03,p03,genuine,live,,dim,0.462687,0.378602,0.407218,-1.926879,-0.277849,0.833547
own,p03,p03,genuine,live,,dim,0.419113,0.338685,0.400673,-4.719036,-1.389245,-1.111396
own,p03,p03,genuine,live,,dim,0.594301,0.510960,0.514707,-2.080170,0.463082,0.833547
own,p03,p03,genuine,live,,dim,0.404807,0.340622,0.350727,-6.067070,-1.389245,-0.463082
own,p03,p03,genuine,live,,dim,0.583219,0.527648,0.576150,-2.024532,0.833547,-0.555698
own,p03,p03,genuine,live,,dim,0.497951,0.451634,0.455509,-2.945116,0.370465,0.555698
own,p03,p03,genuine,live,,dim,0.422682,0.350125,0.364991,-3.923157,-2.315409,0.555698
own,p03,p03,genuine,live,,dim,0.449934,0.421490,0.429395,-1.476679,-0.185233,2.315409
own,p03,p03,genuine,live,,dim,0.500606,0.475696,0.415367,-3.527048,-1.759711,-0.463082
own,p03,p03,genuine,live,,dim,0.587423,0.544741,0.523950,-3.390449,1.574478,2.037560
own,p03,p03,genuine,live,,dim,0.558266,0.461014,0.469322,-2.743975,-0.833547,-0.277849
own,p03,p03,genuine,live,,dim,0.388306,0.353050,0.346654,-4.744352,-1.111396,-0.092616
own,p03,p03,spoof,screen,,bright,0.769155,0.726132,0.714272,-5.922617,-4.816050,-4.908667
own,p03,p03,spoof,screen,,bright,0.760448,0.710534,0.728398,-6.843367,-6.390528,-5.371748
own,p03,p03,spoof,screen,,bright,0.759728,0.724676,0.725665,-9.091402,-8.520704,-7.965006
own,p03,p03,spoof,screen,,bright,0.768454,0.696848,0.734048,-10.528745,-10.743497,-9.354251
own,p03,p03,spoof,screen,,bright,0.796019,0.768806,0.766213,-12.917814,-11.808584,-9.539484
own,p03,p03,spoof,screen,,bright,0.754080,0.726558,0.747540,-9.900846,-8.891170,-7.316691
own,p03,p03,spoof,screen,,bright,0.780735,0.745398,0.751771,-5.953516,-6.112679,-4.075119
own,p03,p03,spoof,screen,,bright,0.797090,0.750400,0.771129,-7.132447,-6.483144,-4.723434
own,p03,p03,spoof,screen,,bright,0.775914,0.721520,0.745090,-8.494947,-7.872390,-7.316691
own,p03,p03,spoof,screen,,bright,0.761549,0.702108,0.728770,-6.000498,-4.260352,-4.352968
own,p03,p03,spoof,screen,,bright,0.785291,0.728695,0.746760,-7.726522,-7.779773,-7.131459
own,p03,p03,spoof,screen,,bright,0.765802,0.745338,0.744435,-6.545721,-7.594541,-5.464365
own,p03,p03,spoof,screen,,bright,0.793654,0.726091,0.762749,-10.125618,-8.798553,-8.057622
own,p03,p03,spoof,screen,,bright,0.783133,0.741993,0.756988,-7.803794,-6.020063,-3.889887
own,p03,p03,spoof,screen,,bright,0.760930,0.723326,0.743406,-7.011172,-7.409308,-5.834830
own,p03,p03,spoof,screen,,bright,0.779778,0.724706,0.728742,-9.181973,-7.501925,-6.020063
own,p03,p03,spoof,screen,,bright,0.779783,0.740951,0.760494,-7.729180,-5.927446,-5.464365
own,p03,p03,spoof,screen,,bright,0.782211,0.738119,0.751167,-6.962657,-7.131459,-6.112679
own,p03,p03,spoof,screen,,bright,0.745391,0.702114,0.719295,-4.726629,-3.334188,-4.630817
own,p03,p03,spoof,screen,,bright,0.789105,0.770012,0.779416,-6.279579,-6.390528,-4.167736
own,p03,p03,spoof,screen,,bright,0.756475,0.735877,0.729714,-8.068371,-7.501925,-6.483144
own,p03,p03,spoof,screen,,bright,0.772509,0.751686,0.760605,-8.684471,-8.705936,-5.556981
own,p03,p03,spoof,screen,,bright,0.788985,0.737641,0.750849,-9.285176,-8.705936,-6.297912
own,p03,p03,spoof,screen,,bright,0.773263,0.741331,0.748607,-6.573732,-3.334188,-3.797270
own,p03,p03,spoof,screen,,bright,0.797022,0.756493,0.786956,-8.934525,-7.779773,-6.575761
own,p03,p03,spoof,screen,,bright,0.760849,0.718521,0.733798,-5.019902,-5.464365,-5.464365
own,p03,p03,spoof,screen,,bright,0.775533,0.745196,0.748649,-1.986022,-1.018780,0.185233
own,p03,p03,spoof,screen,,bright,0.799974,0.748471,0.776165,-7.172871,-3.797270,-4.075119
own,p03,p03,spoof,screen,,bright,0.777414,0.744239,0.758438,-6.153944,-4.260352,-4.445585
own,p03,p03,spoof,screen,,bright,0.786558,0.748500,0.763143,-7.048710,-5.649597,-5.186516
own,p03,p03,spoof,screen,,bright,0.773677,0.752275,0.751782,-3.213874,-0.648314,-1.111396
own,p03,p03,spoof,screen,,bright,0.780916,0.752241,0.756270,-4.968534,-3.982503,-1.944943
own,p03,p03,spoof,screen,,bright,0.779589,0.712586,0.745538,-9.005407,-6.390528,-5.093899
own,p03,p03,spoof,screen,,bright,0.793618,0.759851,0.763083,-5.332189,-3.334188,-1.111396
own,p03,p03,spoof,screen,,bright,0.788741,0.735418,0.771134,-7.764601,-4.723434,-4.816050
own,p03,p03,spoof,screen,,bright,0.790842,0.726295,0.764654,-3.594766,-2.963723,-0.277849
own,p03,p03,spoof,screen,,bright,0.762475,0.736215,0.721117,-5.269447,-4.167736,-2.037560
own,p03,p03,spoof,screen,,bright,0.794166,0.741398,0.757339,-6.693858,-5.927446,-3.982503
own,p03,p03,spoof,screen,,dim,0.612194,0.611300,0.571679,-11.080665,-10.187799,-10.465648
own,p03,p03,spoof,screen,,dim,0.601056,0.634168,0.586080,-7.706517,-7.038843,-7.872390
own,p03,p03,spoof,screen,,dim,0.496215,0.516742,0.491646,-10.097548,-9.724717,-9.539484
own,p03,p03,spoof,screen,,dim,0.504832,0.550005,0.534667,-6.340684,-5.649597,-6.020063
own,p03,p03,spoof,screen,,dim,0.519480,0.563919,0.521710,-5.104282,-4.445585,-4.816050
own,p03,p03,spoof,screen,,dim,0.607633,0.673772,0.623928,-7.338800,-5.927446,-5.186516
own,p03,p03,spoof,screen,,dim,0.346869,0.387432,0.370941,-8.363773,-5.834830,-6.112679
own,p03,p03,spoof,screen,,dim,0.545608,0.585163,0.548429,-7.397892,-6.390528,-6.297912
own,p03,p03,spoof,screen,,dim,0.667952,0.677532,0.659831,-5.134631,-2.037560,-2.871107
own,p03,p03,spoof,screen,,dim,0.414686,0.439293,0.415982,-5.979849,-3.982503,-5.001283
own,p03,p03,spoof,screen,,dim,0.518652,0.564088,0.525819,-4.760832,-4.538201,-3.241572
own,p03,p03,spoof,screen,,dim,0.511499,0.530439,0.524297,-5.963693,-6.112679,-5.742214
own,p03,p03,spoof,screen,,dim,0.587899,0.627501,0.611255,-4.946035,-3.565730,-4.075119
own,p03,p03,spoof,screen,,dim,0.505989,0.575009,0.550523,-7.823506,-6.946226,-7.501925
own,p03,p03,spoof,screen,,dim,0.549235,0.610377,0.553316,-6.033754,-5.001283,-4.816050
own,p03,p03,spoof,screen,,dim,0.665748,0.673366,0.677420,-5.170868,-4.723434,-2.871107
own,p03,p03,spoof,screen,,dim,0.518721,0.546753,0.542132,-5.625261,-5.371748,-4.075119
own,p03,p03,spoof,screen,,dim,0.337366,0.414370,0.363260,-5.957518,-5.279132,-5.093899
own,p03,p03,spoof,screen,,dim,0.592451,0.612977,0.583764,-8.026696,-4.630817,-6.020063
own,p03,p03,spoof,screen,,dim,0.410868,0.426176,0.433279,-6.827365,-6.020063,-5.279132
own,p03,p03,spoof,screen,,dim,0.418993,0.430133,0.408115,-6.727048,-6.853610,-6.575761
own,p03,p03,spoof,screen,,dim,0.610768,0.657968,0.608531,-8.709358,-7.594541,-8.335471
own,p03,p03,spoof,screen,,dim,0.679944,0.694421,0.668417,-4.933670,-2.315409,-2.500641
own,p03,p03,spoof,screen,,dim,0.454562,0.456369,0.471456,-4.036877,-3.704654,-2.315409
own,p03,p03,spoof,screen,,dim,0.637419,0.643371,0.621875,-6.533263,-3.889887,-4.538201
own,p03,p03,spoof,screen,,dim,0.651850,0.651340,0.637235,-5.406849,-2.593258,-2.778491
own,p03,p03,spoof,screen,,dim,0.690881,0.693835,0.703055,-5.451037,-4.075119,-4.538201
own,p03,p03,spoof,screen,,dim,0.435365,0.477278,0.449700,-5.715024,-4.167736,-3.797270
own,p03,p03,spoof,screen,,dim,0.597248,0.639303,0.603293,-3.216531,-2.963723,-3.334188
own,p03,p03,spoof,screen,,dim,0.652452,0.657530,0.657865,-6.075130,-4.075119,-4.445585
own,p03,p03,spoof,screen,,dim,0.564376,0.592868,0.562037,-5.035732,-3.519421,-2.685874
own,p03,p03,spoof,screen,,dim,0.521369,0.559999,0.523528,-7.160929,-7.316691,-5.834830
own,p03,p03,spoof,screen,,dim,0.524222,0.553146,0.536573,-6.983196,-7.409308,-5.279132
own,p03,p03,spoof,screen,,dim,0.549636,0.577093,0.530255,-5.235092,-4.630817,-4.816050
own,p03,p03,spoof,screen,,dim,0.667385,0.650052,0.643151,-5.663782,-2.500641,-3.704654
own,p03,p03,spoof,screen,,dim,0.583086,0.586833,0.593402,-5.836123,-5.279132,-4.538201
own,p03,p02,impostor,live,,bright,0.098679,0.102736,0.096131,3.755605,3.889887,6.575761
own,p03,p02,impostor,live,,bright,0.112499,0.128014,0.124332,4.260633,4.260352,5.834830
own,p03,p02,impostor,live,,bright,0.083504,0.113334,0.086029,2.382360,4.908667,5.371748
own,p03,p02,impostor,live,,bright,0.083867,0.094497,0.066087,1.796386,1.667094,2.593258
own,p03,p02,impostor,live,,bright,0.092099,0.108470,0.092606,2.740026,3.148956,4.445585
own,p03,p02,impostor,live,,bright,0.076177,0.095988,0.080237,0.815786,1.481862,1.667094
own,p03,p02,impostor,live,,bright,0.081280,0.099666,0.095429,1.567177,0.185233,2.685874
own,p03,p02,impostor,live,,bright,0.073723,0.078276,0.078446,2.500372,3.056340,4.445585
own,p03,p02,impostor,live,,bright,0.057083,0.095154,0.054446,3.478359,2.963723,4.352968
own,p03,p02,impostor,live,,bright,0.091228,0.124826,0.107567,11.236039,10.002565,11.577044
own,p03,p02,impostor,live,,bright,0.079183,0.107709,0.078236,12.621314,11.808584,11.808584
own,p03,p02,impostor,live,,bright,0.053183,0.062087,0.046756,8.495095,10.928729,11.808584
own,p03,p02,impostor,live,,bright,0.111836,0.142829,0.104986,6.815101,7.594541,9.076403
own,p03,p02,impostor,live,,bright,0.077256,0.089070,0.080476,6.713602,7.131459,8.983786
own,p03,p02,impostor,live,,bright,0.089642,0.083278,0.073101,5.135967,6.297912,7.409308
own,p03,p02,impostor,live,,bright,0.087872,0.083514,0.073761,2.829976,3.797270,4.816050
own,p03,p02,impostor,live,,bright,0.093229,0.101219,0.099814,4.950465,4.630817,7.038843
own,p03,p02,impostor,live,,bright,0.062067,0.083083,0.066020,3.800914,3.704654,7.594541
own,p03,p02,impostor,live,,bright,0.075992,0.085626,0.079732,0.763010,1.389245,3.889887
own,p03,p02,impostor,live,,bright,0.069672,0.084725,0.074380,4.234604,3.982503,6.946226
own,p03,p02,impostor,live,,bright,0.077089,0.063999,0.052966,4.489016,5.834830,8.011314
own,p03,p02,impostor,live,,bright,0.074064,0.110308,0.077394,3.591536,2.500641,6.390528
own,p03,p02,impostor,live,,bright,0.071241,0.100438,0.066404,6.315413,6.205296,7.501925
own,p03,p02,impostor,live,,bright,0.097908,0.105490,0.094765,4.551798,4.816050,7.687157
own,p03,p02,impostor,live,,bright,0.083893,0.098584,0.065300,7.870837,8.242855,9.307943
own,p03,p02,impostor,live,,bright,0.087316,0.107143,0.070441,3.015388,3.797270,6.205296
own,p03,p02,impostor,live,,bright,0.052372,0.080767,0.029090,5.652786,5.279132,7.131459
own,p03,p02,impostor,live,,bright,0.075416,0.092416,0.048574,6.300108,6.946226,7.224075
own,p03,p02,impostor,live,,bright,0.068972,0.093686,0.070329,4.616124,5.186516,7.131459
own,p03,p02,impostor,live,,bright,0.119535,0.121501,0.106919,3.766402,3.519421,4.908667
own,p03,p02,impostor,live,,bright,0.067281,0.101412,0.051801,5.975117,4.816050,6.112679
own,p03,p02,impostor,live,,bright,0.105763,0.126902,0.109064,4.232134,6.575761,7.965006
own,p03,p02,impostor,live,,bright,0.099725,0.113934,0.073407,2.299362,2.315409,6.297912
own,p03,p02,impostor,live,,bright,0.105200,0.113008,0.095061,5.503404,6.760993,10.187799
own,p03,p02,impostor,live,,bright,0.103380,0.108133,0.097416,3.472461,7.316691,7.965006
own,p03,p02,impostor,live,,bright,0.102986,0.106942,0.076205,5.111013,6.483144,7.687157
own,p03,p02,impostor,live,,dim,0.089257,0.138672,0.127542,1.614399,1.759711,2.130176
own,p03,p02,impostor,live,,dim,0.063174,0.094220,0.102258,0.140653,1.204013,1.204013
own,p03,p02,impostor,live,,dim,0.078514,0.123138,0.118458,1.087842,2.778491,2.130176
own,p03,p02,impostor,live,,dim,0.080361,0.104843,0.097218,-0.160925,1.296629,1.759711
own,p03,p02,impostor,live,,dim,0.080889,0.114851,0.130496,3.958955,4.352968,4.167736
own,p03,p02,impostor,live,,dim,0.066756,0.090313,0.101567,1.334991,3.056340,3.334188
own,p03,p02,impostor,live,,dim,0.073567,0.087514,0.092595,2.935071,4.260352,4.260352
own,p03,p02,impostor,live,,dim,0.063170,0.093388,0.107139,4.447600,4.260352,4.908667
own,p03,p02,impostor,live,,dim,0.040169,0.093201,0.065409,4.077868,5.742214,3.612038
own,p03,p02,impostor,live,,dim,0.039802,0.071222,0.040814,4.356566,3.889887,3.519421
own,p03,p02,impostor,live,,dim,0.048129,0.054543,0.061675,-0.491157,0.555698,1.204013
own,p03,p02,impostor,live,,dim,0.047823,0.010016,0.035403,1.574260,2.222792,2.500641
own,p03,p02,impostor,live,,dim,0.081660,0.105686,0.090408,0.030661,0.277849,2.222792
own,p03,p02,impostor,live,,dim,0.060985,0.060287,0.060070,-0.259123,-2.130176,1.018780
own,p03,p02,impostor,live,,dim,0.027536,0.037145,0.039904,1.475505,-0.185233,1.667094
own,p03,p02,impostor,live,,dim,0.041892,0.048351,0.038357,2.872842,2.778491,3.612038
own,p03,p02,impostor,live,,dim,0.088418,0.133811,0.110864,6.950506,6.297912,6.575761
own,p03,p02,impostor,live,,dim,0.100671,0.127629,0.131734,4.341982,4.260352,3.056340
own,p03,p02,impostor,live,,dim,0.018300,0.056973,0.027985,4.849401,5.464365,4.352968
own,p03,p02,impostor,live,,dim,0.080561,0.094287,0.100557,4.404272,3.889887,4.908667
own,p03,p02,impostor,live,,dim,0.112875,0.097330,0.109771,5.902535,5.464365,5.186516
own,p03,p02,impostor,live,,dim,0.052087,0.087093,0.044585,5.486969,6.112679,5.371748
own,p03,p02,impostor,live,,dim,0.042863,0.078310,0.057598,5.982809,4.075119,5.927446
own,p03,p02,impostor,live,,dim,0.072034,0.071085,0.094858,7.301263,6.205296,6.483144
own,p03,p02,impostor,live,,dim,0.109559,0.113407,0.112934,6.725647,6.575761,7.131459
own,p03,p02,impostor,live,,dim,0.080955,0.130510,0.084461,5.603923,5.649597,6.390528
own,p03,p02,impostor,live,,dim,0.049915,0.065087,0.074906,5.326339,6.390528,6.205296
own,p03,p02,impostor,live,,dim,0.092199,0.091737,0.103888,4.945826,6.205296,6.483144
own,p03,p02,impostor,live,,dim,0.078739,0.100867,0.111803,5.615492,5.556981,5.834830
own,p03,p02,impostor,live,,dim,0.070397,0.097310,0.078020,5.081801,6.483144,4.908667
own,p03,p02,impostor,live,,dim,0.068059,0.100053,0.097302,5.127798,4.538201,4.538201
own,p03,p02,impostor,live,,dim,0.062853,0.099050,0.091286,3.400516,4.538201,4.075119
own,p03,p02,impostor,live,,dim,0.069990,0.094703,0.090565,5.305587,5.464365,5.093899
own,p03,p02,impostor,live,,dim,0.065447,0.094545,0.078668,6.397861,6.297912,7.872390
own,p03,p02,impostor,live,,dim,0.066410,0.079634,0.080845,5.446049,5.649597,3.889887
own,p02,p01,impostor,live,,bright,0.001077,0.022366,0.000791,8.006835,9.724717,9.817333
own,p02,p01,impostor,live,,bright,0.039740,0.045211,0.027752,3.613028,5.742214,5.742214
own,p02,p01,impostor,live,,bright,0.054214,0.085677,0.058384,8.320078,10.650880,8.520704
own,p02,p01,impostor,live,,bright,0.016087,0.052650,0.007235,11.447161,11.808584,11.484427
own,p02,p01,impostor,live,,bright,0.060987,0.090657,0.053496,11.179267,11.299194,10.002565
own,p02,p01,impostor,live,,bright,0.063715,0.071897,0.056569,4.380626,4.538201,5.649597
own,p02,p01,impostor,live,,bright,0.108031,0.092572,0.097471,7.810622,8.520704,9.076403
own,p02,p01,impostor,live,,bright,0.076222,0.096240,0.071568,6.145576,6.946226,7.872390
own,p02,p01,impostor,live,,bright,0.094718,0.070053,0.081863,7.133254,8.705936,8.057622
own,p02,p01,impostor,live,,bright,0.070404,0.055888,0.071300,9.608784,7.779773,8.613320
own,p02,p01,impostor,live,,bright,0.057887,0.059604,0.079472,9.408838,10.187799,9.261635
own,p02,p01,impostor,live,,bright,0.016557,0.025023,0.004106,1.778090,4.723434,4.630817
own,p02,p01,impostor,live,,bright,0.021873,0.063017,0.017415,4.288164,8.613320,6.390528
own,p02,p01,impostor,live,,bright,0.025942,0.033620,0.022232,5.118121,9.724717,9.076403
own,p02,p01,impostor,live,,bright,0.035671,0.047526,0.043740,5.829724,7.965006,7.965006
own,p02,p01,impostor,live,,bright,0.029840,0.036207,0.025120,4.007072,7.779773,7.131459
own,p02,p01,impostor,live,,bright,0.032691,0.046988,0.032029,4.446160,7.872390,8.613320
own,p02,p01,impostor,live,,bright,0.028008,0.058201,0.011600,6.419511,8.613320,9.539484
own,p02,p01,impostor,live,,bright,0.037409,0.056568,0.025937,5.310639,8.242855,7.965006
own,p02,p01,impostor,live,,bright,0.036466,0.068251,0.038918,7.383052,9.724717,9.539484
own,p02,p01,impostor,live,,bright,0.043510,0.077227,0.027556,8.566292,11.391811,10.002565
own,p02,p01,impostor,live,,bright,-0.007914,-0.018097,-0.004633,-1.289772,0.092616,1.667094
own,p02,p01,impostor,live,,bright,0.052626,0.063267,0.085115,4.719773,4.538201,6.390528
own,p02,p01,impostor,live,,bright,0.075949,0.087426,0.072501,4.071670,6.436836,7.038843
own,p02,p01,impostor,live,,bright,0.028687,0.048969,0.030092,4.973032,6.575761,6.853610
own,p02,p01,impostor,live,,bright,0.037780,0.052902,0.041349,6.829669,7.687157,8.891170
own,p02,p01,impostor,live,,bright,0.060708,0.066318,0.059091,5.994861,8.150239,8.057622
own,p02,p01,impostor,live,,bright,0.060513,0.075279,0.043646,9.512592,11.530735,11.113962
own,p02,p01,impostor,live,,bright,-0.010265,0.025141,-0.011991,1.452859,2.130176,2.685874
own,p02,p01,impostor,live,,bright,-0.073345,-0.021948,-0.052938,3.696531,5.742214,4.630817
own,p02,p01,impostor,live,,bright,-0.017295,-0.013629,-0.006229,3.802594,5.093899,5.834830
own,p02,p01,impostor,live,,bright,-0.003097,0.032003,0.000816,4.402286,6.483144,6.205296
own,p02,p01,impostor,live,,bright,0.008956,0.014195,0.004763,5.119274,6.297912,8.057622
own,p02,p01,impostor,live,,bright,0.083536,0.095584,0.076259,8.042761,8.150239,8.705936
own,p02,p01,impostor,live,,bright,-0.008744,-0.028392,-0.016181,1.879939,4.630817,2.408025
own,p02,p01,impostor,live,,bright,0.030946,0.053947,0.032543,6.481624,7.038843,6.020063
own,p02,p01,impostor,live,,bright,0.021113,0.034629,0.014075,5.730727,7.965006,6.297912
own,p02,p01,impostor,live,,bright,0.019230,0.063067,0.011325,6.624267,7.965006,8.613320
own,p02,p01,impostor,live,,dim,0.058974,0.070827,0.076878,1.009098,1.481862,2.037560
own,p02,p01,impostor,live,,dim,0.040718,0.057299,0.043001,0.558760,2.130176,1.111396
own,p02,p01,impostor,live,,dim,0.025766,0.050368,0.059752,0.661091,1.018780,1.296629
own,p02,p01,impostor,live,,dim,0.080103,0.071857,0.078063,1.508720,2.778491,3.519421
own,p02,p01,impostor,live,,dim,0.022924,0.050272,0.040759,2.092341,3.797270,3.889887
own,p02,p01,impostor,live,,dim,0.064387,0.071737,0.074234,2.749763,4.352968,4.352968
own,p02,p01,impostor,live,,dim,0.070489,0.090184,0.109277,3.116078,3.056340,3.148956
own,p02,p01,impostor,live,,dim,0.021521,0.042440,0.050052,0.557206,1.944943,2.593258
own,p02,p01,impostor,live,,dim,0.023897,0.036329,0.051521,-0.028188,1.481862,1.667094
own,p02,p01,impostor,live,,dim,0.094458,0.081835,0.087549,3.642648,4.260352,6.112679
own,p02,p01,impostor,live,,dim,-0.058553,-0.029549,-0.009986,1.790099,1.481862,1.667094
own,p02,p01,impostor,live,,dim,-0.039458,-0.012544,-0.040436,0.806126,1.667094,0.463082
own,p02,p01,impostor,live,,dim,0.006122,0.054571,0.015844,2.363841,0.555698,1.111396
own,p02,p01,impostor,live,,dim,0.075136,0.106453,0.098839,1.275114,-0.926163,0.463082
own,p02,p01,impostor,live,,dim,0.078163,0.079158,0.086241,3.655231,3.797270,3.612038
own,p02,p01,impostor,live,,dim,0.083212,0.074685,0.063060,3.807096,5.649597,5.186516
own,p02,p01,impostor,live,,dim,0.051147,0.050631,0.073350,4.910088,6.297912,5.001283
own,p02,p01,impostor,live,,dim,0.032424,0.035590,0.044410,1.528473,3.704654,2.130176
own,p02,p01,impostor,live,,dim,0.002779,0.003747,-0.011611,1.385123,2.037560,2.871107
own,p02,p01,impostor,live,,dim,-0.033226,-0.013126,-0.035056,-1.394960,-0.926163,-1.157704
own,p02,p01,impostor,live,,dim,0.056250,0.078443,0.051738,0.298453,1.018780,-0.277849
own,p02,p01,impostor,live,,dim,-0.004948,0.007910,0.003124,1.079060,3.519421,2.454333
own,p02,p01,impostor,live,,dim,-0.052709,-0.017472,-0.048203,-0.076653,1.852327,1.759711
own,p02,p01,impostor,live,,dim,0.020081,0.029855,0.012730,-0.172435,1.296629,1.389245
own,p02,p01,impostor,live,,dim,-0.011662,0.001624,-0.023035,0.801612,3.704654,0.926163
own,p02,p01,impostor,live,,dim,-0.018677,0.000904,0.004888,1.653103,3.704654,2.037560
own,p02,p01,impostor,live,,dim,0.078133,0.102562,0.092619,-0.935292,0.370465,-0.092616
own,p02,p01,impostor,live,,dim,0.002810,-0.005104,-0.003771,-0.906537,0.185233,-0.648314
own,p02,p01,impostor,live,,dim,0.039832,0.094124,0.023017,1.438614,1.852327,1.018780
own,p02,p01,impostor,live,,dim,0.034305,0.047777,0.011996,0.890139,2.500641,1.204013
own,p02,p01,impostor,live,,dim,0.016761,0.036540,0.030392,0.786091,2.593258,1.296629
own,p02,p01,impostor,live,,dim,0.022515,0.075101,0.024840,0.590458,2.130176,1.111396
own,p02,p03,impostor,live,,bright,0.103016,0.112000,0.104334,1.717355,6.205296,5.927446
own,p02,p03,impostor,live,,bright,0.096080,0.099768,0.087149,2.012792,6.668377,6.297912
own,p02,p03,impostor,live,,bright,0.085999,0.111522,0.091171,-1.479191,3.889887,3.426805
own,p02,p03,impostor,live,,bright,0.060458,0.032840,0.026239,0.193939,5.371748,4.630817
own,p02,p03,impostor,live,,bright,0.022648,0.011098,-0.006944,1.444753,6.205296,4.167736
own,p02,p03,impostor,live,,bright,0.017480,0.031293,0.012040,-2.985679,2.778491,3.334188
own,p02,p03,impostor,live,,bright,0.060837,0.052774,0.060894,3.029632,8.798553,7.965006
own,p02,p03,impostor,live,,bright,0.071459,0.081676,0.072407,1.325380,7.872390,6.760993
own,p02,p03,impostor,live,,bright,0.062182,0.047592,0.051455,0.150371,5.279132,6.575761
own,p02,p03,impostor,live,,bright,0.064965,0.027230,0.052929,3.137469,7.872390,7.224075
own,p02,p03,impostor,live,,bright,0.147306,0.118487,0.108447,6.747308,10.650880,10.095182
own,p02,p03,impostor,live,,bright,0.080473,0.130380,0.097756,5.895595,8.891170,7.687157
own,p02,p03,impostor,live,,bright,0.104240,0.087279,0.101742,7.494546,11.113962,10.465648
own,p02,p03,impostor,live,,bright,0.102060,0.124332,0.106646,6.335724,7.965006,8.659628
own,p02,p03,impostor,live,,bright,0.090506,0.103345,0.104704,7.279796,10.002565,8.705936
own,p02,p03,impostor,live,,bright,0.093837,0.110393,0.096940,6.876521,7.687157,7.409308
own,p02,p03,impostor,live,,bright,0.108176,0.119001,0.092982,4.122456,9.539484,6.760993
own,p02,p03,impostor,live,,bright,0.091348,0.091191,0.086139,2.059022,6.297912,5.649597
own,p02,p03,impostor,live,,bright,0.081395,0.112122,0.100211,1.929101,5.649597,6.112679
own,p02,p03,impostor,live,,bright,0.071897,0.088754,0.081631,1.701872,5.371748,4.352968
own,p02,p03,impostor,live,,bright,0.080631,0.084589,0.094717,1.137388,6.575761,5.556981
own,p02,p03,impostor,live,,bright,0.127293,0.111574,0.129991,-0.213759,5.279132,5.001283
own,p02,p03,impostor,live,,bright,0.126137,0.127412,0.126429,-5.184806,2.593258,1.759711
own,p02,p03,impostor,live,,bright,0.083929,0.066918,0.075174,-0.846242,3.704654,4.167736
own,p02,p03,impostor,live,,bright,0.103830,0.089380,0.088379,-1.681755,0.277849,2.593258
own,p02,p03,impostor,live,,bright,0.007255,-0.021480,-0.013213,1.473706,2.685874,3.797270
own,p02,p03,impostor,live,,bright,-0.009805,0.008749,-0.025683,-1.757220,-0.185233,2.871107
own,p02,p03,impostor,live,,bright,0.069587,0.041448,0.064378,-2.038891,0.370465,2.130176
own,p02,p03,impostor,live,,bright,0.050871,0.004370,0.035465,0.154791,2.871107,3.797270
own,p02,p03,impostor,live,,bright,0.085307,0.084245,0.046291,-2.169104,2.778491,3.889887
own,p02,p03,impostor,live,,bright,0.088482,0.068768,0.071573,-4.213458,0.555698,1.111396
own,p02,p03,impostor,live,,bright,0.090452,0.131738,0.135388,-2.649016,5.001283,3.797270
own,p02,p03,impostor,live,,bright,0.017521,0.006596,0.014830,-0.453590,4.630817,4.075119
own,p02,p03,impostor,live,,bright,0.029496,0.050007,0.028813,-0.198663,6.020063,4.075119
own,p02,p03,impostor,live,,bright,0.133372,0.141871,0.142129,-0.472506,6.112679,6.297912
own,p02,p03,impostor,live,,bright,0.096356,0.103865,0.106638,0.625802,8.520704,6.158987
own,p02,p03,impostor,live,,bright,0.107355,0.115587,0.085763,0.718858,5.834830,5.371748
own,p02,p03,impostor,live,,bright,0.085467,0.131395,0.114910,2.364708,7.687157,6.205296
own,p02,p03,impostor,live,,dim,0.030754,0.029045,0.023088,-2.172418,-1.204013,-2.037560
own,p02,p03,impostor,live,,dim,0.024584,0.029532,0.057216,-2.667331,0.648314,-0.138925
own,p02,p03,impostor,live,,dim,0.065225,0.090623,0.059274,-2.752817,0.000000,0.185233
own,p02,p03,impostor,live,,dim,0.054811,0.096994,0.089086,-1.169278,1.296629,0.926163
own,p02,p03,impostor,live,,dim,0.029747,0.047594,0.045134,-2.192132,-0.463082,0.926163
own,p02,p03,impostor,live,,dim,0.087550,0.129574,0.098262,-0.704880,2.222792,1.389245
own,p02,p03,impostor,live,,dim,0.068191,0.080293,0.091361,-0.672390,2.315409,2.037560
own,p02,p03,impostor,live,,dim,0.076196,0.079688,0.097850,-5.101608,-1.944943,-1.204013
own,p02,p03,impostor,live,,dim,0.159701,0.158451,0.103898,-4.222444,-2.408025,-1.852327
own,p02,p03,impostor,live,,dim,0.110791,0.148847,0.089688,-4.124011,-1.667094,-0.277849
own,p02,p03,impostor,live,,dim,0.143770,0.112050,0.134085,-2.584674,-0.277849,-0.648314
own,p02,p03,impostor,live,,dim,0.155641,0.197553,0.141286,-4.684267,-1.481862,1.018780
own,p02,p03,impostor,live,,dim,0.153423,0.119655,0.128548,-2.136297,0.277849,-0.926163
own,p02,p03,impostor,live,,dim,0.141162,0.172441,0.122332,-2.433302,-0.463082,-0.648314
own,p02,p03,impostor,live,,dim,0.088166,0.100211,0.102702,-0.723745,1.759711,0.926163
own,p02,p03,impostor,live,,dim,0.130195,0.073070,0.118731,-3.685296,-1.574478,-2.408025
own,p02,p03,impostor,live,,dim,0.071426,0.117952,0.067415,-3.503423,-1.389245,0.370465
own,p02,p03,impostor,live,,dim,0.019989,0.067514,0.076558,-2.359273,0.370465,1.574478
own,p02,p03,impostor,live,,dim,0.057302,0.062640,0.046844,-1.321893,-1.018780,0.926163
own,p02,p03,impostor,live,,dim,0.018257,0.012960,-0.007189,-3.853730,-2.315409,-0.740931
own,p02,p03,impostor,live,,dim,-0.046637,-0.026799,-0.039065,-2.788315,-0.926163,-0.926163
own,p02,p03,impostor,live,,dim,0.053001,0.055091,0.050819,-5.084783,-4.260352,-2.130176
own,p02,p03,impostor,live,,dim,0.014401,0.038623,0.024373,-4.265548,-1.852327,-2.408025
own,p02,p03,impostor,live,,dim,0.046207,0.050383,-0.003628,-4.146945,-1.481862,0.463082
own,p02,p03,impostor,live,,dim,0.016534,-0.003347,0.022653,-2.011302,0.463082,0.000000
own,p02,p03,impostor,live,,dim,0.029412,0.040762,0.045155,-1.926879,-0.277849,0.833547
own,p02,p03,impostor,live,,dim,0.109655,0.080100,0.104669,-4.719036,-1.389245,-1.111396
own,p02,p03,impostor,live,,dim,0.061282,0.095885,0.104094,-2.080170,0.463082,0.833547
own,p02,p03,impostor,live,,dim,0.107529,0.083299,0.101159,-6.067070,-1.389245,-0.463082
own,p02,p03,impostor,live,,dim,0.076797,0.093880,0.089631,-2.024532,0.833547,-0.555698
own,p02,p03,impostor,live,,dim,0.026086,0.061733,0.066950,-2.945116,0.370465,0.555698
own,p02,p03,impostor,live,,dim,0.065919,0.066359,0.064320,-3.923157,-2.315409,0.555698
own,p02,p03,impostor,live,,dim,0.051461,0.083846,0.085335,-1.476679,-0.185233,2.315409
own,p02,p03,impostor,live,,dim,0.027518,0.033436,0.031984,-3.527048,-1.759711,-0.463082
own,p02,p03,impostor,live,,dim,0.063627,0.102325,0.089881,-3.390449,1.574478,2.037560
own,p02,p03,impostor,live,,dim,0.028360,0.038541,0.030025,-2.743975,-0.833547,-0.277849
own,p02,p03,impostor,live,,dim,0.009017,0.004512,0.025576,-4.744352,-1.111396,-0.092616
own,p02,p02,genuine,live,,bright,0.904225,0.906584,0.912239,3.755605,3.889887,6.575761
own,p02,p02,genuine,live,,bright,0.889317,0.892818,0.889018,4.260633,4.260352,5.834830
own,p02,p02,genuine,live,,bright,0.850825,0.852898,0.849096,2.382360,4.908667,5.371748
own,p02,p02,genuine,live,,bright,0.862758,0.861645,0.859191,1.796386,1.667094,2.593258
own,p02,p02,genuine,live,,bright,0.824967,0.823850,0.839481,2.740026,3.148956,4.445585
own,p02,p02,genuine,live,,bright,0.859039,0.857973,0.853053,0.815786,1.481862,1.667094
own,p02,p02,genuine,live,,bright,0.891947,0.888047,0.888010,1.567177,0.185233,2.685874
own,p02,p02,genuine,live,,bright,0.914560,0.895757,0.907226,2.500372,3.056340,4.445585
own,p02,p02,genuine,live,,bright,0.886813,0.876911,0.875287,3.478359,2.963723,4.352968
own,p02,p02,genuine,live,,bright,0.750247,0.740617,0.726833,11.236039,10.002565,11.577044
own,p02,p02,genuine,live,,bright,0.763823,0.760325,0.756352,12.621314,11.808584,11.808584
own,p02,p02,genuine,live,,bright,0.791240,0.765147,0.778184,8.495095,10.928729,11.808584
own,p02,p02,genuine,live,,bright,0.902206,0.883713,0.889363,6.815101,7.594541,9.076403
own,p02,p02,genuine,live,,bright,0.828391,0.824278,0.820057,6.713602,7.131459,8.983786
own,p02,p02,genuine,live,,bright,0.853828,0.835019,0.844761,5.135967,6.297912,7.409308
own,p02,p02,genuine,live,,bright,0.852838,0.852689,0.835263,2.829976,3.797270,4.816050
own,p02,p02,genuine,live,,bright,0.812853,0.812628,0.816074,4.950465,4.630817,7.038843
own,p02,p02,genuine,live,,bright,0.867332,0.880498,0.853069,3.800914,3.704654,7.594541
own,p02,p02,genuine,live,,bright,0.887736,0.883086,0.880857,0.763010,1.389245,3.889887
own,p02,p02,genuine,live,,bright,0.834999,0.829185,0.840341,4.234604,3.982503,6.946226
own,p02,p02,genuine,live,,bright,0.792530,0.769614,0.781107,4.489016,5.834830,8.011314
own,p02,p02,genuine,live,,bright,0.868195,0.866431,0.858715,3.591536,2.500641,6.390528
own,p02,p02,genuine,live,,bright,0.859307,0.860042,0.854509,6.315413,6.205296,7.501925
own,p02,p02,genuine,live,,bright,0.899874,0.896215,0.881927,4.551798,4.816050,7.687157
own,p02,p02,genuine,live,,bright,0.929008,0.925773,0.925177,7.870837,8.242855,9.307943
own,p02,p02,genuine,live,,bright,0.953993,0.955102,0.948632,3.015388,3.797270,6.205296
own,p02,p02,genuine,live,,bright,0.917821,0.918923,0.901625,5.652786,5.279132,7.131459
own,p02,p02,genuine,live,,bright,0.947058,0.942245,0.930355,6.300108,6.946226,7.224075
own,p02,p02,genuine,live,,bright,0.948775,0.934594,0.932082,4.616124,5.186516,7.131459
own,p02,p02,genuine,live,,bright,0.918709,0.906320,0.905527,3.766402,3.519421,4.908667
own,p02,p02,genuine,live,,bright,0.888288,0.883974,0.854394,5.975117,4.816050,6.112679
own,p02,p02,genuine,live,,bright,0.881961,0.863899,0.854900,4.232134,6.575761,7.965006
own,p02,p02,genuine,live,,bright,0.900377,0.891338,0.886654,2.299362,2.315409,6.297912
own,p02,p02,genuine,live,,bright,0.897179,0.903062,0.879962,5.503404,6.760993,10.187799
own,p02,p02,genuine,live,,bright,0.899332,0.891999,0.887521,3.472461,7.316691,7.965006
own,p02,p02,genuine,live,,bright,0.915182,0.909759,0.904826,5.111013,6.483144,7.687157
own,p02,p02,genuine,live,,dim,0.665494,0.622354,0.655954,1.614399,1.759711,2.130176
own,p02,p02,genuine,live,,dim,0.624127,0.591378,0.636031,0.140653,1.204013,1.204013
own,p02,p02,genuine,live,,dim,0.659170,0.613003,0.664700,1.087842,2.778491,2.130176
own,p02,p02,genuine,live,,dim,0.657578,0.592333,0.631656,-0.160925,1.296629,1.759711
own,p02,p02,genuine,live,,dim,0.650103,0.609590,0.633157,3.958955,4.352968,4.167736
own,p02,p02,genuine,live,,dim,0.710718,0.657276,0.690466,1.334991,3.056340,3.334188
own,p02,p02,genuine,live,,dim,0.751321,0.729842,0.748201,2.935071,4.260352,4.260352
own,p02,p02,genuine,live,,dim,0.751158,0.700092,0.732889,4.447600,4.260352,4.908667
own,p02,p02,genuine,live,,dim,0.762399,0.721866,0.751307,4.077868,5.742214,3.612038
own,p02,p02,genuine,live,,dim,0.744070,0.691378,0.710861,4.356566,3.889887,3.519421
own,p02,p02,genuine,live,,dim,0.603275,0.562572,0.583422,-0.491157,0.555698,1.204013
own,p02,p02,genuine,live,,dim,0.615721,0.575665,0.620059,1.574260,2.222792,2.500641
own,p02,p02,genuine,live,,dim,0.554819,0.511447,0.541343,0.030661,0.277849,2.222792
own,p02,p02,genuine,live,,dim,0.629960,0.624893,0.650881,-0.259123,-2.130176,1.018780
own,p02,p02,genuine,live,,dim,0.678735,0.628655,0.669394,1.475505,-0.185233,1.667094
own,p02,p02,genuine,live,,dim,0.762543,0.728160,0.744224,2.872842,2.778491,3.612038
own,p02,p02,genuine,live,,dim,0.705025,0.709984,0.731701,6.950506,6.297912,6.575761
own,p02,p02,genuine,live,,dim,0.659680,0.623056,0.661643,4.341982,4.260352,3.056340
own,p02,p02,genuine,live,,dim,0.667296,0.675048,0.662095,4.849401,5.464365,4.352968
own,p02,p02,genuine,live,,dim,0.643572,0.602976,0.641279,4.404272,3.889887,4.908667
own,p02,p02,genuine,live,,dim,0.683896,0.662262,0.686956,5.902535,5.464365,5.186516
own,p02,p02,genuine,live,,dim,0.700842,0.693621,0.701529,5.486969,6.112679,5.371748
own,p02,p02,genuine,live,,dim,0.731077,0.677526,0.733325,5.982809,4.075119,5.927446
own,p02,p02,genuine,live,,dim,0.757263,0.717558,0.765167,7.301263,6.205296,6.483144
own,p02,p02,genuine,live,,dim,0.715396,0.687906,0.725041,6.725647,6.575761,7.131459
own,p02,p02,genuine,live,,dim,0.683236,0.645282,0.665069,5.603923,5.649597,6.390528
own,p02,p02,genuine,live,,dim,0.704842,0.643218,0.697893,5.326339,6.390528,6.205296
own,p02,p02,genuine,live,,dim,0.711745,0.690637,0.725500,4.945826,6.205296,6.483144
own,p02,p02,genuine,live,,dim,0.738644,0.723781,0.726374,5.615492,5.556981,5.834830
own,p02,p02,genuine,live,,dim,0.735116,0.701628,0.754556,5.081801,6.483144,4.908667
own,p02,p02,genuine,live,,dim,0.727447,0.722359,0.725655,5.127798,4.538201,4.538201
own,p02,p02,genuine,live,,dim,0.745921,0.745709,0.727213,3.400516,4.538201,4.075119
own,p02,p02,genuine,live,,dim,0.790238,0.770253,0.781579,5.305587,5.464365,5.093899
own,p02,p02,genuine,live,,dim,0.760889,0.749212,0.767793,6.397861,6.297912,7.872390
own,p02,p02,genuine,live,,dim,0.772511,0.731596,0.771720,5.446049,5.649597,3.889887
own,p02,p02,spoof,screen,,bright,0.606191,0.575099,0.604366,-8.012051,-6.575761,-6.020063
own,p02,p02,spoof,screen,,bright,0.611762,0.602878,0.608659,-7.890147,-6.020063,-6.668377
own,p02,p02,spoof,screen,,bright,0.616074,0.605752,0.609371,-7.559087,-7.594541,-7.131459
own,p02,p02,spoof,screen,,bright,0.661526,0.644706,0.663246,-7.947175,-7.594541,-7.872390
own,p02,p02,spoof,screen,,bright,0.610176,0.597672,0.616355,-6.093694,-5.371748,-3.982503
own,p02,p02,spoof,screen,,bright,0.612086,0.597999,0.605281,-7.497272,-6.483144,-6.297912
own,p02,p02,spoof,screen,,bright,0.564575,0.551001,0.562587,-5.218842,-4.816050,-4.167736
own,p02,p02,spoof,screen,,bright,0.597448,0.598421,0.586683,-8.259888,-8.335471,-6.297912
own,p02,p02,spoof,screen,,bright,0.602284,0.605258,0.620364,-8.906738,-11.206578,-11.299194
own,p02,p02,spoof,screen,,bright,0.625336,0.628199,0.601212,-10.240373,-9.493176,-9.817333
own,p02,p02,spoof,screen,,bright,0.610132,0.583165,0.591739,-7.355531,-6.760993,-5.371748
own,p02,p02,spoof,screen,,bright,0.591240,0.586862,0.577349,-7.676707,-7.131459,-6.760993
own,p02,p02,spoof,screen,,bright,0.618001,0.600307,0.626193,-5.902094,-3.426805,-2.778491
own,p02,p02,spoof,screen,,bright,0.644517,0.639260,0.626331,-5.285516,-3.704654,-4.352968
own,p02,p02,spoof,screen,,bright,0.641753,0.625830,0.624172,-6.788939,-6.390528,-6.483144
own,p02,p02,spoof,screen,,bright,0.626512,0.597359,0.634347,-7.863733,-7.918698,-6.205296
own,p02,p02,spoof,screen,,bright,0.659217,0.621732,0.644904,-8.643560,-8.428088,-8.242855
own,p02,p02,spoof,screen,,bright,0.632954,0.603926,0.607514,-9.551773,-9.817333,-8.520704
own,p02,p02,spoof,screen,,bright,0.631879,0.616597,0.632221,-7.781819,-6.946226,-8.428088
own,p02,p02,spoof,screen,,bright,0.623914,0.616933,0.616304,-8.282984,-8.891170,-8.242855
own,p02,p02,spoof,screen,,bright,0.620965,0.610810,0.587448,-5.164768,-5.093899,-6.205296
own,p02,p02,spoof,screen,,bright,0.598568,0.576176,0.583555,-7.009435,-7.872390,-7.779773
own,p02,p02,spoof,screen,,bright,0.581581,0.563817,0.570693,-6.055827,-6.853610,-6.760993
own,p02,p02,spoof,screen,,bright,0.600323,0.615400,0.584929,-8.799157,-8.335471,-6.668377
own,p02,p02,spoof,screen,,bright,0.587753,0.569140,0.567384,-7.550553,-9.261635,-7.872390
own,p02,p02,spoof,screen,,bright,0.617280,0.603415,0.600113,-5.506346,-5.742214,-4.723434
own,p02,p02,spoof,screen,,bright,0.631117,0.603737,0.615221,-7.925133,-7.131459,-5.093899
own,p02,p02,spoof,screen,,bright,0.608457,0.593473,0.603140,-7.066957,-6.020063,-6.297912
own,p02,p02,spoof,screen,,bright,0.651905,0.648654,0.650203,-6.906688,-5.649597,-5.834830
own,p02,p02,spoof,screen,,bright,0.585003,0.587618,0.605223,-9.583071,-8.705936,-8.705936
own,p02,p02,spoof,screen,,bright,0.613976,0.589491,0.605550,-6.908490,-6.205296,-5.464365
own,p02,p02,spoof,screen,,bright,0.659625,0.611433,0.656194,-5.588175,-5.649597,-4.538201
own,p02,p02,spoof,screen,,bright,0.569676,0.554193,0.556953,-7.232132,-7.687157,-8.057622
own,p02,p02,spoof,screen,,bright,0.613354,0.620898,0.616752,-8.115525,-8.520704,-8.983786
own,p02,p02,spoof,screen,,bright,0.588759,0.592143,0.586672,-5.827524,-6.483144,-3.889887
own,p02,p02,spoof,screen,,dim,0.586706,0.598662,0.583907,-10.324965,-8.891170,-7.316691
own,p02,p02,spoof,screen,,dim,0.549105,0.545096,0.531482,-10.812389,-9.724717,-9.076403
own,p02,p02,spoof,screen,,dim,0.580765,0.552510,0.578007,-9.190458,-6.853610,-8.242855
own,p02,p02,spoof,screen,,dim,0.583709,0.584963,0.575547,-12.604733,-10.558264,-9.724717
own,p02,p02,spoof,screen,,dim,0.596242,0.598251,0.584571,-11.361256,-8.335471,-8.150239
own,p02,p02,spoof,screen,,dim,0.606583,0.596953,0.594686,-11.959723,-10.558264,-8.520704
own,p02,p02,spoof,screen,,dim,0.540313,0.535229,0.503026,-12.879663,-11.299194,-9.354251
own,p02,p02,spoof,screen,,dim,0.556557,0.544921,0.530551,-8.392786,-5.556981,-4.630817
own,p02,p02,spoof,screen,,dim,0.536796,0.532337,0.510205,-10.111760,-6.483144,-4.723434
own,p02,p02,spoof,screen,,dim,0.597257,0.591339,0.592788,-10.193105,-6.205296,-5.556981
own,p02,p02,spoof,screen,,dim,0.611263,0.622305,0.603105,-9.152420,-7.224075,-7.038843
own,p02,p02,spoof,screen,,dim,0.538065,0.550685,0.532286,-8.933218,-6.575761,-6.575761
own,p02,p02,spoof,screen,,dim,0.618478,0.590507,0.603015,-9.374157,-9.076403,-7.131459
own,p02,p02,spoof,screen,,dim,0.530325,0.500237,0.540106,-12.205334,-11.808584,-9.724717
own,p02,p02,spoof,screen,,dim,0.603950,0.564446,0.550024,-11.288610,-10.650880,-9.724717
own,p02,p02,spoof,screen,,dim,0.616735,0.612009,0.585557,-11.572948,-8.335471,-7.501925
own,p02,p02,spoof,screen,,dim,0.555175,0.527640,0.541067,-12.371530,-9.909949,-9.446868
own,p02,p02,spoof,screen,,dim,0.595343,0.570139,0.564926,-12.695072,-9.446868,-9.632100
own,p02,p02,spoof,screen,,dim,0.599332,0.572774,0.578091,-12.501394,-10.002565,-8.428088
own,p02,p02,spoof,screen,,dim,0.549008,0.521619,0.504986,-12.562666,-10.280415,-10.465648
own,p02,p02,spoof,screen,,dim,0.584126,0.579774,0.570863,-14.176079,-11.299194,-10.187799
own,p02,p02,spoof,screen,,dim,0.584913,0.567341,0.578242,-11.107161,-8.520704,-7.687157
own,p02,p02,spoof,screen,,dim,0.586845,0.578539,0.562612,-10.598856,-10.095182,-6.668377
own,p02,p02,spoof,screen,,dim,0.593165,0.560035,0.563626,-12.178463,-8.705936,-6.946226
own,p02,p02,spoof,screen,,dim,0.614758,0.597311,0.587038,-11.650273,-9.909949,-8.335471
own,p02,p02,spoof,screen,,dim,0.602538,0.568180,0.559246,-10.673341,-10.511955,-6.668377
own,p02,p02,spoof,screen,,dim,0.569270,0.579899,0.568420,-11.085630,-9.909949,-8.891170
own,p02,p02,spoof,screen,,dim,0.574927,0.539854,0.556754,-10.247847,-8.891170,-8.891170
own,p02,p02,spoof,screen,,dim,0.548502,0.577602,0.536591,-11.141234,-7.501925,-5.834830
own,p02,p02,spoof,screen,,dim,0.568257,0.544109,0.540527,-10.780069,-8.659628,-7.224075
own,p02,p02,spoof,screen,,dim,0.581717,0.556477,0.574465,-10.820267,-8.242855,-8.242855
own,p02,p02,spoof,screen,,dim,0.605012,0.583453,0.589163,-12.220528,-10.650880,-8.613320
own,p02,p02,spoof,screen,,dim,0.563188,0.545495,0.547232,-9.139034,-5.556981,-4.908667
own,p02,p02,spoof,screen,,dim,0.575475,0.542087,0.551038,-9.624574,-6.853610,-5.649597
kaggle,kg9f53589e,kg9f53589e,spoof,print,cutout_printout,na,0.721162,0.660961,0.695129,-5.074446,-2.685874,-2.315409
kaggle,kg9f53589e,kg9f53589e,spoof,print,cutout_printout,na,0.727050,0.701835,0.695670,-5.485975,-3.334188,-1.389245
kaggle,kg9f53589e,kg9f53589e,spoof,print,cutout_printout,na,0.734512,0.709510,0.715942,-7.653689,-5.093899,-6.205296
kaggle,kg9f53589e,kg9f53589e,spoof,print,cutout_printout,na,0.745119,0.722898,0.697977,-5.953104,-4.167736,-4.816050
kaggle,kg9f53589e,kg9f53589e,spoof,print,cutout_printout,na,0.775582,0.764793,0.754922,-0.074043,2.593258,2.315409
kaggle,kg9f53589e,kg9f53589e,spoof,print,cutout_printout,na,0.778403,0.755443,0.752740,2.577740,4.816050,3.704654
kaggle,kg9f53589e,kg9f53589e,spoof,print,cutout_printout,na,0.783568,0.756566,0.739355,-4.235498,-2.963723,-3.056340
kaggle,kg9f53589e,kg9f53589e,spoof,print,cutout_printout,na,0.770065,0.739223,0.712952,-2.879976,-1.296629,-3.056340
kaggle,kg9f53589e,kg9f53589e,genuine,live,video,na,0.863824,0.848485,0.840596,-1.301002,-2.222792,-1.574478
kaggle,kg9f53589e,kg9f53589e,genuine,live,video,na,0.659950,0.621150,0.648740,-1.792598,-1.852327,-0.926163
kaggle,kg9f53589e,kg9f53589e,genuine,live,video,na,0.633352,0.615397,0.619801,-2.285550,-0.185233,-2.500641
kaggle,kg9f53589e,kg9f53589e,genuine,live,video,na,0.911253,0.870721,0.860327,0.170938,0.231541,0.092616
kaggle,kg9f53589e,kg9f53589e,genuine,live,video,na,0.687451,0.647543,0.669774,3.122660,2.408025,4.723434
kaggle,kg9f53589e,kg9f53589e,genuine,live,video,na,0.944410,0.910593,0.908835,-1.104957,0.000000,-0.926163
kaggle,kg9f53589e,kg9f53589e,genuine,live,video,na,0.820080,0.796833,0.795668,-0.604419,-0.833547,-1.667094
kaggle,kg9f53589e,kg9f53589e,genuine,live,video,na,0.580599,0.567065,0.562733,-0.116947,0.740931,-0.370465
kaggle,kg9f53589e,kg9f53589e,genuine,live,video,na,0.939585,0.889086,0.878170,1.099818,1.759711,0.277849
kaggle,kg9f53589e,kg9f53589e,genuine,live,video,na,0.766052,0.719806,0.724846,-3.292315,-2.593258,-1.204013
kaggle,kg9f53589e,kg9f53589e,genuine,live,video,na,0.888263,0.863902,0.848317,-0.792592,-0.555698,-1.111396
kaggle,kg9f53589e,kg5bb369f3,impostor,live,video,na,0.011441,0.003057,0.037731,1.318942,0.185233,1.111396
kaggle,kg9f53589e,kg5bb369f3,impostor,live,video,na,0.022096,0.036106,0.043565,1.838691,1.204013,1.481862
kaggle,kg9f53589e,kg5bb369f3,impostor,live,video,na,0.028581,0.012836,0.018833,-0.290792,-0.370465,-1.111396
kaggle,kg9f53589e,kg5bb369f3,impostor,live,video,na,0.076124,0.064812,0.086736,2.597052,0.926163,2.130176
kaggle,kg9f53589e,kg5bb369f3,impostor,live,video,na,0.095222,0.079748,0.106806,2.633533,0.185233,1.944943
kaggle,kg9f53589e,kg5bb369f3,impostor,live,video,na,0.025943,0.017933,0.042607,-0.665988,-0.277849,0.000000
kaggle,kg9f53589e,kg5bb369f3,impostor,live,video,na,0.059643,0.064347,0.085929,-1.060273,-2.685874,-1.759711
kaggle,kg9f53589e,kg5bb369f3,impostor,live,video,na,0.062726,0.047310,0.043671,-4.139736,-4.445585,-3.612038
kaggle,kg9f53589e,kg5bb369f3,impostor,live,video,na,0.155818,0.115578,0.124420,0.003368,0.833547,3.148956
kaggle,kg9f53589e,kg5bb369f3,impostor,live,video,na,0.016318,0.037656,0.047628,2.369599,4.816050,4.908667
kaggle,kg9f53589e,kg5bb369f3,impostor,live,video,na,0.022260,0.043028,0.048168,4.264640,5.834830,5.556981
kaggle,kg9f53589e,kg5569a12b,impostor,live,video,na,0.190387,0.251983,0.210904,-0.683118,-0.463082,-0.926163
kaggle,kg9f53589e,kg5569a12b,impostor,live,video,na,0.147390,0.196397,0.164501,-1.595281,-0.740931,-0.648314
kaggle,kg9f53589e,kg5569a12b,impostor,live,video,na,0.103454,0.144435,0.108088,-2.671414,-2.037560,-2.685874
kaggle,kg9f53589e,kg5569a12b,impostor,live,video,na,0.188977,0.253193,0.228547,-2.102689,-3.519421,-1.667094
kaggle,kg9f53589e,kg5569a12b,impostor,live,video,na,0.188783,0.211079,0.225397,1.349789,1.667094,3.982503
kaggle,kg9f53589e,kg5569a12b,impostor,live,video,na,0.100434,0.135533,0.146627,0.569938,2.778491,0.833547
kaggle,kg9f53589e,kg5569a12b,impostor,live,video,na,0.161538,0.161786,0.193766,1.101156,2.222792,2.408025
kaggle,kg9f53589e,kg5569a12b,impostor,live,video,na,0.175924,0.225111,0.168001,-2.752771,-2.315409,-1.574478
kaggle,kg9f53589e,kg5569a12b,impostor,live,video,na,0.036959,0.072471,0.067874,-3.005922,-1.574478,-0.833547
kaggle,kg9f53589e,kg5569a12b,impostor,live,video,na,0.043404,0.081727,0.098141,-3.325737,-3.982503,-1.296629
kaggle,kg9f53589e,kg5569a12b,impostor,live,video,na,0.141625,0.182496,0.174386,-0.310309,0.926163,0.277849
kaggle,kg9f53589e,kg5569a12b,impostor,live,video,na,0.177560,0.257640,0.176271,2.463571,1.759711,1.759711
kaggle,kg9f53589e,kg5569a12b,impostor,live,video,na,0.140450,0.246009,0.162698,0.598978,0.740931,-0.648314
kaggle,kg9f53589e,kg5569a12b,impostor,live,video,na,0.143992,0.216558,0.169474,-1.863187,-1.667094,-0.926163
kaggle,kg9f53589e,kg6aade0ea,impostor,live,video,na,0.111240,0.141970,0.124534,1.743285,3.426805,6.297912
kaggle,kg9f53589e,kg6aade0ea,impostor,live,video,na,0.112417,0.136735,0.131629,1.104542,4.352968,7.316691
kaggle,kg9f53589e,kg6aade0ea,impostor,live,video,na,0.070632,0.090531,0.073534,-0.225541,1.667094,1.944943
kaggle,kg9f53589e,kg6aade0ea,impostor,live,video,na,0.105764,0.122334,0.121946,3.672182,4.723434,6.575761
kaggle,kg9f53589e,kg6aade0ea,impostor,live,video,na,0.133596,0.164426,0.145201,-1.194930,0.926163,4.167736
kaggle,kg9f53589e,kg6aade0ea,impostor,live,video,na,0.113293,0.169798,0.141769,-0.279483,1.944943,4.167736
kaggle,kg9f53589e,kg6aade0ea,impostor,live,video,na,0.133051,0.183242,0.162508,0.058535,2.222792,2.963723
kaggle,kg9f53589e,kg6aade0ea,impostor,live,video,na,0.106832,0.089776,0.097673,4.594021,5.093899,8.613320
kaggle,kg9f53589e,kg6aade0ea,impostor,live,video,na,0.096241,0.092363,0.102572,6.129421,4.908667,8.150239
kaggle,kg9f53589e,kg6aade0ea,impostor,live,video,na,0.115579,0.152427,0.140205,3.337305,7.224075,8.798553
kaggle,kg9f53589e,kg6aade0ea,impostor,live,video,na,0.098849,0.143932,0.122393,2.645264,5.742214,5.279132
kaggle,kg9f53589e,kg6aade0ea,impostor,live,video,na,0.121567,0.160491,0.152284,2.087782,5.186516,6.020063
kaggle,kg9f53589e,kg6aafbe45,impostor,live,video,na,0.043587,0.044834,0.058151,9.763213,8.242855,8.937477
kaggle,kg9f53589e,kg6aafbe45,impostor,live,video,na,0.027259,0.024486,-0.016744,8.482174,8.150239,8.150239
kaggle,kg9f53589e,kg6aafbe45,impostor,live,video,na,0.067247,0.083894,0.043571,7.194657,5.556981,6.853610
kaggle,kg9f53589e,kg6aafbe45,impostor,live,video,na,0.023717,0.011733,0.004911,9.671059,9.539484,9.076403
kaggle,kg9f53589e,kg6aafbe45,impostor,live,video,na,0.065414,0.033570,0.048239,6.924477,7.270383,7.594541
kaggle,kg9f53589e,kg6aafbe45,impostor,live,video,na,0.040410,0.034573,0.042379,11.227121,11.484427,11.762277
kaggle,kg9f53589e,kg6aafbe45,impostor,live,video,na,0.071905,0.042132,0.056954,7.275872,6.483144,6.575761
kaggle,kg9f53589e,kg6aafbe45,impostor,live,video,na,-0.026740,-0.045394,-0.037832,5.837346,5.371748,6.390528
kaggle,kg9f53589e,kg6aafbe45,impostor,live,video,na,0.060954,0.032118,0.056586,9.554702,8.335471,9.817333
kaggle,kg9f53589e,kg6aafbe45,impostor,live,video,na,0.014228,0.036573,0.049503,8.568604,8.150239,10.280415
kaggle,kg9f53589e,kg6aafbe45,impostor,live,video,na,0.040713,0.015265,0.044307,9.646119,9.169019,9.446868
kaggle,kg9f53589e,kg884d9fd3,impostor,live,video,na,-0.093319,-0.029682,-0.090529,2.190206,4.816050,4.630817
kaggle,kg9f53589e,kg884d9fd3,impostor,live,video,na,-0.034756,0.002518,-0.050204,-2.402518,-0.277849,-0.463082
kaggle,kg9f53589e,kg884d9fd3,impostor,live,video,na,-0.056463,-0.013068,-0.060539,-3.106633,-0.370465,-1.018780
kaggle,kg9f53589e,kg884d9fd3,impostor,live,video,na,0.004400,0.025714,-0.007568,-0.905843,7.224075,3.797270
kaggle,kg9f53589e,kg884d9fd3,impostor,live,video,na,-0.106510,-0.091909,-0.110960,2.825644,7.131459,7.131459
kaggle,kg9f53589e,kg884d9fd3,impostor,live,video,na,-0.016806,-0.023885,-0.006106,0.489727,0.555698,3.148956
kaggle,kg9f53589e,kg884d9fd3,impostor,live,video,na,-0.014596,0.029785,0.014099,1.747875,2.500641,2.685874
kaggle,kg9f53589e,kg884d9fd3,impostor,live,video,na,0.001376,0.007220,0.027139,-0.822286,4.445585,4.260352
kaggle,kg9f53589e,kg4e8af551,impostor,live,video,na,0.049662,0.057749,0.058680,9.207687,7.779773,8.983786
kaggle,kg9f53589e,kg4e8af551,impostor,live,video,na,0.035548,0.047391,0.019043,5.749074,4.538201,5.371748
kaggle,kg9f53589e,kg4e8af551,impostor,live,video,na,0.063194,0.050646,0.068082,8.879221,11.484427,10.465648
kaggle,kg9f53589e,kg4e8af551,impostor,live,video,na,0.018791,0.045196,0.037002,9.462034,9.076403,9.446868
kaggle,kg9f53589e,kg4e8af551,impostor,live,video,na,-0.047200,-0.049004,-0.061655,7.205742,5.279132,7.224075
kaggle,kg9f53589e,kg4e8af551,impostor,live,video,na,-0.017455,-0.026098,-0.036410,6.617941,8.057622,8.983786
kaggle,kg9f53589e,kg4e8af551,impostor,live,video,na,0.044046,0.069675,0.063418,6.432563,7.316691,6.575761
kaggle,kg9f53589e,kg4e8af551,impostor,live,video,na,0.017502,0.000647,-0.007900,9.412888,10.187799,10.928729
kaggle,kg9f53589e,kg4e8af551,impostor,live,video,na,0.036099,0.043148,0.022881,10.323269,9.724717,10.465648
kaggle,kg9f53589e,kg4e8af551,impostor,live,video,na,0.034347,0.037139,0.021512,10.016837,11.299194,11.808584
kaggle,kg9f53589e,kg4e8af551,impostor,live,video,na,0.035061,0.048847,0.021054,9.748549,9.446868,11.808584
kaggle,kg9f53589e,kg58c89e41,impostor,live,video,na,0.049072,0.075443,0.066479,2.200033,1.296629,3.797270
kaggle,kg9f53589e,kg58c89e41,impostor,live,video,na,0.094825,0.103553,0.097874,-4.899960,-3.889887,-4.167736
kaggle,kg9f53589e,kg58c89e41,impostor,live,video,na,0.099896,0.098631,0.098841,2.464987,1.852327,2.871107
kaggle,kg9f53589e,kg58c89e41,impostor,live,video,na,0.114937,0.092351,0.101248,0.564325,0.277849,2.315409
kaggle,kg9f53589e,kg58c89e41,impostor,live,video,na,0.063631,0.041663,0.056587,3.845720,6.020063,6.483144
kaggle,kg9f53589e,kg58c89e41,impostor,live,video,na,0.079932,0.092141,0.083117,3.313475,2.315409,4.538201
kaggle,kg9f53589e,kg58c89e41,impostor,live,video,na,0.095474,0.109756,0.087219,-3.218992,-2.871107,-2.871107
kaggle,kg9f53589e,kg58c89e41,impostor,live,video,na,0.111926,0.122413,0.103039,-0.388911,0.648314,1.759711
kaggle,kg9f53589e,kg58c89e41,impostor,live,video,na,0.108415,0.112455,0.103243,2.151285,2.685874,3.797270
kaggle,kg9f53589e,kg58c89e41,impostor,live,video,na,0.073063,0.088285,0.081257,3.854320,2.685874,3.334188
kaggle,kg9f53589e,kg58c89e41,impostor,live,video,na,0.069175,0.085549,0.078881,3.362518,4.630817,4.445585
kaggle,kg9f53589e,kg58c89e41,impostor,live,video,na,0.077952,0.089245,0.084463,4.684408,4.630817,5.279132
kaggle,kg9f53589e,kg58c89e41,impostor,live,video,na,0.081684,0.098435,0.097400,5.681979,4.908667,8.242855
kaggle,kg9f53589e,kg9973bcb4,impostor,live,video,na,-0.059363,-0.028946,-0.048963,-0.102936,1.944943,3.426805
kaggle,kg9f53589e,kg9973bcb4,impostor,live,video,na,-0.135686,-0.101740,-0.109541,6.218396,7.224075,10.095182
kaggle,kg9f53589e,kg9973bcb4,impostor,live,video,na,0.036580,0.033772,0.033822,5.082594,3.334188,6.853610
kaggle,kg9f53589e,kg9973bcb4,impostor,live,video,na,-0.004527,-0.006270,-0.011539,2.990791,2.037560,5.371748
kaggle,kg9f53589e,kg9973bcb4,impostor,live,video,na,-0.111353,-0.069492,-0.100231,0.868927,4.723434,5.834830
kaggle,kg9f53589e,kg9973bcb4,impostor,live,video,na,-0.086650,-0.082966,-0.078230,-3.276551,-1.018780,-0.277849
kaggle,kg9f53589e,kg9973bcb4,impostor,live,video,na,-0.015774,-0.048464,-0.032112,-3.664322,-1.111396,-3.889887
kaggle,kg9f53589e,kg9973bcb4,impostor,live,video,na,-0.046070,-0.033618,-0.048238,-0.757611,1.296629,1.759711
kaggle,kg9f53589e,kg9973bcb4,impostor,live,video,na,-0.064525,-0.086868,-0.074841,-1.160547,2.408025,3.056340
kaggle,kg9f53589e,kg9973bcb4,impostor,live,video,na,-0.004988,-0.001686,-0.012830,1.007701,7.224075,7.594541
kaggle,kg9f53589e,kg9973bcb4,impostor,live,video,na,-0.072340,-0.066637,-0.057995,0.212596,5.556981,7.131459
kaggle,kg9f53589e,kg9973bcb4,impostor,live,video,na,-0.049298,-0.000051,-0.014551,-1.679044,-0.185233,1.574478
kaggle,kg9f53589e,kg9973bcb4,impostor,live,video,na,0.020294,0.030217,0.031589,-0.910335,0.092616,0.185233
kaggle,kg9f53589e,kg9973bcb4,impostor,live,video,na,-0.094527,-0.045526,-0.085736,-2.253716,0.648314,2.130176
kaggle,kg9f53589e,kg9973bcb4,impostor,live,video,na,-0.087394,-0.056371,-0.070727,-3.776013,-2.500641,-1.389245
kaggle,kg9f53589e,kg9f53589e,spoof,print,a4_printout,na,0.890193,0.825113,0.835898,-9.193367,-9.632100,-9.169019
kaggle,kg9f53589e,kg9f53589e,spoof,print,a4_printout,na,0.865557,0.824321,0.837684,-9.904718,-9.817333,-9.169019
kaggle,kg9f53589e,kg9f53589e,spoof,print,a4_printout,na,0.876323,0.807672,0.844481,-12.506513,-11.808584,-11.808584
kaggle,kg9f53589e,kg9f53589e,spoof,print,a4_printout,na,0.829108,0.812371,0.797267,-11.306248,-9.539484,-10.465648
kaggle,kg9f53589e,kg9f53589e,spoof,print,a4_printout,na,0.820820,0.772137,0.782397,-9.224171,-7.687157,-8.335471
kaggle,kg9f53589e,kg9f53589e,spoof,print,a4_printout,na,0.851457,0.820283,0.830921,-14.927179,-11.808584,-11.808584
kaggle,kg9f53589e,kg9f53589e,spoof,print,a4_printout,na,0.832252,0.793203,0.786397,-10.568480,-7.872390,-8.613320
kaggle,kg9f53589e,kg9f53589e,spoof,print,a4_printout,na,0.804500,0.771361,0.810012,-7.809425,-6.205296,-5.279132
kaggle,kg9f53589e,kg9f53589e,spoof,print,a4_printout,na,0.793881,0.762491,0.784219,-7.086873,-5.371748,-3.334188
kaggle,kg9f53589e,kg9f53589e,spoof,print,a4_printout,na,0.797041,0.772533,0.772527,-8.600189,-5.973755,-6.668377
kaggle,kg5bb369f3,kg5bb369f3,spoof,print,cutout_printout,na,0.873426,0.826980,0.842943,-4.644067,-1.204013,-1.667094
kaggle,kg5bb369f3,kg5bb369f3,spoof,print,cutout_printout,na,0.857825,0.785491,0.808668,-4.076490,-3.797270,-4.445585
kaggle,kg5bb369f3,kg5bb369f3,spoof,print,cutout_printout,na,0.866493,0.813995,0.837008,-4.325600,-2.963723,-3.056340
kaggle,kg5bb369f3,kg5bb369f3,spoof,print,cutout_printout,na,0.870336,0.818680,0.845302,-3.625214,-2.871107,-2.222792
kaggle,kg5bb369f3,kg5bb369f3,spoof,print,cutout_printout,na,0.853049,0.792945,0.822002,-5.135814,-3.426805,-5.001283
kaggle,kg5bb369f3,kg5bb369f3,spoof,print,cutout_printout,na,0.890817,0.829801,0.855624,-3.974813,-3.982503,-4.816050
kaggle,kg5bb369f3,kg5bb369f3,spoof,print,cutout_printout,na,0.842716,0.769085,0.806978,-5.441466,-5.093899,-5.927446
kaggle,kg5bb369f3,kg5bb369f3,spoof,print,cutout_printout,na,0.857865,0.816393,0.824449,-5.688838,-6.297912,-6.390528
kaggle,kg5bb369f3,kg5bb369f3,spoof,print,cutout_printout,na,0.869595,0.811942,0.838280,-7.002633,-6.205296,-6.020063
kaggle,kg5bb369f3,kg9f53589e,impostor,live,video,na,0.076424,0.107843,0.094619,-1.301002,-2.222792,-1.574478
kaggle,kg5bb369f3,kg9f53589e,impostor,live,video,na,0.095720,0.087677,0.089235,-1.792598,-1.852327,-0.926163
kaggle,kg5bb369f3,kg9f53589e,impostor,live,video,na,0.089485,0.049856,0.068957,-2.285550,-0.185233,-2.500641
kaggle,kg5bb369f3,kg9f53589e,impostor,live,video,na,0.096808,0.132571,0.110358,0.170938,0.231541,0.092616
kaggle,kg5bb369f3,kg9f53589e,impostor,live,video,na,0.029102,0.029537,0.021547,3.122660,2.408025,4.723434
kaggle,kg5bb369f3,kg9f53589e,impostor,live,video,na,0.087411,0.128878,0.127014,-1.104957,0.000000,-0.926163
kaggle,kg5bb369f3,kg9f53589e,impostor,live,video,na,0.101171,0.096017,0.094070,-0.604419,-0.833547,-1.667094
kaggle,kg5bb369f3,kg9f53589e,impostor,live,video,na,0.079913,0.086680,0.106582,-0.116947,0.740931,-0.370465
kaggle,kg5bb369f3,kg9f53589e,impostor,live,video,na,0.094148,0.117421,0.092084,1.099818,1.759711,0.277849
kaggle,kg5bb369f3,kg9f53589e,impostor,live,video,na,0.067530,0.125296,0.095800,-3.292315,-2.593258,-1.204013
kaggle,kg5bb369f3,kg9f53589e,impostor,live,video,na,0.025192,0.085535,0.071557,-0.792592,-0.555698,-1.111396
kaggle,kg5bb369f3,kg5bb369f3,genuine,live,video,na,0.761970,0.706135,0.734786,1.318942,0.185233,1.111396
kaggle,kg5bb369f3,kg5bb369f3,genuine,live,video,na,0.782525,0.729075,0.751281,1.838691,1.204013,1.481862
kaggle,kg5bb369f3,kg5bb369f3,genuine,live,video,na,0.669564,0.631173,0.632837,-0.290792,-0.370465,-1.111396
kaggle,kg5bb369f3,kg5bb369f3,genuine,live,video,na,0.771138,0.715225,0.740744,2.597052,0.926163,2.130176
kaggle,kg5bb369f3,kg5bb369f3,genuine,live,video,na,0.780849,0.706319,0.746996,2.633533,0.185233,1.944943
kaggle,kg5bb369f3,kg5bb369f3,genuine,live,video,na,0.715778,0.667364,0.703203,-0.665988,-0.277849,0.000000
kaggle,kg5bb369f3,kg5bb369f3,genuine,live,video,na,0.738703,0.678143,0.725265,-1.060273,-2.685874,-1.759711
kaggle,kg5bb369f3,kg5bb369f3,genuine,live,video,na,0.401361,0.354817,0.382364,-4.139736,-4.445585,-3.612038
kaggle,kg5bb369f3,kg5bb369f3,genuine,live,video,na,0.599730,0.558616,0.574402,0.003368,0.833547,3.148956
kaggle,kg5bb369f3,kg5bb369f3,genuine,live,video,na,0.680722,0.650017,0.643406,2.369599,4.816050,4.908667
kaggle,kg5bb369f3,kg5bb369f3,genuine,live,video,na,0.626577,0.585641,0.622713,4.264640,5.834830,5.556981
kaggle,kg5bb369f3,kg5569a12b,impostor,live,video,na,0.022648,0.016714,0.021122,-0.683118,-0.463082,-0.926163
kaggle,kg5bb369f3,kg5569a12b,impostor,live,video,na,0.011844,0.042302,0.019395,-1.595281,-0.740931,-0.648314
kaggle,kg5bb369f3,kg5569a12b,impostor,live,video,na,-0.000535,0.014448,0.024731,-2.671414,-2.037560,-2.685874
kaggle,kg5bb369f3,kg5569a12b,impostor,live,video,na,0.024869,0.012193,0.042291,-2.102689,-3.519421,-1.667094
kaggle,kg5bb369f3,kg5569a12b,impostor,live,video,na,-0.012428,-0.050045,-0.001371,1.349789,1.667094,3.982503
kaggle,kg5bb369f3,kg5569a12b,impostor,live,video,na,-0.025787,-0.025226,-0.017073,0.569938,2.778491,0.833547
kaggle,kg5bb369f3,kg5569a12b,impostor,live,video,na,-0.011488,-0.046905,0.007320,1.101156,2.222792,2.408025
kaggle,kg5bb369f3,kg5569a12b,impostor,live,video,na,0.011745,0.037944,0.040380,-2.752771,-2.315409,-1.574478
kaggle,kg5bb369f3,kg5569a12b,impostor,live,video,na,0.020033,0.031817,0.036792,-3.005922,-1.574478,-0.833547
kaggle,kg5bb369f3,kg5569a12b,impostor,live,video,na,-0.010948,0.029011,0.029696,-3.325737,-3.982503,-1.296629
kaggle,kg5bb369f3,kg5569a12b,impostor,live,video,na,0.006761,-0.006840,0.041730,-0.310309,0.926163,0.277849
kaggle,kg5bb369f3,kg5569a12b,impostor,live,video,na,-0.019846,-0.017244,-0.014963,2.463571,1.759711,1.759711
kaggle,kg5bb369f3,kg5569a12b,impostor,live,video,na,-0.007593,0.010563,0.026477,0.598978,0.740931,-0.648314
kaggle,kg5bb369f3,kg5569a12b,impostor,live,video,na,-0.000193,-0.000806,0.019869,-1.863187,-1.667094,-0.926163
kaggle,kg5bb369f3,kg6aade0ea,impostor,live,video,na,0.106017,0.111330,0.113686,1.743285,3.426805,6.297912
kaggle,kg5bb369f3,kg6aade0ea,impostor,live,video,na,0.094230,0.105485,0.110697,1.104542,4.352968,7.316691
kaggle,kg5bb369f3,kg6aade0ea,impostor,live,video,na,0.067979,0.075605,0.075590,-0.225541,1.667094,1.944943
kaggle,kg5bb369f3,kg6aade0ea,impostor,live,video,na,0.098246,0.098780,0.108674,3.672182,4.723434,6.575761
kaggle,kg5bb369f3,kg6aade0ea,impostor,live,video,na,0.079187,0.076446,0.105767,-1.194930,0.926163,4.167736
kaggle,kg5bb369f3,kg6aade0ea,impostor,live,video,na,0.074268,0.081018,0.069358,-0.279483,1.944943,4.167736
kaggle,kg5bb369f3,kg6aade0ea,impostor,live,video,na,0.066499,0.077251,0.061293,0.058535,2.222792,2.963723
kaggle,kg5bb369f3,kg6aade0ea,impostor,live,video,na,0.059207,0.068536,0.065943,4.594021,5.093899,8.613320
kaggle,kg5bb369f3,kg6aade0ea,impostor,live,video,na,0.049758,0.041145,0.035392,6.129421,4.908667,8.150239
kaggle,kg5bb369f3,kg6aade0ea,impostor,live,video,na,0.104718,0.108434,0.124276,3.337305,7.224075,8.798553
kaggle,kg5bb369f3,kg6aade0ea,impostor,live,video,na,0.080255,0.085520,0.102596,2.645264,5.742214,5.279132
kaggle,kg5bb369f3,kg6aade0ea,impostor,live,video,na,0.100119,0.112300,0.125871,2.087782,5.186516,6.020063
kaggle,kg5bb369f3,kg6aafbe45,impostor,live,video,na,-0.010867,-0.000327,-0.008634,9.763213,8.242855,8.937477
kaggle,kg5bb369f3,kg6aafbe45,impostor,live,video,na,0.031072,0.057515,0.046797,8.482174,8.150239,8.150239
kaggle,kg5bb369f3,kg6aafbe45,impostor,live,video,na,0.022915,0.044162,0.027880,7.194657,5.556981,6.853610
kaggle,kg5bb369f3,kg6aafbe45,impostor,live,video,na,0.016385,0.012233,0.002555,9.671059,9.539484,9.076403
kaggle,kg5bb369f3,kg6aafbe45,impostor,live,video,na,-0.009295,-0.019043,-0.020265,6.924477,7.270383,7.594541
kaggle,kg5bb369f3,kg6aafbe45,impostor,live,video,na,0.033563,0.037885,0.047595,11.227121,11.484427,11.762277
kaggle,kg5bb369f3,kg6aafbe45,impostor,live,video,na,0.008492,0.026607,0.016600,7.275872,6.483144,6.575761
kaggle,kg5bb369f3,kg6aafbe45,impostor,live,video,na,-0.043647,-0.048773,-0.068296,5.837346,5.371748,6.390528
kaggle,kg5bb369f3,kg6aafbe45,impostor,live,video,na,0.023414,0.023463,0.022472,9.554702,8.335471,9.817333
kaggle,kg5bb369f3,kg6aafbe45,impostor,live,video,na,0.061653,0.045378,0.067819,8.568604,8.150239,10.280415
kaggle,kg5bb369f3,kg6aafbe45,impostor,live,video,na,0.007409,0.009132,0.018236,9.646119,9.169019,9.446868
kaggle,kg5bb369f3,kg884d9fd3,impostor,live,video,na,0.072397,0.091825,0.075904,2.190206,4.816050,4.630817
kaggle,kg5bb369f3,kg884d9fd3,impostor,live,video,na,0.066169,0.061848,0.060745,-2.402518,-0.277849,-0.463082
kaggle,kg5bb369f3,kg884d9fd3,impostor,live,video,na,0.085200,0.056088,0.069995,-3.106633,-0.370465,-1.018780
kaggle,kg5bb369f3,kg884d9fd3,impostor,live,video,na,0.032392,0.047930,0.033836,-0.905843,7.224075,3.797270
kaggle,kg5bb369f3,kg884d9fd3,impostor,live,video,na,0.036586,0.040291,0.014931,2.825644,7.131459,7.131459
kaggle,kg5bb369f3,kg884d9fd3,impostor,live,video,na,-0.029012,0.007584,-0.017870,0.489727,0.555698,3.148956
kaggle,kg5bb369f3,kg884d9fd3,impostor,live,video,na,0.085785,0.083106,0.066519,1.747875,2.500641,2.685874
kaggle,kg5bb369f3,kg884d9fd3,impostor,live,video,na,-0.030366,0.006852,-0.083845,-0.822286,4.445585,4.260352
kaggle,kg5bb369f3,kg4e8af551,impostor,live,video,na,0.192483,0.143023,0.176154,9.207687,7.779773,8.983786
kaggle,kg5bb369f3,kg4e8af551,impostor,live,video,na,0.159472,0.105862,0.130927,5.749074,4.538201,5.371748
kaggle,kg5bb369f3,kg4e8af551,impostor,live,video,na,0.061462,0.020681,0.064434,8.879221,11.484427,10.465648
kaggle,kg5bb369f3,kg4e8af551,impostor,live,video,na,0.167067,0.143471,0.153774,9.462034,9.076403,9.446868
kaggle,kg5bb369f3,kg4e8af551,impostor,live,video,na,0.058885,0.028056,0.052284,7.205742,5.279132,7.224075
kaggle,kg5bb369f3,kg4e8af551,impostor,live,video,na,0.044533,0.033457,0.060313,6.617941,8.057622,8.983786
kaggle,kg5bb369f3,kg4e8af551,impostor,live,video,na,0.178321,0.142079,0.167873,6.432563,7.316691,6.575761
kaggle,kg5bb369f3,kg4e8af551,impostor,live,video,na,0.156171,0.121455,0.157372,9.412888,10.187799,10.928729
kaggle,kg5bb369f3,kg4e8af551,impostor,live,video,na,0.155614,0.122219,0.132631,10.323269,9.724717,10.465648
kaggle,kg5bb369f3,kg4e8af551,impostor,live,video,na,0.211279,0.167057,0.181597,10.016837,11.299194,11.808584
kaggle,kg5bb369f3,kg4e8af551,impostor,live,video,na,0.157216,0.127385,0.153479,9.748549,9.446868,11.808584
kaggle,kg5bb369f3,kg58c89e41,impostor,live,video,na,0.097668,0.085028,0.103516,2.200033,1.296629,3.797270
kaggle,kg5bb369f3,kg58c89e41,impostor,live,video,na,0.154474,0.158987,0.160316,-4.899960,-3.889887,-4.167736
kaggle,kg5bb369f3,kg58c89e41,impostor,live,video,na,0.149449,0.148721,0.150559,2.464987,1.852327,2.871107
kaggle,kg5bb369f3,kg58c89e41,impostor,live,video,na,0.144082,0.122509,0.122707,0.564325,0.277849,2.315409
kaggle,kg5bb369f3,kg58c89e41,impostor,live,video,na,0.151073,0.130044,0.145392,3.845720,6.020063,6.483144
kaggle,kg5bb369f3,kg58c89e41,impostor,live,video,na,0.090887,0.064903,0.091690,3.313475,2.315409,4.538201
kaggle,kg5bb369f3,kg58c89e41,impostor,live,video,na,0.140923,0.155079,0.133272,-3.218992,-2.871107,-2.871107
kaggle,kg5bb369f3,kg58c89e41,impostor,live,video,na,0.149373,0.129886,0.132163,-0.388911,0.648314,1.759711
kaggle,kg5bb369f3,kg58c89e41,impostor,live,video,na,0.146462,0.122862,0.123921,2.151285,2.685874,3.797270
kaggle,kg5bb369f3,kg58c89e41,impostor,live,video,na,0.097758,0.083589,0.091548,3.854320,2.685874,3.334188
kaggle,kg5bb369f3,kg58c89e41,impostor,live,video,na,0.138326,0.128491,0.129429,3.362518,4.630817,4.445585
kaggle,kg5bb369f3,kg58c89e41,impostor,live,video,na,0.117160,0.113799,0.100732,4.684408,4.630817,5.279132
kaggle,kg5bb369f3,kg58c89e41,impostor,live,video,na,0.115702,0.101465,0.115137,5.681979,4.908667,8.242855
kaggle,kg5bb369f3,kg9973bcb4,impostor,live,video,na,0.044833,0.047544,0.052318,-0.102936,1.944943,3.426805
kaggle,kg5bb369f3,kg9973bcb4,impostor,live,video,na,0.014998,0.018683,0.035983,6.218396,7.224075,10.095182
kaggle,kg5bb369f3,kg9973bcb4,impostor,live,video,na,0.071648,0.047101,0.062908,5.082594,3.334188,6.853610
kaggle,kg5bb369f3,kg9973bcb4,impostor,live,video,na,0.056865,0.026253,0.040597,2.990791,2.037560,5.371748
kaggle,kg5bb369f3,kg9973bcb4,impostor,live,video,na,-0.002604,0.018104,0.005260,0.868927,4.723434,5.834830
kaggle,kg5bb369f3,kg9973bcb4,impostor,live,video,na,-0.019623,-0.061721,-0.025744,-3.276551,-1.018780,-0.277849
kaggle,kg5bb369f3,kg9973bcb4,impostor,live,video,na,0.011809,-0.030186,-0.000151,-3.664322,-1.111396,-3.889887
kaggle,kg5bb369f3,kg9973bcb4,impostor,live,video,na,0.025731,0.011647,0.019925,-0.757611,1.296629,1.759711
kaggle,kg5bb369f3,kg9973bcb4,impostor,live,video,na,-0.043778,-0.065901,-0.057097,-1.160547,2.408025,3.056340
kaggle,kg5bb369f3,kg9973bcb4,impostor,live,video,na,-0.055460,-0.065191,-0.037194,1.007701,7.224075,7.594541
kaggle,kg5bb369f3,kg9973bcb4,impostor,live,video,na,-0.011685,-0.054768,-0.011143,0.212596,5.556981,7.131459
kaggle,kg5bb369f3,kg9973bcb4,impostor,live,video,na,-0.006050,0.028581,-0.008932,-1.679044,-0.185233,1.574478
kaggle,kg5bb369f3,kg9973bcb4,impostor,live,video,na,-0.147207,-0.113181,-0.138264,-0.910335,0.092616,0.185233
kaggle,kg5bb369f3,kg9973bcb4,impostor,live,video,na,-0.010561,-0.015997,-0.009877,-2.253716,0.648314,2.130176
kaggle,kg5bb369f3,kg9973bcb4,impostor,live,video,na,0.012519,-0.020592,0.013835,-3.776013,-2.500641,-1.389245
kaggle,kg5bb369f3,kg5bb369f3,spoof,print,a4_printout,na,0.611964,0.532064,0.556941,-8.093363,-3.426805,-3.889887
kaggle,kg5bb369f3,kg5bb369f3,spoof,print,a4_printout,na,0.760088,0.681811,0.716839,-10.968495,-10.002565,-9.539484
kaggle,kg5bb369f3,kg5bb369f3,spoof,print,a4_printout,na,0.819622,0.756660,0.786581,-10.998117,-6.575761,-8.335471
kaggle,kg5bb369f3,kg5bb369f3,spoof,print,a4_printout,na,0.835171,0.789460,0.801389,-12.047905,-8.705936,-8.891170
kaggle,kg5bb369f3,kg5bb369f3,spoof,print,a4_printout,na,0.817662,0.762082,0.782426,-11.474710,-9.261635,-10.280415
kaggle,kg5bb369f3,kg5bb369f3,spoof,print,a4_printout,na,0.840464,0.785347,0.809917,-8.600098,-4.816050,-6.020063
kaggle,kg5bb369f3,kg5bb369f3,spoof,print,a4_printout,na,0.822341,0.757780,0.783331,-8.619067,-6.020063,-6.112679
kaggle,kg5569a12b,kg5569a12b,spoof,print,cutout_printout,na,0.708067,0.675989,0.692011,-6.437735,0.833547,-1.667094
kaggle,kg5569a12b,kg5569a12b,spoof,print,cutout_printout,na,0.730329,0.669110,0.694864,-8.242083,-2.130176,-3.612038
kaggle,kg5569a12b,kg5569a12b,spoof,print,cutout_printout,na,0.741531,0.697872,0.722600,-6.458523,-3.704654,-5.001283
kaggle,kg5569a12b,kg5569a12b,spoof,print,cutout_printout,na,0.721755,0.702341,0.728039,-6.505080,-4.816050,-5.834830
kaggle,kg5569a12b,kg5569a12b,spoof,print,cutout_printout,na,0.736376,0.714468,0.734444,-4.843318,-2.130176,-3.519421
kaggle,kg5569a12b,kg5569a12b,spoof,print,cutout_printout,na,0.771325,0.730557,0.728563,-3.564018,-0.555698,-3.148956
kaggle,kg5569a12b,kg5569a12b,spoof,print,cutout_printout,na,0.779710,0.705364,0.743417,-4.409277,-1.759711,-2.778491
kaggle,kg5569a12b,kg5569a12b,spoof,print,cutout_printout,na,0.786650,0.721432,0.769152,-3.892329,-2.130176,-1.759711
kaggle,kg5569a12b,kg5569a12b,spoof,print,cutout_printout,na,0.753094,0.699760,0.728386,-4.205980,-1.296629,-3.148956
kaggle,kg5569a12b,kg5569a12b,spoof,print,cutout_printout,na,0.738825,0.685237,0.736821,-0.597176,0.555698,0.740931
kaggle,kg5569a12b,kg9f53589e,impostor,live,video,na,0.188797,0.216071,0.192116,-1.301002,-2.222792,-1.574478
kaggle,kg5569a12b,kg9f53589e,impostor,live,video,na,0.170370,0.231484,0.182267,-1.792598,-1.852327,-0.926163
kaggle,kg5569a12b,kg9f53589e,impostor,live,video,na,0.134562,0.193783,0.142472,-2.285550,-0.185233,-2.500641
kaggle,kg5569a12b,kg9f53589e,impostor,live,video,na,0.156616,0.198955,0.136093,0.170938,0.231541,0.092616
kaggle,kg5569a12b,kg9f53589e,impostor,live,video,na,0.131536,0.171016,0.130717,3.122660,2.408025,4.723434
kaggle,kg5569a12b,kg9f53589e,impostor,live,video,na,0.156771,0.233910,0.175744,-1.104957,0.000000,-0.926163
kaggle,kg5569a12b,kg9f53589e,impostor,live,video,na,0.142335,0.229438,0.180706,-0.604419,-0.833547,-1.667094
kaggle,kg5569a12b,kg9f53589e,impostor,live,video,na,0.135328,0.202852,0.197670,-0.116947,0.740931,-0.370465
kaggle,kg5569a12b,kg9f53589e,impostor,live,video,na,0.161360,0.236781,0.170373,1.099818,1.759711,0.277849
kaggle,kg5569a12b,kg9f53589e,impostor,live,video,na,0.148546,0.168292,0.151323,-3.292315,-2.593258,-1.204013
kaggle,kg5569a12b,kg9f53589e,impostor,live,video,na,0.199281,0.214481,0.185668,-0.792592,-0.555698,-1.111396
kaggle,kg5569a12b,kg5bb369f3,impostor,live,video,na,0.024488,0.043442,0.035678,1.318942,0.185233,1.111396
kaggle,kg5569a12b,kg5bb369f3,impostor,live,video,na,0.032392,0.054447,0.034661,1.838691,1.204013,1.481862
kaggle,kg5569a12b,kg5bb369f3,impostor,live,video,na,-0.031241,-0.003545,0.000162,-0.290792,-0.370465,-1.111396
kaggle,kg5569a12b,kg5bb369f3,impostor,live,video,na,0.034124,0.064343,0.054330,2.597052,0.926163,2.130176
kaggle,kg5569a12b,kg5bb369f3,impostor,live,video,na,0.032586,0.048051,0.030400,2.633533,0.185233,1.944943
kaggle,kg5569a12b,kg5bb369f3,impostor,live,video,na,0.031202,0.058189,0.040870,-0.665988,-0.277849,0.000000
kaggle,kg5569a12b,kg5bb369f3,impostor,live,video,na,0.023185,0.033504,0.023084,-1.060273,-2.685874,-1.759711
kaggle,kg5569a12b,kg5bb369f3,impostor,live,video,na,0.027569,0.030495,0.047055,-4.139736,-4.445585,-3.612038
kaggle,kg5569a12b,kg5bb369f3,impostor,live,video,na,0.025341,0.027309,0.023738,0.003368,0.833547,3.148956
kaggle,kg5569a12b,kg5bb369f3,impostor,live,video,na,-0.032373,0.014118,-0.019436,2.369599,4.816050,4.908667
kaggle,kg5569a12b,kg5bb369f3,impostor,live,video,na,-0.010011,0.011490,-0.023448,4.264640,5.834830,5.556981
kaggle,kg5569a12b,kg5569a12b,genuine,live,video,na,0.933098,0.902820,0.903849,-0.683118,-0.463082,-0.926163
kaggle,kg5569a12b,kg5569a12b,genuine,live,video,na,0.841038,0.811738,0.801181,-1.595281,-0.740931,-0.648314
kaggle,kg5569a12b,kg5569a12b,genuine,live,video,na,0.667876,0.608998,0.620530,-2.671414,-2.037560,-2.685874
kaggle,kg5569a12b,kg5569a12b,genuine,live,video,na,0.892029,0.877709,0.863038,-2.102689,-3.519421,-1.667094
kaggle,kg5569a12b,kg5569a12b,genuine,live,video,na,0.700885,0.660467,0.664073,1.349789,1.667094,3.982503
kaggle,kg5569a12b,kg5569a12b,genuine,live,video,na,0.537638,0.518861,0.514140,0.569938,2.778491,0.833547
kaggle,kg5569a12b,kg5569a12b,genuine,live,video,na,0.741868,0.706807,0.716881,1.101156,2.222792,2.408025
kaggle,kg5569a12b,kg5569a12b,genuine,live,video,na,0.798769,0.748955,0.783467,-2.752771,-2.315409,-1.574478
kaggle,kg5569a12b,kg5569a12b,genuine,live,video,na,0.386854,0.373018,0.399302,-3.005922,-1.574478,-0.833547
kaggle,kg5569a12b,kg5569a12b,genuine,live,video,na,0.531711,0.497055,0.528497,-3.325737,-3.982503,-1.296629
kaggle,kg5569a12b,kg5569a12b,genuine,live,video,na,0.905967,0.884576,0.880057,-0.310309,0.926163,0.277849
kaggle,kg5569a12b,kg5569a12b,genuine,live,video,na,0.833502,0.799920,0.802442,2.463571,1.759711,1.759711
kaggle,kg5569a12b,kg5569a12b,genuine,live,video,na,0.755074,0.714797,0.708260,0.598978,0.740931,-0.648314
kaggle,kg5569a12b,kg5569a12b,genuine,live,video,na,0.854357,0.813149,0.827073,-1.863187,-1.667094,-0.926163
kaggle,kg5569a12b,kg6aade0ea,impostor,live,video,na,0.148379,0.149755,0.150286,1.743285,3.426805,6.297912
kaggle,kg5569a12b,kg6aade0ea,impostor,live,video,na,0.152661,0.143079,0.147084,1.104542,4.352968,7.316691
kaggle,kg5569a12b,kg6aade0ea,impostor,live,video,na,0.112719,0.126263,0.126424,-0.225541,1.667094,1.944943
kaggle,kg5569a12b,kg6aade0ea,impostor,live,video,na,0.161586,0.156111,0.157973,3.672182,4.723434,6.575761
kaggle,kg5569a12b,kg6aade0ea,impostor,live,video,na,0.137839,0.124894,0.133383,-1.194930,0.926163,4.167736
kaggle,kg5569a12b,kg6aade0ea,impostor,live,video,na,0.171926,0.157728,0.184338,-0.279483,1.944943,4.167736
kaggle,kg5569a12b,kg6aade0ea,impostor,live,video,na,0.160497,0.160568,0.166523,0.058535,2.222792,2.963723
kaggle,kg5569a12b,kg6aade0ea,impostor,live,video,na,0.129512,0.110701,0.138236,4.594021,5.093899,8.613320
kaggle,kg5569a12b,kg6aade0ea,impostor,live,video,na,0.110231,0.107044,0.091908,6.129421,4.908667,8.150239
kaggle,kg5569a12b,kg6aade0ea,impostor,live,video,na,0.166147,0.171787,0.155114,3.337305,7.224075,8.798553
kaggle,kg5569a12b,kg6aade0ea,impostor,live,video,na,0.160786,0.160507,0.141561,2.645264,5.742214,5.279132
kaggle,kg5569a12b,kg6aade0ea,impostor,live,video,na,0.172141,0.163879,0.157375,2.087782,5.186516,6.020063
kaggle,kg5569a12b,kg6aafbe45,impostor,live,video,na,-0.032541,-0.013535,-0.018081,9.763213,8.242855,8.937477
kaggle,kg5569a12b,kg6aafbe45,impostor,live,video,na,-0.026327,-0.010815,-0.038620,8.482174,8.150239,8.150239
kaggle,kg5569a12b,kg6aafbe45,impostor,live,video,na,-0.034724,-0.027422,-0.015330,7.194657,5.556981,6.853610
kaggle,kg5569a12b,kg6aafbe45,impostor,live,video,na,-0.029515,-0.008808,-0.000600,9.671059,9.539484,9.076403
kaggle,kg5569a12b,kg6aafbe45,impostor,live,video,na,-0.040682,0.005086,-0.027230,6.924477,7.270383,7.594541
kaggle,kg5569a12b,kg6aafbe45,impostor,live,video,na,-0.061118,-0.038942,-0.007398,11.227121,11.484427,11.762277
kaggle,kg5569a12b,kg6aafbe45,impostor,live,video,na,-0.030537,-0.010554,-0.025743,7.275872,6.483144,6.575761
kaggle,kg5569a12b,kg6aafbe45,impostor,live,video,na,0.010302,0.002277,0.057700,5.837346,5.371748,6.390528
kaggle,kg5569a12b,kg6aafbe45,impostor,live,video,na,-0.003529,0.005506,-0.026023,9.554702,8.335471,9.817333
kaggle,kg5569a12b,kg6aafbe45,impostor,live,video,na,-0.014959,0.010697,0.041045,8.568604,8.150239,10.280415
kaggle,kg5569a12b,kg6aafbe45,impostor,live,video,na,-0.014047,-0.002442,-0.017731,9.646119,9.169019,9.446868
kaggle,kg5569a12b,kg884d9fd3,impostor,live,video,na,0.127255,0.142518,0.153316,2.190206,4.816050,4.630817
kaggle,kg5569a12b,kg884d9fd3,impostor,live,video,na,0.170443,0.172158,0.204589,-2.402518,-0.277849,-0.463082
kaggle,kg5569a12b,kg884d9fd3,impostor,live,video,na,0.147324,0.181087,0.190694,-3.106633,-0.370465,-1.018780
kaggle,kg5569a12b,kg884d9fd3,impostor,live,video,na,0.052266,0.057825,0.064156,-0.905843,7.224075,3.797270
kaggle,kg5569a12b,kg884d9fd3,impostor,live,video,na,0.073740,0.088297,0.091290,2.825644,7.131459,7.131459
kaggle,kg5569a12b,kg884d9fd3,impostor,live,video,na,0.003574,0.018558,-0.001750,0.489727,0.555698,3.148956
kaggle,kg5569a12b,kg884d9fd3,impostor,live,video,na,0.124415,0.145917,0.173453,1.747875,2.500641,2.685874
kaggle,kg5569a12b,kg884d9fd3,impostor,live,video,na,-0.034287,-0.045963,-0.032784,-0.822286,4.445585,4.260352
kaggle,kg5569a12b,kg4e8af551,impostor,live,video,na,-0.091911,-0.102876,-0.086712,9.207687,7.779773,8.983786
kaggle,kg5569a12b,kg4e8af551,impostor,live,video,na,-0.107998,-0.089677,-0.073944,5.749074,4.538201,5.371748
kaggle,kg5569a12b,kg4e8af551,impostor,live,video,na,-0.137732,-0.128406,-0.093204,8.879221,11.484427,10.465648
kaggle,kg5569a12b,kg4e8af551,impostor,live,video,na,-0.095255,-0.097959,-0.068915,9.462034,9.076403,9.446868
kaggle,kg5569a12b,kg4e8af551,impostor,live,video,na,-0.083315,-0.117519,-0.089251,7.205742,5.279132,7.224075
kaggle,kg5569a12b,kg4e8af551,impostor,live,video,na,-0.109490,-0.139885,-0.116095,6.617941,8.057622,8.983786
kaggle,kg5569a12b,kg4e8af551,impostor,live,video,na,-0.110460,-0.114199,-0.090198,6.432563,7.316691,6.575761
kaggle,kg5569a12b,kg4e8af551,impostor,live,video,na,-0.122926,-0.136098,-0.088346,9.412888,10.187799,10.928729
kaggle,kg5569a12b,kg4e8af551,impostor,live,video,na,-0.136802,-0.122273,-0.105095,10.323269,9.724717,10.465648
kaggle,kg5569a12b,kg4e8af551,impostor,live,video,na,-0.133649,-0.141849,-0.117992,10.016837,11.299194,11.808584
kaggle,kg5569a12b,kg4e8af551,impostor,live,video,na,-0.127706,-0.120015,-0.103751,9.748549,9.446868,11.808584
kaggle,kg5569a12b,kg58c89e41,impostor,live,video,na,0.072014,0.081784,0.082391,2.200033,1.296629,3.797270
kaggle,kg5569a12b,kg58c89e41,impostor,live,video,na,0.054798,0.041651,0.051691,-4.899960,-3.889887,-4.167736
kaggle,kg5569a12b,kg58c89e41,impostor,live,video,na,0.072351,0.082571,0.073857,2.464987,1.852327,2.871107
kaggle,kg5569a12b,kg58c89e41,impostor,live,video,na,0.056685,0.029688,0.048720,0.564325,0.277849,2.315409
kaggle,kg5569a12b,kg58c89e41,impostor,live,video,na,0.083644,0.066485,0.065895,3.845720,6.020063,6.483144
kaggle,kg5569a12b,kg58c89e41,impostor,live,video,na,0.115702,0.122969,0.140294,3.313475,2.315409,4.538201
kaggle,kg5569a12b,kg58c89e41,impostor,live,video,na,0.073070,0.091736,0.095063,-3.218992,-2.871107,-2.871107
kaggle,kg5569a12b,kg58c89e41,impostor,live,video,na,0.067578,0.069685,0.064717,-0.388911,0.648314,1.759711
kaggle,kg5569a12b,kg58c89e41,impostor,live,video,na,0.081306,0.088565,0.082432,2.151285,2.685874,3.797270
kaggle,kg5569a12b,kg58c89e41,impostor,live,video,na,0.073384,0.077698,0.085959,3.854320,2.685874,3.334188
kaggle,kg5569a12b,kg58c89e41,impostor,live,video,na,0.086005,0.092836,0.086775,3.362518,4.630817,4.445585
kaggle,kg5569a12b,kg58c89e41,impostor,live,video,na,0.068728,0.061571,0.078837,4.684408,4.630817,5.279132
kaggle,kg5569a12b,kg58c89e41,impostor,live,video,na,0.066125,0.068368,0.071793,5.681979,4.908667,8.242855
kaggle,kg5569a12b,kg9973bcb4,impostor,live,video,na,0.027973,0.048126,0.027303,-0.102936,1.944943,3.426805
kaggle,kg5569a12b,kg9973bcb4,impostor,live,video,na,0.006321,-0.000211,0.020310,6.218396,7.224075,10.095182
kaggle,kg5569a12b,kg9973bcb4,impostor,live,video,na,0.036068,0.026267,0.020896,5.082594,3.334188,6.853610
kaggle,kg5569a12b,kg9973bcb4,impostor,live,video,na,0.034560,0.024303,0.036363,2.990791,2.037560,5.371748
kaggle,kg5569a12b,kg9973bcb4,impostor,live,video,na,0.011673,0.000345,0.016257,0.868927,4.723434,5.834830
kaggle,kg5569a12b,kg9973bcb4,impostor,live,video,na,0.037365,0.031233,0.045350,-3.276551,-1.018780,-0.277849
kaggle,kg5569a12b,kg9973bcb4,impostor,live,video,na,0.091557,0.080710,0.072865,-3.664322,-1.111396,-3.889887
kaggle,kg5569a12b,kg9973bcb4,impostor,live,video,na,0.063917,0.051167,0.042425,-0.757611,1.296629,1.759711
kaggle,kg5569a12b,kg9973bcb4,impostor,live,video,na,-0.026988,-0.028172,-0.031226,-1.160547,2.408025,3.056340
kaggle,kg5569a12b,kg9973bcb4,impostor,live,video,na,-0.058395,-0.082467,-0.054778,1.007701,7.224075,7.594541
kaggle,kg5569a12b,kg9973bcb4,impostor,live,video,na,-0.010266,-0.011358,-0.008068,0.212596,5.556981,7.131459
kaggle,kg5569a12b,kg9973bcb4,impostor,live,video,na,0.029174,0.027361,0.024698,-1.679044,-0.185233,1.574478
kaggle,kg5569a12b,kg9973bcb4,impostor,live,video,na,0.035604,0.024996,0.028934,-0.910335,0.092616,0.185233
kaggle,kg5569a12b,kg9973bcb4,impostor,live,video,na,0.048394,0.055621,0.043930,-2.253716,0.648314,2.130176
kaggle,kg5569a12b,kg9973bcb4,impostor,live,video,na,0.027866,0.027880,0.033789,-3.776013,-2.500641,-1.389245
kaggle,kg5569a12b,kg5569a12b,spoof,print,a4_printout,na,0.873974,0.827033,0.850255,-4.807604,-5.186516,-4.908667
kaggle,kg5569a12b,kg5569a12b,spoof,print,a4_printout,na,0.862202,0.834059,0.833355,-5.112547,-3.148956,-3.056340
kaggle,kg5569a12b,kg5569a12b,spoof,print,a4_printout,na,0.873771,0.818797,0.828483,-5.862913,-4.167736,-3.797270
kaggle,kg5569a12b,kg5569a12b,spoof,print,a4_printout,na,0.860078,0.798027,0.831064,-5.767492,-4.723434,-4.723434
kaggle,kg5569a12b,kg5569a12b,spoof,print,a4_printout,na,0.834879,0.779544,0.790615,-4.511835,-3.519421,-3.982503
kaggle,kg5569a12b,kg5569a12b,spoof,print,a4_printout,na,0.844079,0.792507,0.814975,-8.854986,-7.594541,-7.594541
kaggle,kg5569a12b,kg5569a12b,spoof,print,a4_printout,na,0.812995,0.743186,0.793047,-10.912256,-11.391811,-9.724717
kaggle,kg5569a12b,kg5569a12b,spoof,print,a4_printout,na,0.767375,0.713584,0.741323,-9.075432,-8.335471,-9.354251
kaggle,kg5569a12b,kg5569a12b,spoof,print,a4_printout,na,0.757255,0.703416,0.737037,-8.987099,-8.705936,-8.150239
kaggle,kg5569a12b,kg5569a12b,spoof,print,a4_printout,na,0.761833,0.684187,0.728693,-11.476525,-9.909949,-10.095182
kaggle,kg6aade0ea,kg6aade0ea,spoof,print,cutout_printout,na,0.788375,0.792718,0.774409,-8.395567,-6.483144,-6.112679
kaggle,kg6aade0ea,kg6aade0ea,spoof,print,cutout_printout,na,0.831932,0.799172,0.805273,-8.853624,-7.131459,-6.205296
kaggle,kg6aade0ea,kg6aade0ea,spoof,print,cutout_printout,na,0.827551,0.827316,0.817935,-10.451728,-7.687157,-7.594541
kaggle,kg6aade0ea,kg6aade0ea,spoof,print,cutout_printout,na,0.859250,0.837413,0.843340,-4.988672,-2.315409,-3.704654
kaggle,kg6aade0ea,kg6aade0ea,spoof,print,cutout_printout,na,0.864456,0.852216,0.830249,-8.824903,-7.501925,-8.150239
kaggle,kg6aade0ea,kg6aade0ea,spoof,print,cutout_printout,na,0.831979,0.824933,0.808973,-9.340091,-7.501925,-9.261635
kaggle,kg6aade0ea,kg6aade0ea,spoof,print,cutout_printout,na,0.857881,0.852356,0.837161,-8.777069,-6.205296,-7.131459
kaggle,kg6aade0ea,kg6aade0ea,spoof,print,cutout_printout,na,0.851132,0.830650,0.820916,-10.298717,-8.705936,-10.465648
kaggle,kg6aade0ea,kg9f53589e,impostor,live,video,na,0.101014,0.119560,0.118479,-1.301002,-2.222792,-1.574478
kaggle,kg6aade0ea,kg9f53589e,impostor,live,video,na,0.046109,0.054323,0.083041,-1.792598,-1.852327,-0.926163
kaggle,kg6aade0ea,kg9f53589e,impostor,live,video,na,0.004498,0.039473,0.049475,-2.285550,-0.185233,-2.500641
kaggle,kg6aade0ea,kg9f53589e,impostor,live,video,na,0.041217,0.045183,0.028092,0.170938,0.231541,0.092616
kaggle,kg6aade0ea,kg9f53589e,impostor,live,video,na,0.001148,0.056081,0.039146,3.122660,2.408025,4.723434
kaggle,kg6aade0ea,kg9f53589e,impostor,live,video,na,0.048709,0.095826,0.100081,-1.104957,0.000000,-0.926163
kaggle,kg6aade0ea,kg9f53589e,impostor,live,video,na,0.034088,0.092638,0.015802,-0.604419,-0.833547,-1.667094
kaggle,kg6aade0ea,kg9f53589e,impostor,live,video,na,0.036855,0.064007,0.048695,-0.116947,0.740931,-0.370465
kaggle,kg6aade0ea,kg9f53589e,impostor,live,video,na,0.027328,0.048603,0.049902,1.099818,1.759711,0.277849
kaggle,kg6aade0ea,kg9f53589e,impostor,live,video,na,0.049087,0.053133,0.050437,-3.292315,-2.593258,-1.204013
kaggle,kg6aade0ea,kg9f53589e,impostor,live,video,na,0.066265,0.057370,0.109732,-0.792592,-0.555698,-1.111396
kaggle,kg6aade0ea,kg5bb369f3,impostor,live,video,na,0.042623,0.002715,0.021353,1.318942,0.185233,1.111396
kaggle,kg6aade0ea,kg5bb369f3,impostor,live,video,na,0.061903,0.045864,0.036656,1.838691,1.204013,1.481862
kaggle,kg6aade0ea,kg5bb369f3,impostor,live,video,na,0.027898,0.044879,0.012636,-0.290792,-0.370465,-1.111396
kaggle,kg6aade0ea,kg5bb369f3,impostor,live,video,na,0.100269,0.075943,0.092448,2.597052,0.926163,2.130176
kaggle,kg6aade0ea,kg5bb369f3,impostor,live,video,na,0.073570,0.038164,0.045150,2.633533,0.185233,1.944943
kaggle,kg6aade0ea,kg5bb369f3,impostor,live,video,na,0.119058,0.121327,0.084509,-0.665988,-0.277849,0.000000
kaggle,kg6aade0ea,kg5bb369f3,impostor,live,video,na,-0.010314,-0.007204,-0.002885,-1.060273,-2.685874,-1.759711
kaggle,kg6aade0ea,kg5bb369f3,impostor,live,video,na,0.009024,0.015763,0.017477,-4.139736,-4.445585,-3.612038
kaggle,kg6aade0ea,kg5bb369f3,impostor,live,video,na,0.050341,0.028299,0.026806,0.003368,0.833547,3.148956
kaggle,kg6aade0ea,kg5bb369f3,impostor,live,video,na,0.081878,0.088933,0.077644,2.369599,4.816050,4.908667
kaggle,kg6aade0ea,kg5bb369f3,impostor,live,video,na,0.059225,0.081218,0.073713,4.264640,5.834830,5.556981
kaggle,kg6aade0ea,kg5569a12b,impostor,live,video,na,0.150213,0.144279,0.160843,-0.683118,-0.463082,-0.926163
kaggle,kg6aade0ea,kg5569a12b,impostor,live,video,na,0.153269,0.129493,0.156331,-1.595281,-0.740931,-0.648314
kaggle,kg6aade0ea,kg5569a12b,impostor,live,video,na,0.082698,0.076443,0.054502,-2.671414,-2.037560,-2.685874
kaggle,kg6aade0ea,kg5569a12b,impostor,live,video,na,0.134247,0.100466,0.141169,-2.102689,-3.519421,-1.667094
kaggle,kg6aade0ea,kg5569a12b,impostor,live,video,na,0.170463,0.132440,0.172287,1.349789,1.667094,3.982503
kaggle,kg6aade0ea,kg5569a12b,impostor,live,video,na,0.144337,0.124022,0.138588,0.569938,2.778491,0.833547
kaggle,kg6aade0ea,kg5569a12b,impostor,live,video,na,0.146981,0.123699,0.136749,1.101156,2.222792,2.408025
kaggle,kg6aade0ea,kg5569a12b,impostor,live,video,na,0.074388,0.070785,0.067501,-2.752771,-2.315409,-1.574478
kaggle,kg6aade0ea,kg5569a12b,impostor,live,video,na,0.100166,0.102840,0.085954,-3.005922,-1.574478,-0.833547
kaggle,kg6aade0ea,kg5569a12b,impostor,live,video,na,0.083870,0.064810,0.045610,-3.325737,-3.982503,-1.296629
kaggle,kg6aade0ea,kg5569a12b,impostor,live,video,na,0.104642,0.073354,0.084140,-0.310309,0.926163,0.277849
kaggle,kg6aade0ea,kg5569a12b,impostor,live,video,na,0.141523,0.113938,0.144952,2.463571,1.759711,1.759711
kaggle,kg6aade0ea,kg5569a12b,impostor,live,video,na,0.165879,0.132742,0.153616,0.598978,0.740931,-0.648314
kaggle,kg6aade0ea,kg5569a12b,impostor,live,video,na,0.112146,0.085384,0.105243,-1.863187,-1.667094,-0.926163
kaggle,kg6aade0ea,kg6aade0ea,genuine,live,video,na,0.941196,0.921908,0.916022,1.743285,3.426805,6.297912
kaggle,kg6aade0ea,kg6aade0ea,genuine,live,video,na,0.944283,0.916811,0.922171,1.104542,4.352968,7.316691
kaggle,kg6aade0ea,kg6aade0ea,genuine,live,video,na,0.827174,0.806768,0.797287,-0.225541,1.667094,1.944943
kaggle,kg6aade0ea,kg6aade0ea,genuine,live,video,na,0.947412,0.921478,0.921127,3.672182,4.723434,6.575761
kaggle,kg6aade0ea,kg6aade0ea,genuine,live,video,na,0.928927,0.914275,0.914841,-1.194930,0.926163,4.167736
kaggle,kg6aade0ea,kg6aade0ea,genuine,live,video,na,0.905150,0.871173,0.866288,-0.279483,1.944943,4.167736
kaggle,kg6aade0ea,kg6aade0ea,genuine,live,video,na,0.920171,0.890719,0.903981,0.058535,2.222792,2.963723
kaggle,kg6aade0ea,kg6aade0ea,genuine,live,video,na,0.881146,0.859366,0.863071,4.594021,5.093899,8.613320
kaggle,kg6aade0ea,kg6aade0ea,genuine,live,video,na,0.814261,0.778057,0.795815,6.129421,4.908667,8.150239
kaggle,kg6aade0ea,kg6aade0ea,genuine,live,video,na,0.949200,0.930181,0.927176,3.337305,7.224075,8.798553
kaggle,kg6aade0ea,kg6aade0ea,genuine,live,video,na,0.953964,0.940733,0.938499,2.645264,5.742214,5.279132
kaggle,kg6aade0ea,kg6aade0ea,genuine,live,video,na,0.949786,0.934074,0.934000,2.087782,5.186516,6.020063
kaggle,kg6aade0ea,kg6aafbe45,impostor,live,video,na,0.072039,0.097865,0.097187,9.763213,8.242855,8.937477
kaggle,kg6aade0ea,kg6aafbe45,impostor,live,video,na,0.087345,0.091101,0.083473,8.482174,8.150239,8.150239
kaggle,kg6aade0ea,kg6aafbe45,impostor,live,video,na,0.016696,0.049895,0.029349,7.194657,5.556981,6.853610
kaggle,kg6aade0ea,kg6aafbe45,impostor,live,video,na,-0.005868,0.023188,-0.003791,9.671059,9.539484,9.076403
kaggle,kg6aade0ea,kg6aafbe45,impostor,live,video,na,0.003231,0.004362,0.009729,6.924477,7.270383,7.594541
kaggle,kg6aade0ea,kg6aafbe45,impostor,live,video,na,0.002180,0.022640,0.009659,11.227121,11.484427,11.762277
kaggle,kg6aade0ea,kg6aafbe45,impostor,live,video,na,0.067493,0.089129,0.100265,7.275872,6.483144,6.575761
kaggle,kg6aade0ea,kg6aafbe45,impostor,live,video,na,-0.012841,-0.004038,0.014136,5.837346,5.371748,6.390528
kaggle,kg6aade0ea,kg6aafbe45,impostor,live,video,na,0.040183,0.061369,0.053178,9.554702,8.335471,9.817333
kaggle,kg6aade0ea,kg6aafbe45,impostor,live,video,na,0.051712,0.038745,0.052587,8.568604,8.150239,10.280415
kaggle,kg6aade0ea,kg6aafbe45,impostor,live,video,na,0.029924,0.035319,0.017976,9.646119,9.169019,9.446868
kaggle,kg6aade0ea,kg884d9fd3,impostor,live,video,na,0.050317,0.068475,0.047663,2.190206,4.816050,4.630817
kaggle,kg6aade0ea,kg884d9fd3,impostor,live,video,na,0.015985,0.003277,-0.007852,-2.402518,-0.277849,-0.463082
kaggle,kg6aade0ea,kg884d9fd3,impostor,live,video,na,0.021110,0.019885,0.016040,-3.106633,-0.370465,-1.018780
kaggle,kg6aade0ea,kg884d9fd3,impostor,live,video,na,0.040324,0.069228,0.050008,-0.905843,7.224075,3.797270
kaggle,kg6aade0ea,kg884d9fd3,impostor,live,video,na,0.023552,0.004233,0.013392,2.825644,7.131459,7.131459
kaggle,kg6aade0ea,kg884d9fd3,impostor,live,video,na,0.050945,0.063343,0.032110,0.489727,0.555698,3.148956
kaggle,kg6aade0ea,kg884d9fd3,impostor,live,video,na,-0.011207,0.018082,-0.020892,1.747875,2.500641,2.685874
kaggle,kg6aade0ea,kg884d9fd3,impostor,live,video,na,0.036067,0.003707,0.002893,-0.822286,4.445585,4.260352
kaggle,kg6aade0ea,kg4e8af551,impostor,live,video,na,0.115545,0.128939,0.138061,9.207687,7.779773,8.983786
kaggle,kg6aade0ea,kg4e8af551,impostor,live,video,na,0.030403,0.056510,0.055580,5.749074,4.538201,5.371748
kaggle,kg6aade0ea,kg4e8af551,impostor,live,video,na,0.028636,0.054716,0.064331,8.879221,11.484427,10.465648
kaggle,kg6aade0ea,kg4e8af551,impostor,live,video,na,0.084937,0.120970,0.128003,9.462034,9.076403,9.446868
kaggle,kg6aade0ea,kg4e8af551,impostor,live,video,na,0.126705,0.138807,0.139110,7.205742,5.279132,7.224075
kaggle,kg6aade0ea,kg4e8af551,impostor,live,video,na,0.071943,0.084657,0.095090,6.617941,8.057622,8.983786
kaggle,kg6aade0ea,kg4e8af551,impostor,live,video,na,0.084383,0.113744,0.097053,6.432563,7.316691,6.575761
kaggle,kg6aade0ea,kg4e8af551,impostor,live,video,na,0.041098,0.061651,0.078467,9.412888,10.187799,10.928729
kaggle,kg6aade0ea,kg4e8af551,impostor,live,video,na,0.045432,0.085453,0.064696,10.323269,9.724717,10.465648
kaggle,kg6aade0ea,kg4e8af551,impostor,live,video,na,0.049661,0.071489,0.080117,10.016837,11.299194,11.808584
kaggle,kg6aade0ea,kg4e8af551,impostor,live,video,na,0.088700,0.123355,0.113259,9.748549,9.446868,11.808584
kaggle,kg6aade0ea,kg58c89e41,impostor,live,video,na,0.063824,0.089851,0.061255,2.200033,1.296629,3.797270
kaggle,kg6aade0ea,kg58c89e41,impostor,live,video,na,0.060028,0.073822,0.056000,-4.899960,-3.889887,-4.167736
kaggle,kg6aade0ea,kg58c89e41,impostor,live,video,na,0.139700,0.160209,0.149297,2.464987,1.852327,2.871107
kaggle,kg6aade0ea,kg58c89e41,impostor,live,video,na,0.054229,0.059314,0.063954,0.564325,0.277849,2.315409
kaggle,kg6aade0ea,kg58c89e41,impostor,live,video,na,0.159529,0.146345,0.143511,3.845720,6.020063,6.483144
kaggle,kg6aade0ea,kg58c89e41,impostor,live,video,na,0.082283,0.103040,0.094423,3.313475,2.315409,4.538201
kaggle,kg6aade0ea,kg58c89e41,impostor,live,video,na,0.074523,0.069039,0.069283,-3.218992,-2.871107,-2.871107
kaggle,kg6aade0ea,kg58c89e41,impostor,live,video,na,0.122846,0.114534,0.126439,-0.388911,0.648314,1.759711
kaggle,kg6aade0ea,kg58c89e41,impostor,live,video,na,0.117199,0.126422,0.113646,2.151285,2.685874,3.797270
kaggle,kg6aade0ea,kg58c89e41,impostor,live,video,na,0.086319,0.118256,0.103034,3.854320,2.685874,3.334188
kaggle,kg6aade0ea,kg58c89e41,impostor,live,video,na,0.111050,0.118468,0.122238,3.362518,4.630817,4.445585
kaggle,kg6aade0ea,kg58c89e41,impostor,live,video,na,0.087593,0.099715,0.095098,4.684408,4.630817,5.279132
kaggle,kg6aade0ea,kg58c89e41,impostor,live,video,na,0.120936,0.145832,0.136804,5.681979,4.908667,8.242855
kaggle,kg6aade0ea,kg9973bcb4,impostor,live,video,na,0.038939,0.055646,0.075652,-0.102936,1.944943,3.426805
kaggle,kg6aade0ea,kg9973bcb4,impostor,live,video,na,0.028563,0.063710,0.078239,6.218396,7.224075,10.095182
kaggle,kg6aade0ea,kg9973bcb4,impostor,live,video,na,-0.033078,-0.001539,-0.023697,5.082594,3.334188,6.853610
kaggle,kg6aade0ea,kg9973bcb4,impostor,live,video,na,-0.052124,-0.025574,-0.016117,2.990791,2.037560,5.371748
kaggle,kg6aade0ea,kg9973bcb4,impostor,live,video,na,-0.007319,0.000498,-0.015637,0.868927,4.723434,5.834830
kaggle,kg6aade0ea,kg9973bcb4,impostor,live,video,na,-0.025638,0.010604,-0.024207,-3.276551,-1.018780,-0.277849
kaggle,kg6aade0ea,kg9973bcb4,impostor,live,video,na,0.025168,0.019667,0.034438,-3.664322,-1.111396,-3.889887
kaggle,kg6aade0ea,kg9973bcb4,impostor,live,video,na,-0.030081,-0.021295,-0.022794,-0.757611,1.296629,1.759711
kaggle,kg6aade0ea,kg9973bcb4,impostor,live,video,na,0.057177,0.095217,0.060680,-1.160547,2.408025,3.056340
kaggle,kg6aade0ea,kg9973bcb4,impostor,live,video,na,0.016654,0.033102,0.019891,1.007701,7.224075,7.594541
kaggle,kg6aade0ea,kg9973bcb4,impostor,live,video,na,-0.020390,-0.034009,-0.017818,0.212596,5.556981,7.131459
kaggle,kg6aade0ea,kg9973bcb4,impostor,live,video,na,0.029572,0.043996,0.036207,-1.679044,-0.185233,1.574478
kaggle,kg6aade0ea,kg9973bcb4,impostor,live,video,na,0.047094,0.029469,0.034395,-0.910335,0.092616,0.185233
kaggle,kg6aade0ea,kg9973bcb4,impostor,live,video,na,0.093791,0.137881,0.121658,-2.253716,0.648314,2.130176
kaggle,kg6aade0ea,kg9973bcb4,impostor,live,video,na,-0.005684,0.033517,-0.012109,-3.776013,-2.500641,-1.389245
kaggle,kg6aade0ea,kg6aade0ea,spoof,print,a4_printout,na,0.872687,0.834132,0.843492,-11.072798,-9.539484,-8.891170
kaggle,kg6aade0ea,kg6aade0ea,spoof,print,a4_printout,na,0.852374,0.824888,0.825021,-6.877954,-5.001283,-5.464365
kaggle,kg6aade0ea,kg6aade0ea,spoof,print,a4_printout,na,0.855259,0.836895,0.822479,-9.959846,-8.150239,-7.131459
kaggle,kg6aade0ea,kg6aade0ea,spoof,print,a4_printout,na,0.877957,0.851146,0.862021,-10.463020,-8.891170,-8.520704
kaggle,kg6aade0ea,kg6aade0ea,spoof,print,a4_printout,na,0.865929,0.849926,0.837661,-8.628866,-7.501925,-5.927446
kaggle,kg6aade0ea,kg6aade0ea,spoof,print,a4_printout,na,0.886748,0.856480,0.831173,-8.481332,-6.112679,-5.186516
kaggle,kg6aade0ea,kg6aade0ea,spoof,print,a4_printout,na,0.872214,0.826259,0.824008,-7.664446,-6.390528,-7.038843
kaggle,kg6aade0ea,kg6aade0ea,spoof,print,a4_printout,na,0.860127,0.851788,0.856010,-10.375203,-6.946226,-7.965006
kaggle,kg6aade0ea,kg6aade0ea,spoof,print,a4_printout,na,0.823315,0.812733,0.814026,-10.622160,-8.705936,-8.891170
kaggle,kg6aade0ea,kg6aade0ea,spoof,print,a4_printout,na,0.847046,0.819556,0.814908,-8.350533,-6.575761,-5.464365
kaggle,kg6aade0ea,kg6aade0ea,spoof,print,a4_printout,na,0.852477,0.814613,0.828252,-8.603384,-8.335471,-8.242855
kaggle,kg6aade0ea,kg6aade0ea,spoof,print,a4_printout,na,0.854642,0.837181,0.841282,-9.113495,-6.760993,-8.150239
kaggle,kg6aade0ea,kg6aade0ea,spoof,print,a4_printout,na,0.836350,0.817524,0.826545,-9.227817,-7.872390,-6.297912
kaggle,kg6aade0ea,kg6aade0ea,spoof,print,a4_printout,na,0.839259,0.821571,0.816337,-8.727350,-6.946226,-6.760993
kaggle,kg6aade0ea,kg6aade0ea,spoof,print,a4_printout,na,0.832198,0.798741,0.798328,-9.671772,-7.779773,-8.150239
kaggle,kg6aafbe45,kg6aafbe45,spoof,print,cutout_printout,na,0.641027,0.626741,0.616214,1.721850,3.056340,3.982503
kaggle,kg6aafbe45,kg6aafbe45,spoof,print,cutout_printout,na,0.663388,0.630037,0.619391,-0.054181,0.185233,0.277849
kaggle,kg6aafbe45,kg6aafbe45,spoof,print,cutout_printout,na,0.561692,0.535990,0.546333,1.246176,0.277849,3.148956
kaggle,kg6aafbe45,kg6aafbe45,spoof,print,cutout_printout,na,0.640323,0.604731,0.616794,1.587101,-1.204013,1.204013
kaggle,kg6aafbe45,kg6aafbe45,spoof,print,cutout_printout,na,0.655490,0.647759,0.624490,-5.470336,-3.334188,-4.260352
kaggle,kg6aafbe45,kg6aafbe45,spoof,print,cutout_printout,na,0.653310,0.591393,0.588624,-7.816012,-8.983786,-6.760993
kaggle,kg6aafbe45,kg6aafbe45,spoof,print,cutout_printout,na,0.588122,0.530322,0.530807,-9.051003,-9.446868,-6.853610
kaggle,kg6aafbe45,kg6aafbe45,spoof,print,cutout_printout,na,0.571309,0.521802,0.553207,-8.382371,-9.169019,-8.705936
kaggle,kg6aafbe45,kg9f53589e,impostor,live,video,na,0.114414,0.119260,0.090454,-1.301002,-2.222792,-1.574478
kaggle,kg6aafbe45,kg9f53589e,impostor,live,video,na,0.019435,0.031421,-0.038086,-1.792598,-1.852327,-0.926163
kaggle,kg6aafbe45,kg9f53589e,impostor,live,video,na,0.017378,-0.005633,-0.050506,-2.285550,-0.185233,-2.500641
kaggle,kg6aafbe45,kg9f53589e,impostor,live,video,na,0.083323,0.080803,0.051451,0.170938,0.231541,0.092616
kaggle,kg6aafbe45,kg9f53589e,impostor,live,video,na,0.046064,0.044386,0.041537,3.122660,2.408025,4.723434
kaggle,kg6aafbe45,kg9f53589e,impostor,live,video,na,0.087379,0.092920,0.067109,-1.104957,0.000000,-0.926163
kaggle,kg6aafbe45,kg9f53589e,impostor,live,video,na,0.053225,0.032666,0.003561,-0.604419,-0.833547,-1.667094
kaggle,kg6aafbe45,kg9f53589e,impostor,live,video,na,-0.039491,-0.036947,-0.065588,-0.116947,0.740931,-0.370465
kaggle,kg6aafbe45,kg9f53589e,impostor,live,video,na,0.095456,0.072081,0.036405,1.099818,1.759711,0.277849
kaggle,kg6aafbe45,kg9f53589e,impostor,live,video,na,0.118240,0.081514,0.058413,-3.292315,-2.593258,-1.204013
kaggle,kg6aafbe45,kg9f53589e,impostor,live,video,na,0.126824,0.126813,0.099158,-0.792592,-0.555698,-1.111396
kaggle,kg6aafbe45,kg5bb369f3,impostor,live,video,na,0.039634,0.035282,0.046358,1.318942,0.185233,1.111396
kaggle,kg6aafbe45,kg5bb369f3,impostor,live,video,na,0.034957,0.046924,0.035589,1.838691,1.204013,1.481862
kaggle,kg6aafbe45,kg5bb369f3,impostor,live,video,na,0.013915,-0.010209,0.013946,-0.290792,-0.370465,-1.111396
kaggle,kg6aafbe45,kg5bb369f3,impostor,live,video,na,-0.012872,-0.025869,-0.000743,2.597052,0.926163,2.130176
kaggle,kg6aafbe45,kg5bb369f3,impostor,live,video,na,0.035520,0.038097,0.040546,2.633533,0.185233,1.944943
kaggle,kg6aafbe45,kg5bb369f3,impostor,live,video,na,0.042290,0.011815,0.022090,-0.665988,-0.277849,0.000000
kaggle,kg6aafbe45,kg5bb369f3,impostor,live,video,na,0.042899,0.050821,0.052332,-1.060273,-2.685874,-1.759711
kaggle,kg6aafbe45,kg5bb369f3,impostor,live,video,na,0.066792,0.101236,0.053251,-4.139736,-4.445585,-3.612038
kaggle,kg6aafbe45,kg5bb369f3,impostor,live,video,na,0.015113,0.030598,0.032713,0.003368,0.833547,3.148956
kaggle,kg6aafbe45,kg5bb369f3,impostor,live,video,na,0.003785,-0.008380,-0.009043,2.369599,4.816050,4.908667
kaggle,kg6aafbe45,kg5bb369f3,impostor,live,video,na,0.018845,0.078010,0.043792,4.264640,5.834830,5.556981
kaggle,kg6aafbe45,kg5569a12b,impostor,live,video,na,0.014339,0.060517,0.015465,-0.683118,-0.463082,-0.926163
kaggle,kg6aafbe45,kg5569a12b,impostor,live,video,na,0.010867,0.031508,-0.013727,-1.595281,-0.740931,-0.648314
kaggle,kg6aafbe45,kg5569a12b,impostor,live,video,na,0.012075,0.022588,-0.011873,-2.671414,-2.037560,-2.685874
kaggle,kg6aafbe45,kg5569a12b,impostor,live,video,na,0.009987,0.054013,0.013290,-2.102689,-3.519421,-1.667094
kaggle,kg6aafbe45,kg5569a12b,impostor,live,video,na,-0.048443,-0.028563,-0.027375,1.349789,1.667094,3.982503
kaggle,kg6aafbe45,kg5569a12b,impostor,live,video,na,-0.034856,-0.009401,-0.050248,0.569938,2.778491,0.833547
kaggle,kg6aafbe45,kg5569a12b,impostor,live,video,na,0.024238,0.043631,0.036142,1.101156,2.222792,2.408025
kaggle,kg6aafbe45,kg5569a12b,impostor,live,video,na,0.030409,0.065279,0.033770,-2.752771,-2.315409,-1.574478
kaggle,kg6aafbe45,kg5569a12b,impostor,live,video,na,0.026613,0.093428,0.032454,-3.005922,-1.574478,-0.833547
kaggle,kg6aafbe45,kg5569a12b,impostor,live,video,na,0.015349,0.042387,0.003988,-3.325737,-3.982503,-1.296629
kaggle,kg6aafbe45,kg5569a12b,impostor,live,video,na,0.068798,0.075482,0.059086,-0.310309,0.926163,0.277849
kaggle,kg6aafbe45,kg5569a12b,impostor,live,video,na,0.010602,0.034878,0.006313,2.463571,1.759711,1.759711
kaggle,kg6aafbe45,kg5569a12b,impostor,live,video,na,-0.020164,0.007581,0.016476,0.598978,0.740931,-0.648314
kaggle,kg6aafbe45,kg5569a12b,impostor,live,video,na,0.051671,0.088672,0.071049,-1.863187,-1.667094,-0.926163
kaggle,kg6aafbe45,kg6aade0ea,impostor,live,video,na,0.105238,0.077096,0.118453,1.743285,3.426805,6.297912
kaggle,kg6aafbe45,kg6aade0ea,impostor,live,video,na,0.098233,0.061325,0.093334,1.104542,4.352968,7.316691
kaggle,kg6aafbe45,kg6aade0ea,impostor,live,video,na,0.070702,0.085677,0.098020,-0.225541,1.667094,1.944943
kaggle,kg6aafbe45,kg6aade0ea,impostor,live,video,na,0.094424,0.059722,0.070769,3.672182,4.723434,6.575761
kaggle,kg6aafbe45,kg6aade0ea,impostor,live,video,na,0.089335,0.082318,0.094769,-1.194930,0.926163,4.167736
kaggle,kg6aafbe45,kg6aade0ea,impostor,live,video,na,0.085266,0.073660,0.091462,-0.279483,1.944943,4.167736
kaggle,kg6aafbe45,kg6aade0ea,impostor,live,video,na,0.082649,0.066276,0.079966,0.058535,2.222792,2.963723
kaggle,kg6aafbe45,kg6aade0ea,impostor,live,video,na,0.118026,0.090745,0.096336,4.594021,5.093899,8.613320
kaggle,kg6aafbe45,kg6aade0ea,impostor,live,video,na,0.130351,0.108526,0.119697,6.129421,4.908667,8.150239
kaggle,kg6aafbe45,kg6aade0ea,impostor,live,video,na,0.090341,0.074441,0.089364,3.337305,7.224075,8.798553
kaggle,kg6aafbe45,kg6aade0ea,impostor,live,video,na,0.092757,0.069616,0.104198,2.645264,5.742214,5.279132
kaggle,kg6aafbe45,kg6aade0ea,impostor,live,video,na,0.082709,0.080078,0.085712,2.087782,5.186516,6.020063
kaggle,kg6aafbe45,kg6aafbe45,genuine,live,video,na,0.819407,0.807197,0.810108,9.763213,8.242855,8.937477
kaggle,kg6aafbe45,kg6aafbe45,genuine,live,video,na,0.571917,0.563522,0.555577,8.482174,8.150239,8.150239
kaggle,kg6aafbe45,kg6aafbe45,genuine,live,video,na,0.461853,0.452834,0.480220,7.194657,5.556981,6.853610
kaggle,kg6aafbe45,kg6aafbe45,genuine,live,video,na,0.761911,0.745520,0.733712,9.671059,9.539484,9.076403
kaggle,kg6aafbe45,kg6aafbe45,genuine,live,video,na,0.379955,0.320576,0.360654,6.924477,7.270383,7.594541
kaggle,kg6aafbe45,kg6aafbe45,genuine,live,video,na,0.750697,0.698948,0.712590,11.227121,11.484427,11.762277
kaggle,kg6aafbe45,kg6aafbe45,genuine,live,video,na,0.687626,0.695834,0.686215,7.275872,6.483144,6.575761
kaggle,kg6aafbe45,kg6aafbe45,genuine,live,video,na,0.211335,0.222204,0.205523,5.837346,5.371748,6.390528
kaggle,kg6aafbe45,kg6aafbe45,genuine,live,video,na,0.815576,0.793753,0.788387,9.554702,8.335471,9.817333
kaggle,kg6aafbe45,kg6aafbe45,genuine,live,video,na,0.469671,0.482232,0.457848,8.568604,8.150239,10.280415
kaggle,kg6aafbe45,kg6aafbe45,genuine,live,video,na,0.758659,0.758582,0.738765,9.646119,9.169019,9.446868
kaggle,kg6aafbe45,kg884d9fd3,impostor,live,video,na,0.148451,0.120055,0.162940,2.190206,4.816050,4.630817
kaggle,kg6aafbe45,kg884d9fd3,impostor,live,video,na,0.112720,0.093713,0.121879,-2.402518,-0.277849,-0.463082
kaggle,kg6aafbe45,kg884d9fd3,impostor,live,video,na,0.105375,0.085158,0.107068,-3.106633,-0.370465,-1.018780
kaggle,kg6aafbe45,kg884d9fd3,impostor,live,video,na,0.141014,0.117110,0.081922,-0.905843,7.224075,3.797270
kaggle,kg6aafbe45,kg884d9fd3,impostor,live,video,na,0.129385,0.097443,0.092424,2.825644,7.131459,7.131459
kaggle,kg6aafbe45,kg884d9fd3,impostor,live,video,na,0.071883,0.080511,0.033616,0.489727,0.555698,3.148956
kaggle,kg6aafbe45,kg884d9fd3,impostor,live,video,na,0.152340,0.148264,0.142248,1.747875,2.500641,2.685874
kaggle,kg6aafbe45,kg884d9fd3,impostor,live,video,na,-0.047249,-0.027269,-0.034409,-0.822286,4.445585,4.260352
kaggle,kg6aafbe45,kg4e8af551,impostor,live,video,na,0.035849,0.015507,0.050014,9.207687,7.779773,8.983786
kaggle,kg6aafbe45,kg4e8af551,impostor,live,video,na,0.069143,0.034323,0.097109,5.749074,4.538201,5.371748
kaggle,kg6aafbe45,kg4e8af551,impostor,live,video,na,0.053448,0.008361,0.089897,8.879221,11.484427,10.465648
kaggle,kg6aafbe45,kg4e8af551,impostor,live,video,na,0.035207,0.019475,0.064088,9.462034,9.076403,9.446868
kaggle,kg6aafbe45,kg4e8af551,impostor,live,video,na,0.033672,0.019839,0.071552,7.205742,5.279132,7.224075
kaggle,kg6aafbe45,kg4e8af551,impostor,live,video,na,-0.006463,-0.015723,0.010763,6.617941,8.057622,8.983786
kaggle,kg6aafbe45,kg4e8af551,impostor,live,video,na,0.057067,0.053632,0.070944,6.432563,7.316691,6.575761
kaggle,kg6aafbe45,kg4e8af551,impostor,live,video,na,0.009524,-0.027808,0.032334,9.412888,10.187799,10.928729
kaggle,kg6aafbe45,kg4e8af551,impostor,live,video,na,-0.006647,-0.012451,0.000893,10.323269,9.724717,10.465648
kaggle,kg6aafbe45,kg4e8af551,impostor,live,video,na,0.017590,-0.019951,0.039104,10.016837,11.299194,11.808584
kaggle,kg6aafbe45,kg4e8af551,impostor,live,video,na,0.044566,0.015667,0.058521,9.748549,9.446868,11.808584
kaggle,kg6aafbe45,kg58c89e41,impostor,live,video,na,0.044947,0.002477,0.025923,2.200033,1.296629,3.797270
kaggle,kg6aafbe45,kg58c89e41,impostor,live,video,na,0.079850,0.054102,0.081007,-4.899960,-3.889887,-4.167736
kaggle,kg6aafbe45,kg58c89e41,impostor,live,video,na,0.080021,0.052402,0.078006,2.464987,1.852327,2.871107
kaggle,kg6aafbe45,kg58c89e41,impostor,live,video,na,-0.005517,-0.058825,-0.008318,0.564325,0.277849,2.315409
kaggle,kg6aafbe45,kg58c89e41,impostor,live,video,na,0.069166,0.052656,0.040717,3.845720,6.020063,6.483144
kaggle,kg6aafbe45,kg58c89e41,impostor,live,video,na,0.019861,0.000541,0.027911,3.313475,2.315409,4.538201
kaggle,kg6aafbe45,kg58c89e41,impostor,live,video,na,0.028547,0.015590,0.023980,-3.218992,-2.871107,-2.871107
kaggle,kg6aafbe45,kg58c89e41,impostor,live,video,na,0.076603,0.031336,0.069961,-0.388911,0.648314,1.759711
kaggle,kg6aafbe45,kg58c89e41,impostor,live,video,na,0.072843,0.040936,0.051101,2.151285,2.685874,3.797270
kaggle,kg6aafbe45,kg58c89e41,impostor,live,video,na,0.045881,-0.009504,0.032707,3.854320,2.685874,3.334188
kaggle,kg6aafbe45,kg58c89e41,impostor,live,video,na,0.049844,-0.002471,0.022357,3.362518,4.630817,4.445585
kaggle,kg6aafbe45,kg58c89e41,impostor,live,video,na,0.052282,-0.001734,0.039827,4.684408,4.630817,5.279132
kaggle,kg6aafbe45,kg58c89e41,impostor,live,video,na,0.050610,0.016025,0.040010,5.681979,4.908667,8.242855
kaggle,kg6aafbe45,kg9973bcb4,impostor,live,video,na,-0.044991,-0.080158,-0.055183,-0.102936,1.944943,3.426805
kaggle,kg6aafbe45,kg9973bcb4,impostor,live,video,na,-0.114347,-0.118103,-0.093023,6.218396,7.224075,10.095182
kaggle,kg6aafbe45,kg9973bcb4,impostor,live,video,na,-0.070047,-0.050157,-0.052896,5.082594,3.334188,6.853610
kaggle,kg6aafbe45,kg9973bcb4,impostor,live,video,na,-0.051545,-0.049293,-0.031279,2.990791,2.037560,5.371748
kaggle,kg6aafbe45,kg9973bcb4,impostor,live,video,na,-0.044253,-0.057337,-0.016790,0.868927,4.723434,5.834830
kaggle,kg6aafbe45,kg9973bcb4,impostor,live,video,na,-0.059552,-0.065960,-0.046671,-3.276551,-1.018780,-0.277849
kaggle,kg6aafbe45,kg9973bcb4,impostor,live,video,na,-0.014850,-0.010167,0.006900,-3.664322,-1.111396,-3.889887
kaggle,kg6aafbe45,kg9973bcb4,impostor,live,video,na,-0.028143,-0.050712,-0.032424,-0.757611,1.296629,1.759711
kaggle,kg6aafbe45,kg9973bcb4,impostor,live,video,na,0.002094,0.004448,0.027097,-1.160547,2.408025,3.056340
kaggle,kg6aafbe45,kg9973bcb4,impostor,live,video,na,-0.028665,-0.025230,0.015347,1.007701,7.224075,7.594541
kaggle,kg6aafbe45,kg9973bcb4,impostor,live,video,na,-0.013207,-0.011475,0.008481,0.212596,5.556981,7.131459
kaggle,kg6aafbe45,kg9973bcb4,impostor,live,video,na,-0.071358,-0.067449,-0.056472,-1.679044,-0.185233,1.574478
kaggle,kg6aafbe45,kg9973bcb4,impostor,live,video,na,-0.084466,-0.076172,-0.097590,-0.910335,0.092616,0.185233
kaggle,kg6aafbe45,kg9973bcb4,impostor,live,video,na,-0.075628,-0.080481,-0.075004,-2.253716,0.648314,2.130176
kaggle,kg6aafbe45,kg9973bcb4,impostor,live,video,na,-0.039392,-0.065637,-0.023496,-3.776013,-2.500641,-1.389245
kaggle,kg6aafbe45,kg6aafbe45,spoof,print,a4_printout,na,0.720746,0.722526,0.701663,2.827011,2.130176,2.315409
kaggle,kg6aafbe45,kg6aafbe45,spoof,print,a4_printout,na,0.718945,0.686620,0.684344,1.006011,0.463082,1.759711
kaggle,kg6aafbe45,kg6aafbe45,spoof,print,a4_printout,na,0.509466,0.451309,0.496970,0.471220,0.648314,-0.463082
kaggle,kg6aafbe45,kg6aafbe45,spoof,print,a4_printout,na,0.687551,0.601107,0.662491,5.057834,6.668377,7.594541
kaggle,kg6aafbe45,kg6aafbe45,spoof,print,a4_printout,na,0.720917,0.669239,0.696958,2.919381,6.112679,3.982503
kaggle,kg6aafbe45,kg6aafbe45,spoof,print,a4_printout,na,0.710702,0.698386,0.671902,-2.746271,-2.500641,0.000000
kaggle,kg884d9fd3,kg884d9fd3,spoof,print,cutout_printout,na,0.834113,0.809957,0.780202,-7.473944,-6.483144,-6.853610
kaggle,kg884d9fd3,kg884d9fd3,spoof,print,cutout_printout,na,0.788823,0.751354,0.715886,-6.374168,-5.556981,-5.186516
kaggle,kg884d9fd3,kg884d9fd3,spoof,print,cutout_printout,na,0.805413,0.789010,0.758766,-7.047084,-6.575761,-4.816050
kaggle,kg884d9fd3,kg884d9fd3,spoof,print,cutout_printout,na,0.834846,0.816274,0.788254,-11.490135,-9.261635,-10.373032
kaggle,kg884d9fd3,kg884d9fd3,spoof,print,cutout_printout,na,0.844704,0.843430,0.823226,-8.789984,-6.205296,-6.946226
kaggle,kg884d9fd3,kg884d9fd3,spoof,print,cutout_printout,na,0.855461,0.844053,0.826004,-7.269914,-5.371748,-5.279132
kaggle,kg884d9fd3,kg884d9fd3,spoof,print,cutout_printout,na,0.863748,0.857456,0.827825,-6.226818,-5.001283,-5.742214
kaggle,kg884d9fd3,kg884d9fd3,spoof,print,cutout_printout,na,0.784269,0.767193,0.737588,-7.027516,-9.076403,-6.390528
kaggle,kg884d9fd3,kg884d9fd3,spoof,print,cutout_printout,na,0.856997,0.840058,0.836238,-7.443778,-8.428088,-7.501925
kaggle,kg884d9fd3,kg884d9fd3,spoof,print,cutout_printout,na,0.867983,0.855470,0.833245,-7.826524,-6.946226,-6.390528
kaggle,kg884d9fd3,kg884d9fd3,spoof,print,cutout_printout,na,0.860730,0.822985,0.824796,-7.030522,-7.131459,-6.760993
kaggle,kg884d9fd3,kg884d9fd3,spoof,print,cutout_printout,na,0.863501,0.847891,0.813916,-8.323824,-6.483144,-6.760993
kaggle,kg884d9fd3,kg9f53589e,impostor,live,video,na,-0.032008,0.027538,-0.009037,-1.301002,-2.222792,-1.574478
kaggle,kg884d9fd3,kg9f53589e,impostor,live,video,na,-0.029638,0.063457,0.021726,-1.792598,-1.852327,-0.926163
kaggle,kg884d9fd3,kg9f53589e,impostor,live,video,na,-0.023294,0.019861,-0.001935,-2.285550,-0.185233,-2.500641
kaggle,kg884d9fd3,kg9f53589e,impostor,live,video,na,-0.017291,0.018591,-0.020429,0.170938,0.231541,0.092616
kaggle,kg884d9fd3,kg9f53589e,impostor,live,video,na,0.004860,0.014752,-0.017500,3.122660,2.408025,4.723434
kaggle,kg884d9fd3,kg9f53589e,impostor,live,video,na,-0.040368,0.007306,-0.023117,-1.104957,0.000000,-0.926163
kaggle,kg884d9fd3,kg9f53589e,impostor,live,video,na,-0.047582,0.005669,-0.040258,-0.604419,-0.833547,-1.667094
kaggle,kg884d9fd3,kg9f53589e,impostor,live,video,na,-0.113677,-0.076300,-0.087111,-0.116947,0.740931,-0.370465
kaggle,kg884d9fd3,kg9f53589e,impostor,live,video,na,-0.090830,-0.009907,-0.052779,1.099818,1.759711,0.277849
kaggle,kg884d9fd3,kg9f53589e,impostor,live,video,na,-0.028705,0.045726,-0.008062,-3.292315,-2.593258,-1.204013
kaggle,kg884d9fd3,kg9f53589e,impostor,live,video,na,-0.028839,0.016110,-0.015186,-0.792592,-0.555698,-1.111396
kaggle,kg884d9fd3,kg5bb369f3,impostor,live,video,na,0.070694,0.065013,0.055774,1.318942,0.185233,1.111396
kaggle,kg884d9fd3,kg5bb369f3,impostor,live,video,na,0.099521,0.087754,0.084351,1.838691,1.204013,1.481862
kaggle,kg884d9fd3,kg5bb369f3,impostor,live,video,na,0.012299,0.002452,0.001945,-0.290792,-0.370465,-1.111396
kaggle,kg884d9fd3,kg5bb369f3,impostor,live,video,na,0.036851,0.049105,0.027793,2.597052,0.926163,2.130176
kaggle,kg884d9fd3,kg5bb369f3,impostor,live,video,na,0.102912,0.083287,0.077790,2.633533,0.185233,1.944943
kaggle,kg884d9fd3,kg5bb369f3,impostor,live,video,na,0.031611,0.036838,0.002127,-0.665988,-0.277849,0.000000
kaggle,kg884d9fd3,kg5bb369f3,impostor,live,video,na,-0.002967,-0.020097,-0.020168,-1.060273,-2.685874,-1.759711
kaggle,kg884d9fd3,kg5bb369f3,impostor,live,video,na,0.156559,0.162688,0.127593,-4.139736,-4.445585,-3.612038
kaggle,kg884d9fd3,kg5bb369f3,impostor,live,video,na,0.055490,0.062377,0.057079,0.003368,0.833547,3.148956
kaggle,kg884d9fd3,kg5bb369f3,impostor,live,video,na,-0.020596,-0.036941,-0.040207,2.369599,4.816050,4.908667
kaggle,kg884d9fd3,kg5bb369f3,impostor,live,video,na,-0.001159,0.014447,0.006485,4.264640,5.834830,5.556981
kaggle,kg884d9fd3,kg5569a12b,impostor,live,video,na,0.084888,0.127479,0.092158,-0.683118,-0.463082,-0.926163
kaggle,kg884d9fd3,kg5569a12b,impostor,live,video,na,0.060883,0.093204,0.046505,-1.595281,-0.740931,-0.648314
kaggle,kg884d9fd3,kg5569a12b,impostor,live,video,na,0.089127,0.127868,0.055946,-2.671414,-2.037560,-2.685874
kaggle,kg884d9fd3,kg5569a12b,impostor,live,video,na,0.088305,0.128960,0.105441,-2.102689,-3.519421,-1.667094
kaggle,kg884d9fd3,kg5569a12b,impostor,live,video,na,0.008695,-0.011935,-0.016421,1.349789,1.667094,3.982503
kaggle,kg884d9fd3,kg5569a12b,impostor,live,video,na,-0.015871,0.015819,-0.002125,0.569938,2.778491,0.833547
kaggle,kg884d9fd3,kg5569a12b,impostor,live,video,na,0.053080,0.050487,0.051494,1.101156,2.222792,2.408025
kaggle,kg884d9fd3,kg5569a12b,impostor,live,video,na,0.094383,0.098535,0.121455,-2.752771,-2.315409,-1.574478
kaggle,kg884d9fd3,kg5569a12b,impostor,live,video,na,-0.047719,-0.012025,-0.018583,-3.005922,-1.574478,-0.833547
kaggle,kg884d9fd3,kg5569a12b,impostor,live,video,na,-0.025650,-0.008796,-0.010246,-3.325737,-3.982503,-1.296629
kaggle,kg884d9fd3,kg5569a12b,impostor,live,video,na,0.099496,0.115849,0.102624,-0.310309,0.926163,0.277849
kaggle,kg884d9fd3,kg5569a12b,impostor,live,video,na,0.050812,0.101974,0.078570,2.463571,1.759711,1.759711
kaggle,kg884d9fd3,kg5569a12b,impostor,live,video,na,0.054898,0.102845,0.062395,0.598978,0.740931,-0.648314
kaggle,kg884d9fd3,kg5569a12b,impostor,live,video,na,0.110608,0.137164,0.142414,-1.863187,-1.667094,-0.926163
kaggle,kg884d9fd3,kg6aade0ea,impostor,live,video,na,0.055206,0.081361,0.078035,1.743285,3.426805,6.297912
kaggle,kg884d9fd3,kg6aade0ea,impostor,live,video,na,0.067146,0.079598,0.092610,1.104542,4.352968,7.316691
kaggle,kg884d9fd3,kg6aade0ea,impostor,live,video,na,0.040066,0.076471,0.074691,-0.225541,1.667094,1.944943
kaggle,kg884d9fd3,kg6aade0ea,impostor,live,video,na,0.078603,0.097286,0.098456,3.672182,4.723434,6.575761
kaggle,kg884d9fd3,kg6aade0ea,impostor,live,video,na,0.071165,0.070095,0.089389,-1.194930,0.926163,4.167736
kaggle,kg884d9fd3,kg6aade0ea,impostor,live,video,na,0.043960,0.048510,0.038872,-0.279483,1.944943,4.167736
kaggle,kg884d9fd3,kg6aade0ea,impostor,live,video,na,0.044606,0.043531,0.053525,0.058535,2.222792,2.963723
kaggle,kg884d9fd3,kg6aade0ea,impostor,live,video,na,0.010067,0.026616,0.030251,4.594021,5.093899,8.613320
kaggle,kg884d9fd3,kg6aade0ea,impostor,live,video,na,-0.042716,-0.044438,-0.043932,6.129421,4.908667,8.150239
kaggle,kg884d9fd3,kg6aade0ea,impostor,live,video,na,0.059355,0.075695,0.063916,3.337305,7.224075,8.798553
kaggle,kg884d9fd3,kg6aade0ea,impostor,live,video,na,0.060856,0.067514,0.087775,2.645264,5.742214,5.279132
kaggle,kg884d9fd3,kg6aade0ea,impostor,live,video,na,0.067852,0.063537,0.048455,2.087782,5.186516,6.020063
kaggle,kg884d9fd3,kg6aafbe45,impostor,live,video,na,0.115393,0.112538,0.098533,9.763213,8.242855,8.937477
kaggle,kg884d9fd3,kg6aafbe45,impostor,live,video,na,0.020813,0.030852,-0.024214,8.482174,8.150239,8.150239
kaggle,kg884d9fd3,kg6aafbe45,impostor,live,video,na,-0.073172,-0.035691,-0.053620,7.194657,5.556981,6.853610
kaggle,kg884d9fd3,kg6aafbe45,impostor,live,video,na,0.068634,0.084977,0.083954,9.671059,9.539484,9.076403
kaggle,kg884d9fd3,kg6aafbe45,impostor,live,video,na,-0.045209,0.029515,-0.015821,6.924477,7.270383,7.594541
kaggle,kg884d9fd3,kg6aafbe45,impostor,live,video,na,0.087779,0.088300,0.077199,11.227121,11.484427,11.762277
kaggle,kg884d9fd3,kg6aafbe45,impostor,live,video,na,0.125160,0.109689,0.141690,7.275872,6.483144,6.575761
kaggle,kg884d9fd3,kg6aafbe45,impostor,live,video,na,0.065022,0.073898,0.069761,5.837346,5.371748,6.390528
kaggle,kg884d9fd3,kg6aafbe45,impostor,live,video,na,0.127899,0.121115,0.107739,9.554702,8.335471,9.817333
kaggle,kg884d9fd3,kg6aafbe45,impostor,live,video,na,0.030270,0.050921,0.032392,8.568604,8.150239,10.280415
kaggle,kg884d9fd3,kg6aafbe45,impostor,live,video,na,0.129922,0.121957,0.127739,9.646119,9.169019,9.446868
kaggle,kg884d9fd3,kg884d9fd3,genuine,live,video,na,0.921088,0.880971,0.899403,2.190206,4.816050,4.630817
kaggle,kg884d9fd3,kg884d9fd3,genuine,live,video,na,0.753919,0.706823,0.707176,-2.402518,-0.277849,-0.463082
kaggle,kg884d9fd3,kg884d9fd3,genuine,live,video,na,0.710947,0.670663,0.682876,-3.106633,-0.370465,-1.018780
kaggle,kg884d9fd3,kg884d9fd3,genuine,live,video,na,0.601324,0.543572,0.565088,-0.905843,7.224075,3.797270
kaggle,kg884d9fd3,kg884d9fd3,genuine,live,video,na,0.647773,0.606898,0.631428,2.825644,7.131459,7.131459
kaggle,kg884d9fd3,kg884d9fd3,genuine,live,video,na,0.510674,0.475927,0.472443,0.489727,0.555698,3.148956
kaggle,kg884d9fd3,kg884d9fd3,genuine,live,video,na,0.812741,0.777511,0.779609,1.747875,2.500641,2.685874
kaggle,kg884d9fd3,kg884d9fd3,genuine,live,video,na,0.228018,0.208859,0.213944,-0.822286,4.445585,4.260352
kaggle,kg884d9fd3,kg4e8af551,impostor,live,video,na,0.105240,0.100945,0.080641,9.207687,7.779773,8.983786
kaggle,kg884d9fd3,kg4e8af551,impostor,live,video,na,0.074996,0.072858,0.076150,5.749074,4.538201,5.371748
kaggle,kg884d9fd3,kg4e8af551,impostor,live,video,na,0.056010,0.049781,0.040587,8.879221,11.484427,10.465648
kaggle,kg884d9fd3,kg4e8af551,impostor,live,video,na,0.102714,0.079950,0.069707,9.462034,9.076403,9.446868
kaggle,kg884d9fd3,kg4e8af551,impostor,live,video,na,0.047549,0.017847,0.037807,7.205742,5.279132,7.224075
kaggle,kg884d9fd3,kg4e8af551,impostor,live,video,na,0.005627,-0.009088,-0.009982,6.617941,8.057622,8.983786
kaggle,kg884d9fd3,kg4e8af551,impostor,live,video,na,0.086061,0.078887,0.049880,6.432563,7.316691,6.575761
kaggle,kg884d9fd3,kg4e8af551,impostor,live,video,na,0.132598,0.080553,0.119270,9.412888,10.187799,10.928729
kaggle,kg884d9fd3,kg4e8af551,impostor,live,video,na,0.113405,0.077253,0.095354,10.323269,9.724717,10.465648
kaggle,kg884d9fd3,kg4e8af551,impostor,live,video,na,0.133062,0.093797,0.121114,10.016837,11.299194,11.808584
kaggle,kg884d9fd3,kg4e8af551,impostor,live,video,na,0.099901,0.082920,0.096448,9.748549,9.446868,11.808584
kaggle,kg884d9fd3,kg58c89e41,impostor,live,video,na,0.025515,0.015891,0.013084,2.200033,1.296629,3.797270
kaggle,kg884d9fd3,kg58c89e41,impostor,live,video,na,-0.012302,-0.021174,-0.009173,-4.899960,-3.889887,-4.167736
kaggle,kg884d9fd3,kg58c89e41,impostor,live,video,na,0.003445,0.004239,0.013429,2.464987,1.852327,2.871107
kaggle,kg884d9fd3,kg58c89e41,impostor,live,video,na,0.012113,-0.013832,0.001029,0.564325,0.277849,2.315409
kaggle,kg884d9fd3,kg58c89e41,impostor,live,video,na,0.054407,0.022659,0.046879,3.845720,6.020063,6.483144
kaggle,kg884d9fd3,kg58c89e41,impostor,live,video,na,0.024203,0.011738,0.020879,3.313475,2.315409,4.538201
kaggle,kg884d9fd3,kg58c89e41,impostor,live,video,na,-0.060360,-0.031805,-0.031938,-3.218992,-2.871107,-2.871107
kaggle,kg884d9fd3,kg58c89e41,impostor,live,video,na,0.005186,0.011012,0.006851,-0.388911,0.648314,1.759711
kaggle,kg884d9fd3,kg58c89e41,impostor,live,video,na,-0.002763,-0.012031,-0.012756,2.151285,2.685874,3.797270
kaggle,kg884d9fd3,kg58c89e41,impostor,live,video,na,0.008362,-0.007398,0.025583,3.854320,2.685874,3.334188
kaggle,kg884d9fd3,kg58c89e41,impostor,live,video,na,0.014812,0.012610,0.021866,3.362518,4.630817,4.445585
kaggle,kg884d9fd3,kg58c89e41,impostor,live,video,na,0.027222,0.009242,0.018598,4.684408,4.630817,5.279132
kaggle,kg884d9fd3,kg58c89e41,impostor,live,video,na,0.026649,0.014672,0.020089,5.681979,4.908667,8.242855
kaggle,kg884d9fd3,kg9973bcb4,impostor,live,video,na,0.057199,0.046737,0.055211,-0.102936,1.944943,3.426805
kaggle,kg884d9fd3,kg9973bcb4,impostor,live,video,na,0.045193,0.037271,0.046345,6.218396,7.224075,10.095182
kaggle,kg884d9fd3,kg9973bcb4,impostor,live,video,na,-0.006071,0.032747,-0.016641,5.082594,3.334188,6.853610
kaggle,kg884d9fd3,kg9973bcb4,impostor,live,video,na,0.033857,0.021420,0.028126,2.990791,2.037560,5.371748
kaggle,kg884d9fd3,kg9973bcb4,impostor,live,video,na,0.091004,0.090216,0.096445,0.868927,4.723434,5.834830
kaggle,kg884d9fd3,kg9973bcb4,impostor,live,video,na,0.069409,0.067683,0.073669,-3.276551,-1.018780,-0.277849
kaggle,kg884d9fd3,kg9973bcb4,impostor,live,video,na,0.059732,0.048484,0.060560,-3.664322,-1.111396,-3.889887
kaggle,kg884d9fd3,kg9973bcb4,impostor,live,video,na,0.090051,0.074497,0.094869,-0.757611,1.296629,1.759711
kaggle,kg884d9fd3,kg9973bcb4,impostor,live,video,na,0.092038,0.064438,0.104607,-1.160547,2.408025,3.056340
kaggle,kg884d9fd3,kg9973bcb4,impostor,live,video,na,0.054943,0.083137,0.081342,1.007701,7.224075,7.594541
kaggle,kg884d9fd3,kg9973bcb4,impostor,live,video,na,0.079345,0.059380,0.047861,0.212596,5.556981,7.131459
kaggle,kg884d9fd3,kg9973bcb4,impostor,live,video,na,0.077163,0.078720,0.068721,-1.679044,-0.185233,1.574478
kaggle,kg884d9fd3,kg9973bcb4,impostor,live,video,na,-0.071053,-0.061487,-0.062579,-0.910335,0.092616,0.185233
kaggle,kg884d9fd3,kg9973bcb4,impostor,live,video,na,0.038337,0.034069,0.020350,-2.253716,0.648314,2.130176
kaggle,kg884d9fd3,kg9973bcb4,impostor,live,video,na,0.067798,0.056447,0.063542,-3.776013,-2.500641,-1.389245
kaggle,kg884d9fd3,kg884d9fd3,spoof,print,a4_printout,na,0.921714,0.865469,0.871999,-5.927692,-3.473113,-3.334188
kaggle,kg884d9fd3,kg884d9fd3,spoof,print,a4_printout,na,0.925179,0.889396,0.865848,-5.782400,-3.056340,-5.186516
kaggle,kg884d9fd3,kg884d9fd3,spoof,print,a4_printout,na,0.918030,0.872395,0.886201,-6.934789,-5.834830,-4.538201
kaggle,kg884d9fd3,kg884d9fd3,spoof,print,a4_printout,na,0.905638,0.871601,0.874525,-7.684859,-4.352968,-6.020063
kaggle,kg884d9fd3,kg884d9fd3,spoof,print,a4_printout,na,0.915510,0.872564,0.875566,-8.822294,-8.150239,-8.428088
kaggle,kg884d9fd3,kg884d9fd3,spoof,print,a4_printout,na,0.916153,0.865920,0.857094,-13.687351,-9.632100,-10.465648
kaggle,kg884d9fd3,kg884d9fd3,spoof,print,a4_printout,na,0.902144,0.872393,0.881117,-6.241275,-1.852327,-2.222792
kaggle,kg884d9fd3,kg884d9fd3,spoof,print,a4_printout,na,0.890519,0.830110,0.865273,-8.630838,-7.316691,-7.224075
kaggle,kg884d9fd3,kg884d9fd3,spoof,print,a4_printout,na,0.855811,0.788250,0.819204,-4.852265,-2.315409,-1.481862
kaggle,kg884d9fd3,kg884d9fd3,spoof,print,a4_printout,na,0.844490,0.788421,0.798281,-4.357924,-2.037560,-3.241572
kaggle,kg884d9fd3,kg884d9fd3,spoof,print,a4_printout,na,0.857840,0.792072,0.824748,-5.933994,-2.685874,-2.871107
kaggle,kg4e8af551,kg4e8af551,spoof,print,cutout_printout,na,0.842340,0.789626,0.804913,-5.795403,-2.037560,-2.963723
kaggle,kg4e8af551,kg4e8af551,spoof,print,cutout_printout,na,0.842845,0.791391,0.801464,0.914887,1.481862,1.574478
kaggle,kg4e8af551,kg4e8af551,spoof,print,cutout_printout,na,0.819701,0.760632,0.768738,-3.060836,-0.833547,-0.370465
kaggle,kg4e8af551,kg4e8af551,spoof,print,cutout_printout,na,0.825506,0.773984,0.796581,1.638233,5.279132,3.148956
kaggle,kg4e8af551,kg4e8af551,spoof,print,cutout_printout,na,0.793737,0.738230,0.753736,-2.026465,-0.463082,1.111396
kaggle,kg4e8af551,kg4e8af551,spoof,print,cutout_printout,na,0.807960,0.751520,0.763094,-2.738364,-0.555698,1.204013
kaggle,kg4e8af551,kg4e8af551,spoof,print,cutout_printout,na,0.808434,0.758236,0.760445,-4.878016,-2.408025,-3.056340
kaggle,kg4e8af551,kg4e8af551,spoof,print,cutout_printout,na,0.823602,0.771824,0.764482,-1.970526,-0.555698,-1.481862
kaggle,kg4e8af551,kg4e8af551,spoof,print,cutout_printout,na,0.814951,0.738911,0.764178,-1.678090,-0.555698,-0.648314
kaggle,kg4e8af551,kg9f53589e,impostor,live,video,na,0.023761,0.076966,0.049314,-1.301002,-2.222792,-1.574478
kaggle,kg4e8af551,kg9f53589e,impostor,live,video,na,0.049249,0.000183,0.048638,-1.792598,-1.852327,-0.926163
kaggle,kg4e8af551,kg9f53589e,impostor,live,video,na,0.018610,-0.002768,0.031508,-2.285550,-0.185233,-2.500641
kaggle,kg4e8af551,kg9f53589e,impostor,live,video,na,0.051470,0.083722,0.072149,0.170938,0.231541,0.092616
kaggle,kg4e8af551,kg9f53589e,impostor,live,video,na,0.060986,0.029096,0.047250,3.122660,2.408025,4.723434
kaggle,kg4e8af551,kg9f53589e,impostor,live,video,na,0.014392,0.026162,0.046213,-1.104957,0.000000,-0.926163
kaggle,kg4e8af551,kg9f53589e,impostor,live,video,na,0.020423,0.059324,0.015848,-0.604419,-0.833547,-1.667094
kaggle,kg4e8af551,kg9f53589e,impostor,live,video,na,0.140282,0.109279,0.117026,-0.116947,0.740931,-0.370465
kaggle,kg4e8af551,kg9f53589e,impostor,live,video,na,0.005894,0.039242,0.003338,1.099818,1.759711,0.277849
kaggle,kg4e8af551,kg9f53589e,impostor,live,video,na,0.019162,0.048477,0.028801,-3.292315,-2.593258,-1.204013
kaggle,kg4e8af551,kg9f53589e,impostor,live,video,na,0.006580,0.030252,0.029311,-0.792592,-0.555698,-1.111396
kaggle,kg4e8af551,kg5bb369f3,impostor,live,video,na,0.244650,0.205360,0.223479,1.318942,0.185233,1.111396
kaggle,kg4e8af551,kg5bb369f3,impostor,live,video,na,0.247387,0.178824,0.224413,1.838691,1.204013,1.481862
kaggle,kg4e8af551,kg5bb369f3,impostor,live,video,na,0.182244,0.151452,0.151878,-0.290792,-0.370465,-1.111396
kaggle,kg4e8af551,kg5bb369f3,impostor,live,video,na,0.255251,0.215816,0.233326,2.597052,0.926163,2.130176
kaggle,kg4e8af551,kg5bb369f3,impostor,live,video,na,0.273757,0.219426,0.249162,2.633533,0.185233,1.944943
kaggle,kg4e8af551,kg5bb369f3,impostor,live,video,na,0.115405,0.086035,0.094854,-0.665988,-0.277849,0.000000
kaggle,kg4e8af551,kg5bb369f3,impostor,live,video,na,0.172762,0.110794,0.149919,-1.060273,-2.685874,-1.759711
kaggle,kg4e8af551,kg5bb369f3,impostor,live,video,na,0.139500,0.094531,0.109566,-4.139736,-4.445585,-3.612038
kaggle,kg4e8af551,kg5bb369f3,impostor,live,video,na,0.202527,0.174346,0.167487,0.003368,0.833547,3.148956
kaggle,kg4e8af551,kg5bb369f3,impostor,live,video,na,0.180678,0.131116,0.130345,2.369599,4.816050,4.908667
kaggle,kg4e8af551,kg5bb369f3,impostor,live,video,na,0.136960,0.108359,0.109051,4.264640,5.834830,5.556981
kaggle,kg4e8af551,kg5569a12b,impostor,live,video,na,-0.097384,-0.089318,-0.084082,-0.683118,-0.463082,-0.926163
kaggle,kg4e8af551,kg5569a12b,impostor,live,video,na,-0.066278,-0.069171,-0.076338,-1.595281,-0.740931,-0.648314
kaggle,kg4e8af551,kg5569a12b,impostor,live,video,na,-0.016117,-0.038903,-0.013802,-2.671414,-2.037560,-2.685874
kaggle,kg4e8af551,kg5569a12b,impostor,live,video,na,-0.083500,-0.081844,-0.074736,-2.102689,-3.519421,-1.667094
kaggle,kg4e8af551,kg5569a12b,impostor,live,video,na,-0.063268,-0.058513,-0.038840,1.349789,1.667094,3.982503
kaggle,kg4e8af551,kg5569a12b,impostor,live,video,na,-0.002465,-0.022612,0.017757,0.569938,2.778491,0.833547
kaggle,kg4e8af551,kg5569a12b,impostor,live,video,na,-0.091063,-0.064077,-0.043700,1.101156,2.222792,2.408025
kaggle,kg4e8af551,kg5569a12b,impostor,live,video,na,-0.128326,-0.124785,-0.122552,-2.752771,-2.315409,-1.574478
kaggle,kg4e8af551,kg5569a12b,impostor,live,video,na,-0.048227,-0.060043,-0.029975,-3.005922,-1.574478,-0.833547
kaggle,kg4e8af551,kg5569a12b,impostor,live,video,na,-0.119146,-0.137031,-0.117678,-3.325737,-3.982503,-1.296629
kaggle,kg4e8af551,kg5569a12b,impostor,live,video,na,-0.130573,-0.136378,-0.114395,-0.310309,0.926163,0.277849
kaggle,kg4e8af551,kg5569a12b,impostor,live,video,na,-0.080732,-0.074101,-0.070912,2.463571,1.759711,1.759711
kaggle,kg4e8af551,kg5569a12b,impostor,live,video,na,-0.051633,-0.045716,-0.023011,0.598978,0.740931,-0.648314
kaggle,kg4e8af551,kg5569a12b,impostor,live,video,na,-0.129653,-0.132595,-0.111970,-1.863187,-1.667094,-0.926163
kaggle,kg4e8af551,kg6aade0ea,impostor,live,video,na,0.116466,0.133304,0.145260,1.743285,3.426805,6.297912
kaggle,kg4e8af551,kg6aade0ea,impostor,live,video,na,0.096884,0.125592,0.126704,1.104542,4.352968,7.316691
kaggle,kg4e8af551,kg6aade0ea,impostor,live,video,na,0.111649,0.130936,0.116857,-0.225541,1.667094,1.944943
kaggle,kg4e8af551,kg6aade0ea,impostor,live,video,na,0.097464,0.120869,0.113901,3.672182,4.723434,6.575761
kaggle,kg4e8af551,kg6aade0ea,impostor,live,video,na,0.069675,0.070551,0.101969,-1.194930,0.926163,4.167736
kaggle,kg4e8af551,kg6aade0ea,impostor,live,video,na,0.085888,0.102496,0.102660,-0.279483,1.944943,4.167736
kaggle,kg4e8af551,kg6aade0ea,impostor,live,video,na,0.083083,0.103764,0.079502,0.058535,2.222792,2.963723
kaggle,kg4e8af551,kg6aade0ea,impostor,live,video,na,0.084895,0.099893,0.109156,4.594021,5.093899,8.613320
kaggle,kg4e8af551,kg6aade0ea,impostor,live,video,na,0.053911,0.075066,0.076426,6.129421,4.908667,8.150239
kaggle,kg4e8af551,kg6aade0ea,impostor,live,video,na,0.101799,0.117377,0.126649,3.337305,7.224075,8.798553
kaggle,kg4e8af551,kg6aade0ea,impostor,live,video,na,0.090925,0.103328,0.125947,2.645264,5.742214,5.279132
kaggle,kg4e8af551,kg6aade0ea,impostor,live,video,na,0.093080,0.124023,0.118007,2.087782,5.186516,6.020063
kaggle,kg4e8af551,kg6aafbe45,impostor,live,video,na,0.092821,0.067636,0.062357,9.763213,8.242855,8.937477
kaggle,kg4e8af551,kg6aafbe45,impostor,live,video,na,0.109389,0.056103,0.107175,8.482174,8.150239,8.150239
kaggle,kg4e8af551,kg6aafbe45,impostor,live,video,na,0.003441,0.027386,0.007180,7.194657,5.556981,6.853610
kaggle,kg4e8af551,kg6aafbe45,impostor,live,video,na,0.093859,0.059008,0.063484,9.671059,9.539484,9.076403
kaggle,kg4e8af551,kg6aafbe45,impostor,live,video,na,0.021303,-0.000412,0.024829,6.924477,7.270383,7.594541
kaggle,kg4e8af551,kg6aafbe45,impostor,live,video,na,0.132784,0.097907,0.129941,11.227121,11.484427,11.762277
kaggle,kg4e8af551,kg6aafbe45,impostor,live,video,na,0.060248,0.089661,0.104560,7.275872,6.483144,6.575761
kaggle,kg4e8af551,kg6aafbe45,impostor,live,video,na,0.050904,0.069467,0.051930,5.837346,5.371748,6.390528
kaggle,kg4e8af551,kg6aafbe45,impostor,live,video,na,0.122216,0.087049,0.123911,9.554702,8.335471,9.817333
kaggle,kg4e8af551,kg6aafbe45,impostor,live,video,na,0.091440,0.094113,0.097795,8.568604,8.150239,10.280415
kaggle,kg4e8af551,kg6aafbe45,impostor,live,video,na,0.114923,0.095814,0.093362,9.646119,9.169019,9.446868
kaggle,kg4e8af551,kg884d9fd3,impostor,live,video,na,0.163254,0.166850,0.163229,2.190206,4.816050,4.630817
kaggle,kg4e8af551,kg884d9fd3,impostor,live,video,na,0.076855,0.037553,0.054414,-2.402518,-0.277849,-0.463082
kaggle,kg4e8af551,kg884d9fd3,impostor,live,video,na,0.140062,0.104445,0.124583,-3.106633,-0.370465,-1.018780
kaggle,kg4e8af551,kg884d9fd3,impostor,live,video,na,0.165198,0.122849,0.130452,-0.905843,7.224075,3.797270
kaggle,kg4e8af551,kg884d9fd3,impostor,live,video,na,0.210743,0.176894,0.180216,2.825644,7.131459,7.131459
kaggle,kg4e8af551,kg884d9fd3,impostor,live,video,na,0.151749,0.133484,0.182485,0.489727,0.555698,3.148956
kaggle,kg4e8af551,kg884d9fd3,impostor,live,video,na,0.136053,0.125193,0.115438,1.747875,2.500641,2.685874
kaggle,kg4e8af551,kg884d9fd3,impostor,live,video,na,0.001642,0.072105,0.044439,-0.822286,4.445585,4.260352
kaggle,kg4e8af551,kg4e8af551,genuine,live,video,na,0.927279,0.919866,0.912071,9.207687,7.779773,8.983786
kaggle,kg4e8af551,kg4e8af551,genuine,live,video,na,0.814475,0.796277,0.786433,5.749074,4.538201,5.371748
kaggle,kg4e8af551,kg4e8af551,genuine,live,video,na,0.702333,0.682811,0.691641,8.879221,11.484427,10.465648
kaggle,kg4e8af551,kg4e8af551,genuine,live,video,na,0.860155,0.850895,0.829335,9.462034,9.076403,9.446868
kaggle,kg4e8af551,kg4e8af551,genuine,live,video,na,0.747886,0.714253,0.718538,7.205742,5.279132,7.224075
kaggle,kg4e8af551,kg4e8af551,genuine,live,video,na,0.658868,0.635675,0.628225,6.617941,8.057622,8.983786
kaggle,kg4e8af551,kg4e8af551,genuine,live,video,na,0.937030,0.924736,0.913658,6.432563,7.316691,6.575761
kaggle,kg4e8af551,kg4e8af551,genuine,live,video,na,0.833559,0.797687,0.815612,9.412888,10.187799,10.928729
kaggle,kg4e8af551,kg4e8af551,genuine,live,video,na,0.810182,0.773183,0.776432,10.323269,9.724717,10.465648
kaggle,kg4e8af551,kg4e8af551,genuine,live,video,na,0.895599,0.861531,0.859470,10.016837,11.299194,11.808584
kaggle,kg4e8af551,kg4e8af551,genuine,live,video,na,0.924619,0.905806,0.905116,9.748549,9.446868,11.808584
kaggle,kg4e8af551,kg58c89e41,impostor,live,video,na,0.128710,0.101238,0.123290,2.200033,1.296629,3.797270
kaggle,kg4e8af551,kg58c89e41,impostor,live,video,na,0.165303,0.139047,0.143892,-4.899960,-3.889887,-4.167736
kaggle,kg4e8af551,kg58c89e41,impostor,live,video,na,0.139242,0.112725,0.134712,2.464987,1.852327,2.871107
kaggle,kg4e8af551,kg58c89e41,impostor,live,video,na,0.099146,0.069578,0.082520,0.564325,0.277849,2.315409
kaggle,kg4e8af551,kg58c89e41,impostor,live,video,na,0.092625,0.073801,0.084553,3.845720,6.020063,6.483144
kaggle,kg4e8af551,kg58c89e41,impostor,live,video,na,0.158355,0.140608,0.171516,3.313475,2.315409,4.538201
kaggle,kg4e8af551,kg58c89e41,impostor,live,video,na,0.159418,0.151455,0.168152,-3.218992,-2.871107,-2.871107
kaggle,kg4e8af551,kg58c89e41,impostor,live,video,na,0.152885,0.128121,0.163011,-0.388911,0.648314,1.759711
kaggle,kg4e8af551,kg58c89e41,impostor,live,video,na,0.138087,0.097494,0.144961,2.151285,2.685874,3.797270
kaggle,kg4e8af551,kg58c89e41,impostor,live,video,na,0.136425,0.110073,0.153176,3.854320,2.685874,3.334188
kaggle,kg4e8af551,kg58c89e41,impostor,live,video,na,0.137446,0.107474,0.137526,3.362518,4.630817,4.445585
kaggle,kg4e8af551,kg58c89e41,impostor,live,video,na,0.137555,0.105082,0.136668,4.684408,4.630817,5.279132
kaggle,kg4e8af551,kg58c89e41,impostor,live,video,na,0.140062,0.104873,0.112760,5.681979,4.908667,8.242855
kaggle,kg4e8af551,kg9973bcb4,impostor,live,video,na,0.075317,0.095887,0.114484,-0.102936,1.944943,3.426805
kaggle,kg4e8af551,kg9973bcb4,impostor,live,video,na,0.107058,0.142271,0.123977,6.218396,7.224075,10.095182
kaggle,kg4e8af551,kg9973bcb4,impostor,live,video,na,0.194311,0.163024,0.169143,5.082594,3.334188,6.853610
kaggle,kg4e8af551,kg9973bcb4,impostor,live,video,na,0.206714,0.149222,0.187180,2.990791,2.037560,5.371748
kaggle,kg4e8af551,kg9973bcb4,impostor,live,video,na,0.111153,0.142468,0.121025,0.868927,4.723434,5.834830
kaggle,kg4e8af551,kg9973bcb4,impostor,live,video,na,0.172287,0.136381,0.146992,-3.276551,-1.018780,-0.277849
kaggle,kg4e8af551,kg9973bcb4,impostor,live,video,na,0.192337,0.170186,0.191723,-3.664322,-1.111396,-3.889887
kaggle,kg4e8af551,kg9973bcb4,impostor,live,video,na,0.153573,0.173853,0.159615,-0.757611,1.296629,1.759711
kaggle,kg4e8af551,kg9973bcb4,impostor,live,video,na,0.141720,0.150926,0.165476,-1.160547,2.408025,3.056340
kaggle,kg4e8af551,kg9973bcb4,impostor,live,video,na,0.142317,0.132973,0.143112,1.007701,7.224075,7.594541
kaggle,kg4e8af551,kg9973bcb4,impostor,live,video,na,0.093505,0.116945,0.111798,0.212596,5.556981,7.131459
kaggle,kg4e8af551,kg9973bcb4,impostor,live,video,na,0.038959,0.082358,0.037267,-1.679044,-0.185233,1.574478
kaggle,kg4e8af551,kg9973bcb4,impostor,live,video,na,-0.017077,0.004114,-0.022449,-0.910335,0.092616,0.185233
kaggle,kg4e8af551,kg9973bcb4,impostor,live,video,na,0.093017,0.097460,0.092277,-2.253716,0.648314,2.130176
kaggle,kg4e8af551,kg9973bcb4,impostor,live,video,na,0.105196,0.126316,0.128823,-3.776013,-2.500641,-1.389245
kaggle,kg4e8af551,kg4e8af551,spoof,print,a4_printout,na,0.817716,0.784498,0.781684,-12.443229,-10.465648,-11.391811
kaggle,kg4e8af551,kg4e8af551,spoof,print,a4_printout,na,0.855739,0.789331,0.786531,-11.642720,-11.808584,-10.465648
kaggle,kg4e8af551,kg4e8af551,spoof,print,a4_printout,na,0.859285,0.817958,0.834795,-9.784158,-8.798553,-8.057622
kaggle,kg4e8af551,kg4e8af551,spoof,print,a4_printout,na,0.856870,0.812852,0.833453,-11.800749,-10.002565,-9.354251
kaggle,kg4e8af551,kg4e8af551,spoof,print,a4_printout,na,0.862613,0.819576,0.850142,-9.388493,-6.020063,-3.426805
kaggle,kg4e8af551,kg4e8af551,spoof,print,a4_printout,na,0.852955,0.812988,0.813709,-10.497648,-9.354251,-7.501925
kaggle,kg4e8af551,kg4e8af551,spoof,print,a4_printout,na,0.824971,0.789588,0.816847,-9.207710,-8.844862,-4.816050
kaggle,kg4e8af551,kg4e8af551,spoof,print,a4_printout,na,0.843908,0.809029,0.820097,-9.990552,-8.798553,-8.798553
kaggle,kg4e8af551,kg4e8af551,spoof,print,a4_printout,na,0.846178,0.803269,0.814539,-12.693846,-8.705936,-7.872390
kaggle,kg4e8af551,kg4e8af551,spoof,print,a4_printout,na,0.833010,0.792688,0.778436,-9.845787,-7.872390,-7.872390
kaggle,kg4e8af551,kg4e8af551,spoof,print,a4_printout,na,0.821605,0.772696,0.776541,-9.236020,-9.169019,-6.946226
kaggle,kg4e8af551,kg4e8af551,spoof,print,a4_printout,na,0.816898,0.767942,0.768055,-7.963393,-4.075119,-5.186516
kaggle,kg4e8af551,kg4e8af551,spoof,print,a4_printout,na,0.803180,0.773177,0.790045,-4.816915,-4.445585,-4.352968
kaggle,kg4e8af551,kg4e8af551,spoof,print,a4_printout,na,0.801604,0.760651,0.772589,-2.949351,-1.852327,-2.685874
kaggle,kg4e8af551,kg4e8af551,spoof,print,a4_printout,na,0.803405,0.754741,0.769867,-5.892659,-3.982503,-3.519421
kaggle,kg58c89e41,kg58c89e41,spoof,print,cutout_printout,na,0.851530,0.831424,0.841461,-5.837029,-3.982503,-3.982503
kaggle,kg58c89e41,kg58c89e41,spoof,print,cutout_printout,na,0.841453,0.837614,0.841123,-5.301285,-3.889887,-3.241572
kaggle,kg58c89e41,kg58c89e41,spoof,print,cutout_printout,na,0.849847,0.832237,0.845663,-6.797932,-5.186516,-5.927446
kaggle,kg58c89e41,kg58c89e41,spoof,print,cutout_printout,na,0.852670,0.843416,0.858343,-3.920934,-3.704654,-2.408025
kaggle,kg58c89e41,kg58c89e41,spoof,print,cutout_printout,na,0.843261,0.825266,0.831066,-1.741719,-0.555698,-0.463082
kaggle,kg58c89e41,kg58c89e41,spoof,print,cutout_printout,na,0.858701,0.844903,0.842727,-5.038297,-3.982503,-3.519421
kaggle,kg58c89e41,kg58c89e41,spoof,print,cutout_printout,na,0.853138,0.818775,0.841918,-4.592031,-3.334188,-3.889887
kaggle,kg58c89e41,kg58c89e41,spoof,print,cutout_printout,na,0.848950,0.815977,0.820992,-5.506287,-5.371748,-4.075119
kaggle,kg58c89e41,kg58c89e41,spoof,print,cutout_printout,na,0.854302,0.834382,0.858738,-5.414131,-4.723434,-3.241572
kaggle,kg58c89e41,kg9f53589e,impostor,live,video,na,0.123001,0.137557,0.100692,-1.301002,-2.222792,-1.574478
kaggle,kg58c89e41,kg9f53589e,impostor,live,video,na,0.081747,0.096802,0.082834,-1.792598,-1.852327,-0.926163
kaggle,kg58c89e41,kg9f53589e,impostor,live,video,na,0.106896,0.096644,0.073596,-2.285550,-0.185233,-2.500641
kaggle,kg58c89e41,kg9f53589e,impostor,live,video,na,0.086196,0.076242,0.040601,0.170938,0.231541,0.092616
kaggle,kg58c89e41,kg9f53589e,impostor,live,video,na,0.038212,0.053435,0.037275,3.122660,2.408025,4.723434
kaggle,kg58c89e41,kg9f53589e,impostor,live,video,na,0.100245,0.132283,0.084884,-1.104957,0.000000,-0.926163
kaggle,kg58c89e41,kg9f53589e,impostor,live,video,na,0.064340,0.112051,0.039543,-0.604419,-0.833547,-1.667094
kaggle,kg58c89e41,kg9f53589e,impostor,live,video,na,0.074655,0.080146,0.063610,-0.116947,0.740931,-0.370465
kaggle,kg58c89e41,kg9f53589e,impostor,live,video,na,0.101992,0.112450,0.065905,1.099818,1.759711,0.277849
kaggle,kg58c89e41,kg9f53589e,impostor,live,video,na,0.155028,0.156816,0.111981,-3.292315,-2.593258,-1.204013
kaggle,kg58c89e41,kg9f53589e,impostor,live,video,na,0.106311,0.101700,0.104224,-0.792592,-0.555698,-1.111396
kaggle,kg58c89e41,kg5bb369f3,impostor,live,video,na,0.145659,0.142337,0.137143,1.318942,0.185233,1.111396
kaggle,kg58c89e41,kg5bb369f3,impostor,live,video,na,0.152712,0.157337,0.136626,1.838691,1.204013,1.481862
kaggle,kg58c89e41,kg5bb369f3,impostor,live,video,na,0.115337,0.146490,0.124117,-0.290792,-0.370465,-1.111396
kaggle,kg58c89e41,kg5bb369f3,impostor,live,video,na,0.127188,0.118826,0.140734,2.597052,0.926163,2.130176
kaggle,kg58c89e41,kg5bb369f3,impostor,live,video,na,0.125149,0.114191,0.112495,2.633533,0.185233,1.944943
kaggle,kg58c89e41,kg5bb369f3,impostor,live,video,na,0.177297,0.155945,0.136103,-0.665988,-0.277849,0.000000
kaggle,kg58c89e41,kg5bb369f3,impostor,live,video,na,0.094151,0.093110,0.114872,-1.060273,-2.685874,-1.759711
kaggle,kg58c89e41,kg5bb369f3,impostor,live,video,na,0.047168,0.063834,0.055222,-4.139736,-4.445585,-3.612038
kaggle,kg58c89e41,kg5bb369f3,impostor,live,video,na,0.138166,0.132921,0.137392,0.003368,0.833547,3.148956
kaggle,kg58c89e41,kg5bb369f3,impostor,live,video,na,0.104832,0.105969,0.111939,2.369599,4.816050,4.908667
kaggle,kg58c89e41,kg5bb369f3,impostor,live,video,na,0.057541,0.014951,0.079662,4.264640,5.834830,5.556981
kaggle,kg58c89e41,kg5569a12b,impostor,live,video,na,0.052183,0.063303,0.039161,-0.683118,-0.463082,-0.926163
kaggle,kg58c89e41,kg5569a12b,impostor,live,video,na,0.074548,0.090437,0.091876,-1.595281,-0.740931,-0.648314
kaggle,kg58c89e41,kg5569a12b,impostor,live,video,na,0.049204,0.065309,0.075571,-2.671414,-2.037560,-2.685874
kaggle,kg58c89e41,kg5569a12b,impostor,live,video,na,0.070936,0.074692,0.072088,-2.102689,-3.519421,-1.667094
kaggle,kg58c89e41,kg5569a12b,impostor,live,video,na,0.011657,0.007574,0.006080,1.349789,1.667094,3.982503
kaggle,kg58c89e41,kg5569a12b,impostor,live,video,na,-0.014964,-0.021267,-0.000630,0.569938,2.778491,0.833547
kaggle,kg58c89e41,kg5569a12b,impostor,live,video,na,0.029059,0.059649,0.056094,1.101156,2.222792,2.408025
kaggle,kg58c89e41,kg5569a12b,impostor,live,video,na,0.067205,0.087047,0.041443,-2.752771,-2.315409,-1.574478
kaggle,kg58c89e41,kg5569a12b,impostor,live,video,na,0.056226,0.052069,0.058067,-3.005922,-1.574478,-0.833547
kaggle,kg58c89e41,kg5569a12b,impostor,live,video,na,0.049614,0.048209,0.062638,-3.325737,-3.982503,-1.296629
kaggle,kg58c89e41,kg5569a12b,impostor,live,video,na,0.070484,0.048485,0.056232,-0.310309,0.926163,0.277849
kaggle,kg58c89e41,kg5569a12b,impostor,live,video,na,0.050995,0.052522,0.054734,2.463571,1.759711,1.759711
kaggle,kg58c89e41,kg5569a12b,impostor,live,video,na,0.075234,0.085810,0.093722,0.598978,0.740931,-0.648314
kaggle,kg58c89e41,kg5569a12b,impostor,live,video,na,0.046651,0.064430,0.042708,-1.863187,-1.667094,-0.926163
kaggle,kg58c89e41,kg6aade0ea,impostor,live,video,na,0.205221,0.188538,0.195175,1.743285,3.426805,6.297912
kaggle,kg58c89e41,kg6aade0ea,impostor,live,video,na,0.181777,0.189764,0.170234,1.104542,4.352968,7.316691
kaggle,kg58c89e41,kg6aade0ea,impostor,live,video,na,0.087368,0.088873,0.081166,-0.225541,1.667094,1.944943
kaggle,kg58c89e41,kg6aade0ea,impostor,live,video,na,0.178536,0.164309,0.170102,3.672182,4.723434,6.575761
kaggle,kg58c89e41,kg6aade0ea,impostor,live,video,na,0.136774,0.155906,0.145299,-1.194930,0.926163,4.167736
kaggle,kg58c89e41,kg6aade0ea,impostor,live,video,na,0.131931,0.132149,0.118522,-0.279483,1.944943,4.167736
kaggle,kg58c89e41,kg6aade0ea,impostor,live,video,na,0.126417,0.129159,0.136001,0.058535,2.222792,2.963723
kaggle,kg58c89e41,kg6aade0ea,impostor,live,video,na,0.159614,0.145068,0.145245,4.594021,5.093899,8.613320
kaggle,kg58c89e41,kg6aade0ea,impostor,live,video,na,0.132427,0.141827,0.149472,6.129421,4.908667,8.150239
kaggle,kg58c89e41,kg6aade0ea,impostor,live,video,na,0.187286,0.181191,0.184203,3.337305,7.224075,8.798553
kaggle,kg58c89e41,kg6aade0ea,impostor,live,video,na,0.177543,0.178196,0.169960,2.645264,5.742214,5.279132
kaggle,kg58c89e41,kg6aade0ea,impostor,live,video,na,0.161000,0.155062,0.159679,2.087782,5.186516,6.020063
kaggle,kg58c89e41,kg6aafbe45,impostor,live,video,na,-0.031649,-0.046611,0.013320,9.763213,8.242855,8.937477
kaggle,kg58c89e41,kg6aafbe45,impostor,live,video,na,-0.100758,-0.101381,-0.089139,8.482174,8.150239,8.150239
kaggle,kg58c89e41,kg6aafbe45,impostor,live,video,na,-0.033421,-0.043227,-0.005849,7.194657,5.556981,6.853610
kaggle,kg58c89e41,kg6aafbe45,impostor,live,video,na,-0.084812,-0.067855,-0.066520,9.671059,9.539484,9.076403
kaggle,kg58c89e41,kg6aafbe45,impostor,live,video,na,0.042347,0.040848,0.051332,6.924477,7.270383,7.594541
kaggle,kg58c89e41,kg6aafbe45,impostor,live,video,na,-0.056401,-0.060946,-0.029666,11.227121,11.484427,11.762277
kaggle,kg58c89e41,kg6aafbe45,impostor,live,video,na,-0.122338,-0.149656,-0.095820,7.275872,6.483144,6.575761
kaggle,kg58c89e41,kg6aafbe45,impostor,live,video,na,-0.054185,-0.046385,-0.022209,5.837346,5.371748,6.390528
kaggle,kg58c89e41,kg6aafbe45,impostor,live,video,na,0.006872,0.007029,0.028336,9.554702,8.335471,9.817333
kaggle,kg58c89e41,kg6aafbe45,impostor,live,video,na,0.004298,0.009997,0.008640,8.568604,8.150239,10.280415
kaggle,kg58c89e41,kg6aafbe45,impostor,live,video,na,0.000100,-0.019650,0.017375,9.646119,9.169019,9.446868
kaggle,kg58c89e41,kg884d9fd3,impostor,live,video,na,-0.027496,-0.051641,-0.011064,2.190206,4.816050,4.630817
kaggle,kg58c89e41,kg884d9fd3,impostor,live,video,na,0.003734,-0.040335,-0.006914,-2.402518,-0.277849,-0.463082
kaggle,kg58c89e41,kg884d9fd3,impostor,live,video,na,0.040323,0.030182,0.038900,-3.106633,-0.370465,-1.018780
kaggle,kg58c89e41,kg884d9fd3,impostor,live,video,na,0.004641,0.007527,-0.007884,-0.905843,7.224075,3.797270
kaggle,kg58c89e41,kg884d9fd3,impostor,live,video,na,-0.033225,-0.020099,-0.020699,2.825644,7.131459,7.131459
kaggle,kg58c89e41,kg884d9fd3,impostor,live,video,na,-0.010873,-0.020813,-0.024899,0.489727,0.555698,3.148956
kaggle,kg58c89e41,kg884d9fd3,impostor,live,video,na,-0.077667,-0.055664,-0.069481,1.747875,2.500641,2.685874
kaggle,kg58c89e41,kg884d9fd3,impostor,live,video,na,-0.010856,0.016383,0.015855,-0.822286,4.445585,4.260352
kaggle,kg58c89e41,kg4e8af551,impostor,live,video,na,0.235198,0.186765,0.267598,9.207687,7.779773,8.983786
kaggle,kg58c89e41,kg4e8af551,impostor,live,video,na,0.176496,0.143845,0.209149,5.749074,4.538201,5.371748
kaggle,kg58c89e41,kg4e8af551,impostor,live,video,na,0.210719,0.191498,0.250769,8.879221,11.484427,10.465648
kaggle,kg58c89e41,kg4e8af551,impostor,live,video,na,0.246527,0.217524,0.262868,9.462034,9.076403,9.446868
kaggle,kg58c89e41,kg4e8af551,impostor,live,video,na,0.157682,0.153528,0.189566,7.205742,5.279132,7.224075
kaggle,kg58c89e41,kg4e8af551,impostor,live,video,na,0.083409,0.039646,0.122286,6.617941,8.057622,8.983786
kaggle,kg58c89e41,kg4e8af551,impostor,live,video,na,0.192685,0.159867,0.217877,6.432563,7.316691,6.575761
kaggle,kg58c89e41,kg4e8af551,impostor,live,video,na,0.182867,0.149267,0.190014,9.412888,10.187799,10.928729
kaggle,kg58c89e41,kg4e8af551,impostor,live,video,na,0.205695,0.198663,0.220545,10.323269,9.724717,10.465648
kaggle,kg58c89e41,kg4e8af551,impostor,live,video,na,0.179402,0.168718,0.195642,10.016837,11.299194,11.808584
kaggle,kg58c89e41,kg4e8af551,impostor,live,video,na,0.211945,0.182058,0.227318,9.748549,9.446868,11.808584
kaggle,kg58c89e41,kg58c89e41,genuine,live,video,na,0.883859,0.869764,0.877599,2.200033,1.296629,3.797270
kaggle,kg58c89e41,kg58c89e41,genuine,live,video,na,0.815532,0.777947,0.807161,-4.899960,-3.889887,-4.167736
kaggle,kg58c89e41,kg58c89e41,genuine,live,video,na,0.904283,0.875123,0.901929,2.464987,1.852327,2.871107
kaggle,kg58c89e41,kg58c89e41,genuine,live,video,na,0.752887,0.717893,0.730660,0.564325,0.277849,2.315409
kaggle,kg58c89e41,kg58c89e41,genuine,live,video,na,0.649359,0.605931,0.628008,3.845720,6.020063,6.483144
kaggle,kg58c89e41,kg58c89e41,genuine,live,video,na,0.780219,0.756067,0.769327,3.313475,2.315409,4.538201
kaggle,kg58c89e41,kg58c89e41,genuine,live,video,na,0.778429,0.728642,0.774814,-3.218992,-2.871107,-2.871107
kaggle,kg58c89e41,kg58c89e41,genuine,live,video,na,0.878253,0.842121,0.869721,-0.388911,0.648314,1.759711
kaggle,kg58c89e41,kg58c89e41,genuine,live,video,na,0.897756,0.872441,0.882920,2.151285,2.685874,3.797270
kaggle,kg58c89e41,kg58c89e41,genuine,live,video,na,0.875412,0.841895,0.856578,3.854320,2.685874,3.334188
kaggle,kg58c89e41,kg58c89e41,genuine,live,video,na,0.876370,0.838917,0.866381,3.362518,4.630817,4.445585
kaggle,kg58c89e41,kg58c89e41,genuine,live,video,na,0.879742,0.864921,0.877082,4.684408,4.630817,5.279132
kaggle,kg58c89e41,kg58c89e41,genuine,live,video,na,0.892957,0.855471,0.883772,5.681979,4.908667,8.242855
kaggle,kg58c89e41,kg9973bcb4,impostor,live,video,na,-0.063223,-0.056861,-0.061655,-0.102936,1.944943,3.426805
kaggle,kg58c89e41,kg9973bcb4,impostor,live,video,na,-0.074188,-0.093503,-0.062698,6.218396,7.224075,10.095182
kaggle,kg58c89e41,kg9973bcb4,impostor,live,video,na,-0.013624,-0.030912,-0.004316,5.082594,3.334188,6.853610
kaggle,kg58c89e41,kg9973bcb4,impostor,live,video,na,-0.018182,-0.062191,-0.025241,2.990791,2.037560,5.371748
kaggle,kg58c89e41,kg9973bcb4,impostor,live,video,na,-0.081960,-0.091226,-0.085273,0.868927,4.723434,5.834830
kaggle,kg58c89e41,kg9973bcb4,impostor,live,video,na,-0.036318,-0.044263,-0.042306,-3.276551,-1.018780,-0.277849
kaggle,kg58c89e41,kg9973bcb4,impostor,live,video,na,-0.008083,-0.038075,-0.007698,-3.664322,-1.111396,-3.889887
kaggle,kg58c89e41,kg9973bcb4,impostor,live,video,na,-0.036158,-0.070065,-0.039514,-0.757611,1.296629,1.759711
kaggle,kg58c89e41,kg9973bcb4,impostor,live,video,na,0.040111,-0.004458,0.012420,-1.160547,2.408025,3.056340
kaggle,kg58c89e41,kg9973bcb4,impostor,live,video,na,0.034919,0.041019,0.040695,1.007701,7.224075,7.594541
kaggle,kg58c89e41,kg9973bcb4,impostor,live,video,na,-0.067334,-0.070422,-0.044562,0.212596,5.556981,7.131459
kaggle,kg58c89e41,kg9973bcb4,impostor,live,video,na,-0.026491,-0.024735,-0.007714,-1.679044,-0.185233,1.574478
kaggle,kg58c89e41,kg9973bcb4,impostor,live,video,na,0.012286,-0.007233,-0.000203,-0.910335,0.092616,0.185233
kaggle,kg58c89e41,kg9973bcb4,impostor,live,video,na,-0.058706,-0.043045,-0.039511,-2.253716,0.648314,2.130176
kaggle,kg58c89e41,kg9973bcb4,impostor,live,video,na,-0.044552,-0.042216,-0.027904,-3.776013,-2.500641,-1.389245
kaggle,kg58c89e41,kg58c89e41,spoof,print,a4_printout,na,0.876688,0.848834,0.834607,-6.495497,-6.483144,-5.927446
kaggle,kg58c89e41,kg58c89e41,spoof,print,a4_printout,na,0.901072,0.884050,0.865807,-3.357987,-3.797270,-3.519421
kaggle,kg58c89e41,kg58c89e41,spoof,print,a4_printout,na,0.901264,0.876217,0.859493,-1.233133,-2.500641,-0.463082
kaggle,kg58c89e41,kg58c89e41,spoof,print,a4_printout,na,0.891091,0.876159,0.868439,-3.111965,-3.797270,-3.426805
kaggle,kg58c89e41,kg58c89e41,spoof,print,a4_printout,na,0.890966,0.863340,0.862683,-4.123010,-5.001283,-3.612038
kaggle,kg58c89e41,kg58c89e41,spoof,print,a4_printout,na,0.894552,0.867523,0.878219,-2.627517,-0.926163,-2.963723
kaggle,kg58c89e41,kg58c89e41,spoof,print,a4_printout,na,0.889242,0.870486,0.867097,-1.969578,-2.685874,-3.797270
kaggle,kg58c89e41,kg58c89e41,spoof,print,a4_printout,na,0.843400,0.842982,0.830075,-3.102065,-3.704654,-3.612038
kaggle,kg58c89e41,kg58c89e41,spoof,print,a4_printout,na,0.829349,0.826742,0.814381,-4.175504,-4.630817,-3.889887
kaggle,kg58c89e41,kg58c89e41,spoof,print,a4_printout,na,0.831218,0.828174,0.811905,-3.482656,-5.279132,-4.167736
kaggle,kg9973bcb4,kg9973bcb4,spoof,print,cutout_printout,na,0.890385,0.855487,0.868267,-1.476160,0.463082,1.111396
kaggle,kg9973bcb4,kg9973bcb4,spoof,print,cutout_printout,na,0.886995,0.856887,0.877131,-0.567247,1.389245,0.555698
kaggle,kg9973bcb4,kg9973bcb4,spoof,print,cutout_printout,na,0.895347,0.875680,0.878122,-3.303966,-1.944943,-1.296629
kaggle,kg9973bcb4,kg9973bcb4,spoof,print,cutout_printout,na,0.881699,0.842650,0.863131,-2.364880,0.648314,-2.222792
kaggle,kg9973bcb4,kg9973bcb4,spoof,print,cutout_printout,na,0.872923,0.840799,0.858230,-4.274668,-3.426805,-3.519421
kaggle,kg9973bcb4,kg9973bcb4,spoof,print,cutout_printout,na,0.871967,0.813173,0.841545,-2.589410,-1.759711,-3.519421
kaggle,kg9973bcb4,kg9973bcb4,spoof,print,cutout_printout,na,0.864074,0.823976,0.857865,-6.788111,-6.853610,-7.038843
kaggle,kg9973bcb4,kg9973bcb4,spoof,print,cutout_printout,na,0.842339,0.800999,0.831724,-7.042371,-6.390528,-6.760993
kaggle,kg9973bcb4,kg9973bcb4,spoof,print,cutout_printout,na,0.867533,0.822297,0.850725,-5.386348,-6.297912,-4.723434
kaggle,kg9973bcb4,kg9f53589e,impostor,live,video,na,-0.071015,-0.033311,-0.065398,-1.301002,-2.222792,-1.574478
kaggle,kg9973bcb4,kg9f53589e,impostor,live,video,na,-0.017916,0.005681,-0.025389,-1.792598,-1.852327,-0.926163
kaggle,kg9973bcb4,kg9f53589e,impostor,live,video,na,-0.009304,0.047088,0.005135,-2.285550,-0.185233,-2.500641
kaggle,kg9973bcb4,kg9f53589e,impostor,live,video,na,-0.103799,-0.075481,-0.123098,0.170938,0.231541,0.092616
kaggle,kg9973bcb4,kg9f53589e,impostor,live,video,na,-0.040141,-0.009662,-0.031521,3.122660,2.408025,4.723434
kaggle,kg9973bcb4,kg9f53589e,impostor,live,video,na,-0.107454,-0.073327,-0.107811,-1.104957,0.000000,-0.926163
kaggle,kg9973bcb4,kg9f53589e,impostor,live,video,na,-0.076469,-0.075368,-0.095322,-0.604419,-0.833547,-1.667094
kaggle,kg9973bcb4,kg9f53589e,impostor,live,video,na,0.027975,0.070954,0.039988,-0.116947,0.740931,-0.370465
kaggle,kg9973bcb4,kg9f53589e,impostor,live,video,na,-0.084384,-0.052598,-0.065878,1.099818,1.759711,0.277849
kaggle,kg9973bcb4,kg9f53589e,impostor,live,video,na,-0.078449,-0.038693,-0.069398,-3.292315,-2.593258,-1.204013
kaggle,kg9973bcb4,kg9f53589e,impostor,live,video,na,-0.077181,-0.033829,-0.069622,-0.792592,-0.555698,-1.111396
kaggle,kg9973bcb4,kg5bb369f3,impostor,live,video,na,-0.002906,-0.057963,-0.019337,1.318942,0.185233,1.111396
kaggle,kg9973bcb4,kg5bb369f3,impostor,live,video,na,-0.006963,-0.063005,-0.019848,1.838691,1.204013,1.481862
kaggle,kg9973bcb4,kg5bb369f3,impostor,live,video,na,0.055909,0.038437,0.058239,-0.290792,-0.370465,-1.111396
kaggle,kg9973bcb4,kg5bb369f3,impostor,live,video,na,0.020070,0.041531,0.036861,2.597052,0.926163,2.130176
kaggle,kg9973bcb4,kg5bb369f3,impostor,live,video,na,-0.057704,-0.075900,-0.049149,2.633533,0.185233,1.944943
kaggle,kg9973bcb4,kg5bb369f3,impostor,live,video,na,-0.008043,-0.008397,-0.021292,-0.665988,-0.277849,0.000000
kaggle,kg9973bcb4,kg5bb369f3,impostor,live,video,na,-0.040937,-0.056077,-0.041398,-1.060273,-2.685874,-1.759711
kaggle,kg9973bcb4,kg5bb369f3,impostor,live,video,na,0.025944,0.056850,0.034798,-4.139736,-4.445585,-3.612038
kaggle,kg9973bcb4,kg5bb369f3,impostor,live,video,na,0.002696,0.032211,0.028240,0.003368,0.833547,3.148956
kaggle,kg9973bcb4,kg5bb369f3,impostor,live,video,na,0.160040,0.156048,0.152511,2.369599,4.816050,4.908667
kaggle,kg9973bcb4,kg5bb369f3,impostor,live,video,na,0.073093,0.075919,0.064329,4.264640,5.834830,5.556981
kaggle,kg9973bcb4,kg5569a12b,impostor,live,video,na,-0.027444,-0.006179,-0.008923,-0.683118,-0.463082,-0.926163
kaggle,kg9973bcb4,kg5569a12b,impostor,live,video,na,0.040195,0.054926,0.063525,-1.595281,-0.740931,-0.648314
kaggle,kg9973bcb4,kg5569a12b,impostor,live,video,na,0.106214,0.096829,0.122597,-2.671414,-2.037560,-2.685874
kaggle,kg9973bcb4,kg5569a12b,impostor,live,video,na,0.008020,-0.001765,0.014849,-2.102689,-3.519421,-1.667094
kaggle,kg9973bcb4,kg5569a12b,impostor,live,video,na,0.027838,0.026935,0.063805,1.349789,1.667094,3.982503
kaggle,kg9973bcb4,kg5569a12b,impostor,live,video,na,0.022655,0.054349,0.064607,0.569938,2.778491,0.833547
kaggle,kg9973bcb4,kg5569a12b,impostor,live,video,na,0.017128,0.036236,0.035639,1.101156,2.222792,2.408025
kaggle,kg9973bcb4,kg5569a12b,impostor,live,video,na,0.067767,0.088251,0.071426,-2.752771,-2.315409,-1.574478
kaggle,kg9973bcb4,kg5569a12b,impostor,live,video,na,0.032314,0.053462,0.043112,-3.005922,-1.574478,-0.833547
kaggle,kg9973bcb4,kg5569a12b,impostor,live,video,na,0.058188,0.083903,0.045716,-3.325737,-3.982503,-1.296629
kaggle,kg9973bcb4,kg5569a12b,impostor,live,video,na,0.043206,0.035215,0.036257,-0.310309,0.926163,0.277849
kaggle,kg9973bcb4,kg5569a12b,impostor,live,video,na,0.017502,0.031526,0.030944,2.463571,1.759711,1.759711
kaggle,kg9973bcb4,kg5569a12b,impostor,live,video,na,0.000051,0.034439,0.049759,0.598978,0.740931,-0.648314
kaggle,kg9973bcb4,kg5569a12b,impostor,live,video,na,0.027867,0.031500,0.014763,-1.863187,-1.667094,-0.926163
kaggle,kg9973bcb4,kg6aade0ea,impostor,live,video,na,-0.023297,0.007873,0.006429,1.743285,3.426805,6.297912
kaggle,kg9973bcb4,kg6aade0ea,impostor,live,video,na,-0.028478,0.000565,-0.004654,1.104542,4.352968,7.316691
kaggle,kg9973bcb4,kg6aade0ea,impostor,live,video,na,-0.040530,0.016956,-0.021928,-0.225541,1.667094,1.944943
kaggle,kg9973bcb4,kg6aade0ea,impostor,live,video,na,-0.027039,0.007218,-0.002531,3.672182,4.723434,6.575761
kaggle,kg9973bcb4,kg6aade0ea,impostor,live,video,na,0.021564,0.059717,0.055244,-1.194930,0.926163,4.167736
kaggle,kg9973bcb4,kg6aade0ea,impostor,live,video,na,0.009528,0.050180,0.044511,-0.279483,1.944943,4.167736
kaggle,kg9973bcb4,kg6aade0ea,impostor,live,video,na,-0.003228,0.060509,0.023035,0.058535,2.222792,2.963723
kaggle,kg9973bcb4,kg6aade0ea,impostor,live,video,na,-0.027326,0.005750,0.012042,4.594021,5.093899,8.613320
kaggle,kg9973bcb4,kg6aade0ea,impostor,live,video,na,-0.042967,-0.035349,-0.039580,6.129421,4.908667,8.150239
kaggle,kg9973bcb4,kg6aade0ea,impostor,live,video,na,-0.031199,0.007354,0.002968,3.337305,7.224075,8.798553
kaggle,kg9973bcb4,kg6aade0ea,impostor,live,video,na,-0.032661,-0.007058,-0.014511,2.645264,5.742214,5.279132
kaggle,kg9973bcb4,kg6aade0ea,impostor,live,video,na,-0.033258,-0.009300,0.002730,2.087782,5.186516,6.020063
kaggle,kg9973bcb4,kg6aafbe45,impostor,live,video,na,0.017414,0.009060,0.009748,9.763213,8.242855,8.937477
kaggle,kg9973bcb4,kg6aafbe45,impostor,live,video,na,0.003171,-0.019136,0.011704,8.482174,8.150239,8.150239
kaggle,kg9973bcb4,kg6aafbe45,impostor,live,video,na,-0.059183,-0.060854,-0.038893,7.194657,5.556981,6.853610
kaggle,kg9973bcb4,kg6aafbe45,impostor,live,video,na,-0.008366,-0.025536,-0.024824,9.671059,9.539484,9.076403
kaggle,kg9973bcb4,kg6aafbe45,impostor,live,video,na,0.029806,0.078707,0.022260,6.924477,7.270383,7.594541
kaggle,kg9973bcb4,kg6aafbe45,impostor,live,video,na,-0.018178,-0.032336,-0.036680,11.227121,11.484427,11.762277
kaggle,kg9973bcb4,kg6aafbe45,impostor,live,video,na,0.032912,0.038624,0.031061,7.275872,6.483144,6.575761
kaggle,kg9973bcb4,kg6aafbe45,impostor,live,video,na,0.059875,0.082266,0.079037,5.837346,5.371748,6.390528
kaggle,kg9973bcb4,kg6aafbe45,impostor,live,video,na,-0.001816,0.016731,-0.010809,9.554702,8.335471,9.817333
kaggle,kg9973bcb4,kg6aafbe45,impostor,live,video,na,0.038308,0.001174,0.041558,8.568604,8.150239,10.280415
kaggle,kg9973bcb4,kg6aafbe45,impostor,live,video,na,-0.023252,-0.034296,-0.052003,9.646119,9.169019,9.446868
kaggle,kg9973bcb4,kg884d9fd3,impostor,live,video,na,0.088060,0.082111,0.107096,2.190206,4.816050,4.630817
kaggle,kg9973bcb4,kg884d9fd3,impostor,live,video,na,0.051166,0.065018,0.058258,-2.402518,-0.277849,-0.463082
kaggle,kg9973bcb4,kg884d9fd3,impostor,live,video,na,0.071051,0.088283,0.089843,-3.106633,-0.370465,-1.018780
kaggle,kg9973bcb4,kg884d9fd3,impostor,live,video,na,0.039814,0.049205,0.024330,-0.905843,7.224075,3.797270
kaggle,kg9973bcb4,kg884d9fd3,impostor,live,video,na,0.041279,0.051425,0.062126,2.825644,7.131459,7.131459
kaggle,kg9973bcb4,kg884d9fd3,impostor,live,video,na,-0.019275,-0.006310,-0.013632,0.489727,0.555698,3.148956
kaggle,kg9973bcb4,kg884d9fd3,impostor,live,video,na,0.074807,0.065679,0.067185,1.747875,2.500641,2.685874
kaggle,kg9973bcb4,kg884d9fd3,impostor,live,video,na,0.015937,0.042931,-0.026915,-0.822286,4.445585,4.260352
kaggle,kg9973bcb4,kg4e8af551,impostor,live,video,na,0.108885,0.157831,0.146380,9.207687,7.779773,8.983786
kaggle,kg9973bcb4,kg4e8af551,impostor,live,video,na,0.063410,0.069883,0.072602,5.749074,4.538201,5.371748
kaggle,kg9973bcb4,kg4e8af551,impostor,live,video,na,0.016566,0.052550,0.031042,8.879221,11.484427,10.465648
kaggle,kg9973bcb4,kg4e8af551,impostor,live,video,na,0.093325,0.124966,0.117433,9.462034,9.076403,9.446868
kaggle,kg9973bcb4,kg4e8af551,impostor,live,video,na,0.183429,0.179822,0.203035,7.205742,5.279132,7.224075
kaggle,kg9973bcb4,kg4e8af551,impostor,live,video,na,0.169385,0.209836,0.209623,6.617941,8.057622,8.983786
kaggle,kg9973bcb4,kg4e8af551,impostor,live,video,na,0.075612,0.146074,0.104604,6.432563,7.316691,6.575761
kaggle,kg9973bcb4,kg4e8af551,impostor,live,video,na,0.130799,0.141560,0.130321,9.412888,10.187799,10.928729
kaggle,kg9973bcb4,kg4e8af551,impostor,live,video,na,0.134745,0.149228,0.139760,10.323269,9.724717,10.465648
kaggle,kg9973bcb4,kg4e8af551,impostor,live,video,na,0.117136,0.138307,0.118399,10.016837,11.299194,11.808584
kaggle,kg9973bcb4,kg4e8af551,impostor,live,video,na,0.076998,0.145137,0.074736,9.748549,9.446868,11.808584
kaggle,kg9973bcb4,kg58c89e41,impostor,live,video,na,-0.033380,-0.025213,-0.032203,2.200033,1.296629,3.797270
kaggle,kg9973bcb4,kg58c89e41,impostor,live,video,na,-0.034969,-0.023045,-0.045805,-4.899960,-3.889887,-4.167736
kaggle,kg9973bcb4,kg58c89e41,impostor,live,video,na,-0.041564,-0.023261,-0.040785,2.464987,1.852327,2.871107
kaggle,kg9973bcb4,kg58c89e41,impostor,live,video,na,-0.016878,0.017183,0.002514,0.564325,0.277849,2.315409
kaggle,kg9973bcb4,kg58c89e41,impostor,live,video,na,0.003805,0.011479,-0.006023,3.845720,6.020063,6.483144
kaggle,kg9973bcb4,kg58c89e41,impostor,live,video,na,-0.053694,-0.029120,-0.025678,3.313475,2.315409,4.538201
kaggle,kg9973bcb4,kg58c89e41,impostor,live,video,na,-0.010129,0.009800,-0.026516,-3.218992,-2.871107,-2.871107
kaggle,kg9973bcb4,kg58c89e41,impostor,live,video,na,-0.052453,-0.038957,-0.046813,-0.388911,0.648314,1.759711
kaggle,kg9973bcb4,kg58c89e41,impostor,live,video,na,-0.044699,-0.030649,-0.050548,2.151285,2.685874,3.797270
kaggle,kg9973bcb4,kg58c89e41,impostor,live,video,na,-0.045980,-0.026321,-0.031291,3.854320,2.685874,3.334188
kaggle,kg9973bcb4,kg58c89e41,impostor,live,video,na,-0.015588,0.001437,-0.010211,3.362518,4.630817,4.445585
kaggle,kg9973bcb4,kg58c89e41,impostor,live,video,na,-0.016909,-0.021625,-0.014927,4.684408,4.630817,5.279132
kaggle,kg9973bcb4,kg58c89e41,impostor,live,video,na,-0.024650,-0.016251,-0.025870,5.681979,4.908667,8.242855
kaggle,kg9973bcb4,kg9973bcb4,genuine,live,video,na,0.887953,0.868967,0.879430,-0.102936,1.944943,3.426805
kaggle,kg9973bcb4,kg9973bcb4,genuine,live,video,na,0.864501,0.852308,0.848384,6.218396,7.224075,10.095182
kaggle,kg9973bcb4,kg9973bcb4,genuine,live,video,na,0.629634,0.643130,0.613860,5.082594,3.334188,6.853610
kaggle,kg9973bcb4,kg9973bcb4,genuine,live,video,na,0.637945,0.627971,0.616078,2.990791,2.037560,5.371748
kaggle,kg9973bcb4,kg9973bcb4,genuine,live,video,na,0.871768,0.853857,0.869505,0.868927,4.723434,5.834830
kaggle,kg9973bcb4,kg9973bcb4,genuine,live,video,na,0.674168,0.633684,0.651647,-3.276551,-1.018780,-0.277849
kaggle,kg9973bcb4,kg9973bcb4,genuine,live,video,na,0.578907,0.532575,0.544334,-3.664322,-1.111396,-3.889887
kaggle,kg9973bcb4,kg9973bcb4,genuine,live,video,na,0.803261,0.765240,0.785579,-0.757611,1.296629,1.759711
kaggle,kg9973bcb4,kg9973bcb4,genuine,live,video,na,0.649231,0.645487,0.631285,-1.160547,2.408025,3.056340
kaggle,kg9973bcb4,kg9973bcb4,genuine,live,video,na,0.320025,0.297575,0.309712,1.007701,7.224075,7.594541
kaggle,kg9973bcb4,kg9973bcb4,genuine,live,video,na,0.758372,0.743605,0.737203,0.212596,5.556981,7.131459
kaggle,kg9973bcb4,kg9973bcb4,genuine,live,video,na,0.761389,0.761267,0.728276,-1.679044,-0.185233,1.574478
kaggle,kg9973bcb4,kg9973bcb4,genuine,live,video,na,0.504190,0.494577,0.487712,-0.910335,0.092616,0.185233
kaggle,kg9973bcb4,kg9973bcb4,genuine,live,video,na,0.783577,0.791238,0.755534,-2.253716,0.648314,2.130176
kaggle,kg9973bcb4,kg9973bcb4,genuine,live,video,na,0.857838,0.839264,0.842599,-3.776013,-2.500641,-1.389245
kaggle,kg9973bcb4,kg9973bcb4,spoof,print,a4_printout,na,0.873664,0.827629,0.833680,-7.823017,-4.075119,-5.371748
kaggle,kg9973bcb4,kg9973bcb4,spoof,print,a4_printout,na,0.899781,0.857475,0.864577,-7.742928,-5.742214,-6.668377
kaggle,kg9973bcb4,kg9973bcb4,spoof,print,a4_printout,na,0.903334,0.862127,0.886388,-6.629192,-2.871107,-1.852327
kaggle,kg9973bcb4,kg9973bcb4,spoof,print,a4_printout,na,0.907922,0.850729,0.876603,-3.903062,-3.982503,-3.612038
kaggle,kg9973bcb4,kg9973bcb4,spoof,print,a4_printout,na,0.916906,0.874015,0.891725,-7.292106,-6.112679,-6.575761
kaggle,kg9973bcb4,kg9973bcb4,spoof,print,a4_printout,na,0.888777,0.867356,0.873811,-8.573269,-6.668377,-5.001283
kaggle,kg9973bcb4,kg9973bcb4,spoof,print,a4_printout,na,0.902944,0.871539,0.885186,-4.864603,-3.334188,-1.111396
kaggle,kg9973bcb4,kg9973bcb4,spoof,print,a4_printout,na,0.884244,0.862159,0.857635,-8.682994,-8.891170,-5.649597
kaggle,kg9973bcb4,kg9973bcb4,spoof,print,a4_printout,na,0.851139,0.826988,0.832869,-9.727168,-8.705936,-6.483144
kaggle,kg9973bcb4,kg9973bcb4,spoof,print,a4_printout,na,0.844053,0.802700,0.823131,-7.660216,-6.946226,-6.112679
kaggle,kg9973bcb4,kg9973bcb4,spoof,print,a4_printout,na,0.842472,0.801438,0.832636,-10.052611,-7.131459,-8.242855
kaggle,kg9973bcb4,kg9973bcb4,spoof,print,a4_printout,na,0.841346,0.814668,0.819988,-7.649232,-6.575761,-6.020063
