dataset,index,recognizer,cos_to_fp32
lfw,0,int8pt,0.955076
lfw,1,int8pt,0.955222
lfw,2,int8pt,0.943136
lfw,3,int8pt,0.932076
lfw,4,int8pt,0.930411
lfw,5,int8pt,0.941382
lfw,6,int8pt,0.942680
lfw,7,int8pt,0.941338
lfw,8,int8pt,0.954594
lfw,9,int8pt,0.968248
lfw,10,int8pt,0.954105
lfw,11,int8pt,0.956354
lfw,12,int8pt,0.952118
lfw,13,int8pt,0.968909
lfw,14,int8pt,0.968346
lfw,15,int8pt,0.955987
lfw,16,int8pt,0.932485
lfw,17,int8pt,0.894887
lfw,18,int8pt,0.963023
lfw,19,int8pt,0.966673
lfw,20,int8pt,0.969794
lfw,21,int8pt,0.967132
lfw,22,int8pt,0.969762
lfw,23,int8pt,0.966842
lfw,24,int8pt,0.959878
lfw,25,int8pt,0.964177
lfw,26,int8pt,0.967537
lfw,27,int8pt,0.962156
lfw,28,int8pt,0.964690
lfw,29,int8pt,0.976467
lfw,30,int8pt,0.966167
lfw,31,int8pt,0.957562
lfw,32,int8pt,0.951020
lfw,33,int8pt,0.968369
lfw,34,int8pt,0.972760
lfw,35,int8pt,0.958787
lfw,36,int8pt,0.955899
lfw,37,int8pt,0.959743
lfw,38,int8pt,0.967435
lfw,39,int8pt,0.967360
lfw,40,int8pt,0.964714
lfw,41,int8pt,0.959334
lfw,42,int8pt,0.934902
lfw,43,int8pt,0.955573
lfw,44,int8pt,0.952278
lfw,45,int8pt,0.955667
lfw,46,int8pt,0.937456
lfw,47,int8pt,0.955463
lfw,48,int8pt,0.954291
lfw,49,int8pt,0.952130
lfw,50,int8pt,0.953321
lfw,51,int8pt,0.937890
lfw,52,int8pt,0.952249
lfw,53,int8pt,0.951771
lfw,54,int8pt,0.962387
lfw,55,int8pt,0.949881
lfw,56,int8pt,0.961068
lfw,57,int8pt,0.973869
lfw,58,int8pt,0.952343
lfw,59,int8pt,0.957969
lfw,60,int8pt,0.956739
lfw,61,int8pt,0.941193
lfw,62,int8pt,0.956143
lfw,63,int8pt,0.961581
lfw,64,int8pt,0.950120
lfw,65,int8pt,0.953278
lfw,66,int8pt,0.955824
lfw,67,int8pt,0.954392
lfw,68,int8pt,0.944404
lfw,69,int8pt,0.943218
lfw,70,int8pt,0.936949
lfw,71,int8pt,0.942687
lfw,72,int8pt,0.931634
lfw,73,int8pt,0.961068
lfw,74,int8pt,0.970554
lfw,75,int8pt,0.955172
lfw,76,int8pt,0.966994
lfw,77,int8pt,0.967820
lfw,78,int8pt,0.958081
lfw,79,int8pt,0.960659
lfw,80,int8pt,0.963942
lfw,81,int8pt,0.912762
lfw,82,int8pt,0.958171
lfw,83,int8pt,0.943946
lfw,84,int8pt,0.977516
lfw,85,int8pt,0.939204
lfw,86,int8pt,0.955281
lfw,87,int8pt,0.963979
lfw,88,int8pt,0.955377
lfw,89,int8pt,0.961142
lfw,90,int8pt,0.958722
lfw,91,int8pt,0.960220
lfw,92,int8pt,0.960230
lfw,93,int8pt,0.954884
lfw,94,int8pt,0.948487
lfw,95,int8pt,0.953669
lfw,96,int8pt,0.957677
lfw,97,int8pt,0.946625
lfw,98,int8pt,0.936525
lfw,99,int8pt,0.948833
lfw,100,int8pt,0.955494
lfw,101,int8pt,0.962769
lfw,102,int8pt,0.970354
lfw,103,int8pt,0.964555
lfw,104,int8pt,0.952434
lfw,105,int8pt,0.958874
lfw,106,int8pt,0.967340
lfw,107,int8pt,0.958164
lfw,108,int8pt,0.959138
lfw,109,int8pt,0.959109
lfw,110,int8pt,0.940033
lfw,111,int8pt,0.951417
lfw,112,int8pt,0.948736
lfw,113,int8pt,0.943611
lfw,114,int8pt,0.954159
lfw,115,int8pt,0.944048
lfw,116,int8pt,0.960096
lfw,117,int8pt,0.963924
lfw,118,int8pt,0.969524
lfw,119,int8pt,0.949251
lfw,120,int8pt,0.966405
lfw,121,int8pt,0.970662
lfw,122,int8pt,0.949753
lfw,123,int8pt,0.933792
lfw,124,int8pt,0.967437
lfw,125,int8pt,0.970209
lfw,126,int8pt,0.942056
lfw,127,int8pt,0.945530
lfw,128,int8pt,0.963023
lfw,129,int8pt,0.963847
lfw,130,int8pt,0.946540
lfw,131,int8pt,0.955519
lfw,132,int8pt,0.964727
lfw,133,int8pt,0.922786
lfw,134,int8pt,0.962900
lfw,135,int8pt,0.952928
lfw,136,int8pt,0.954232
lfw,137,int8pt,0.963316
lfw,138,int8pt,0.969045
lfw,139,int8pt,0.943541
lfw,140,int8pt,0.934204
lfw,141,int8pt,0.956248
lfw,142,int8pt,0.947231
lfw,143,int8pt,0.958152
lfw,144,int8pt,0.947631
lfw,145,int8pt,0.942451
lfw,146,int8pt,0.950465
lfw,147,int8pt,0.960375
lfw,148,int8pt,0.957185
lfw,149,int8pt,0.951896
lfw,150,int8pt,0.951798
lfw,151,int8pt,0.944168
lfw,152,int8pt,0.955393
lfw,153,int8pt,0.963252
lfw,154,int8pt,0.964742
lfw,155,int8pt,0.952652
lfw,156,int8pt,0.940795
lfw,157,int8pt,0.956167
lfw,158,int8pt,0.955523
lfw,159,int8pt,0.946349
lfw,160,int8pt,0.964397
lfw,161,int8pt,0.953343
lfw,162,int8pt,0.958985
lfw,163,int8pt,0.965166
lfw,164,int8pt,0.959226
lfw,165,int8pt,0.919054
lfw,166,int8pt,0.968565
lfw,167,int8pt,0.952477
lfw,168,int8pt,0.960327
lfw,169,int8pt,0.962782
lfw,170,int8pt,0.955771
lfw,171,int8pt,0.958487
lfw,172,int8pt,0.967332
lfw,173,int8pt,0.928933
lfw,174,int8pt,0.963780
lfw,175,int8pt,0.951220
lfw,176,int8pt,0.962552
lfw,177,int8pt,0.970489
lfw,178,int8pt,0.941328
lfw,179,int8pt,0.942495
lfw,180,int8pt,0.952737
lfw,181,int8pt,0.967904
lfw,182,int8pt,0.944982
lfw,183,int8pt,0.951354
lfw,184,int8pt,0.965595
lfw,185,int8pt,0.939800
lfw,186,int8pt,0.964566
lfw,187,int8pt,0.945256
lfw,188,int8pt,0.956281
lfw,189,int8pt,0.956832
lfw,190,int8pt,0.944628
lfw,191,int8pt,0.955016
lfw,192,int8pt,0.944663
lfw,193,int8pt,0.958730
lfw,194,int8pt,0.959477
lfw,195,int8pt,0.958461
lfw,196,int8pt,0.953317
lfw,197,int8pt,0.954425
lfw,198,int8pt,0.940156
lfw,199,int8pt,0.947624
lfw,200,int8pt,0.950759
lfw,201,int8pt,0.962261
lfw,202,int8pt,0.952647
lfw,203,int8pt,0.953941
lfw,204,int8pt,0.955790
lfw,205,int8pt,0.943177
lfw,206,int8pt,0.957297
lfw,207,int8pt,0.927083
lfw,208,int8pt,0.957837
lfw,209,int8pt,0.965982
lfw,210,int8pt,0.967657
lfw,211,int8pt,0.951625
lfw,212,int8pt,0.949166
lfw,213,int8pt,0.930625
lfw,214,int8pt,0.957663
lfw,215,int8pt,0.898814
lfw,216,int8pt,0.955448
lfw,217,int8pt,0.940933
lfw,218,int8pt,0.964397
lfw,219,int8pt,0.969825
lfw,220,int8pt,0.955015
lfw,221,int8pt,0.951699
lfw,222,int8pt,0.953962
lfw,223,int8pt,0.931481
lfw,224,int8pt,0.945520
lfw,225,int8pt,0.960025
lfw,226,int8pt,0.972718
lfw,227,int8pt,0.959130
lfw,228,int8pt,0.978809
lfw,229,int8pt,0.944996
lfw,230,int8pt,0.962843
lfw,231,int8pt,0.945329
lfw,232,int8pt,0.960637
lfw,233,int8pt,0.971852
lfw,234,int8pt,0.966990
lfw,235,int8pt,0.974460
lfw,236,int8pt,0.972624
lfw,237,int8pt,0.925920
lfw,238,int8pt,0.944497
lfw,239,int8pt,0.934274
lfw,240,int8pt,0.915767
lfw,241,int8pt,0.946983
lfw,242,int8pt,0.955016
lfw,243,int8pt,0.971503
lfw,244,int8pt,0.931381
lfw,245,int8pt,0.965326
lfw,246,int8pt,0.962956
lfw,247,int8pt,0.939053
lfw,248,int8pt,0.938462
lfw,249,int8pt,0.959671
lfw,250,int8pt,0.954911
lfw,251,int8pt,0.953414
lfw,252,int8pt,0.961635
lfw,253,int8pt,0.959701
lfw,254,int8pt,0.964427
lfw,255,int8pt,0.944929
lfw,256,int8pt,0.958510
lfw,257,int8pt,0.962450
lfw,258,int8pt,0.960627
lfw,259,int8pt,0.947680
lfw,260,int8pt,0.941567
lfw,261,int8pt,0.966533
lfw,262,int8pt,0.964513
lfw,263,int8pt,0.968075
lfw,264,int8pt,0.960034
lfw,265,int8pt,0.967313
lfw,266,int8pt,0.966956
lfw,267,int8pt,0.957166
lfw,268,int8pt,0.960034
lfw,269,int8pt,0.953094
lfw,270,int8pt,0.958655
lfw,271,int8pt,0.922887
lfw,272,int8pt,0.946530
lfw,273,int8pt,0.941452
lfw,274,int8pt,0.942280
lfw,275,int8pt,0.953419
lfw,276,int8pt,0.960163
lfw,277,int8pt,0.922529
lfw,278,int8pt,0.936457
lfw,279,int8pt,0.948716
lfw,280,int8pt,0.943173
lfw,281,int8pt,0.947401
lfw,282,int8pt,0.936050
lfw,283,int8pt,0.943540
lfw,284,int8pt,0.940905
lfw,285,int8pt,0.957720
lfw,286,int8pt,0.938690
lfw,287,int8pt,0.951038
lfw,288,int8pt,0.943403
lfw,289,int8pt,0.939990
lfw,290,int8pt,0.933815
lfw,291,int8pt,0.959708
lfw,292,int8pt,0.941866
lfw,293,int8pt,0.941302
lfw,294,int8pt,0.954287
lfw,295,int8pt,0.957288
lfw,296,int8pt,0.936110
lfw,297,int8pt,0.962418
lfw,298,int8pt,0.954264
lfw,299,int8pt,0.964709
lfw,300,int8pt,0.967279
lfw,301,int8pt,0.953103
lfw,302,int8pt,0.954145
lfw,303,int8pt,0.954131
lfw,304,int8pt,0.953461
lfw,305,int8pt,0.971428
lfw,306,int8pt,0.967740
lfw,307,int8pt,0.905232
lfw,308,int8pt,0.944818
lfw,309,int8pt,0.963596
lfw,310,int8pt,0.952024
lfw,311,int8pt,0.947244
lfw,312,int8pt,0.937263
lfw,313,int8pt,0.952518
lfw,314,int8pt,0.943557
lfw,315,int8pt,0.955276
lfw,316,int8pt,0.955890
lfw,317,int8pt,0.953904
lfw,318,int8pt,0.942928
lfw,319,int8pt,0.937739
lfw,320,int8pt,0.945099
lfw,321,int8pt,0.945773
lfw,322,int8pt,0.943743
lfw,323,int8pt,0.943311
lfw,324,int8pt,0.959496
lfw,325,int8pt,0.943154
lfw,326,int8pt,0.947000
lfw,327,int8pt,0.954956
lfw,328,int8pt,0.950017
lfw,329,int8pt,0.959315
lfw,330,int8pt,0.968267
lfw,331,int8pt,0.967480
lfw,332,int8pt,0.967531
lfw,333,int8pt,0.943966
lfw,334,int8pt,0.952569
lfw,335,int8pt,0.947881
lfw,336,int8pt,0.928859
lfw,337,int8pt,0.937380
lfw,338,int8pt,0.949378
lfw,339,int8pt,0.962983
lfw,340,int8pt,0.965072
lfw,341,int8pt,0.941018
lfw,342,int8pt,0.940340
lfw,343,int8pt,0.968263
lfw,344,int8pt,0.968470
lfw,345,int8pt,0.959403
lfw,346,int8pt,0.968802
lfw,347,int8pt,0.940015
lfw,348,int8pt,0.967285
lfw,349,int8pt,0.952361
lfw,350,int8pt,0.956649
lfw,351,int8pt,0.962712
lfw,352,int8pt,0.947330
lfw,353,int8pt,0.955788
lfw,354,int8pt,0.953525
lfw,355,int8pt,0.934321
lfw,356,int8pt,0.958082
lfw,357,int8pt,0.959855
lfw,358,int8pt,0.935538
lfw,359,int8pt,0.941688
lfw,360,int8pt,0.938816
lfw,361,int8pt,0.940162
lfw,362,int8pt,0.954051
lfw,363,int8pt,0.952155
lfw,364,int8pt,0.915023
lfw,365,int8pt,0.930623
lfw,366,int8pt,0.951389
lfw,367,int8pt,0.953453
lfw,368,int8pt,0.969343
lfw,369,int8pt,0.956123
lfw,370,int8pt,0.958969
lfw,371,int8pt,0.964068
lfw,372,int8pt,0.948379
lfw,373,int8pt,0.954966
lfw,374,int8pt,0.959274
lfw,375,int8pt,0.957876
lfw,376,int8pt,0.954367
lfw,377,int8pt,0.969868
lfw,378,int8pt,0.966315
lfw,379,int8pt,0.962275
lfw,380,int8pt,0.959569
lfw,381,int8pt,0.949940
lfw,382,int8pt,0.962673
lfw,383,int8pt,0.952056
lfw,384,int8pt,0.952950
lfw,385,int8pt,0.961118
lfw,386,int8pt,0.957025
lfw,387,int8pt,0.942374
lfw,388,int8pt,0.972098
lfw,389,int8pt,0.951664
lfw,390,int8pt,0.951370
lfw,391,int8pt,0.957586
lfw,392,int8pt,0.951191
lfw,393,int8pt,0.955826
lfw,394,int8pt,0.958742
lfw,395,int8pt,0.956275
lfw,396,int8pt,0.950968
lfw,397,int8pt,0.958985
lfw,398,int8pt,0.970526
lfw,399,int8pt,0.960329
lfw,400,int8pt,0.958516
lfw,401,int8pt,0.964247
lfw,402,int8pt,0.950268
lfw,403,int8pt,0.956761
lfw,404,int8pt,0.963020
lfw,405,int8pt,0.916959
lfw,406,int8pt,0.944680
lfw,407,int8pt,0.949681
lfw,408,int8pt,0.953204
lfw,409,int8pt,0.959294
lfw,410,int8pt,0.963683
lfw,411,int8pt,0.950740
lfw,412,int8pt,0.938313
lfw,413,int8pt,0.953652
lfw,414,int8pt,0.963141
lfw,415,int8pt,0.935706
lfw,416,int8pt,0.966147
lfw,417,int8pt,0.947295
lfw,418,int8pt,0.945197
lfw,419,int8pt,0.960836
lfw,420,int8pt,0.953946
lfw,421,int8pt,0.971384
lfw,422,int8pt,0.960299
lfw,423,int8pt,0.971600
lfw,424,int8pt,0.946142
lfw,425,int8pt,0.969695
lfw,426,int8pt,0.963327
lfw,427,int8pt,0.954431
lfw,428,int8pt,0.968461
lfw,429,int8pt,0.939286
lfw,430,int8pt,0.937606
lfw,431,int8pt,0.944871
lfw,432,int8pt,0.952046
lfw,433,int8pt,0.951642
lfw,434,int8pt,0.963801
lfw,435,int8pt,0.955726
lfw,436,int8pt,0.924504
lfw,437,int8pt,0.949028
lfw,438,int8pt,0.961443
lfw,439,int8pt,0.947193
lfw,440,int8pt,0.954401
lfw,441,int8pt,0.955777
lfw,442,int8pt,0.932267
lfw,443,int8pt,0.969939
lfw,444,int8pt,0.965998
lfw,445,int8pt,0.945335
lfw,446,int8pt,0.962084
lfw,447,int8pt,0.942818
lfw,448,int8pt,0.943356
lfw,449,int8pt,0.932576
lfw,450,int8pt,0.952788
lfw,451,int8pt,0.958250
lfw,452,int8pt,0.961768
lfw,453,int8pt,0.962603
lfw,454,int8pt,0.947904
lfw,455,int8pt,0.944656
lfw,456,int8pt,0.963308
lfw,457,int8pt,0.946294
lfw,458,int8pt,0.962042
lfw,459,int8pt,0.963998
lfw,460,int8pt,0.963592
lfw,461,int8pt,0.965070
lfw,462,int8pt,0.952673
lfw,463,int8pt,0.952175
lfw,464,int8pt,0.938644
lfw,465,int8pt,0.967394
lfw,466,int8pt,0.972220
lfw,467,int8pt,0.950101
lfw,468,int8pt,0.964866
lfw,469,int8pt,0.963098
lfw,470,int8pt,0.955247
lfw,471,int8pt,0.955309
lfw,472,int8pt,0.958339
lfw,473,int8pt,0.960916
lfw,474,int8pt,0.958166
lfw,475,int8pt,0.963422
lfw,476,int8pt,0.930697
lfw,477,int8pt,0.960638
lfw,478,int8pt,0.966258
lfw,479,int8pt,0.971743
lfw,480,int8pt,0.960169
lfw,481,int8pt,0.945871
lfw,482,int8pt,0.965930
lfw,483,int8pt,0.960886
lfw,484,int8pt,0.953218
lfw,485,int8pt,0.957629
lfw,486,int8pt,0.953264
lfw,487,int8pt,0.954136
lfw,488,int8pt,0.962006
lfw,489,int8pt,0.954972
lfw,490,int8pt,0.953666
lfw,491,int8pt,0.965776
lfw,492,int8pt,0.957165
lfw,493,int8pt,0.961715
lfw,494,int8pt,0.960298
lfw,495,int8pt,0.959752
lfw,496,int8pt,0.972042
lfw,497,int8pt,0.959539
lfw,498,int8pt,0.941750
lfw,499,int8pt,0.961321
lfw,500,int8pt,0.941686
lfw,501,int8pt,0.959513
lfw,502,int8pt,0.928536
lfw,503,int8pt,0.942216
lfw,504,int8pt,0.939981
lfw,505,int8pt,0.947560
lfw,506,int8pt,0.932189
lfw,507,int8pt,0.948066
lfw,508,int8pt,0.961356
lfw,509,int8pt,0.947936
lfw,510,int8pt,0.947760
lfw,511,int8pt,0.955550
lfw,512,int8pt,0.944228
lfw,513,int8pt,0.958733
lfw,514,int8pt,0.955601
lfw,515,int8pt,0.971186
lfw,516,int8pt,0.969099
lfw,517,int8pt,0.968993
lfw,518,int8pt,0.957579
lfw,519,int8pt,0.958688
lfw,520,int8pt,0.965657
lfw,521,int8pt,0.948006
lfw,522,int8pt,0.944492
lfw,523,int8pt,0.951000
lfw,524,int8pt,0.962343
lfw,525,int8pt,0.945419
lfw,526,int8pt,0.946553
lfw,527,int8pt,0.957274
lfw,528,int8pt,0.959473
lfw,529,int8pt,0.962163
lfw,530,int8pt,0.956953
lfw,531,int8pt,0.950630
lfw,532,int8pt,0.957349
lfw,533,int8pt,0.939575
lfw,534,int8pt,0.965358
lfw,535,int8pt,0.934894
lfw,536,int8pt,0.952897
lfw,537,int8pt,0.967573
lfw,538,int8pt,0.965439
lfw,539,int8pt,0.949902
lfw,540,int8pt,0.954098
lfw,541,int8pt,0.939786
lfw,542,int8pt,0.952243
lfw,543,int8pt,0.933590
lfw,544,int8pt,0.971090
lfw,545,int8pt,0.961117
lfw,546,int8pt,0.964678
lfw,547,int8pt,0.960159
lfw,548,int8pt,0.951665
lfw,549,int8pt,0.960195
lfw,550,int8pt,0.942920
lfw,551,int8pt,0.948460
lfw,552,int8pt,0.962729
lfw,553,int8pt,0.972888
lfw,554,int8pt,0.972259
lfw,555,int8pt,0.964635
lfw,556,int8pt,0.951748
lfw,557,int8pt,0.943880
lfw,558,int8pt,0.953274
lfw,559,int8pt,0.957969
lfw,560,int8pt,0.956313
lfw,561,int8pt,0.968684
lfw,562,int8pt,0.956862
lfw,563,int8pt,0.931931
lfw,564,int8pt,0.957263
lfw,565,int8pt,0.899613
lfw,566,int8pt,0.908248
lfw,567,int8pt,0.964858
lfw,568,int8pt,0.925269
lfw,569,int8pt,0.956637
lfw,570,int8pt,0.934408
lfw,571,int8pt,0.973492
lfw,572,int8pt,0.970264
lfw,573,int8pt,0.959384
lfw,574,int8pt,0.952707
lfw,575,int8pt,0.953406
lfw,576,int8pt,0.961446
lfw,577,int8pt,0.970199
lfw,578,int8pt,0.959681
lfw,579,int8pt,0.962563
lfw,580,int8pt,0.948678
lfw,581,int8pt,0.947184
lfw,582,int8pt,0.961429
lfw,583,int8pt,0.955597
lfw,584,int8pt,0.961739
lfw,585,int8pt,0.955215
lfw,586,int8pt,0.958738
lfw,587,int8pt,0.961010
lfw,588,int8pt,0.965006
lfw,589,int8pt,0.958340
lfw,590,int8pt,0.955180
lfw,591,int8pt,0.956133
lfw,592,int8pt,0.930886
lfw,593,int8pt,0.958840
lfw,594,int8pt,0.936088
lfw,595,int8pt,0.956981
lfw,596,int8pt,0.923491
lfw,597,int8pt,0.959419
lfw,598,int8pt,0.966852
lfw,599,int8pt,0.964086
lfw,600,int8pt,0.963834
lfw,601,int8pt,0.962340
lfw,602,int8pt,0.952563
lfw,603,int8pt,0.943036
lfw,604,int8pt,0.945032
lfw,605,int8pt,0.907068
lfw,606,int8pt,0.957908
lfw,607,int8pt,0.939975
lfw,608,int8pt,0.927421
lfw,609,int8pt,0.956848
lfw,610,int8pt,0.953429
lfw,611,int8pt,0.969569
lfw,612,int8pt,0.963105
lfw,613,int8pt,0.960119
lfw,614,int8pt,0.905292
lfw,615,int8pt,0.964211
lfw,616,int8pt,0.938901
lfw,617,int8pt,0.943823
lfw,618,int8pt,0.962654
lfw,619,int8pt,0.968422
lfw,620,int8pt,0.946467
lfw,621,int8pt,0.951918
lfw,622,int8pt,0.954705
lfw,623,int8pt,0.955187
lfw,624,int8pt,0.947598
lfw,625,int8pt,0.959711
lfw,626,int8pt,0.958354
lfw,627,int8pt,0.952337
lfw,628,int8pt,0.965646
lfw,629,int8pt,0.954591
lfw,630,int8pt,0.946370
lfw,631,int8pt,0.946399
lfw,632,int8pt,0.954427
lfw,633,int8pt,0.948454
lfw,634,int8pt,0.929273
lfw,635,int8pt,0.932191
lfw,636,int8pt,0.921004
lfw,637,int8pt,0.939238
lfw,638,int8pt,0.944530
lfw,639,int8pt,0.963046
lfw,640,int8pt,0.962635
lfw,641,int8pt,0.950588
lfw,642,int8pt,0.958545
lfw,643,int8pt,0.946865
lfw,644,int8pt,0.956875
lfw,645,int8pt,0.948501
lfw,646,int8pt,0.942239
lfw,647,int8pt,0.960072
lfw,648,int8pt,0.963661
lfw,649,int8pt,0.959163
lfw,650,int8pt,0.962885
lfw,651,int8pt,0.957387
lfw,652,int8pt,0.947173
lfw,653,int8pt,0.961358
lfw,654,int8pt,0.964589
lfw,655,int8pt,0.953669
lfw,656,int8pt,0.964051
lfw,657,int8pt,0.962374
lfw,658,int8pt,0.955783
lfw,659,int8pt,0.953514
lfw,660,int8pt,0.970299
lfw,661,int8pt,0.956949
lfw,662,int8pt,0.965248
lfw,663,int8pt,0.961868
lfw,664,int8pt,0.964116
lfw,665,int8pt,0.954990
lfw,666,int8pt,0.947620
lfw,667,int8pt,0.958203
lfw,668,int8pt,0.971753
lfw,669,int8pt,0.965587
lfw,670,int8pt,0.944771
lfw,671,int8pt,0.946136
lfw,672,int8pt,0.948911
lfw,673,int8pt,0.946597
lfw,674,int8pt,0.960627
lfw,675,int8pt,0.945844
lfw,676,int8pt,0.955185
lfw,677,int8pt,0.961951
lfw,678,int8pt,0.948244
lfw,679,int8pt,0.925346
lfw,680,int8pt,0.945654
lfw,681,int8pt,0.948391
lfw,682,int8pt,0.958058
lfw,683,int8pt,0.961042
lfw,684,int8pt,0.954716
lfw,685,int8pt,0.940907
lfw,686,int8pt,0.954418
lfw,687,int8pt,0.965766
lfw,688,int8pt,0.939878
lfw,689,int8pt,0.958090
lfw,690,int8pt,0.951395
lfw,691,int8pt,0.953143
lfw,692,int8pt,0.938801
lfw,693,int8pt,0.950596
lfw,694,int8pt,0.945010
lfw,695,int8pt,0.941338
lfw,696,int8pt,0.953797
lfw,697,int8pt,0.958831
lfw,698,int8pt,0.967814
lfw,699,int8pt,0.958632
lfw,700,int8pt,0.943751
lfw,701,int8pt,0.934937
lfw,702,int8pt,0.971051
lfw,703,int8pt,0.955909
lfw,704,int8pt,0.958557
lfw,705,int8pt,0.950204
lfw,706,int8pt,0.958251
lfw,707,int8pt,0.965192
lfw,708,int8pt,0.972097
lfw,709,int8pt,0.960449
lfw,710,int8pt,0.966205
lfw,711,int8pt,0.963198
lfw,712,int8pt,0.944156
lfw,713,int8pt,0.945718
lfw,714,int8pt,0.958515
lfw,715,int8pt,0.966780
lfw,716,int8pt,0.903232
lfw,717,int8pt,0.950599
lfw,718,int8pt,0.964164
lfw,719,int8pt,0.935345
lfw,720,int8pt,0.963177
lfw,721,int8pt,0.961469
lfw,722,int8pt,0.956222
lfw,723,int8pt,0.951518
lfw,724,int8pt,0.961421
lfw,725,int8pt,0.936723
lfw,726,int8pt,0.951338
lfw,727,int8pt,0.947321
lfw,728,int8pt,0.965410
lfw,729,int8pt,0.958281
lfw,730,int8pt,0.960816
lfw,731,int8pt,0.961990
lfw,732,int8pt,0.961943
lfw,733,int8pt,0.966309
lfw,734,int8pt,0.956819
lfw,735,int8pt,0.952511
lfw,736,int8pt,0.952375
lfw,737,int8pt,0.955482
lfw,738,int8pt,0.954782
lfw,739,int8pt,0.954618
lfw,740,int8pt,0.947371
lfw,741,int8pt,0.954772
lfw,742,int8pt,0.957570
lfw,743,int8pt,0.943290
lfw,744,int8pt,0.964207
lfw,745,int8pt,0.967124
lfw,746,int8pt,0.964711
lfw,747,int8pt,0.955849
lfw,748,int8pt,0.952444
lfw,749,int8pt,0.956413
lfw,750,int8pt,0.960381
lfw,751,int8pt,0.966561
lfw,752,int8pt,0.944638
lfw,753,int8pt,0.947866
lfw,754,int8pt,0.953340
lfw,755,int8pt,0.954410
lfw,756,int8pt,0.955793
lfw,757,int8pt,0.965213
lfw,758,int8pt,0.948963
lfw,759,int8pt,0.921624
lfw,760,int8pt,0.939554
lfw,761,int8pt,0.950861
lfw,762,int8pt,0.950111
lfw,763,int8pt,0.959477
lfw,764,int8pt,0.965329
lfw,765,int8pt,0.949106
lfw,766,int8pt,0.968993
lfw,767,int8pt,0.943155
lfw,768,int8pt,0.957311
lfw,769,int8pt,0.952684
lfw,770,int8pt,0.936101
lfw,771,int8pt,0.962290
lfw,772,int8pt,0.959997
lfw,773,int8pt,0.949161
lfw,774,int8pt,0.954768
lfw,775,int8pt,0.948284
lfw,776,int8pt,0.932799
lfw,777,int8pt,0.958151
lfw,778,int8pt,0.958132
lfw,779,int8pt,0.960304
lfw,780,int8pt,0.963528
lfw,781,int8pt,0.957206
lfw,782,int8pt,0.935767
lfw,783,int8pt,0.954106
lfw,784,int8pt,0.958785
lfw,785,int8pt,0.958183
lfw,786,int8pt,0.953603
lfw,787,int8pt,0.966729
lfw,788,int8pt,0.957158
lfw,789,int8pt,0.946007
lfw,790,int8pt,0.967011
lfw,791,int8pt,0.942564
lfw,792,int8pt,0.954943
lfw,793,int8pt,0.958939
lfw,794,int8pt,0.971024
lfw,795,int8pt,0.964427
lfw,796,int8pt,0.963621
lfw,797,int8pt,0.960189
lfw,798,int8pt,0.966266
lfw,799,int8pt,0.949409
lfw,800,int8pt,0.954060
lfw,801,int8pt,0.927553
lfw,802,int8pt,0.952478
lfw,803,int8pt,0.959808
lfw,804,int8pt,0.967764
lfw,805,int8pt,0.951410
lfw,806,int8pt,0.960510
lfw,807,int8pt,0.948620
lfw,808,int8pt,0.965744
lfw,809,int8pt,0.949662
lfw,810,int8pt,0.929183
lfw,811,int8pt,0.937706
lfw,812,int8pt,0.959484
lfw,813,int8pt,0.950805
lfw,814,int8pt,0.969807
lfw,815,int8pt,0.949036
lfw,816,int8pt,0.955169
lfw,817,int8pt,0.967893
lfw,818,int8pt,0.962471
lfw,819,int8pt,0.936182
lfw,820,int8pt,0.952330
lfw,821,int8pt,0.950213
lfw,822,int8pt,0.965029
lfw,823,int8pt,0.964841
lfw,824,int8pt,0.950112
lfw,825,int8pt,0.937482
lfw,826,int8pt,0.956043
lfw,827,int8pt,0.958454
lfw,828,int8pt,0.957733
lfw,829,int8pt,0.966005
lfw,830,int8pt,0.949909
lfw,831,int8pt,0.953058
lfw,832,int8pt,0.957898
lfw,833,int8pt,0.945696
lfw,834,int8pt,0.962092
lfw,835,int8pt,0.940951
lfw,836,int8pt,0.931431
lfw,837,int8pt,0.946491
lfw,838,int8pt,0.953892
lfw,839,int8pt,0.959568
lfw,840,int8pt,0.963743
lfw,841,int8pt,0.965016
lfw,842,int8pt,0.935062
lfw,843,int8pt,0.961553
lfw,844,int8pt,0.961302
lfw,845,int8pt,0.955455
lfw,846,int8pt,0.955579
lfw,847,int8pt,0.958158
lfw,848,int8pt,0.942277
lfw,849,int8pt,0.949374
lfw,850,int8pt,0.956335
lfw,851,int8pt,0.941389
lfw,852,int8pt,0.952707
lfw,853,int8pt,0.947343
lfw,854,int8pt,0.963447
lfw,855,int8pt,0.961786
lfw,856,int8pt,0.951199
lfw,857,int8pt,0.958569
lfw,858,int8pt,0.924228
lfw,859,int8pt,0.959494
lfw,860,int8pt,0.933841
lfw,861,int8pt,0.959289
lfw,862,int8pt,0.947625
lfw,863,int8pt,0.950483
lfw,864,int8pt,0.931505
lfw,865,int8pt,0.934796
lfw,866,int8pt,0.952521
lfw,867,int8pt,0.969749
lfw,868,int8pt,0.951481
lfw,869,int8pt,0.948641
lfw,870,int8pt,0.941698
lfw,871,int8pt,0.966408
lfw,872,int8pt,0.944380
lfw,873,int8pt,0.947974
lfw,874,int8pt,0.961925
lfw,875,int8pt,0.917309
lfw,876,int8pt,0.944601
lfw,877,int8pt,0.951276
lfw,878,int8pt,0.953942
lfw,879,int8pt,0.949183
lfw,880,int8pt,0.957006
lfw,881,int8pt,0.950425
lfw,882,int8pt,0.963890
lfw,883,int8pt,0.953066
lfw,884,int8pt,0.968487
lfw,885,int8pt,0.955079
lfw,886,int8pt,0.971754
lfw,887,int8pt,0.957705
lfw,888,int8pt,0.962832
lfw,889,int8pt,0.962331
lfw,890,int8pt,0.932137
lfw,891,int8pt,0.951171
lfw,892,int8pt,0.934473
lfw,893,int8pt,0.963197
lfw,894,int8pt,0.934815
lfw,895,int8pt,0.949110
lfw,896,int8pt,0.956163
lfw,897,int8pt,0.943688
lfw,898,int8pt,0.937896
lfw,899,int8pt,0.929500
lfw,900,int8pt,0.952280
lfw,901,int8pt,0.945239
lfw,902,int8pt,0.931107
lfw,903,int8pt,0.932916
lfw,904,int8pt,0.968207
lfw,905,int8pt,0.972106
lfw,906,int8pt,0.957587
lfw,907,int8pt,0.974816
lfw,908,int8pt,0.946412
lfw,909,int8pt,0.961373
lfw,910,int8pt,0.915721
lfw,911,int8pt,0.955019
lfw,912,int8pt,0.951089
lfw,913,int8pt,0.952553
lfw,914,int8pt,0.944214
lfw,915,int8pt,0.956575
lfw,916,int8pt,0.960602
lfw,917,int8pt,0.954421
lfw,918,int8pt,0.948895
lfw,919,int8pt,0.945549
lfw,920,int8pt,0.960129
lfw,921,int8pt,0.971074
lfw,922,int8pt,0.936750
lfw,923,int8pt,0.966407
lfw,924,int8pt,0.950386
lfw,925,int8pt,0.947260
lfw,926,int8pt,0.959336
lfw,927,int8pt,0.938186
lfw,928,int8pt,0.962832
lfw,929,int8pt,0.955751
lfw,930,int8pt,0.965530
lfw,931,int8pt,0.952120
lfw,932,int8pt,0.957598
lfw,933,int8pt,0.919687
lfw,934,int8pt,0.938433
lfw,935,int8pt,0.936640
lfw,936,int8pt,0.955187
lfw,937,int8pt,0.952101
lfw,938,int8pt,0.946661
lfw,939,int8pt,0.934707
lfw,940,int8pt,0.956631
lfw,941,int8pt,0.962194
lfw,942,int8pt,0.939180
lfw,943,int8pt,0.951151
lfw,944,int8pt,0.956443
lfw,945,int8pt,0.941015
lfw,946,int8pt,0.948608
lfw,947,int8pt,0.957371
lfw,948,int8pt,0.963774
lfw,949,int8pt,0.965031
lfw,950,int8pt,0.958505
lfw,951,int8pt,0.939978
lfw,952,int8pt,0.959127
lfw,953,int8pt,0.950600
lfw,954,int8pt,0.952052
lfw,955,int8pt,0.955082
lfw,956,int8pt,0.930033
lfw,957,int8pt,0.935439
lfw,958,int8pt,0.957547
lfw,959,int8pt,0.954489
lfw,960,int8pt,0.956257
lfw,961,int8pt,0.923331
lfw,962,int8pt,0.960976
lfw,963,int8pt,0.941013
lfw,964,int8pt,0.943603
lfw,965,int8pt,0.958606
lfw,966,int8pt,0.943283
lfw,967,int8pt,0.953510
lfw,968,int8pt,0.965804
lfw,969,int8pt,0.967971
lfw,970,int8pt,0.961095
lfw,971,int8pt,0.966000
lfw,972,int8pt,0.974902
lfw,973,int8pt,0.962613
lfw,974,int8pt,0.955458
lfw,975,int8pt,0.940054
lfw,976,int8pt,0.955079
lfw,977,int8pt,0.948898
lfw,978,int8pt,0.942159
lfw,979,int8pt,0.947439
lfw,980,int8pt,0.940918
lfw,981,int8pt,0.951724
lfw,982,int8pt,0.957759
lfw,983,int8pt,0.953308
lfw,984,int8pt,0.941853
lfw,985,int8pt,0.932743
lfw,986,int8pt,0.944689
lfw,987,int8pt,0.935292
lfw,988,int8pt,0.946275
lfw,989,int8pt,0.936970
lfw,990,int8pt,0.949017
lfw,991,int8pt,0.960826
lfw,992,int8pt,0.966718
lfw,993,int8pt,0.938679
lfw,994,int8pt,0.938177
lfw,995,int8pt,0.941008
lfw,996,int8pt,0.945807
lfw,997,int8pt,0.952907
lfw,998,int8pt,0.956337
lfw,999,int8pt,0.963329
lfw,1000,int8pt,0.931939
lfw,1001,int8pt,0.935595
lfw,1002,int8pt,0.940294
lfw,1003,int8pt,0.957873
lfw,1004,int8pt,0.947595
lfw,1005,int8pt,0.951329
lfw,1006,int8pt,0.951203
lfw,1007,int8pt,0.938781
lfw,1008,int8pt,0.951208
lfw,1009,int8pt,0.956732
lfw,1010,int8pt,0.961415
lfw,1011,int8pt,0.958193
lfw,1012,int8pt,0.965407
lfw,1013,int8pt,0.970524
lfw,1014,int8pt,0.934048
lfw,1015,int8pt,0.950197
lfw,1016,int8pt,0.951681
lfw,1017,int8pt,0.957212
lfw,1018,int8pt,0.956643
lfw,1019,int8pt,0.951842
lfw,1020,int8pt,0.955950
lfw,1021,int8pt,0.964523
lfw,1022,int8pt,0.958146
lfw,1023,int8pt,0.960610
lfw,1024,int8pt,0.944527
lfw,1025,int8pt,0.944170
lfw,1026,int8pt,0.955421
lfw,1027,int8pt,0.949299
lfw,1028,int8pt,0.938244
lfw,1029,int8pt,0.972771
lfw,1030,int8pt,0.945774
lfw,1031,int8pt,0.946893
lfw,1032,int8pt,0.961020
lfw,1033,int8pt,0.947419
lfw,1034,int8pt,0.957291
lfw,1035,int8pt,0.945398
lfw,1036,int8pt,0.964996
lfw,1037,int8pt,0.970520
lfw,1038,int8pt,0.955284
lfw,1039,int8pt,0.972026
lfw,1040,int8pt,0.970994
lfw,1041,int8pt,0.959271
lfw,1042,int8pt,0.966954
lfw,1043,int8pt,0.969422
lfw,1044,int8pt,0.973638
lfw,1045,int8pt,0.958380
lfw,1046,int8pt,0.972664
lfw,1047,int8pt,0.965347
lfw,1048,int8pt,0.948233
lfw,1049,int8pt,0.920768
lfw,1050,int8pt,0.954839
lfw,1051,int8pt,0.964132
lfw,1052,int8pt,0.965339
lfw,1053,int8pt,0.970196
lfw,1054,int8pt,0.972924
lfw,1055,int8pt,0.965757
lfw,1056,int8pt,0.964340
lfw,1057,int8pt,0.949979
lfw,1058,int8pt,0.954231
lfw,1059,int8pt,0.960656
lfw,1060,int8pt,0.949733
lfw,1061,int8pt,0.963179
lfw,1062,int8pt,0.934200
lfw,1063,int8pt,0.956248
lfw,1064,int8pt,0.939507
lfw,1065,int8pt,0.964187
lfw,1066,int8pt,0.935883
lfw,1067,int8pt,0.931330
lfw,1068,int8pt,0.941587
lfw,1069,int8pt,0.962869
lfw,1070,int8pt,0.966852
lfw,1071,int8pt,0.958625
lfw,1072,int8pt,0.948964
lfw,1073,int8pt,0.954790
lfw,1074,int8pt,0.959981
lfw,1075,int8pt,0.938113
lfw,1076,int8pt,0.939454
lfw,1077,int8pt,0.948937
lfw,1078,int8pt,0.939262
lfw,1079,int8pt,0.959235
lfw,1080,int8pt,0.949225
lfw,1081,int8pt,0.944162
lfw,1082,int8pt,0.944093
lfw,1083,int8pt,0.957385
lfw,1084,int8pt,0.960695
lfw,1085,int8pt,0.939805
lfw,1086,int8pt,0.930088
lfw,1087,int8pt,0.923662
lfw,1088,int8pt,0.966982
lfw,1089,int8pt,0.929132
lfw,1090,int8pt,0.942036
lfw,1091,int8pt,0.925635
lfw,1092,int8pt,0.946101
lfw,1093,int8pt,0.944796
lfw,1094,int8pt,0.935390
lfw,1095,int8pt,0.949838
lfw,1096,int8pt,0.967163
lfw,1097,int8pt,0.973176
lfw,1098,int8pt,0.958729
lfw,1099,int8pt,0.963600
lfw,1100,int8pt,0.914750
lfw,1101,int8pt,0.942759
lfw,1102,int8pt,0.958732
lfw,1103,int8pt,0.948224
lfw,1104,int8pt,0.965782
lfw,1105,int8pt,0.934577
lfw,1106,int8pt,0.957614
lfw,1107,int8pt,0.935111
lfw,1108,int8pt,0.947410
lfw,1109,int8pt,0.947968
lfw,1110,int8pt,0.950620
lfw,1111,int8pt,0.949174
lfw,1112,int8pt,0.955853
lfw,1113,int8pt,0.963971
lfw,1114,int8pt,0.942418
lfw,1115,int8pt,0.945370
lfw,1116,int8pt,0.960284
lfw,1117,int8pt,0.956659
lfw,1118,int8pt,0.935429
lfw,1119,int8pt,0.946718
lfw,1120,int8pt,0.938445
lfw,1121,int8pt,0.942560
lfw,1122,int8pt,0.957399
lfw,1123,int8pt,0.949718
lfw,1124,int8pt,0.941827
lfw,1125,int8pt,0.927205
lfw,1126,int8pt,0.926512
lfw,1127,int8pt,0.944281
lfw,1128,int8pt,0.955031
lfw,1129,int8pt,0.963055
lfw,1130,int8pt,0.935541
lfw,1131,int8pt,0.952953
lfw,1132,int8pt,0.965280
lfw,1133,int8pt,0.950515
lfw,1134,int8pt,0.951896
lfw,1135,int8pt,0.957798
lfw,1136,int8pt,0.950409
lfw,1137,int8pt,0.968974
lfw,1138,int8pt,0.943953
lfw,1139,int8pt,0.972574
lfw,1140,int8pt,0.957367
lfw,1141,int8pt,0.964023
lfw,1142,int8pt,0.954062
lfw,1143,int8pt,0.954245
lfw,1144,int8pt,0.943717
lfw,1145,int8pt,0.963905
lfw,1146,int8pt,0.967327
lfw,1147,int8pt,0.964420
lfw,1148,int8pt,0.952798
lfw,1149,int8pt,0.965233
lfw,1150,int8pt,0.957045
lfw,1151,int8pt,0.968699
lfw,1152,int8pt,0.966303
lfw,1153,int8pt,0.956667
lfw,1154,int8pt,0.958715
lfw,1155,int8pt,0.960735
lfw,1156,int8pt,0.946937
lfw,1157,int8pt,0.966154
lfw,1158,int8pt,0.960081
lfw,1159,int8pt,0.951895
lfw,1160,int8pt,0.939282
lfw,1161,int8pt,0.971585
lfw,1162,int8pt,0.937756
lfw,1163,int8pt,0.960742
lfw,1164,int8pt,0.961428
lfw,1165,int8pt,0.963505
lfw,1166,int8pt,0.947925
lfw,1167,int8pt,0.958927
lfw,1168,int8pt,0.950682
lfw,1169,int8pt,0.947479
lfw,1170,int8pt,0.960828
lfw,1171,int8pt,0.964472
lfw,1172,int8pt,0.945859
lfw,1173,int8pt,0.948152
lfw,1174,int8pt,0.959407
lfw,1175,int8pt,0.941415
lfw,1176,int8pt,0.940538
lfw,1177,int8pt,0.953979
lfw,1178,int8pt,0.922730
lfw,1179,int8pt,0.963928
lfw,1180,int8pt,0.944717
lfw,1181,int8pt,0.953858
lfw,1182,int8pt,0.941892
lfw,1183,int8pt,0.954923
lfw,1184,int8pt,0.958561
lfw,1185,int8pt,0.969007
lfw,1186,int8pt,0.943276
lfw,1187,int8pt,0.958287
lfw,1188,int8pt,0.954955
lfw,1189,int8pt,0.964159
lfw,1190,int8pt,0.950401
lfw,1191,int8pt,0.966644
lfw,1192,int8pt,0.959538
lfw,1193,int8pt,0.958583
lfw,1194,int8pt,0.955140
lfw,1195,int8pt,0.935727
lfw,1196,int8pt,0.958816
lfw,1197,int8pt,0.957533
lfw,1198,int8pt,0.960326
lfw,1199,int8pt,0.953405
lfw,1200,int8pt,0.949025
lfw,1201,int8pt,0.963259
lfw,1202,int8pt,0.941398
lfw,1203,int8pt,0.952348
lfw,1204,int8pt,0.961825
lfw,1205,int8pt,0.964908
lfw,1206,int8pt,0.960504
lfw,1207,int8pt,0.962614
lfw,1208,int8pt,0.967440
lfw,1209,int8pt,0.943652
lfw,1210,int8pt,0.949159
lfw,1211,int8pt,0.963958
lfw,1212,int8pt,0.963548
lfw,1213,int8pt,0.954106
lfw,1214,int8pt,0.957259
lfw,1215,int8pt,0.947115
lfw,1216,int8pt,0.956631
lfw,1217,int8pt,0.955464
lfw,1218,int8pt,0.914870
lfw,1219,int8pt,0.958057
lfw,1220,int8pt,0.966462
lfw,1221,int8pt,0.960919
lfw,1222,int8pt,0.957185
lfw,1223,int8pt,0.960800
lfw,1224,int8pt,0.954730
lfw,1225,int8pt,0.945240
lfw,1226,int8pt,0.939572
lfw,1227,int8pt,0.959470
lfw,1228,int8pt,0.965089
lfw,1229,int8pt,0.968088
lfw,1230,int8pt,0.925883
lfw,1231,int8pt,0.960727
lfw,1232,int8pt,0.958064
lfw,1233,int8pt,0.961357
lfw,1234,int8pt,0.955974
lfw,1235,int8pt,0.936095
lfw,1236,int8pt,0.972331
lfw,1237,int8pt,0.966290
lfw,1238,int8pt,0.948468
lfw,1239,int8pt,0.937132
lfw,1240,int8pt,0.958045
lfw,1241,int8pt,0.942903
lfw,1242,int8pt,0.952803
lfw,1243,int8pt,0.945794
lfw,1244,int8pt,0.964262
lfw,1245,int8pt,0.952692
lfw,1246,int8pt,0.958787
lfw,1247,int8pt,0.956231
lfw,1248,int8pt,0.941410
lfw,1249,int8pt,0.955606
lfw,1250,int8pt,0.959436
lfw,1251,int8pt,0.952558
lfw,1252,int8pt,0.973418
lfw,1253,int8pt,0.963455
lfw,1254,int8pt,0.951847
lfw,1255,int8pt,0.938680
lfw,1256,int8pt,0.953081
lfw,1257,int8pt,0.952935
lfw,1258,int8pt,0.957351
lfw,1259,int8pt,0.954672
lfw,1260,int8pt,0.957700
lfw,1261,int8pt,0.961053
lfw,1262,int8pt,0.920055
lfw,1263,int8pt,0.945240
lfw,1264,int8pt,0.947053
lfw,1265,int8pt,0.947570
lfw,1266,int8pt,0.964169
lfw,1267,int8pt,0.943880
lfw,1268,int8pt,0.938081
lfw,1269,int8pt,0.944875
lfw,1270,int8pt,0.933717
lfw,1271,int8pt,0.958829
lfw,1272,int8pt,0.952713
lfw,1273,int8pt,0.969973
lfw,1274,int8pt,0.943912
lfw,1275,int8pt,0.945753
lfw,1276,int8pt,0.962990
lfw,1277,int8pt,0.944748
lfw,1278,int8pt,0.935962
lfw,1279,int8pt,0.971792
lfw,1280,int8pt,0.951855
lfw,1281,int8pt,0.962200
lfw,1282,int8pt,0.949885
lfw,1283,int8pt,0.950253
lfw,1284,int8pt,0.951747
lfw,1285,int8pt,0.929005
lfw,1286,int8pt,0.966844
lfw,1287,int8pt,0.960106
lfw,1288,int8pt,0.963483
lfw,1289,int8pt,0.967563
lfw,1290,int8pt,0.961485
lfw,1291,int8pt,0.951854
lfw,1292,int8pt,0.958288
lfw,1293,int8pt,0.941582
lfw,1294,int8pt,0.950419
lfw,1295,int8pt,0.968548
lfw,1296,int8pt,0.957846
lfw,1297,int8pt,0.964384
lfw,1298,int8pt,0.952120
lfw,1299,int8pt,0.954049
lfw,1300,int8pt,0.961704
lfw,1301,int8pt,0.952107
lfw,1302,int8pt,0.963779
lfw,1303,int8pt,0.962310
lfw,1304,int8pt,0.947068
lfw,1305,int8pt,0.947934
lfw,1306,int8pt,0.951968
lfw,1307,int8pt,0.930090
lfw,1308,int8pt,0.959319
lfw,1309,int8pt,0.951705
lfw,1310,int8pt,0.938859
lfw,1311,int8pt,0.936045
lfw,1312,int8pt,0.942852
lfw,1313,int8pt,0.937687
lfw,1314,int8pt,0.956237
lfw,1315,int8pt,0.952601
lfw,1316,int8pt,0.952613
lfw,1317,int8pt,0.957264
lfw,1318,int8pt,0.953241
lfw,1319,int8pt,0.944096
lfw,1320,int8pt,0.951508
lfw,1321,int8pt,0.925688
lfw,1322,int8pt,0.937738
lfw,1323,int8pt,0.918457
lfw,1324,int8pt,0.952692
lfw,1325,int8pt,0.954327
lfw,1326,int8pt,0.923410
lfw,1327,int8pt,0.964058
lfw,1328,int8pt,0.950107
lfw,1329,int8pt,0.947484
lfw,1330,int8pt,0.946373
lfw,1331,int8pt,0.950037
lfw,1332,int8pt,0.944724
lfw,1333,int8pt,0.935260
lfw,1334,int8pt,0.951940
lfw,1335,int8pt,0.933905
lfw,1336,int8pt,0.956353
lfw,1337,int8pt,0.949355
lfw,1338,int8pt,0.961528
lfw,1339,int8pt,0.942335
lfw,1340,int8pt,0.957673
lfw,1341,int8pt,0.950169
lfw,1342,int8pt,0.946078
lfw,1343,int8pt,0.939172
lfw,1344,int8pt,0.967864
lfw,1345,int8pt,0.953139
lfw,1346,int8pt,0.944109
lfw,1347,int8pt,0.962695
lfw,1348,int8pt,0.963225
lfw,1349,int8pt,0.936327
lfw,1350,int8pt,0.971571
lfw,1351,int8pt,0.926187
lfw,1352,int8pt,0.929475
lfw,1353,int8pt,0.938151
lfw,1354,int8pt,0.934039
lfw,1355,int8pt,0.964986
lfw,1356,int8pt,0.942776
lfw,1357,int8pt,0.936007
lfw,1358,int8pt,0.962413
lfw,1359,int8pt,0.949632
lfw,1360,int8pt,0.955290
lfw,1361,int8pt,0.936442
lfw,1362,int8pt,0.963454
lfw,1363,int8pt,0.956647
lfw,1364,int8pt,0.955418
lfw,1365,int8pt,0.959762
lfw,1366,int8pt,0.944165
lfw,1367,int8pt,0.948554
lfw,1368,int8pt,0.955548
lfw,1369,int8pt,0.960387
lfw,1370,int8pt,0.956102
lfw,1371,int8pt,0.953269
lfw,1372,int8pt,0.957555
lfw,1373,int8pt,0.976684
lfw,1374,int8pt,0.963504
lfw,1375,int8pt,0.959423
lfw,1376,int8pt,0.954166
lfw,1377,int8pt,0.966185
lfw,1378,int8pt,0.957735
lfw,1379,int8pt,0.943802
lfw,1380,int8pt,0.939756
lfw,1381,int8pt,0.950287
lfw,1382,int8pt,0.936927
lfw,1383,int8pt,0.968750
lfw,1384,int8pt,0.961275
lfw,1385,int8pt,0.963191
lfw,1386,int8pt,0.959752
lfw,1387,int8pt,0.965704
lfw,1388,int8pt,0.954579
lfw,1389,int8pt,0.962024
lfw,1390,int8pt,0.968155
lfw,1391,int8pt,0.966409
lfw,1392,int8pt,0.949642
lfw,1393,int8pt,0.967875
lfw,1394,int8pt,0.954802
lfw,1395,int8pt,0.969402
lfw,1396,int8pt,0.939719
lfw,1397,int8pt,0.952664
lfw,1398,int8pt,0.956131
lfw,1399,int8pt,0.956601
lfw,1400,int8pt,0.965713
lfw,1401,int8pt,0.950914
lfw,1402,int8pt,0.950154
lfw,1403,int8pt,0.966230
lfw,1404,int8pt,0.953326
lfw,1405,int8pt,0.950401
lfw,1406,int8pt,0.968805
lfw,1407,int8pt,0.965357
lfw,1408,int8pt,0.968037
lfw,1409,int8pt,0.956933
lfw,1410,int8pt,0.964993
lfw,1411,int8pt,0.966599
lfw,1412,int8pt,0.967516
lfw,1413,int8pt,0.968526
lfw,1414,int8pt,0.965864
lfw,1415,int8pt,0.928503
lfw,1416,int8pt,0.929690
lfw,1417,int8pt,0.954129
lfw,1418,int8pt,0.953845
lfw,1419,int8pt,0.939347
lfw,1420,int8pt,0.953441
lfw,1421,int8pt,0.943563
lfw,1422,int8pt,0.949289
lfw,1423,int8pt,0.937030
lfw,1424,int8pt,0.927774
lfw,1425,int8pt,0.928848
lfw,1426,int8pt,0.957374
lfw,1427,int8pt,0.949888
lfw,1428,int8pt,0.955654
lfw,1429,int8pt,0.960231
lfw,1430,int8pt,0.958864
lfw,1431,int8pt,0.946506
lfw,1432,int8pt,0.954024
lfw,1433,int8pt,0.923292
lfw,1434,int8pt,0.926512
lfw,1435,int8pt,0.948130
lfw,1436,int8pt,0.948700
lfw,1437,int8pt,0.945053
lfw,1438,int8pt,0.968774
lfw,1439,int8pt,0.937827
lfw,1440,int8pt,0.956263
lfw,1441,int8pt,0.942311
lfw,1442,int8pt,0.948063
lfw,1443,int8pt,0.916241
lfw,1444,int8pt,0.951110
lfw,1445,int8pt,0.958196
lfw,1446,int8pt,0.957177
lfw,1447,int8pt,0.952654
lfw,1448,int8pt,0.973428
lfw,1449,int8pt,0.954239
lfw,1450,int8pt,0.954310
lfw,1451,int8pt,0.956651
lfw,1452,int8pt,0.970656
lfw,1453,int8pt,0.947738
lfw,1454,int8pt,0.956769
lfw,1455,int8pt,0.933437
lfw,1456,int8pt,0.928461
lfw,1457,int8pt,0.933263
lfw,1458,int8pt,0.944639
lfw,1459,int8pt,0.962439
lfw,1460,int8pt,0.968827
lfw,1461,int8pt,0.931130
lfw,1462,int8pt,0.952483
lfw,1463,int8pt,0.973663
lfw,1464,int8pt,0.961760
lfw,1465,int8pt,0.965204
lfw,1466,int8pt,0.957708
lfw,1467,int8pt,0.939549
lfw,1468,int8pt,0.950115
lfw,1469,int8pt,0.967032
lfw,1470,int8pt,0.956479
lfw,1471,int8pt,0.966487
lfw,1472,int8pt,0.954851
lfw,1473,int8pt,0.950229
lfw,1474,int8pt,0.947009
lfw,1475,int8pt,0.948202
lfw,1476,int8pt,0.958627
lfw,1477,int8pt,0.967934
lfw,1478,int8pt,0.948185
lfw,1479,int8pt,0.963243
lfw,1480,int8pt,0.951412
lfw,1481,int8pt,0.968758
lfw,1482,int8pt,0.949279
lfw,1483,int8pt,0.945060
lfw,1484,int8pt,0.958462
lfw,1485,int8pt,0.941220
lfw,1486,int8pt,0.959246
lfw,1487,int8pt,0.963803
lfw,1488,int8pt,0.944334
lfw,1489,int8pt,0.965693
lfw,1490,int8pt,0.968116
lfw,1491,int8pt,0.942904
lfw,1492,int8pt,0.962935
lfw,1493,int8pt,0.912971
lfw,1494,int8pt,0.941573
lfw,1495,int8pt,0.955937
lfw,1496,int8pt,0.951003
lfw,1497,int8pt,0.963000
lfw,1498,int8pt,0.940556
lfw,1499,int8pt,0.964553
lfw,1500,int8pt,0.956816
lfw,1501,int8pt,0.953380
lfw,1502,int8pt,0.943499
lfw,1503,int8pt,0.946468
lfw,1504,int8pt,0.940344
lfw,1505,int8pt,0.951337
lfw,1506,int8pt,0.948866
lfw,1507,int8pt,0.953229
lfw,1508,int8pt,0.946944
lfw,1509,int8pt,0.937953
lfw,1510,int8pt,0.936478
lfw,1511,int8pt,0.956495
lfw,1512,int8pt,0.940025
lfw,1513,int8pt,0.949302
lfw,1514,int8pt,0.942967
lfw,1515,int8pt,0.960742
lfw,1516,int8pt,0.966992
lfw,1517,int8pt,0.951429
lfw,1518,int8pt,0.961847
lfw,1519,int8pt,0.960127
lfw,1520,int8pt,0.944331
lfw,1521,int8pt,0.935231
lfw,1522,int8pt,0.942513
lfw,1523,int8pt,0.964490
lfw,1524,int8pt,0.958345
lfw,1525,int8pt,0.957245
lfw,1526,int8pt,0.947167
lfw,1527,int8pt,0.946127
lfw,1528,int8pt,0.968740
lfw,1529,int8pt,0.908219
lfw,1530,int8pt,0.966197
lfw,1531,int8pt,0.943899
lfw,1532,int8pt,0.959548
lfw,1533,int8pt,0.947004
lfw,1534,int8pt,0.964500
lfw,1535,int8pt,0.955647
lfw,1536,int8pt,0.961142
lfw,1537,int8pt,0.928736
lfw,1538,int8pt,0.956324
lfw,1539,int8pt,0.934652
lfw,1540,int8pt,0.941539
lfw,1541,int8pt,0.951456
lfw,1542,int8pt,0.951364
lfw,1543,int8pt,0.951475
lfw,1544,int8pt,0.954786
lfw,1545,int8pt,0.964435
lfw,1546,int8pt,0.922471
lfw,1547,int8pt,0.947812
lfw,1548,int8pt,0.946178
lfw,1549,int8pt,0.951850
lfw,1550,int8pt,0.938510
lfw,1551,int8pt,0.957106
lfw,1552,int8pt,0.945800
lfw,1553,int8pt,0.945410
lfw,1554,int8pt,0.946273
lfw,1555,int8pt,0.939034
lfw,1556,int8pt,0.950425
lfw,1557,int8pt,0.943488
lfw,1558,int8pt,0.951853
lfw,1559,int8pt,0.950188
lfw,1560,int8pt,0.934862
lfw,1561,int8pt,0.949328
lfw,1562,int8pt,0.933011
lfw,1563,int8pt,0.959166
lfw,1564,int8pt,0.953864
lfw,1565,int8pt,0.955219
lfw,1566,int8pt,0.964203
lfw,1567,int8pt,0.964934
lfw,1568,int8pt,0.965645
lfw,1569,int8pt,0.977019
lfw,1570,int8pt,0.929453
lfw,1571,int8pt,0.903656
lfw,1572,int8pt,0.961663
lfw,1573,int8pt,0.949603
lfw,1574,int8pt,0.962416
lfw,1575,int8pt,0.936700
lfw,1576,int8pt,0.930425
lfw,1577,int8pt,0.921455
lfw,1578,int8pt,0.953961
lfw,1579,int8pt,0.965339
lfw,1580,int8pt,0.954639
lfw,1581,int8pt,0.964734
lfw,1582,int8pt,0.956746
lfw,1583,int8pt,0.943959
lfw,1584,int8pt,0.951403
lfw,1585,int8pt,0.962765
lfw,1586,int8pt,0.964383
lfw,1587,int8pt,0.962928
lfw,1588,int8pt,0.968122
lfw,1589,int8pt,0.964305
lfw,1590,int8pt,0.935592
lfw,1591,int8pt,0.960375
lfw,1592,int8pt,0.937816
lfw,1593,int8pt,0.950603
lfw,1594,int8pt,0.965650
lfw,1595,int8pt,0.967333
lfw,1596,int8pt,0.965754
lfw,1597,int8pt,0.968993
lfw,1598,int8pt,0.947032
lfw,1599,int8pt,0.943369
lfw,1600,int8pt,0.960449
lfw,1601,int8pt,0.941688
lfw,1602,int8pt,0.935763
lfw,1603,int8pt,0.945056
lfw,1604,int8pt,0.947700
lfw,1605,int8pt,0.946186
lfw,1606,int8pt,0.949811
lfw,1607,int8pt,0.964423
lfw,1608,int8pt,0.936514
lfw,1609,int8pt,0.946672
lfw,1610,int8pt,0.938029
lfw,1611,int8pt,0.935380
lfw,1612,int8pt,0.951157
lfw,1613,int8pt,0.965747
lfw,1614,int8pt,0.964673
lfw,1615,int8pt,0.953269
lfw,1616,int8pt,0.961510
lfw,1617,int8pt,0.944757
lfw,1618,int8pt,0.910323
lfw,1619,int8pt,0.972283
lfw,1620,int8pt,0.966767
lfw,1621,int8pt,0.961122
lfw,1622,int8pt,0.961815
lfw,1623,int8pt,0.962496
lfw,1624,int8pt,0.954915
lfw,1625,int8pt,0.949627
lfw,1626,int8pt,0.971568
lfw,1627,int8pt,0.956376
lfw,1628,int8pt,0.946116
lfw,1629,int8pt,0.966583
lfw,1630,int8pt,0.951265
lfw,1631,int8pt,0.961002
lfw,1632,int8pt,0.961646
lfw,1633,int8pt,0.968828
lfw,1634,int8pt,0.946016
lfw,1635,int8pt,0.949294
lfw,1636,int8pt,0.967147
lfw,1637,int8pt,0.940041
lfw,1638,int8pt,0.962586
lfw,1639,int8pt,0.945641
lfw,1640,int8pt,0.953178
lfw,1641,int8pt,0.942063
lfw,1642,int8pt,0.960622
lfw,1643,int8pt,0.956480
lfw,1644,int8pt,0.962568
lfw,1645,int8pt,0.969407
lfw,1646,int8pt,0.960987
lfw,1647,int8pt,0.963208
lfw,1648,int8pt,0.941313
lfw,1649,int8pt,0.949547
lfw,1650,int8pt,0.949384
lfw,1651,int8pt,0.954183
lfw,1652,int8pt,0.946525
lfw,1653,int8pt,0.952149
lfw,1654,int8pt,0.958408
lfw,1655,int8pt,0.971063
lfw,1656,int8pt,0.929723
lfw,1657,int8pt,0.955167
lfw,1658,int8pt,0.921865
lfw,1659,int8pt,0.938542
lfw,1660,int8pt,0.942691
lfw,1661,int8pt,0.959737
lfw,1662,int8pt,0.940959
lfw,1663,int8pt,0.969342
lfw,1664,int8pt,0.975291
lfw,1665,int8pt,0.945714
lfw,1666,int8pt,0.966210
lfw,1667,int8pt,0.956949
lfw,1668,int8pt,0.967238
lfw,1669,int8pt,0.959690
lfw,1670,int8pt,0.964657
lfw,1671,int8pt,0.966693
lfw,1672,int8pt,0.960469
lfw,1673,int8pt,0.947366
lfw,1674,int8pt,0.911282
lfw,1675,int8pt,0.954088
lfw,1676,int8pt,0.960762
lfw,1677,int8pt,0.959483
lfw,1678,int8pt,0.964535
lfw,1679,int8pt,0.961893
lfw,1680,int8pt,0.960345
lfw,1681,int8pt,0.966395
lfw,1682,int8pt,0.965949
lfw,1683,int8pt,0.961466
lfw,1684,int8pt,0.946001
lfw,1685,int8pt,0.952960
lfw,1686,int8pt,0.967330
lfw,1687,int8pt,0.966185
lfw,1688,int8pt,0.945830
lfw,1689,int8pt,0.966813
lfw,1690,int8pt,0.964855
lfw,1691,int8pt,0.947351
lfw,1692,int8pt,0.961788
lfw,1693,int8pt,0.956854
lfw,1694,int8pt,0.939905
lfw,1695,int8pt,0.943742
lfw,1696,int8pt,0.947029
lfw,1697,int8pt,0.882503
lfw,1698,int8pt,0.968372
lfw,1699,int8pt,0.976307
lfw,1700,int8pt,0.963902
lfw,1701,int8pt,0.965866
lfw,1702,int8pt,0.960984
lfw,1703,int8pt,0.952078
lfw,1704,int8pt,0.956596
lfw,1705,int8pt,0.941341
lfw,1706,int8pt,0.961607
lfw,1707,int8pt,0.953662
lfw,1708,int8pt,0.965129
lfw,1709,int8pt,0.969229
lfw,1710,int8pt,0.956649
lfw,1711,int8pt,0.964536
lfw,1712,int8pt,0.949259
lfw,1713,int8pt,0.963387
lfw,1714,int8pt,0.937843
lfw,1715,int8pt,0.955725
lfw,1716,int8pt,0.945444
lfw,1717,int8pt,0.961143
lfw,1718,int8pt,0.964017
lfw,1719,int8pt,0.950597
lfw,1720,int8pt,0.960312
lfw,1721,int8pt,0.970002
lfw,1722,int8pt,0.947954
lfw,1723,int8pt,0.955185
lfw,1724,int8pt,0.955180
lfw,1725,int8pt,0.965802
lfw,1726,int8pt,0.949632
lfw,1727,int8pt,0.952552
lfw,1728,int8pt,0.941598
lfw,1729,int8pt,0.955836
lfw,1730,int8pt,0.958288
lfw,1731,int8pt,0.933967
lfw,1732,int8pt,0.949662
lfw,1733,int8pt,0.936177
lfw,1734,int8pt,0.941952
lfw,1735,int8pt,0.937206
lfw,1736,int8pt,0.954481
lfw,1737,int8pt,0.960751
lfw,1738,int8pt,0.941083
lfw,1739,int8pt,0.947209
lfw,1740,int8pt,0.956668
lfw,1741,int8pt,0.940325
lfw,1742,int8pt,0.960583
lfw,1743,int8pt,0.953898
lfw,1744,int8pt,0.943529
lfw,1745,int8pt,0.941540
lfw,1746,int8pt,0.953013
lfw,1747,int8pt,0.973467
lfw,1748,int8pt,0.956076
lfw,1749,int8pt,0.954705
lfw,1750,int8pt,0.961773
lfw,1751,int8pt,0.959816
lfw,1752,int8pt,0.928157
lfw,1753,int8pt,0.962065
lfw,1754,int8pt,0.971153
lfw,1755,int8pt,0.947948
lfw,1756,int8pt,0.961867
lfw,1757,int8pt,0.946482
lfw,1758,int8pt,0.973346
lfw,1759,int8pt,0.964145
lfw,1760,int8pt,0.942371
lfw,1761,int8pt,0.954846
lfw,1762,int8pt,0.946737
lfw,1763,int8pt,0.951151
lfw,1764,int8pt,0.960013
lfw,1765,int8pt,0.957705
lfw,1766,int8pt,0.959502
lfw,1767,int8pt,0.965614
lfw,1768,int8pt,0.969191
lfw,1769,int8pt,0.948656
lfw,1770,int8pt,0.964194
lfw,1771,int8pt,0.948632
lfw,1772,int8pt,0.948360
lfw,1773,int8pt,0.957344
lfw,1774,int8pt,0.959527
lfw,1775,int8pt,0.948837
lfw,1776,int8pt,0.939503
lfw,1777,int8pt,0.930977
lfw,1778,int8pt,0.957524
lfw,1779,int8pt,0.941575
lfw,1780,int8pt,0.948817
lfw,1781,int8pt,0.965868
lfw,1782,int8pt,0.961388
lfw,1783,int8pt,0.949764
lfw,1784,int8pt,0.963911
lfw,1785,int8pt,0.925012
lfw,1786,int8pt,0.961173
lfw,1787,int8pt,0.916486
lfw,1788,int8pt,0.955905
lfw,1789,int8pt,0.933634
lfw,1790,int8pt,0.949088
lfw,1791,int8pt,0.964957
lfw,1792,int8pt,0.950473
lfw,1793,int8pt,0.952096
lfw,1794,int8pt,0.961541
lfw,1795,int8pt,0.945689
lfw,1796,int8pt,0.954787
lfw,1797,int8pt,0.965863
lfw,1798,int8pt,0.932801
lfw,1799,int8pt,0.964368
lfw,1800,int8pt,0.954193
lfw,1801,int8pt,0.960865
lfw,1802,int8pt,0.950512
lfw,1803,int8pt,0.951498
lfw,1804,int8pt,0.956801
lfw,1805,int8pt,0.947902
lfw,1806,int8pt,0.961975
lfw,1807,int8pt,0.949992
lfw,1808,int8pt,0.953075
lfw,1809,int8pt,0.940313
lfw,1810,int8pt,0.947028
lfw,1811,int8pt,0.957234
lfw,1812,int8pt,0.959100
lfw,1813,int8pt,0.969469
lfw,1814,int8pt,0.961732
lfw,1815,int8pt,0.966756
lfw,1816,int8pt,0.947840
lfw,1817,int8pt,0.951074
lfw,1818,int8pt,0.959101
lfw,1819,int8pt,0.966840
lfw,1820,int8pt,0.944975
lfw,1821,int8pt,0.956871
lfw,1822,int8pt,0.957586
lfw,1823,int8pt,0.932908
lfw,1824,int8pt,0.940444
lfw,1825,int8pt,0.934110
lfw,1826,int8pt,0.952901
lfw,1827,int8pt,0.959857
lfw,1828,int8pt,0.944025
lfw,1829,int8pt,0.937999
lfw,1830,int8pt,0.952050
lfw,1831,int8pt,0.968192
lfw,1832,int8pt,0.923216
lfw,1833,int8pt,0.973321
lfw,1834,int8pt,0.955290
lfw,1835,int8pt,0.961857
lfw,1836,int8pt,0.955393
lfw,1837,int8pt,0.966453
lfw,1838,int8pt,0.962873
lfw,1839,int8pt,0.946221
lfw,1840,int8pt,0.968651
lfw,1841,int8pt,0.959496
lfw,1842,int8pt,0.948266
lfw,1843,int8pt,0.952790
lfw,1844,int8pt,0.947213
lfw,1845,int8pt,0.965783
lfw,1846,int8pt,0.951984
lfw,1847,int8pt,0.955984
lfw,1848,int8pt,0.968865
lfw,1849,int8pt,0.963010
lfw,1850,int8pt,0.953813
lfw,1851,int8pt,0.947823
lfw,1852,int8pt,0.954179
lfw,1853,int8pt,0.964843
lfw,1854,int8pt,0.960471
lfw,1855,int8pt,0.965700
lfw,1856,int8pt,0.952155
lfw,1857,int8pt,0.955777
lfw,1858,int8pt,0.958342
lfw,1859,int8pt,0.953878
lfw,1860,int8pt,0.955122
lfw,1861,int8pt,0.955103
lfw,1862,int8pt,0.952385
lfw,1863,int8pt,0.951064
lfw,1864,int8pt,0.967689
lfw,1865,int8pt,0.943965
lfw,1866,int8pt,0.958767
lfw,1867,int8pt,0.957676
lfw,1868,int8pt,0.947067
lfw,1869,int8pt,0.946716
lfw,1870,int8pt,0.962195
lfw,1871,int8pt,0.956403
lfw,1872,int8pt,0.940034
lfw,1873,int8pt,0.951934
lfw,1874,int8pt,0.955459
lfw,1875,int8pt,0.945009
lfw,1876,int8pt,0.952309
lfw,1877,int8pt,0.963930
lfw,1878,int8pt,0.972409
lfw,1879,int8pt,0.962627
lfw,1880,int8pt,0.952191
lfw,1881,int8pt,0.967192
lfw,1882,int8pt,0.955216
lfw,1883,int8pt,0.956323
lfw,1884,int8pt,0.952694
lfw,1885,int8pt,0.955934
lfw,1886,int8pt,0.959158
lfw,1887,int8pt,0.958756
lfw,1888,int8pt,0.966151
lfw,1889,int8pt,0.940119
lfw,1890,int8pt,0.930409
lfw,1891,int8pt,0.958011
lfw,1892,int8pt,0.963524
lfw,1893,int8pt,0.951867
lfw,1894,int8pt,0.965884
lfw,1895,int8pt,0.964200
lfw,1896,int8pt,0.951803
lfw,1897,int8pt,0.964931
lfw,1898,int8pt,0.957066
lfw,1899,int8pt,0.961885
lfw,1900,int8pt,0.965301
lfw,1901,int8pt,0.955504
lfw,1902,int8pt,0.963107
lfw,1903,int8pt,0.953011
lfw,1904,int8pt,0.960943
lfw,1905,int8pt,0.957152
lfw,1906,int8pt,0.964025
lfw,1907,int8pt,0.950640
lfw,1908,int8pt,0.958039
lfw,1909,int8pt,0.977455
lfw,1910,int8pt,0.946828
lfw,1911,int8pt,0.952600
lfw,1912,int8pt,0.930655
lfw,1913,int8pt,0.951024
lfw,1914,int8pt,0.951368
lfw,1915,int8pt,0.948423
lfw,1916,int8pt,0.962300
lfw,1917,int8pt,0.957371
lfw,1918,int8pt,0.959099
lfw,1919,int8pt,0.957366
lfw,1920,int8pt,0.945435
lfw,1921,int8pt,0.964203
lfw,1922,int8pt,0.957188
lfw,1923,int8pt,0.961519
lfw,1924,int8pt,0.940472
lfw,1925,int8pt,0.943570
lfw,1926,int8pt,0.965182
lfw,1927,int8pt,0.938263
lfw,1928,int8pt,0.966850
lfw,1929,int8pt,0.972438
lfw,1930,int8pt,0.957072
lfw,1931,int8pt,0.954412
lfw,1932,int8pt,0.938672
lfw,1933,int8pt,0.960807
lfw,1934,int8pt,0.950166
lfw,1935,int8pt,0.954479
lfw,1936,int8pt,0.916936
lfw,1937,int8pt,0.953352
lfw,1938,int8pt,0.957969
lfw,1939,int8pt,0.931760
lfw,1940,int8pt,0.936076
lfw,1941,int8pt,0.965479
lfw,1942,int8pt,0.948486
lfw,1943,int8pt,0.959124
lfw,1944,int8pt,0.960839
lfw,1945,int8pt,0.964714
lfw,1946,int8pt,0.960900
lfw,1947,int8pt,0.915701
lfw,1948,int8pt,0.950424
lfw,1949,int8pt,0.939575
lfw,1950,int8pt,0.933291
lfw,1951,int8pt,0.958153
lfw,1952,int8pt,0.939181
lfw,1953,int8pt,0.963136
lfw,1954,int8pt,0.962785
lfw,1955,int8pt,0.962372
lfw,1956,int8pt,0.968158
lfw,1957,int8pt,0.945981
lfw,1958,int8pt,0.948350
lfw,1959,int8pt,0.947378
lfw,1960,int8pt,0.933280
lfw,1961,int8pt,0.919381
lfw,1962,int8pt,0.968157
lfw,1963,int8pt,0.960838
lfw,1964,int8pt,0.950287
lfw,1965,int8pt,0.949684
lfw,1966,int8pt,0.968613
lfw,1967,int8pt,0.952449
lfw,1968,int8pt,0.956714
lfw,1969,int8pt,0.949542
lfw,1970,int8pt,0.960945
lfw,1971,int8pt,0.961302
lfw,1972,int8pt,0.946516
lfw,1973,int8pt,0.953599
lfw,1974,int8pt,0.960277
lfw,1975,int8pt,0.943189
lfw,1976,int8pt,0.947589
lfw,1977,int8pt,0.938162
lfw,1978,int8pt,0.944307
lfw,1979,int8pt,0.952672
lfw,1980,int8pt,0.925433
lfw,1981,int8pt,0.948129
lfw,1982,int8pt,0.961298
lfw,1983,int8pt,0.953716
lfw,1984,int8pt,0.957792
lfw,1985,int8pt,0.934928
lfw,1986,int8pt,0.933896
lfw,1987,int8pt,0.939821
lfw,1988,int8pt,0.928725
lfw,1989,int8pt,0.971538
lfw,1990,int8pt,0.921010
lfw,1991,int8pt,0.941969
lfw,1992,int8pt,0.959501
lfw,1993,int8pt,0.960343
lfw,1994,int8pt,0.945621
lfw,1995,int8pt,0.961261
lfw,1996,int8pt,0.949644
lfw,1997,int8pt,0.952029
lfw,1998,int8pt,0.970683
lfw,1999,int8pt,0.952108
lfw,2000,int8pt,0.964185
lfw,2001,int8pt,0.965294
lfw,2002,int8pt,0.968041
lfw,2003,int8pt,0.934901
lfw,2004,int8pt,0.966309
lfw,2005,int8pt,0.960498
lfw,2006,int8pt,0.958079
lfw,2007,int8pt,0.931763
lfw,2008,int8pt,0.965621
lfw,2009,int8pt,0.971716
lfw,2010,int8pt,0.964933
lfw,2011,int8pt,0.948938
lfw,2012,int8pt,0.949104
lfw,2013,int8pt,0.907561
lfw,2014,int8pt,0.913729
lfw,2015,int8pt,0.957611
lfw,2016,int8pt,0.955416
lfw,2017,int8pt,0.933333
lfw,2018,int8pt,0.953112
lfw,2019,int8pt,0.927864
lfw,2020,int8pt,0.940093
lfw,2021,int8pt,0.947960
lfw,2022,int8pt,0.945242
lfw,2023,int8pt,0.955825
lfw,2024,int8pt,0.955267
lfw,2025,int8pt,0.953081
lfw,2026,int8pt,0.961264
lfw,2027,int8pt,0.947750
lfw,2028,int8pt,0.949249
lfw,2029,int8pt,0.937837
lfw,2030,int8pt,0.950368
lfw,2031,int8pt,0.970954
lfw,2032,int8pt,0.955407
lfw,2033,int8pt,0.928035
lfw,2034,int8pt,0.950462
lfw,2035,int8pt,0.958977
lfw,2036,int8pt,0.939266
lfw,2037,int8pt,0.944794
lfw,2038,int8pt,0.955898
lfw,2039,int8pt,0.961479
lfw,2040,int8pt,0.942319
lfw,2041,int8pt,0.932762
lfw,2042,int8pt,0.943863
lfw,2043,int8pt,0.960929
lfw,2044,int8pt,0.964756
lfw,2045,int8pt,0.967230
lfw,2046,int8pt,0.963586
lfw,2047,int8pt,0.967705
lfw,2048,int8pt,0.975889
lfw,2049,int8pt,0.942945
lfw,2050,int8pt,0.930642
lfw,2051,int8pt,0.934615
lfw,2052,int8pt,0.940330
lfw,2053,int8pt,0.969005
lfw,2054,int8pt,0.948285
lfw,2055,int8pt,0.955460
lfw,2056,int8pt,0.959952
lfw,2057,int8pt,0.957888
lfw,2058,int8pt,0.935399
lfw,2059,int8pt,0.939153
lfw,2060,int8pt,0.956957
lfw,2061,int8pt,0.943578
lfw,2062,int8pt,0.949232
lfw,2063,int8pt,0.969065
lfw,2064,int8pt,0.958781
lfw,2065,int8pt,0.943329
lfw,2066,int8pt,0.947225
lfw,2067,int8pt,0.947747
lfw,2068,int8pt,0.945544
lfw,2069,int8pt,0.941266
lfw,2070,int8pt,0.964958
lfw,2071,int8pt,0.959825
lfw,2072,int8pt,0.949903
lfw,2073,int8pt,0.935624
lfw,2074,int8pt,0.938585
lfw,2075,int8pt,0.956581
lfw,2076,int8pt,0.961895
lfw,2077,int8pt,0.938024
lfw,2078,int8pt,0.965526
lfw,2079,int8pt,0.937618
lfw,2080,int8pt,0.968352
lfw,2081,int8pt,0.965523
lfw,2082,int8pt,0.955778
lfw,2083,int8pt,0.966593
lfw,2084,int8pt,0.956009
lfw,2085,int8pt,0.957483
lfw,2086,int8pt,0.959885
lfw,2087,int8pt,0.966626
lfw,2088,int8pt,0.958167
lfw,2089,int8pt,0.948700
lfw,2090,int8pt,0.962077
lfw,2091,int8pt,0.933697
lfw,2092,int8pt,0.959156
lfw,2093,int8pt,0.968188
lfw,2094,int8pt,0.951094
lfw,2095,int8pt,0.972001
lfw,2096,int8pt,0.932857
lfw,2097,int8pt,0.946384
lfw,2098,int8pt,0.978401
lfw,2099,int8pt,0.957912
lfw,2100,int8pt,0.967937
lfw,2101,int8pt,0.961395
lfw,2102,int8pt,0.946660
lfw,2103,int8pt,0.963813
lfw,2104,int8pt,0.918500
lfw,2105,int8pt,0.937968
lfw,2106,int8pt,0.931716
lfw,2107,int8pt,0.959053
lfw,2108,int8pt,0.966159
lfw,2109,int8pt,0.960972
lfw,2110,int8pt,0.960078
lfw,2111,int8pt,0.963926
lfw,2112,int8pt,0.956731
lfw,2113,int8pt,0.975577
lfw,2114,int8pt,0.951838
lfw,2115,int8pt,0.952219
lfw,2116,int8pt,0.957524
lfw,2117,int8pt,0.942325
lfw,2118,int8pt,0.963535
lfw,2119,int8pt,0.944643
lfw,2120,int8pt,0.963931
lfw,2121,int8pt,0.978070
lfw,2122,int8pt,0.969678
lfw,2123,int8pt,0.955559
lfw,2124,int8pt,0.967488
lfw,2125,int8pt,0.958524
lfw,2126,int8pt,0.962607
lfw,2127,int8pt,0.933026
lfw,2128,int8pt,0.946556
lfw,2129,int8pt,0.940184
lfw,2130,int8pt,0.951844
lfw,2131,int8pt,0.958588
lfw,2132,int8pt,0.965408
lfw,2133,int8pt,0.958110
lfw,2134,int8pt,0.966428
lfw,2135,int8pt,0.961309
lfw,2136,int8pt,0.957922
lfw,2137,int8pt,0.955295
lfw,2138,int8pt,0.957867
lfw,2139,int8pt,0.948729
lfw,2140,int8pt,0.952990
lfw,2141,int8pt,0.955201
lfw,2142,int8pt,0.949255
lfw,2143,int8pt,0.940366
lfw,2144,int8pt,0.953569
lfw,2145,int8pt,0.968810
lfw,2146,int8pt,0.951150
lfw,2147,int8pt,0.946889
lfw,2148,int8pt,0.937802
lfw,2149,int8pt,0.959094
lfw,2150,int8pt,0.955755
lfw,2151,int8pt,0.951051
lfw,2152,int8pt,0.955931
lfw,2153,int8pt,0.961015
lfw,2154,int8pt,0.959103
lfw,2155,int8pt,0.960025
lfw,2156,int8pt,0.964839
lfw,2157,int8pt,0.952909
lfw,2158,int8pt,0.958585
lfw,2159,int8pt,0.953643
lfw,2160,int8pt,0.939727
lfw,2161,int8pt,0.951836
lfw,2162,int8pt,0.966057
lfw,2163,int8pt,0.950157
lfw,2164,int8pt,0.953137
lfw,2165,int8pt,0.945631
lfw,2166,int8pt,0.947780
lfw,2167,int8pt,0.958577
lfw,2168,int8pt,0.945463
lfw,2169,int8pt,0.958770
lfw,2170,int8pt,0.959155
lfw,2171,int8pt,0.938526
lfw,2172,int8pt,0.954297
lfw,2173,int8pt,0.964411
lfw,2174,int8pt,0.953086
lfw,2175,int8pt,0.961548
lfw,2176,int8pt,0.957359
lfw,2177,int8pt,0.949753
lfw,2178,int8pt,0.962294
lfw,2179,int8pt,0.964906
lfw,2180,int8pt,0.956585
lfw,2181,int8pt,0.942480
lfw,2182,int8pt,0.958202
lfw,2183,int8pt,0.931991
lfw,2184,int8pt,0.954720
lfw,2185,int8pt,0.945766
lfw,2186,int8pt,0.953062
lfw,2187,int8pt,0.964491
lfw,2188,int8pt,0.961847
lfw,2189,int8pt,0.965785
lfw,2190,int8pt,0.945904
lfw,2191,int8pt,0.953446
lfw,2192,int8pt,0.949880
lfw,2193,int8pt,0.954124
lfw,2194,int8pt,0.947900
lfw,2195,int8pt,0.949177
lfw,2196,int8pt,0.965522
lfw,2197,int8pt,0.961629
lfw,2198,int8pt,0.951464
lfw,2199,int8pt,0.937724
lfw,2200,int8pt,0.947610
lfw,2201,int8pt,0.957149
lfw,2202,int8pt,0.961519
lfw,2203,int8pt,0.940670
lfw,2204,int8pt,0.935155
lfw,2205,int8pt,0.962943
lfw,2206,int8pt,0.936110
lfw,2207,int8pt,0.952883
lfw,2208,int8pt,0.957844
lfw,2209,int8pt,0.962562
lfw,2210,int8pt,0.951325
lfw,2211,int8pt,0.969162
lfw,2212,int8pt,0.946793
lfw,2213,int8pt,0.941752
lfw,2214,int8pt,0.963429
lfw,2215,int8pt,0.975320
lfw,2216,int8pt,0.949336
lfw,2217,int8pt,0.958489
lfw,2218,int8pt,0.953513
lfw,2219,int8pt,0.955601
lfw,2220,int8pt,0.950323
lfw,2221,int8pt,0.939479
lfw,2222,int8pt,0.953974
lfw,2223,int8pt,0.941290
lfw,2224,int8pt,0.964478
lfw,2225,int8pt,0.951293
lfw,2226,int8pt,0.954196
lfw,2227,int8pt,0.955385
lfw,2228,int8pt,0.930354
lfw,2229,int8pt,0.956333
lfw,2230,int8pt,0.963484
lfw,2231,int8pt,0.959706
lfw,2232,int8pt,0.958982
lfw,2233,int8pt,0.964189
lfw,2234,int8pt,0.952404
lfw,2235,int8pt,0.946468
lfw,2236,int8pt,0.951807
lfw,2237,int8pt,0.962932
lfw,2238,int8pt,0.951126
lfw,2239,int8pt,0.974372
lfw,2240,int8pt,0.964982
lfw,2241,int8pt,0.946885
lfw,2242,int8pt,0.964193
lfw,2243,int8pt,0.968786
lfw,2244,int8pt,0.941220
lfw,2245,int8pt,0.959804
lfw,2246,int8pt,0.946643
lfw,2247,int8pt,0.947621
lfw,2248,int8pt,0.966026
lfw,2249,int8pt,0.952327
lfw,2250,int8pt,0.962765
lfw,2251,int8pt,0.935814
lfw,2252,int8pt,0.960163
lfw,2253,int8pt,0.960493
lfw,2254,int8pt,0.964444
lfw,2255,int8pt,0.951036
lfw,2256,int8pt,0.968760
lfw,2257,int8pt,0.965830
lfw,2258,int8pt,0.950145
lfw,2259,int8pt,0.958522
lfw,2260,int8pt,0.963118
lfw,2261,int8pt,0.952293
lfw,2262,int8pt,0.963599
lfw,2263,int8pt,0.956941
lfw,2264,int8pt,0.936834
lfw,2265,int8pt,0.954168
lfw,2266,int8pt,0.951376
lfw,2267,int8pt,0.955041
lfw,2268,int8pt,0.965342
lfw,2269,int8pt,0.947369
lfw,2270,int8pt,0.961932
lfw,2271,int8pt,0.945733
lfw,2272,int8pt,0.963138
lfw,2273,int8pt,0.962942
lfw,2274,int8pt,0.963336
lfw,2275,int8pt,0.962770
lfw,2276,int8pt,0.954102
lfw,2277,int8pt,0.958535
lfw,2278,int8pt,0.950440
lfw,2279,int8pt,0.964520
lfw,2280,int8pt,0.962274
lfw,2281,int8pt,0.970464
lfw,2282,int8pt,0.971260
lfw,2283,int8pt,0.961575
lfw,2284,int8pt,0.965218
lfw,2285,int8pt,0.921880
lfw,2286,int8pt,0.940090
lfw,2287,int8pt,0.966377
lfw,2288,int8pt,0.969419
lfw,2289,int8pt,0.930833
lfw,2290,int8pt,0.954115
lfw,2291,int8pt,0.969672
lfw,2292,int8pt,0.960149
lfw,2293,int8pt,0.950316
lfw,2294,int8pt,0.953650
lfw,2295,int8pt,0.940024
lfw,2296,int8pt,0.972888
lfw,2297,int8pt,0.946580
lfw,2298,int8pt,0.951975
lfw,2299,int8pt,0.942242
lfw,2300,int8pt,0.948904
lfw,2301,int8pt,0.966410
lfw,2302,int8pt,0.962946
lfw,2303,int8pt,0.968699
lfw,2304,int8pt,0.956174
lfw,2305,int8pt,0.920557
lfw,2306,int8pt,0.918014
lfw,2307,int8pt,0.967905
lfw,2308,int8pt,0.962641
lfw,2309,int8pt,0.956736
lfw,2310,int8pt,0.945210
lfw,2311,int8pt,0.955523
lfw,2312,int8pt,0.959555
lfw,2313,int8pt,0.968263
lfw,2314,int8pt,0.969205
lfw,2315,int8pt,0.951621
lfw,2316,int8pt,0.926837
lfw,2317,int8pt,0.955077
lfw,2318,int8pt,0.963881
lfw,2319,int8pt,0.934555
lfw,2320,int8pt,0.949346
lfw,2321,int8pt,0.941138
lfw,2322,int8pt,0.968443
lfw,2323,int8pt,0.904249
lfw,2324,int8pt,0.951608
lfw,2325,int8pt,0.964325
lfw,2326,int8pt,0.964482
lfw,2327,int8pt,0.952417
lfw,2328,int8pt,0.954925
lfw,2329,int8pt,0.962307
lfw,2330,int8pt,0.968855
lfw,2331,int8pt,0.955097
lfw,2332,int8pt,0.956459
lfw,2333,int8pt,0.961843
lfw,2334,int8pt,0.974318
lfw,2335,int8pt,0.945516
lfw,2336,int8pt,0.961612
lfw,2337,int8pt,0.945489
lfw,2338,int8pt,0.960897
lfw,2339,int8pt,0.945660
lfw,2340,int8pt,0.955912
lfw,2341,int8pt,0.943342
lfw,2342,int8pt,0.945756
lfw,2343,int8pt,0.961031
lfw,2344,int8pt,0.942062
lfw,2345,int8pt,0.960554
lfw,2346,int8pt,0.959098
lfw,2347,int8pt,0.952233
lfw,2348,int8pt,0.963071
lfw,2349,int8pt,0.953061
lfw,2350,int8pt,0.954090
lfw,2351,int8pt,0.939753
lfw,2352,int8pt,0.949251
lfw,2353,int8pt,0.941946
lfw,2354,int8pt,0.955063
lfw,2355,int8pt,0.952487
lfw,2356,int8pt,0.947627
lfw,2357,int8pt,0.966195
lfw,2358,int8pt,0.963101
lfw,2359,int8pt,0.958128
lfw,2360,int8pt,0.962080
lfw,2361,int8pt,0.937309
lfw,2362,int8pt,0.931815
lfw,2363,int8pt,0.950465
lfw,2364,int8pt,0.947738
lfw,2365,int8pt,0.945917
lfw,2366,int8pt,0.962488
lfw,2367,int8pt,0.971250
lfw,2368,int8pt,0.966173
lfw,2369,int8pt,0.971416
lfw,2370,int8pt,0.971678
lfw,2371,int8pt,0.932594
lfw,2372,int8pt,0.954784
lfw,2373,int8pt,0.953561
lfw,2374,int8pt,0.952220
lfw,2375,int8pt,0.972654
lfw,2376,int8pt,0.960692
lfw,2377,int8pt,0.920892
lfw,2378,int8pt,0.918011
lfw,2379,int8pt,0.945021
lfw,2380,int8pt,0.953673
lfw,2381,int8pt,0.942482
lfw,2382,int8pt,0.966837
lfw,2383,int8pt,0.963755
lfw,2384,int8pt,0.962135
lfw,2385,int8pt,0.966390
lfw,2386,int8pt,0.961803
lfw,2387,int8pt,0.970636
lfw,2388,int8pt,0.965125
lfw,2389,int8pt,0.963340
lfw,2390,int8pt,0.962469
lfw,2391,int8pt,0.962473
lfw,2392,int8pt,0.965910
lfw,2393,int8pt,0.965211
lfw,2394,int8pt,0.963457
lfw,2395,int8pt,0.950611
lfw,2396,int8pt,0.956085
lfw,2397,int8pt,0.956002
lfw,2398,int8pt,0.936421
lfw,2399,int8pt,0.959500
lfw,2400,int8pt,0.966974
lfw,2401,int8pt,0.962436
lfw,2402,int8pt,0.958462
lfw,2403,int8pt,0.946204
lfw,2404,int8pt,0.948621
lfw,2405,int8pt,0.956832
lfw,2406,int8pt,0.951967
lfw,2407,int8pt,0.941119
lfw,2408,int8pt,0.957620
lfw,2409,int8pt,0.940754
lfw,2410,int8pt,0.958771
lfw,2411,int8pt,0.927563
lfw,2412,int8pt,0.956845
lfw,2413,int8pt,0.950785
lfw,2414,int8pt,0.965176
lfw,2415,int8pt,0.926586
lfw,2416,int8pt,0.948422
lfw,2417,int8pt,0.964763
lfw,2418,int8pt,0.946843
lfw,2419,int8pt,0.941434
lfw,2420,int8pt,0.956570
lfw,2421,int8pt,0.958453
lfw,2422,int8pt,0.968688
lfw,2423,int8pt,0.955054
lfw,2424,int8pt,0.950058
lfw,2425,int8pt,0.963073
lfw,2426,int8pt,0.954530
lfw,2427,int8pt,0.933964
lfw,2428,int8pt,0.964811
lfw,2429,int8pt,0.950082
lfw,2430,int8pt,0.949430
lfw,2431,int8pt,0.959866
lfw,2432,int8pt,0.941056
lfw,2433,int8pt,0.960297
lfw,2434,int8pt,0.947815
lfw,2435,int8pt,0.958188
lfw,2436,int8pt,0.954248
lfw,2437,int8pt,0.962849
lfw,2438,int8pt,0.961424
lfw,2439,int8pt,0.958170
lfw,2440,int8pt,0.944050
lfw,2441,int8pt,0.955885
lfw,2442,int8pt,0.944061
lfw,2443,int8pt,0.963626
lfw,2444,int8pt,0.962435
lfw,2445,int8pt,0.966218
lfw,2446,int8pt,0.970023
lfw,2447,int8pt,0.961777
lfw,2448,int8pt,0.971429
lfw,2449,int8pt,0.969438
lfw,2450,int8pt,0.973166
lfw,2451,int8pt,0.965746
lfw,2452,int8pt,0.973862
lfw,2453,int8pt,0.949070
lfw,2454,int8pt,0.944627
lfw,2455,int8pt,0.939183
lfw,2456,int8pt,0.964785
lfw,2457,int8pt,0.944415
lfw,2458,int8pt,0.955586
lfw,2459,int8pt,0.967058
lfw,2460,int8pt,0.938505
lfw,2461,int8pt,0.961010
lfw,2462,int8pt,0.953677
lfw,2463,int8pt,0.945336
lfw,2464,int8pt,0.934258
lfw,2465,int8pt,0.918293
lfw,2466,int8pt,0.952877
lfw,2467,int8pt,0.930966
lfw,2468,int8pt,0.945153
lfw,2469,int8pt,0.955926
lfw,2470,int8pt,0.975411
lfw,2471,int8pt,0.975295
lfw,2472,int8pt,0.944022
lfw,2473,int8pt,0.958602
lfw,2474,int8pt,0.974949
lfw,2475,int8pt,0.939161
lfw,2476,int8pt,0.943905
lfw,2477,int8pt,0.950075
lfw,2478,int8pt,0.935518
lfw,2479,int8pt,0.967334
lfw,2480,int8pt,0.949953
lfw,2481,int8pt,0.958470
lfw,2482,int8pt,0.896959
lfw,2483,int8pt,0.956821
lfw,2484,int8pt,0.971178
lfw,2485,int8pt,0.959779
lfw,2486,int8pt,0.939785
lfw,2487,int8pt,0.961000
lfw,2488,int8pt,0.969285
lfw,2489,int8pt,0.964969
lfw,2490,int8pt,0.966427
lfw,2491,int8pt,0.961338
lfw,2492,int8pt,0.945991
lfw,2493,int8pt,0.955935
lfw,2494,int8pt,0.960830
lfw,2495,int8pt,0.962584
lfw,2496,int8pt,0.935939
lfw,2497,int8pt,0.956998
lfw,2498,int8pt,0.956871
lfw,2499,int8pt,0.947634
lfw,2500,int8pt,0.959884
lfw,2501,int8pt,0.954176
lfw,2502,int8pt,0.965772
lfw,2503,int8pt,0.932759
lfw,2504,int8pt,0.926220
lfw,2505,int8pt,0.958801
lfw,2506,int8pt,0.940712
lfw,2507,int8pt,0.949865
lfw,2508,int8pt,0.953686
lfw,2509,int8pt,0.896136
lfw,2510,int8pt,0.951467
lfw,2511,int8pt,0.922814
lfw,2512,int8pt,0.962669
lfw,2513,int8pt,0.955295
lfw,2514,int8pt,0.944909
lfw,2515,int8pt,0.960180
lfw,2516,int8pt,0.947326
lfw,2517,int8pt,0.920944
lfw,2518,int8pt,0.959195
lfw,2519,int8pt,0.971422
lfw,2520,int8pt,0.957013
lfw,2521,int8pt,0.959081
lfw,2522,int8pt,0.943932
lfw,2523,int8pt,0.949954
lfw,2524,int8pt,0.963302
lfw,2525,int8pt,0.965495
lfw,2526,int8pt,0.949555
lfw,2527,int8pt,0.964140
lfw,2528,int8pt,0.948015
lfw,2529,int8pt,0.939041
lfw,2530,int8pt,0.937048
lfw,2531,int8pt,0.961754
lfw,2532,int8pt,0.949483
lfw,2533,int8pt,0.956852
lfw,2534,int8pt,0.964455
lfw,2535,int8pt,0.961092
lfw,2536,int8pt,0.970691
lfw,2537,int8pt,0.958730
lfw,2538,int8pt,0.970774
lfw,2539,int8pt,0.961368
lfw,2540,int8pt,0.955762
lfw,2541,int8pt,0.939114
lfw,2542,int8pt,0.949428
lfw,2543,int8pt,0.943242
lfw,2544,int8pt,0.934619
lfw,2545,int8pt,0.956419
lfw,2546,int8pt,0.956728
lfw,2547,int8pt,0.964044
lfw,2548,int8pt,0.934349
lfw,2549,int8pt,0.940980
lfw,2550,int8pt,0.936972
lfw,2551,int8pt,0.955255
lfw,2552,int8pt,0.953288
lfw,2553,int8pt,0.960109
lfw,2554,int8pt,0.952391
lfw,2555,int8pt,0.964363
lfw,2556,int8pt,0.944667
lfw,2557,int8pt,0.959048
lfw,2558,int8pt,0.960020
lfw,2559,int8pt,0.956853
lfw,2560,int8pt,0.955106
lfw,2561,int8pt,0.948083
lfw,2562,int8pt,0.957723
lfw,2563,int8pt,0.950251
lfw,2564,int8pt,0.932361
lfw,2565,int8pt,0.952236
lfw,2566,int8pt,0.949728
lfw,2567,int8pt,0.956800
lfw,2568,int8pt,0.947538
lfw,2569,int8pt,0.967102
lfw,2570,int8pt,0.971082
lfw,2571,int8pt,0.961298
lfw,2572,int8pt,0.964561
lfw,2573,int8pt,0.979435
lfw,2574,int8pt,0.973227
lfw,2575,int8pt,0.971154
lfw,2576,int8pt,0.942966
lfw,2577,int8pt,0.958945
lfw,2578,int8pt,0.937893
lfw,2579,int8pt,0.963969
lfw,2580,int8pt,0.940043
lfw,2581,int8pt,0.965715
lfw,2582,int8pt,0.945974
lfw,2583,int8pt,0.945277
lfw,2584,int8pt,0.943229
lfw,2585,int8pt,0.957611
lfw,2586,int8pt,0.952299
lfw,2587,int8pt,0.950073
lfw,2588,int8pt,0.956689
lfw,2589,int8pt,0.950020
lfw,2590,int8pt,0.962707
lfw,2591,int8pt,0.953240
lfw,2592,int8pt,0.948329
lfw,2593,int8pt,0.945732
lfw,2594,int8pt,0.947592
lfw,2595,int8pt,0.965576
lfw,2596,int8pt,0.967281
lfw,2597,int8pt,0.943043
lfw,2598,int8pt,0.942215
lfw,2599,int8pt,0.945490
lfw,2600,int8pt,0.952381
lfw,2601,int8pt,0.944490
lfw,2602,int8pt,0.967806
lfw,2603,int8pt,0.964260
lfw,2604,int8pt,0.954577
lfw,2605,int8pt,0.965463
lfw,2606,int8pt,0.958069
lfw,2607,int8pt,0.963400
lfw,2608,int8pt,0.956212
lfw,2609,int8pt,0.964208
lfw,2610,int8pt,0.952934
lfw,2611,int8pt,0.957244
lfw,2612,int8pt,0.952635
lfw,2613,int8pt,0.963730
lfw,2614,int8pt,0.931370
lfw,2615,int8pt,0.954212
lfw,2616,int8pt,0.948512
lfw,2617,int8pt,0.945021
lfw,2618,int8pt,0.928345
lfw,2619,int8pt,0.949437
lfw,2620,int8pt,0.942776
lfw,2621,int8pt,0.936870
lfw,2622,int8pt,0.932804
lfw,2623,int8pt,0.952450
lfw,2624,int8pt,0.955760
lfw,2625,int8pt,0.954027
lfw,2626,int8pt,0.950560
lfw,2627,int8pt,0.944827
lfw,2628,int8pt,0.971213
lfw,2629,int8pt,0.974309
lfw,2630,int8pt,0.961915
lfw,2631,int8pt,0.951135
lfw,2632,int8pt,0.952762
lfw,2633,int8pt,0.944147
lfw,2634,int8pt,0.960235
lfw,2635,int8pt,0.951741
lfw,2636,int8pt,0.946103
lfw,2637,int8pt,0.944836
lfw,2638,int8pt,0.927584
lfw,2639,int8pt,0.932698
lfw,2640,int8pt,0.949255
lfw,2641,int8pt,0.945358
lfw,2642,int8pt,0.944371
lfw,2643,int8pt,0.954850
lfw,2644,int8pt,0.961211
lfw,2645,int8pt,0.948783
lfw,2646,int8pt,0.964206
lfw,2647,int8pt,0.973104
lfw,2648,int8pt,0.972709
lfw,2649,int8pt,0.963951
lfw,2650,int8pt,0.947207
lfw,2651,int8pt,0.962786
lfw,2652,int8pt,0.940418
lfw,2653,int8pt,0.949628
lfw,2654,int8pt,0.935731
lfw,2655,int8pt,0.944183
lfw,2656,int8pt,0.966929
lfw,2657,int8pt,0.928258
lfw,2658,int8pt,0.948178
lfw,2659,int8pt,0.952223
lfw,2660,int8pt,0.951826
lfw,2661,int8pt,0.954163
lfw,2662,int8pt,0.968426
lfw,2663,int8pt,0.957451
lfw,2664,int8pt,0.943111
lfw,2665,int8pt,0.951243
lfw,2666,int8pt,0.948898
lfw,2667,int8pt,0.952182
lfw,2668,int8pt,0.940136
lfw,2669,int8pt,0.950257
lfw,2670,int8pt,0.960469
lfw,2671,int8pt,0.943454
lfw,2672,int8pt,0.944805
lfw,2673,int8pt,0.949458
lfw,2674,int8pt,0.944226
lfw,2675,int8pt,0.959708
lfw,2676,int8pt,0.961915
lfw,2677,int8pt,0.955112
lfw,2678,int8pt,0.966813
lfw,2679,int8pt,0.969713
lfw,2680,int8pt,0.956700
lfw,2681,int8pt,0.965844
lfw,2682,int8pt,0.952377
lfw,2683,int8pt,0.959422
lfw,2684,int8pt,0.955049
lfw,2685,int8pt,0.966241
lfw,2686,int8pt,0.955602
lfw,2687,int8pt,0.944775
lfw,2688,int8pt,0.969279
lfw,2689,int8pt,0.964577
lfw,2690,int8pt,0.964429
lfw,2691,int8pt,0.938101
lfw,2692,int8pt,0.950366
lfw,2693,int8pt,0.955646
lfw,2694,int8pt,0.957008
lfw,2695,int8pt,0.957899
lfw,2696,int8pt,0.959928
lfw,2697,int8pt,0.955645
lfw,2698,int8pt,0.966993
lfw,2699,int8pt,0.967218
lfw,2700,int8pt,0.953453
lfw,2701,int8pt,0.942442
lfw,2702,int8pt,0.952298
lfw,2703,int8pt,0.967331
lfw,2704,int8pt,0.960663
lfw,2705,int8pt,0.963562
lfw,2706,int8pt,0.957973
lfw,2707,int8pt,0.959620
lfw,2708,int8pt,0.951740
lfw,2709,int8pt,0.924407
lfw,2710,int8pt,0.938633
lfw,2711,int8pt,0.954392
lfw,2712,int8pt,0.966646
lfw,2713,int8pt,0.949362
lfw,2714,int8pt,0.950269
lfw,2715,int8pt,0.944865
lfw,2716,int8pt,0.956832
lfw,2717,int8pt,0.950198
lfw,2718,int8pt,0.960827
lfw,2719,int8pt,0.959364
lfw,2720,int8pt,0.940913
lfw,2721,int8pt,0.947333
lfw,2722,int8pt,0.931252
lfw,2723,int8pt,0.949688
lfw,2724,int8pt,0.956459
lfw,2725,int8pt,0.955192
lfw,2726,int8pt,0.952583
lfw,2727,int8pt,0.946937
lfw,2728,int8pt,0.953938
lfw,2729,int8pt,0.953108
lfw,2730,int8pt,0.937300
lfw,2731,int8pt,0.952800
lfw,2732,int8pt,0.934823
lfw,2733,int8pt,0.947826
lfw,2734,int8pt,0.947571
lfw,2735,int8pt,0.952107
lfw,2736,int8pt,0.955252
lfw,2737,int8pt,0.956954
lfw,2738,int8pt,0.961848
lfw,2739,int8pt,0.966403
lfw,2740,int8pt,0.960447
lfw,2741,int8pt,0.956098
lfw,2742,int8pt,0.972986
lfw,2743,int8pt,0.971460
lfw,2744,int8pt,0.960872
lfw,2745,int8pt,0.966824
lfw,2746,int8pt,0.960136
lfw,2747,int8pt,0.963737
lfw,2748,int8pt,0.968001
lfw,2749,int8pt,0.952730
lfw,2750,int8pt,0.968816
lfw,2751,int8pt,0.966961
lfw,2752,int8pt,0.955296
lfw,2753,int8pt,0.967994
lfw,2754,int8pt,0.967320
lfw,2755,int8pt,0.953793
lfw,2756,int8pt,0.950040
lfw,2757,int8pt,0.957117
lfw,2758,int8pt,0.958692
lfw,2759,int8pt,0.968310
lfw,2760,int8pt,0.953911
lfw,2761,int8pt,0.947949
lfw,2762,int8pt,0.953290
lfw,2763,int8pt,0.949544
lfw,2764,int8pt,0.968674
lfw,2765,int8pt,0.953041
lfw,2766,int8pt,0.959975
lfw,2767,int8pt,0.957237
lfw,2768,int8pt,0.953311
lfw,2769,int8pt,0.956615
lfw,2770,int8pt,0.938198
lfw,2771,int8pt,0.931634
lfw,2772,int8pt,0.961187
lfw,2773,int8pt,0.966277
lfw,2774,int8pt,0.957291
lfw,2775,int8pt,0.965659
lfw,2776,int8pt,0.943743
lfw,2777,int8pt,0.933988
lfw,2778,int8pt,0.948642
lfw,2779,int8pt,0.949533
lfw,2780,int8pt,0.966103
lfw,2781,int8pt,0.963371
lfw,2782,int8pt,0.946056
lfw,2783,int8pt,0.955868
lfw,2784,int8pt,0.940734
lfw,2785,int8pt,0.939841
lfw,2786,int8pt,0.933998
lfw,2787,int8pt,0.945721
lfw,2788,int8pt,0.949121
lfw,2789,int8pt,0.934578
lfw,2790,int8pt,0.964265
lfw,2791,int8pt,0.961594
lfw,2792,int8pt,0.919906
lfw,2793,int8pt,0.949183
lfw,2794,int8pt,0.951396
lfw,2795,int8pt,0.955885
lfw,2796,int8pt,0.959223
lfw,2797,int8pt,0.957002
lfw,2798,int8pt,0.965929
lfw,2799,int8pt,0.951411
lfw,2800,int8pt,0.953536
lfw,2801,int8pt,0.925937
lfw,2802,int8pt,0.957046
lfw,2803,int8pt,0.963900
lfw,2804,int8pt,0.960309
lfw,2805,int8pt,0.944267
lfw,2806,int8pt,0.946406
lfw,2807,int8pt,0.970947
lfw,2808,int8pt,0.953700
lfw,2809,int8pt,0.948986
lfw,2810,int8pt,0.933783
lfw,2811,int8pt,0.957717
lfw,2812,int8pt,0.941108
lfw,2813,int8pt,0.950343
lfw,2814,int8pt,0.950213
lfw,2815,int8pt,0.956394
lfw,2816,int8pt,0.943498
lfw,2817,int8pt,0.959314
lfw,2818,int8pt,0.958469
lfw,2819,int8pt,0.956939
lfw,2820,int8pt,0.957169
lfw,2821,int8pt,0.939397
lfw,2822,int8pt,0.946863
lfw,2823,int8pt,0.952874
lfw,2824,int8pt,0.958984
lfw,2825,int8pt,0.958965
lfw,2826,int8pt,0.956099
lfw,2827,int8pt,0.953817
lfw,2828,int8pt,0.949277
lfw,2829,int8pt,0.947938
lfw,2830,int8pt,0.941537
lfw,2831,int8pt,0.958240
lfw,2832,int8pt,0.965279
lfw,2833,int8pt,0.947878
lfw,2834,int8pt,0.960671
lfw,2835,int8pt,0.937201
lfw,2836,int8pt,0.954062
lfw,2837,int8pt,0.961849
lfw,2838,int8pt,0.970175
lfw,2839,int8pt,0.966042
lfw,2840,int8pt,0.958892
lfw,2841,int8pt,0.948967
lfw,2842,int8pt,0.951549
lfw,2843,int8pt,0.957606
lfw,2844,int8pt,0.955887
lfw,2845,int8pt,0.955407
lfw,2846,int8pt,0.958838
lfw,2847,int8pt,0.963625
lfw,2848,int8pt,0.955143
lfw,2849,int8pt,0.951652
lfw,2850,int8pt,0.957285
lfw,2851,int8pt,0.939957
lfw,2852,int8pt,0.926792
lfw,2853,int8pt,0.956226
lfw,2854,int8pt,0.950639
lfw,2855,int8pt,0.942397
lfw,2856,int8pt,0.954614
lfw,2857,int8pt,0.959984
lfw,2858,int8pt,0.961917
lfw,2859,int8pt,0.944839
lfw,2860,int8pt,0.954170
lfw,2861,int8pt,0.954670
lfw,2862,int8pt,0.953320
lfw,2863,int8pt,0.952808
lfw,2864,int8pt,0.955169
lfw,2865,int8pt,0.952204
lfw,2866,int8pt,0.943413
lfw,2867,int8pt,0.957971
lfw,2868,int8pt,0.962840
lfw,2869,int8pt,0.938864
lfw,2870,int8pt,0.964799
lfw,2871,int8pt,0.956838
lfw,2872,int8pt,0.963242
lfw,2873,int8pt,0.957181
lfw,2874,int8pt,0.950840
lfw,2875,int8pt,0.962071
lfw,2876,int8pt,0.953942
lfw,2877,int8pt,0.951362
lfw,2878,int8pt,0.976765
lfw,2879,int8pt,0.955429
lfw,2880,int8pt,0.919928
lfw,2881,int8pt,0.950749
lfw,2882,int8pt,0.956165
lfw,2883,int8pt,0.948235
lfw,2884,int8pt,0.942890
lfw,2885,int8pt,0.958340
lfw,2886,int8pt,0.937866
lfw,2887,int8pt,0.924894
lfw,2888,int8pt,0.957224
lfw,2889,int8pt,0.944690
lfw,2890,int8pt,0.958591
lfw,2891,int8pt,0.957858
lfw,2892,int8pt,0.957273
lfw,2893,int8pt,0.963119
lfw,2894,int8pt,0.969487
lfw,2895,int8pt,0.950939
lfw,2896,int8pt,0.954418
lfw,2897,int8pt,0.968153
lfw,2898,int8pt,0.955861
lfw,2899,int8pt,0.944485
lfw,2900,int8pt,0.960983
lfw,2901,int8pt,0.954689
lfw,2902,int8pt,0.957488
lfw,2903,int8pt,0.948248
lfw,2904,int8pt,0.961012
lfw,2905,int8pt,0.968983
lfw,2906,int8pt,0.956987
lfw,2907,int8pt,0.933978
lfw,2908,int8pt,0.948212
lfw,2909,int8pt,0.961025
lfw,2910,int8pt,0.957263
lfw,2911,int8pt,0.956675
lfw,2912,int8pt,0.953304
lfw,2913,int8pt,0.953922
lfw,2914,int8pt,0.951890
lfw,2915,int8pt,0.966694
lfw,2916,int8pt,0.966286
lfw,2917,int8pt,0.938149
lfw,2918,int8pt,0.970060
lfw,2919,int8pt,0.959748
lfw,2920,int8pt,0.935269
lfw,2921,int8pt,0.952571
lfw,2922,int8pt,0.955511
lfw,2923,int8pt,0.951785
lfw,2924,int8pt,0.946998
lfw,2925,int8pt,0.952823
lfw,2926,int8pt,0.952492
lfw,2927,int8pt,0.963369
lfw,2928,int8pt,0.962944
lfw,2929,int8pt,0.967319
lfw,2930,int8pt,0.958401
lfw,2931,int8pt,0.977500
lfw,2932,int8pt,0.926799
lfw,2933,int8pt,0.957461
lfw,2934,int8pt,0.960189
lfw,2935,int8pt,0.946082
lfw,2936,int8pt,0.944272
lfw,2937,int8pt,0.946976
lfw,2938,int8pt,0.937771
lfw,2939,int8pt,0.929013
lfw,2940,int8pt,0.930054
lfw,2941,int8pt,0.965477
lfw,2942,int8pt,0.969950
lfw,2943,int8pt,0.956157
lfw,2944,int8pt,0.949412
lfw,2945,int8pt,0.953932
lfw,2946,int8pt,0.962063
lfw,2947,int8pt,0.945981
lfw,2948,int8pt,0.950847
lfw,2949,int8pt,0.978557
lfw,2950,int8pt,0.964101
lfw,2951,int8pt,0.964086
lfw,2952,int8pt,0.943588
lfw,2953,int8pt,0.937483
lfw,2954,int8pt,0.955716
lfw,2955,int8pt,0.968571
lfw,2956,int8pt,0.958827
lfw,2957,int8pt,0.947181
lfw,2958,int8pt,0.956920
lfw,2959,int8pt,0.970338
lfw,2960,int8pt,0.940620
lfw,2961,int8pt,0.937226
lfw,2962,int8pt,0.959012
lfw,2963,int8pt,0.959880
lfw,2964,int8pt,0.947479
lfw,2965,int8pt,0.948135
lfw,2966,int8pt,0.939554
lfw,2967,int8pt,0.950779
lfw,2968,int8pt,0.960058
lfw,2969,int8pt,0.946810
lfw,2970,int8pt,0.952924
lfw,2971,int8pt,0.948489
lfw,2972,int8pt,0.953617
lfw,2973,int8pt,0.941162
lfw,2974,int8pt,0.956513
lfw,2975,int8pt,0.964194
lfw,2976,int8pt,0.937361
lfw,2977,int8pt,0.924223
lfw,2978,int8pt,0.958285
lfw,2979,int8pt,0.946992
lfw,2980,int8pt,0.962811
lfw,2981,int8pt,0.957665
lfw,2982,int8pt,0.961091
lfw,2983,int8pt,0.945879
lfw,2984,int8pt,0.965760
lfw,2985,int8pt,0.962476
lfw,2986,int8pt,0.955634
lfw,2987,int8pt,0.968460
lfw,2988,int8pt,0.943309
lfw,2989,int8pt,0.958207
lfw,2990,int8pt,0.968734
lfw,2991,int8pt,0.962003
lfw,2992,int8pt,0.955273
lfw,2993,int8pt,0.938517
lfw,2994,int8pt,0.951112
lfw,2995,int8pt,0.963991
lfw,2996,int8pt,0.957342
lfw,2997,int8pt,0.957115
lfw,2998,int8pt,0.966466
lfw,2999,int8pt,0.969697
lfw,3000,int8pt,0.964123
lfw,3001,int8pt,0.967959
lfw,3002,int8pt,0.972612
lfw,3003,int8pt,0.965351
lfw,3004,int8pt,0.963342
lfw,3005,int8pt,0.956393
lfw,3006,int8pt,0.965713
lfw,3007,int8pt,0.957828
lfw,3008,int8pt,0.956282
lfw,3009,int8pt,0.957656
lfw,3010,int8pt,0.932035
lfw,3011,int8pt,0.945681
lfw,3012,int8pt,0.944262
lfw,3013,int8pt,0.967292
lfw,3014,int8pt,0.949130
lfw,3015,int8pt,0.941263
lfw,3016,int8pt,0.952484
lfw,3017,int8pt,0.961734
lfw,3018,int8pt,0.944706
lfw,3019,int8pt,0.926833
lfw,3020,int8pt,0.948924
lfw,3021,int8pt,0.952077
lfw,3022,int8pt,0.958649
lfw,3023,int8pt,0.967138
lfw,3024,int8pt,0.949412
lfw,3025,int8pt,0.961659
lfw,3026,int8pt,0.933926
lfw,3027,int8pt,0.960280
lfw,3028,int8pt,0.953274
lfw,3029,int8pt,0.959293
lfw,3030,int8pt,0.964519
lfw,3031,int8pt,0.949490
lfw,3032,int8pt,0.955306
lfw,3033,int8pt,0.923479
lfw,3034,int8pt,0.976157
lfw,3035,int8pt,0.964958
lfw,3036,int8pt,0.965521
lfw,3037,int8pt,0.949003
lfw,3038,int8pt,0.943626
lfw,3039,int8pt,0.954934
lfw,3040,int8pt,0.937444
lfw,3041,int8pt,0.957211
lfw,3042,int8pt,0.967906
lfw,3043,int8pt,0.956104
lfw,3044,int8pt,0.947993
lfw,3045,int8pt,0.926919
lfw,3046,int8pt,0.954093
lfw,3047,int8pt,0.962726
lfw,3048,int8pt,0.940322
lfw,3049,int8pt,0.949715
lfw,3050,int8pt,0.959727
lfw,3051,int8pt,0.935139
lfw,3052,int8pt,0.954035
lfw,3053,int8pt,0.958813
lfw,3054,int8pt,0.960158
lfw,3055,int8pt,0.956088
lfw,3056,int8pt,0.943143
lfw,3057,int8pt,0.950328
lfw,3058,int8pt,0.943360
lfw,3059,int8pt,0.952894
lfw,3060,int8pt,0.963028
lfw,3061,int8pt,0.939160
lfw,3062,int8pt,0.965113
lfw,3063,int8pt,0.963713
lfw,3064,int8pt,0.939388
lfw,3065,int8pt,0.942117
lfw,3066,int8pt,0.957464
lfw,3067,int8pt,0.959208
lfw,3068,int8pt,0.938991
lfw,3069,int8pt,0.957806
lfw,3070,int8pt,0.915569
lfw,3071,int8pt,0.940563
lfw,3072,int8pt,0.936491
lfw,3073,int8pt,0.957235
lfw,3074,int8pt,0.960580
lfw,3075,int8pt,0.954668
lfw,3076,int8pt,0.971283
lfw,3077,int8pt,0.962671
lfw,3078,int8pt,0.957383
lfw,3079,int8pt,0.965735
lfw,3080,int8pt,0.952151
lfw,3081,int8pt,0.936713
lfw,3082,int8pt,0.947796
lfw,3083,int8pt,0.951252
lfw,3084,int8pt,0.957202
lfw,3085,int8pt,0.958998
lfw,3086,int8pt,0.947989
lfw,3087,int8pt,0.952559
lfw,3088,int8pt,0.948043
lfw,3089,int8pt,0.962571
lfw,3090,int8pt,0.971543
lfw,3091,int8pt,0.969141
lfw,3092,int8pt,0.962716
lfw,3093,int8pt,0.951443
lfw,3094,int8pt,0.960325
lfw,3095,int8pt,0.949446
lfw,3096,int8pt,0.951478
lfw,3097,int8pt,0.944746
lfw,3098,int8pt,0.961317
lfw,3099,int8pt,0.972748
lfw,3100,int8pt,0.932598
lfw,3101,int8pt,0.942403
lfw,3102,int8pt,0.965081
lfw,3103,int8pt,0.941670
lfw,3104,int8pt,0.925273
lfw,3105,int8pt,0.954549
lfw,3106,int8pt,0.960360
lfw,3107,int8pt,0.954281
lfw,3108,int8pt,0.942820
lfw,3109,int8pt,0.961588
lfw,3110,int8pt,0.954838
lfw,3111,int8pt,0.963600
lfw,3112,int8pt,0.959240
lfw,3113,int8pt,0.966496
lfw,3114,int8pt,0.957774
lfw,3115,int8pt,0.918396
lfw,3116,int8pt,0.939445
lfw,3117,int8pt,0.916670
lfw,3118,int8pt,0.950592
lfw,3119,int8pt,0.948723
lfw,3120,int8pt,0.939490
lfw,3121,int8pt,0.965792
lfw,3122,int8pt,0.944326
lfw,3123,int8pt,0.908168
lfw,3124,int8pt,0.929033
lfw,3125,int8pt,0.969491
lfw,3126,int8pt,0.918500
lfw,3127,int8pt,0.958850
lfw,3128,int8pt,0.966937
lfw,3129,int8pt,0.968371
lfw,3130,int8pt,0.943968
lfw,3131,int8pt,0.955266
lfw,3132,int8pt,0.967510
lfw,3133,int8pt,0.952047
lfw,3134,int8pt,0.966907
lfw,3135,int8pt,0.949389
lfw,3136,int8pt,0.958152
lfw,3137,int8pt,0.965102
lfw,3138,int8pt,0.937667
lfw,3139,int8pt,0.950097
lfw,3140,int8pt,0.944840
lfw,3141,int8pt,0.956417
lfw,3142,int8pt,0.925786
lfw,3143,int8pt,0.958766
lfw,3144,int8pt,0.959939
lfw,3145,int8pt,0.957269
lfw,3146,int8pt,0.935203
lfw,3147,int8pt,0.961915
lfw,3148,int8pt,0.954172
lfw,3149,int8pt,0.945905
lfw,3150,int8pt,0.947828
lfw,3151,int8pt,0.945898
lfw,3152,int8pt,0.950423
lfw,3153,int8pt,0.938872
lfw,3154,int8pt,0.968594
lfw,3155,int8pt,0.953452
lfw,3156,int8pt,0.950469
lfw,3157,int8pt,0.952720
lfw,3158,int8pt,0.916923
lfw,3159,int8pt,0.962597
lfw,3160,int8pt,0.949969
lfw,3161,int8pt,0.961848
lfw,3162,int8pt,0.946553
lfw,3163,int8pt,0.957026
lfw,3164,int8pt,0.972046
lfw,3165,int8pt,0.962893
lfw,3166,int8pt,0.941952
lfw,3167,int8pt,0.970917
lfw,3168,int8pt,0.961773
lfw,3169,int8pt,0.958394
lfw,3170,int8pt,0.912944
lfw,3171,int8pt,0.968773
lfw,3172,int8pt,0.959397
lfw,3173,int8pt,0.959323
lfw,3174,int8pt,0.952193
lfw,3175,int8pt,0.962473
lfw,3176,int8pt,0.952694
lfw,3177,int8pt,0.954364
lfw,3178,int8pt,0.962092
lfw,3179,int8pt,0.951023
lfw,3180,int8pt,0.961903
lfw,3181,int8pt,0.948979
lfw,3182,int8pt,0.962966
lfw,3183,int8pt,0.968207
lfw,3184,int8pt,0.964667
lfw,3185,int8pt,0.962147
lfw,3186,int8pt,0.969929
lfw,3187,int8pt,0.961778
lfw,3188,int8pt,0.969298
lfw,3189,int8pt,0.958887
lfw,3190,int8pt,0.957674
lfw,3191,int8pt,0.952887
lfw,3192,int8pt,0.950079
lfw,3193,int8pt,0.968540
lfw,3194,int8pt,0.957673
lfw,3195,int8pt,0.960172
lfw,3196,int8pt,0.956144
lfw,3197,int8pt,0.969880
lfw,3198,int8pt,0.968164
lfw,3199,int8pt,0.961652
lfw,3200,int8pt,0.951741
lfw,3201,int8pt,0.976104
lfw,3202,int8pt,0.954661
lfw,3203,int8pt,0.930827
lfw,3204,int8pt,0.962745
lfw,3205,int8pt,0.964264
lfw,3206,int8pt,0.943871
lfw,3207,int8pt,0.953360
lfw,3208,int8pt,0.962825
lfw,3209,int8pt,0.961235
lfw,3210,int8pt,0.963530
lfw,3211,int8pt,0.950208
lfw,3212,int8pt,0.958054
lfw,3213,int8pt,0.958833
lfw,3214,int8pt,0.943517
lfw,3215,int8pt,0.941393
lfw,3216,int8pt,0.944965
lfw,3217,int8pt,0.929937
lfw,3218,int8pt,0.945739
lfw,3219,int8pt,0.944549
lfw,3220,int8pt,0.940440
lfw,3221,int8pt,0.952440
lfw,3222,int8pt,0.921569
lfw,3223,int8pt,0.913711
lfw,3224,int8pt,0.961028
lfw,3225,int8pt,0.940525
lfw,3226,int8pt,0.964148
lfw,3227,int8pt,0.955489
lfw,3228,int8pt,0.949499
lfw,3229,int8pt,0.961657
lfw,3230,int8pt,0.950716
lfw,3231,int8pt,0.952248
lfw,3232,int8pt,0.959624
lfw,3233,int8pt,0.945070
lfw,3234,int8pt,0.956042
lfw,3235,int8pt,0.952296
lfw,3236,int8pt,0.950475
lfw,3237,int8pt,0.950638
lfw,3238,int8pt,0.961851
lfw,3239,int8pt,0.951273
lfw,3240,int8pt,0.959054
lfw,3241,int8pt,0.962480
lfw,3242,int8pt,0.936726
lfw,3243,int8pt,0.952574
lfw,3244,int8pt,0.941795
lfw,3245,int8pt,0.952545
lfw,3246,int8pt,0.961009
lfw,3247,int8pt,0.930235
lfw,3248,int8pt,0.958042
lfw,3249,int8pt,0.959515
lfw,3250,int8pt,0.966476
lfw,3251,int8pt,0.960952
lfw,3252,int8pt,0.942762
lfw,3253,int8pt,0.939183
lfw,3254,int8pt,0.961313
lfw,3255,int8pt,0.956217
lfw,3256,int8pt,0.950487
lfw,3257,int8pt,0.949670
lfw,3258,int8pt,0.944056
lfw,3259,int8pt,0.953065
lfw,3260,int8pt,0.926840
lfw,3261,int8pt,0.963178
lfw,3262,int8pt,0.966514
lfw,3263,int8pt,0.940025
lfw,3264,int8pt,0.963489
lfw,3265,int8pt,0.960028
lfw,3266,int8pt,0.946512
lfw,3267,int8pt,0.964042
lfw,3268,int8pt,0.960045
lfw,3269,int8pt,0.948699
lfw,3270,int8pt,0.938794
lfw,3271,int8pt,0.930824
lfw,3272,int8pt,0.948697
lfw,3273,int8pt,0.938892
lfw,3274,int8pt,0.951567
lfw,3275,int8pt,0.953643
lfw,3276,int8pt,0.946469
lfw,3277,int8pt,0.925225
lfw,3278,int8pt,0.936527
lfw,3279,int8pt,0.950881
lfw,3280,int8pt,0.946214
lfw,3281,int8pt,0.942232
lfw,3282,int8pt,0.942256
lfw,3283,int8pt,0.954387
lfw,3284,int8pt,0.958199
lfw,3285,int8pt,0.947049
lfw,3286,int8pt,0.932030
lfw,3287,int8pt,0.928533
lfw,3288,int8pt,0.938224
lfw,3289,int8pt,0.952668
lfw,3290,int8pt,0.910741
lfw,3291,int8pt,0.941260
lfw,3292,int8pt,0.917920
lfw,3293,int8pt,0.951832
lfw,3294,int8pt,0.939838
lfw,3295,int8pt,0.946690
lfw,3296,int8pt,0.936318
lfw,3297,int8pt,0.952976
lfw,3298,int8pt,0.949012
lfw,3299,int8pt,0.948901
lfw,3300,int8pt,0.968482
lfw,3301,int8pt,0.946401
lfw,3302,int8pt,0.954410
lfw,3303,int8pt,0.952630
lfw,3304,int8pt,0.943445
lfw,3305,int8pt,0.907171
lfw,3306,int8pt,0.922389
lfw,3307,int8pt,0.944314
lfw,3308,int8pt,0.942934
lfw,3309,int8pt,0.954014
lfw,3310,int8pt,0.941583
lfw,3311,int8pt,0.956536
lfw,3312,int8pt,0.949377
lfw,3313,int8pt,0.944858
lfw,3314,int8pt,0.956602
lfw,3315,int8pt,0.934567
lfw,3316,int8pt,0.934245
lfw,3317,int8pt,0.940048
lfw,3318,int8pt,0.961434
lfw,3319,int8pt,0.952963
lfw,3320,int8pt,0.933663
lfw,3321,int8pt,0.952373
lfw,3322,int8pt,0.968060
lfw,3323,int8pt,0.932151
lfw,3324,int8pt,0.927161
lfw,3325,int8pt,0.932122
lfw,3326,int8pt,0.959647
lfw,3327,int8pt,0.953163
lfw,3328,int8pt,0.940800
lfw,3329,int8pt,0.947397
lfw,3330,int8pt,0.943663
lfw,3331,int8pt,0.962468
lfw,3332,int8pt,0.962294
lfw,3333,int8pt,0.909852
lfw,3334,int8pt,0.937852
lfw,3335,int8pt,0.951600
lfw,3336,int8pt,0.950069
lfw,3337,int8pt,0.948117
lfw,3338,int8pt,0.956356
lfw,3339,int8pt,0.944324
lfw,3340,int8pt,0.943363
lfw,3341,int8pt,0.938426
lfw,3342,int8pt,0.957373
lfw,3343,int8pt,0.957448
lfw,3344,int8pt,0.968948
lfw,3345,int8pt,0.947359
lfw,3346,int8pt,0.965331
lfw,3347,int8pt,0.961695
lfw,3348,int8pt,0.959814
lfw,3349,int8pt,0.964520
lfw,3350,int8pt,0.962271
lfw,3351,int8pt,0.948186
lfw,3352,int8pt,0.962737
lfw,3353,int8pt,0.968192
lfw,3354,int8pt,0.960853
lfw,3355,int8pt,0.965903
lfw,3356,int8pt,0.964111
lfw,3357,int8pt,0.946286
lfw,3358,int8pt,0.961887
lfw,3359,int8pt,0.957211
lfw,3360,int8pt,0.960580
lfw,3361,int8pt,0.966599
lfw,3362,int8pt,0.960442
lfw,3363,int8pt,0.954697
lfw,3364,int8pt,0.954882
lfw,3365,int8pt,0.959361
lfw,3366,int8pt,0.953457
lfw,3367,int8pt,0.971526
lfw,3368,int8pt,0.910907
lfw,3369,int8pt,0.941359
lfw,3370,int8pt,0.947276
lfw,3371,int8pt,0.936844
lfw,3372,int8pt,0.973733
lfw,3373,int8pt,0.950862
lfw,3374,int8pt,0.945051
lfw,3375,int8pt,0.943617
lfw,3376,int8pt,0.962156
lfw,3377,int8pt,0.939703
lfw,3378,int8pt,0.975613
lfw,3379,int8pt,0.955100
lfw,3380,int8pt,0.948823
lfw,3381,int8pt,0.944654
lfw,3382,int8pt,0.962597
lfw,3383,int8pt,0.968328
lfw,3384,int8pt,0.954598
lfw,3385,int8pt,0.961425
lfw,3386,int8pt,0.965424
lfw,3387,int8pt,0.959790
lfw,3388,int8pt,0.971971
lfw,3389,int8pt,0.963626
lfw,3390,int8pt,0.963631
lfw,3391,int8pt,0.967711
lfw,3392,int8pt,0.952557
lfw,3393,int8pt,0.961632
lfw,3394,int8pt,0.958740
lfw,3395,int8pt,0.946806
lfw,3396,int8pt,0.944401
lfw,3397,int8pt,0.966823
lfw,3398,int8pt,0.950851
lfw,3399,int8pt,0.927120
lfw,3400,int8pt,0.949353
lfw,3401,int8pt,0.935690
lfw,3402,int8pt,0.938981
lfw,3403,int8pt,0.960535
lfw,3404,int8pt,0.952331
lfw,3405,int8pt,0.972951
lfw,3406,int8pt,0.967891
lfw,3407,int8pt,0.945200
lfw,3408,int8pt,0.958986
lfw,3409,int8pt,0.968561
lfw,3410,int8pt,0.960930
lfw,3411,int8pt,0.963812
lfw,3412,int8pt,0.956014
lfw,3413,int8pt,0.950388
lfw,3414,int8pt,0.969630
lfw,3415,int8pt,0.942043
lfw,3416,int8pt,0.947858
lfw,3417,int8pt,0.955234
lfw,3418,int8pt,0.963930
lfw,3419,int8pt,0.957080
lfw,3420,int8pt,0.956776
lfw,3421,int8pt,0.953871
lfw,3422,int8pt,0.959421
lfw,3423,int8pt,0.952673
lfw,3424,int8pt,0.962813
lfw,3425,int8pt,0.947610
lfw,3426,int8pt,0.955163
lfw,3427,int8pt,0.962166
lfw,3428,int8pt,0.952206
lfw,3429,int8pt,0.950883
lfw,3430,int8pt,0.966197
lfw,3431,int8pt,0.944667
lfw,3432,int8pt,0.953649
lfw,3433,int8pt,0.938465
lfw,3434,int8pt,0.949234
lfw,3435,int8pt,0.940279
lfw,3436,int8pt,0.955758
lfw,3437,int8pt,0.957317
lfw,3438,int8pt,0.953628
lfw,3439,int8pt,0.947075
lfw,3440,int8pt,0.944978
lfw,3441,int8pt,0.955939
lfw,3442,int8pt,0.954723
lfw,3443,int8pt,0.944831
lfw,3444,int8pt,0.947764
lfw,3445,int8pt,0.946292
lfw,3446,int8pt,0.949909
lfw,3447,int8pt,0.944330
lfw,3448,int8pt,0.950351
lfw,3449,int8pt,0.959203
lfw,3450,int8pt,0.974255
lfw,3451,int8pt,0.958623
lfw,3452,int8pt,0.950275
lfw,3453,int8pt,0.953825
lfw,3454,int8pt,0.938631
lfw,3455,int8pt,0.969167
lfw,3456,int8pt,0.946222
lfw,3457,int8pt,0.939858
lfw,3458,int8pt,0.963584
lfw,3459,int8pt,0.941478
lfw,3460,int8pt,0.942158
lfw,3461,int8pt,0.953226
lfw,3462,int8pt,0.925509
lfw,3463,int8pt,0.937952
lfw,3464,int8pt,0.955829
lfw,3465,int8pt,0.947329
lfw,3466,int8pt,0.957937
lfw,3467,int8pt,0.963144
lfw,3468,int8pt,0.957119
lfw,3469,int8pt,0.956953
lfw,3470,int8pt,0.949293
lfw,3471,int8pt,0.960150
lfw,3472,int8pt,0.949019
lfw,3473,int8pt,0.950250
lfw,3474,int8pt,0.943905
lfw,3475,int8pt,0.956705
lfw,3476,int8pt,0.961227
lfw,3477,int8pt,0.958210
lfw,3478,int8pt,0.948905
lfw,3479,int8pt,0.944569
lfw,3480,int8pt,0.964486
lfw,3481,int8pt,0.955697
lfw,3482,int8pt,0.950994
lfw,3483,int8pt,0.972262
lfw,3484,int8pt,0.965302
lfw,3485,int8pt,0.959542
lfw,3486,int8pt,0.963038
lfw,3487,int8pt,0.954701
lfw,3488,int8pt,0.961142
lfw,3489,int8pt,0.957939
lfw,3490,int8pt,0.945688
lfw,3491,int8pt,0.968011
lfw,3492,int8pt,0.959944
lfw,3493,int8pt,0.956355
lfw,3494,int8pt,0.961496
lfw,3495,int8pt,0.965614
lfw,3496,int8pt,0.961225
lfw,3497,int8pt,0.956270
lfw,3498,int8pt,0.960428
lfw,3499,int8pt,0.944903
lfw,3500,int8pt,0.946683
lfw,3501,int8pt,0.966259
lfw,3502,int8pt,0.956280
lfw,3503,int8pt,0.926499
lfw,3504,int8pt,0.954500
lfw,3505,int8pt,0.948247
lfw,3506,int8pt,0.951650
lfw,3507,int8pt,0.967884
lfw,3508,int8pt,0.957931
lfw,3509,int8pt,0.961706
lfw,3510,int8pt,0.957796
lfw,3511,int8pt,0.959488
lfw,3512,int8pt,0.954823
lfw,3513,int8pt,0.953130
lfw,3514,int8pt,0.955373
lfw,3515,int8pt,0.956118
lfw,3516,int8pt,0.940749
lfw,3517,int8pt,0.956562
lfw,3518,int8pt,0.961353
lfw,3519,int8pt,0.965182
lfw,3520,int8pt,0.948359
lfw,3521,int8pt,0.965299
lfw,3522,int8pt,0.971263
lfw,3523,int8pt,0.968044
lfw,3524,int8pt,0.958138
lfw,3525,int8pt,0.954104
lfw,3526,int8pt,0.959205
lfw,3527,int8pt,0.943737
lfw,3528,int8pt,0.946450
lfw,3529,int8pt,0.939250
lfw,3530,int8pt,0.945964
lfw,3531,int8pt,0.953796
lfw,3532,int8pt,0.941759
lfw,3533,int8pt,0.966562
lfw,3534,int8pt,0.954962
lfw,3535,int8pt,0.966769
lfw,3536,int8pt,0.950353
lfw,3537,int8pt,0.928875
lfw,3538,int8pt,0.968711
lfw,3539,int8pt,0.968566
lfw,3540,int8pt,0.949209
lfw,3541,int8pt,0.950959
lfw,3542,int8pt,0.955999
lfw,3543,int8pt,0.959649
lfw,3544,int8pt,0.960458
lfw,3545,int8pt,0.967111
lfw,3546,int8pt,0.957311
lfw,3547,int8pt,0.962802
lfw,3548,int8pt,0.960174
lfw,3549,int8pt,0.959326
lfw,3550,int8pt,0.956897
lfw,3551,int8pt,0.959282
lfw,3552,int8pt,0.948746
lfw,3553,int8pt,0.944360
lfw,3554,int8pt,0.959636
lfw,3555,int8pt,0.960010
lfw,3556,int8pt,0.963500
lfw,3557,int8pt,0.944256
lfw,3558,int8pt,0.945996
lfw,3559,int8pt,0.950866
lfw,3560,int8pt,0.966367
lfw,3561,int8pt,0.946555
lfw,3562,int8pt,0.936441
lfw,3563,int8pt,0.951555
lfw,3564,int8pt,0.961953
lfw,3565,int8pt,0.960565
lfw,3566,int8pt,0.958552
lfw,3567,int8pt,0.954828
lfw,3568,int8pt,0.969849
lfw,3569,int8pt,0.969483
lfw,3570,int8pt,0.968596
lfw,3571,int8pt,0.975043
lfw,3572,int8pt,0.969286
lfw,3573,int8pt,0.952917
lfw,3574,int8pt,0.950682
lfw,3575,int8pt,0.955309
lfw,3576,int8pt,0.962033
lfw,3577,int8pt,0.959456
lfw,3578,int8pt,0.964100
lfw,3579,int8pt,0.952763
lfw,3580,int8pt,0.945065
lfw,3581,int8pt,0.954653
lfw,3582,int8pt,0.960574
lfw,3583,int8pt,0.958049
lfw,3584,int8pt,0.965537
lfw,3585,int8pt,0.953148
lfw,3586,int8pt,0.950877
lfw,3587,int8pt,0.961022
lfw,3588,int8pt,0.954470
lfw,3589,int8pt,0.962331
lfw,3590,int8pt,0.959222
lfw,3591,int8pt,0.964315
lfw,3592,int8pt,0.957840
lfw,3593,int8pt,0.957868
lfw,3594,int8pt,0.950200
lfw,3595,int8pt,0.935106
lfw,3596,int8pt,0.946941
lfw,3597,int8pt,0.961845
lfw,3598,int8pt,0.947602
lfw,3599,int8pt,0.945527
lfw,3600,int8pt,0.946954
lfw,3601,int8pt,0.960682
lfw,3602,int8pt,0.963005
lfw,3603,int8pt,0.965668
lfw,3604,int8pt,0.949277
lfw,3605,int8pt,0.967458
lfw,3606,int8pt,0.957076
lfw,3607,int8pt,0.968804
lfw,3608,int8pt,0.942010
lfw,3609,int8pt,0.954651
lfw,3610,int8pt,0.958602
lfw,3611,int8pt,0.955206
lfw,3612,int8pt,0.958113
lfw,3613,int8pt,0.955846
lfw,3614,int8pt,0.958854
lfw,3615,int8pt,0.949307
lfw,3616,int8pt,0.946100
lfw,3617,int8pt,0.959220
lfw,3618,int8pt,0.965529
lfw,3619,int8pt,0.947905
lfw,3620,int8pt,0.965928
lfw,3621,int8pt,0.973824
lfw,3622,int8pt,0.965732
lfw,3623,int8pt,0.954324
lfw,3624,int8pt,0.950216
lfw,3625,int8pt,0.949076
lfw,3626,int8pt,0.973882
lfw,3627,int8pt,0.970599
lfw,3628,int8pt,0.969053
lfw,3629,int8pt,0.958878
lfw,3630,int8pt,0.951705
lfw,3631,int8pt,0.954592
lfw,3632,int8pt,0.965134
lfw,3633,int8pt,0.948275
lfw,3634,int8pt,0.949668
lfw,3635,int8pt,0.956756
lfw,3636,int8pt,0.955948
lfw,3637,int8pt,0.954592
lfw,3638,int8pt,0.947771
lfw,3639,int8pt,0.951930
lfw,3640,int8pt,0.968528
lfw,3641,int8pt,0.960493
lfw,3642,int8pt,0.963407
lfw,3643,int8pt,0.966363
lfw,3644,int8pt,0.967173
lfw,3645,int8pt,0.929463
lfw,3646,int8pt,0.956124
lfw,3647,int8pt,0.962797
lfw,3648,int8pt,0.946301
lfw,3649,int8pt,0.956065
lfw,3650,int8pt,0.958670
lfw,3651,int8pt,0.961464
lfw,3652,int8pt,0.962170
lfw,3653,int8pt,0.970581
lfw,3654,int8pt,0.944130
lfw,3655,int8pt,0.952642
lfw,3656,int8pt,0.944758
lfw,3657,int8pt,0.954408
lfw,3658,int8pt,0.948854
lfw,3659,int8pt,0.964463
lfw,3660,int8pt,0.952376
lfw,3661,int8pt,0.948153
lfw,3662,int8pt,0.957003
lfw,3663,int8pt,0.970638
lfw,3664,int8pt,0.927226
lfw,3665,int8pt,0.939630
lfw,3666,int8pt,0.962315
lfw,3667,int8pt,0.957172
lfw,3668,int8pt,0.955508
lfw,3669,int8pt,0.953760
lfw,3670,int8pt,0.956397
lfw,3671,int8pt,0.943407
lfw,3672,int8pt,0.957697
lfw,3673,int8pt,0.955371
lfw,3674,int8pt,0.975991
lfw,3675,int8pt,0.952052
lfw,3676,int8pt,0.952040
lfw,3677,int8pt,0.963129
lfw,3678,int8pt,0.958545
lfw,3679,int8pt,0.949749
lfw,3680,int8pt,0.945171
lfw,3681,int8pt,0.954551
lfw,3682,int8pt,0.972328
lfw,3683,int8pt,0.963650
lfw,3684,int8pt,0.953537
lfw,3685,int8pt,0.961042
lfw,3686,int8pt,0.963156
lfw,3687,int8pt,0.940397
lfw,3688,int8pt,0.958687
lfw,3689,int8pt,0.941304
lfw,3690,int8pt,0.960894
lfw,3691,int8pt,0.954862
lfw,3692,int8pt,0.955591
lfw,3693,int8pt,0.963305
lfw,3694,int8pt,0.967608
lfw,3695,int8pt,0.953990
lfw,3696,int8pt,0.964740
lfw,3697,int8pt,0.967893
lfw,3698,int8pt,0.969503
lfw,3699,int8pt,0.950318
lfw,3700,int8pt,0.956048
lfw,3701,int8pt,0.945067
lfw,3702,int8pt,0.938072
lfw,3703,int8pt,0.966143
lfw,3704,int8pt,0.965234
lfw,3705,int8pt,0.960863
lfw,3706,int8pt,0.958523
lfw,3707,int8pt,0.962934
lfw,3708,int8pt,0.966622
lfw,3709,int8pt,0.959126
lfw,3710,int8pt,0.961366
lfw,3711,int8pt,0.931506
lfw,3712,int8pt,0.953852
lfw,3713,int8pt,0.966148
lfw,3714,int8pt,0.955521
lfw,3715,int8pt,0.960054
lfw,3716,int8pt,0.932209
lfw,3717,int8pt,0.923577
lfw,3718,int8pt,0.960505
lfw,3719,int8pt,0.949408
lfw,3720,int8pt,0.965239
lfw,3721,int8pt,0.944331
lfw,3722,int8pt,0.961655
lfw,3723,int8pt,0.968025
lfw,3724,int8pt,0.959846
lfw,3725,int8pt,0.967423
lfw,3726,int8pt,0.954373
lfw,3727,int8pt,0.977387
lfw,3728,int8pt,0.951008
lfw,3729,int8pt,0.951126
lfw,3730,int8pt,0.953374
lfw,3731,int8pt,0.944685
lfw,3732,int8pt,0.956583
lfw,3733,int8pt,0.961393
lfw,3734,int8pt,0.956781
lfw,3735,int8pt,0.961421
lfw,3736,int8pt,0.959532
lfw,3737,int8pt,0.970320
lfw,3738,int8pt,0.953255
lfw,3739,int8pt,0.952761
lfw,3740,int8pt,0.973182
lfw,3741,int8pt,0.958697
lfw,3742,int8pt,0.970374
lfw,3743,int8pt,0.975357
lfw,3744,int8pt,0.960856
lfw,3745,int8pt,0.950142
lfw,3746,int8pt,0.940206
lfw,3747,int8pt,0.968709
lfw,3748,int8pt,0.924566
lfw,3749,int8pt,0.955016
lfw,3750,int8pt,0.962926
lfw,3751,int8pt,0.950696
lfw,3752,int8pt,0.958636
lfw,3753,int8pt,0.951306
lfw,3754,int8pt,0.961604
lfw,3755,int8pt,0.937749
lfw,3756,int8pt,0.949545
lfw,3757,int8pt,0.975939
lfw,3758,int8pt,0.953367
lfw,3759,int8pt,0.950917
lfw,3760,int8pt,0.953953
lfw,3761,int8pt,0.950786
lfw,3762,int8pt,0.956151
lfw,3763,int8pt,0.962416
lfw,3764,int8pt,0.951219
lfw,3765,int8pt,0.964175
lfw,3766,int8pt,0.939438
lfw,3767,int8pt,0.957597
lfw,3768,int8pt,0.937310
lfw,3769,int8pt,0.950129
lfw,3770,int8pt,0.960391
lfw,3771,int8pt,0.946275
lfw,3772,int8pt,0.940018
lfw,3773,int8pt,0.922551
lfw,3774,int8pt,0.967296
lfw,3775,int8pt,0.947550
lfw,3776,int8pt,0.964408
lfw,3777,int8pt,0.965197
lfw,3778,int8pt,0.964113
lfw,3779,int8pt,0.957743
lfw,3780,int8pt,0.957418
lfw,3781,int8pt,0.946632
lfw,3782,int8pt,0.952348
lfw,3783,int8pt,0.960861
lfw,3784,int8pt,0.947247
lfw,3785,int8pt,0.961202
lfw,3786,int8pt,0.961252
lfw,3787,int8pt,0.968456
lfw,3788,int8pt,0.951855
lfw,3789,int8pt,0.958700
lfw,3790,int8pt,0.961267
lfw,3791,int8pt,0.960117
lfw,3792,int8pt,0.964755
lfw,3793,int8pt,0.966239
lfw,3794,int8pt,0.953327
lfw,3795,int8pt,0.962643
lfw,3796,int8pt,0.958483
lfw,3797,int8pt,0.970342
lfw,3798,int8pt,0.966939
lfw,3799,int8pt,0.965803
lfw,3800,int8pt,0.957334
lfw,3801,int8pt,0.953739
lfw,3802,int8pt,0.956460
lfw,3803,int8pt,0.959346
lfw,3804,int8pt,0.959590
lfw,3805,int8pt,0.949014
lfw,3806,int8pt,0.965621
lfw,3807,int8pt,0.951570
lfw,3808,int8pt,0.941951
lfw,3809,int8pt,0.942202
lfw,3810,int8pt,0.974218
lfw,3811,int8pt,0.962326
lfw,3812,int8pt,0.964369
lfw,3813,int8pt,0.970523
lfw,3814,int8pt,0.945193
lfw,3815,int8pt,0.953282
lfw,3816,int8pt,0.961695
lfw,3817,int8pt,0.957299
lfw,3818,int8pt,0.952124
lfw,3819,int8pt,0.975199
lfw,3820,int8pt,0.963587
lfw,3821,int8pt,0.960404
lfw,3822,int8pt,0.969745
lfw,3823,int8pt,0.967228
lfw,3824,int8pt,0.970779
lfw,3825,int8pt,0.971150
lfw,3826,int8pt,0.977019
lfw,3827,int8pt,0.946325
lfw,3828,int8pt,0.959747
lfw,3829,int8pt,0.945778
lfw,3830,int8pt,0.951537
lfw,3831,int8pt,0.958840
lfw,3832,int8pt,0.957522
lfw,3833,int8pt,0.954469
lfw,3834,int8pt,0.960362
lfw,3835,int8pt,0.947670
lfw,3836,int8pt,0.960715
lfw,3837,int8pt,0.948664
lfw,3838,int8pt,0.957370
lfw,3839,int8pt,0.955637
lfw,3840,int8pt,0.926580
lfw,3841,int8pt,0.959011
lfw,3842,int8pt,0.937272
lfw,3843,int8pt,0.953494
lfw,3844,int8pt,0.935682
lfw,3845,int8pt,0.963027
lfw,3846,int8pt,0.961696
lfw,3847,int8pt,0.933563
lfw,3848,int8pt,0.947486
lfw,3849,int8pt,0.962679
lfw,3850,int8pt,0.965132
lfw,3851,int8pt,0.959858
lfw,3852,int8pt,0.952850
lfw,3853,int8pt,0.966499
lfw,3854,int8pt,0.963009
lfw,3855,int8pt,0.946343
lfw,3856,int8pt,0.963637
lfw,3857,int8pt,0.976042
lfw,3858,int8pt,0.976968
lfw,3859,int8pt,0.948958
lfw,3860,int8pt,0.947489
lfw,3861,int8pt,0.960587
lfw,3862,int8pt,0.959605
lfw,3863,int8pt,0.953460
lfw,3864,int8pt,0.950407
lfw,3865,int8pt,0.972219
lfw,3866,int8pt,0.934633
lfw,3867,int8pt,0.942484
lfw,3868,int8pt,0.949416
lfw,3869,int8pt,0.942506
lfw,3870,int8pt,0.940980
lfw,3871,int8pt,0.926906
lfw,3872,int8pt,0.968260
lfw,3873,int8pt,0.973756
lfw,3874,int8pt,0.964009
lfw,3875,int8pt,0.973484
lfw,3876,int8pt,0.942314
lfw,3877,int8pt,0.963609
lfw,3878,int8pt,0.954595
lfw,3879,int8pt,0.951180
lfw,3880,int8pt,0.961072
lfw,3881,int8pt,0.955189
lfw,3882,int8pt,0.970245
lfw,3883,int8pt,0.962549
lfw,3884,int8pt,0.950173
lfw,3885,int8pt,0.955020
lfw,3886,int8pt,0.957845
lfw,3887,int8pt,0.949494
lfw,3888,int8pt,0.936845
lfw,3889,int8pt,0.956925
lfw,3890,int8pt,0.943785
lfw,3891,int8pt,0.959055
lfw,3892,int8pt,0.956427
lfw,3893,int8pt,0.972580
lfw,3894,int8pt,0.958494
lfw,3895,int8pt,0.953231
lfw,3896,int8pt,0.956214
lfw,3897,int8pt,0.944571
lfw,3898,int8pt,0.927779
lfw,3899,int8pt,0.942493
lfw,3900,int8pt,0.954932
lfw,3901,int8pt,0.965286
lfw,3902,int8pt,0.947518
lfw,3903,int8pt,0.958602
lfw,3904,int8pt,0.961266
lfw,3905,int8pt,0.971414
lfw,3906,int8pt,0.930774
lfw,3907,int8pt,0.975330
lfw,3908,int8pt,0.945413
lfw,3909,int8pt,0.956989
lfw,3910,int8pt,0.943328
lfw,3911,int8pt,0.935542
lfw,3912,int8pt,0.936788
lfw,3913,int8pt,0.955871
lfw,3914,int8pt,0.940327
lfw,3915,int8pt,0.958377
lfw,3916,int8pt,0.957295
lfw,3917,int8pt,0.950741
lfw,3918,int8pt,0.940877
lfw,3919,int8pt,0.954031
lfw,3920,int8pt,0.940073
lfw,3921,int8pt,0.926875
lfw,3922,int8pt,0.945992
lfw,3923,int8pt,0.943144
lfw,3924,int8pt,0.964737
lfw,3925,int8pt,0.966071
lfw,3926,int8pt,0.960807
lfw,3927,int8pt,0.946341
lfw,3928,int8pt,0.956310
lfw,3929,int8pt,0.960172
lfw,3930,int8pt,0.945217
lfw,3931,int8pt,0.952481
lfw,3932,int8pt,0.965125
lfw,3933,int8pt,0.935739
lfw,3934,int8pt,0.929781
lfw,3935,int8pt,0.950189
lfw,3936,int8pt,0.971333
lfw,3937,int8pt,0.947724
lfw,3938,int8pt,0.968947
lfw,3939,int8pt,0.953651
lfw,3940,int8pt,0.960422
lfw,3941,int8pt,0.951400
lfw,3942,int8pt,0.953260
lfw,3943,int8pt,0.967410
lfw,3944,int8pt,0.939974
lfw,3945,int8pt,0.970830
lfw,3946,int8pt,0.955582
lfw,3947,int8pt,0.973774
lfw,3948,int8pt,0.968844
lfw,3949,int8pt,0.961436
lfw,3950,int8pt,0.961823
lfw,3951,int8pt,0.955873
lfw,3952,int8pt,0.963212
lfw,3953,int8pt,0.942414
lfw,3954,int8pt,0.955199
lfw,3955,int8pt,0.966570
lfw,3956,int8pt,0.957540
lfw,3957,int8pt,0.956755
lfw,3958,int8pt,0.931897
lfw,3959,int8pt,0.952161
lfw,3960,int8pt,0.959708
lfw,3961,int8pt,0.949513
lfw,3962,int8pt,0.942731
lfw,3963,int8pt,0.931892
lfw,3964,int8pt,0.941311
lfw,3965,int8pt,0.932774
lfw,3966,int8pt,0.956441
lfw,3967,int8pt,0.955977
lfw,3968,int8pt,0.954246
lfw,3969,int8pt,0.951415
lfw,3970,int8pt,0.950679
lfw,3971,int8pt,0.914885
lfw,3972,int8pt,0.974948
lfw,3973,int8pt,0.955118
lfw,3974,int8pt,0.967473
lfw,3975,int8pt,0.971411
lfw,3976,int8pt,0.972102
lfw,3977,int8pt,0.964314
lfw,3978,int8pt,0.955069
lfw,3979,int8pt,0.961441
lfw,3980,int8pt,0.949393
lfw,3981,int8pt,0.956044
lfw,3982,int8pt,0.956522
lfw,3983,int8pt,0.930364
lfw,3984,int8pt,0.968788
lfw,3985,int8pt,0.956206
lfw,3986,int8pt,0.926378
lfw,3987,int8pt,0.952636
lfw,3988,int8pt,0.954996
lfw,3989,int8pt,0.960580
lfw,3990,int8pt,0.961395
lfw,3991,int8pt,0.944627
lfw,3992,int8pt,0.957431
lfw,3993,int8pt,0.963009
lfw,3994,int8pt,0.966117
lfw,3995,int8pt,0.948374
lfw,3996,int8pt,0.949152
lfw,3997,int8pt,0.939943
lfw,3998,int8pt,0.935647
lfw,3999,int8pt,0.941839
lfw,4000,int8pt,0.935422
lfw,4001,int8pt,0.940503
lfw,4002,int8pt,0.925559
lfw,4003,int8pt,0.944558
lfw,4004,int8pt,0.945576
lfw,4005,int8pt,0.952464
lfw,4006,int8pt,0.953532
lfw,4007,int8pt,0.951434
lfw,4008,int8pt,0.915905
lfw,4009,int8pt,0.935325
lfw,4010,int8pt,0.945464
lfw,4011,int8pt,0.923915
lfw,4012,int8pt,0.934181
lfw,4013,int8pt,0.947212
lfw,4014,int8pt,0.954354
lfw,4015,int8pt,0.955491
lfw,4016,int8pt,0.954686
lfw,4017,int8pt,0.923756
lfw,4018,int8pt,0.944659
lfw,4019,int8pt,0.934356
lfw,4020,int8pt,0.941193
lfw,4021,int8pt,0.955124
lfw,4022,int8pt,0.956497
lfw,4023,int8pt,0.941642
lfw,4024,int8pt,0.967550
lfw,4025,int8pt,0.941693
lfw,4026,int8pt,0.962466
lfw,4027,int8pt,0.950496
lfw,4028,int8pt,0.968600
lfw,4029,int8pt,0.952949
lfw,4030,int8pt,0.920242
lfw,4031,int8pt,0.945151
lfw,4032,int8pt,0.930995
lfw,4033,int8pt,0.935480
lfw,4034,int8pt,0.935804
lfw,4035,int8pt,0.946003
lfw,4036,int8pt,0.940407
lfw,4037,int8pt,0.916058
lfw,4038,int8pt,0.945891
lfw,4039,int8pt,0.931538
lfw,4040,int8pt,0.947283
lfw,4041,int8pt,0.953718
lfw,4042,int8pt,0.950134
lfw,4043,int8pt,0.943718
lfw,4044,int8pt,0.948779
lfw,4045,int8pt,0.953725
lfw,4046,int8pt,0.966330
lfw,4047,int8pt,0.947110
lfw,4048,int8pt,0.938925
lfw,4049,int8pt,0.942583
lfw,4050,int8pt,0.954836
lfw,4051,int8pt,0.947402
lfw,4052,int8pt,0.943408
lfw,4053,int8pt,0.931753
lfw,4054,int8pt,0.961826
lfw,4055,int8pt,0.962630
lfw,4056,int8pt,0.964878
lfw,4057,int8pt,0.957737
lfw,4058,int8pt,0.958672
lfw,4059,int8pt,0.949210
lfw,4060,int8pt,0.969017
lfw,4061,int8pt,0.961793
lfw,4062,int8pt,0.952120
lfw,4063,int8pt,0.958072
lfw,4064,int8pt,0.943729
lfw,4065,int8pt,0.933027
lfw,4066,int8pt,0.943287
lfw,4067,int8pt,0.957296
lfw,4068,int8pt,0.967072
lfw,4069,int8pt,0.954941
lfw,4070,int8pt,0.934668
lfw,4071,int8pt,0.952706
lfw,4072,int8pt,0.943984
lfw,4073,int8pt,0.949511
lfw,4074,int8pt,0.953494
lfw,4075,int8pt,0.963552
lfw,4076,int8pt,0.962986
lfw,4077,int8pt,0.955088
lfw,4078,int8pt,0.941548
lfw,4079,int8pt,0.927304
lfw,4080,int8pt,0.950897
lfw,4081,int8pt,0.940998
lfw,4082,int8pt,0.943065
lfw,4083,int8pt,0.943456
lfw,4084,int8pt,0.949818
lfw,4085,int8pt,0.955961
lfw,4086,int8pt,0.945071
lfw,4087,int8pt,0.953200
lfw,4088,int8pt,0.963964
lfw,4089,int8pt,0.963531
lfw,4090,int8pt,0.958822
lfw,4091,int8pt,0.962482
lfw,4092,int8pt,0.954996
lfw,4093,int8pt,0.965584
lfw,4094,int8pt,0.962851
lfw,4095,int8pt,0.956465
lfw,4096,int8pt,0.945010
lfw,4097,int8pt,0.951518
lfw,4098,int8pt,0.940051
lfw,4099,int8pt,0.964240
lfw,4100,int8pt,0.944277
lfw,4101,int8pt,0.964430
lfw,4102,int8pt,0.950504
lfw,4103,int8pt,0.966871
lfw,4104,int8pt,0.968587
lfw,4105,int8pt,0.957850
lfw,4106,int8pt,0.918263
lfw,4107,int8pt,0.963032
lfw,4108,int8pt,0.938468
lfw,4109,int8pt,0.961648
lfw,4110,int8pt,0.957383
lfw,4111,int8pt,0.948430
lfw,4112,int8pt,0.961763
lfw,4113,int8pt,0.959076
lfw,4114,int8pt,0.967341
lfw,4115,int8pt,0.958981
lfw,4116,int8pt,0.958995
lfw,4117,int8pt,0.964185
lfw,4118,int8pt,0.952739
lfw,4119,int8pt,0.950539
lfw,4120,int8pt,0.956360
lfw,4121,int8pt,0.964949
lfw,4122,int8pt,0.959904
lfw,4123,int8pt,0.945243
lfw,4124,int8pt,0.933289
lfw,4125,int8pt,0.949046
lfw,4126,int8pt,0.955897
lfw,4127,int8pt,0.933236
lfw,4128,int8pt,0.958642
lfw,4129,int8pt,0.953866
lfw,4130,int8pt,0.943142
lfw,4131,int8pt,0.961295
lfw,4132,int8pt,0.947707
lfw,4133,int8pt,0.946763
lfw,4134,int8pt,0.961591
lfw,4135,int8pt,0.951631
lfw,4136,int8pt,0.964294
lfw,4137,int8pt,0.965245
lfw,4138,int8pt,0.961741
lfw,4139,int8pt,0.953309
lfw,4140,int8pt,0.958634
lfw,4141,int8pt,0.945051
lfw,4142,int8pt,0.950095
lfw,4143,int8pt,0.951123
lfw,4144,int8pt,0.959882
lfw,4145,int8pt,0.952248
lfw,4146,int8pt,0.941302
lfw,4147,int8pt,0.959792
lfw,4148,int8pt,0.935373
lfw,4149,int8pt,0.965608
lfw,4150,int8pt,0.932534
lfw,4151,int8pt,0.950649
lfw,4152,int8pt,0.949534
lfw,4153,int8pt,0.954968
lfw,4154,int8pt,0.969327
lfw,4155,int8pt,0.947088
lfw,4156,int8pt,0.959457
lfw,4157,int8pt,0.958339
lfw,4158,int8pt,0.953556
lfw,4159,int8pt,0.972253
lfw,4160,int8pt,0.931676
lfw,4161,int8pt,0.939287
lfw,4162,int8pt,0.961991
lfw,4163,int8pt,0.958484
lfw,4164,int8pt,0.960495
lfw,4165,int8pt,0.950514
lfw,4166,int8pt,0.938478
lfw,4167,int8pt,0.975459
lfw,4168,int8pt,0.951612
lfw,4169,int8pt,0.956984
lfw,4170,int8pt,0.933497
lfw,4171,int8pt,0.957119
lfw,4172,int8pt,0.955372
lfw,4173,int8pt,0.942152
lfw,4174,int8pt,0.965255
lfw,4175,int8pt,0.960915
lfw,4176,int8pt,0.965977
lfw,4177,int8pt,0.966978
lfw,4178,int8pt,0.940688
lfw,4179,int8pt,0.957392
lfw,4180,int8pt,0.957495
lfw,4181,int8pt,0.941282
lfw,4182,int8pt,0.937180
lfw,4183,int8pt,0.935684
lfw,4184,int8pt,0.945301
lfw,4185,int8pt,0.958497
lfw,4186,int8pt,0.939782
lfw,4187,int8pt,0.902906
lfw,4188,int8pt,0.937149
lfw,4189,int8pt,0.912871
lfw,4190,int8pt,0.953485
lfw,4191,int8pt,0.935978
lfw,4192,int8pt,0.950511
lfw,4193,int8pt,0.948405
lfw,4194,int8pt,0.932103
lfw,4195,int8pt,0.956866
lfw,4196,int8pt,0.963302
lfw,4197,int8pt,0.950330
lfw,4198,int8pt,0.943972
lfw,4199,int8pt,0.947131
lfw,4200,int8pt,0.916108
lfw,4201,int8pt,0.945097
lfw,4202,int8pt,0.942762
lfw,4203,int8pt,0.954157
lfw,4204,int8pt,0.938406
lfw,4205,int8pt,0.933237
lfw,4206,int8pt,0.960936
lfw,4207,int8pt,0.966975
lfw,4208,int8pt,0.957805
lfw,4209,int8pt,0.953887
lfw,4210,int8pt,0.945061
lfw,4211,int8pt,0.958913
lfw,4212,int8pt,0.960962
lfw,4213,int8pt,0.911876
lfw,4214,int8pt,0.964450
lfw,4215,int8pt,0.947111
lfw,4216,int8pt,0.949171
lfw,4217,int8pt,0.966328
lfw,4218,int8pt,0.924749
lfw,4219,int8pt,0.948239
lfw,4220,int8pt,0.962220
lfw,4221,int8pt,0.953997
lfw,4222,int8pt,0.952782
lfw,4223,int8pt,0.956676
lfw,4224,int8pt,0.954610
lfw,4225,int8pt,0.955007
lfw,4226,int8pt,0.925132
lfw,4227,int8pt,0.959624
lfw,4228,int8pt,0.966358
lfw,4229,int8pt,0.928127
lfw,4230,int8pt,0.960678
lfw,4231,int8pt,0.947981
lfw,4232,int8pt,0.953291
lfw,4233,int8pt,0.939788
lfw,4234,int8pt,0.951134
lfw,4235,int8pt,0.928253
lfw,4236,int8pt,0.956864
lfw,4237,int8pt,0.956280
lfw,4238,int8pt,0.954764
lfw,4239,int8pt,0.960296
lfw,4240,int8pt,0.936722
lfw,4241,int8pt,0.946620
lfw,4242,int8pt,0.960047
lfw,4243,int8pt,0.946995
lfw,4244,int8pt,0.963486
lfw,4245,int8pt,0.964921
lfw,4246,int8pt,0.927522
lfw,4247,int8pt,0.951974
lfw,4248,int8pt,0.957794
lfw,4249,int8pt,0.960528
lfw,4250,int8pt,0.944647
lfw,4251,int8pt,0.944274
lfw,4252,int8pt,0.949232
lfw,4253,int8pt,0.946758
lfw,4254,int8pt,0.950746
lfw,4255,int8pt,0.949301
lfw,4256,int8pt,0.953188
lfw,4257,int8pt,0.942877
lfw,4258,int8pt,0.961622
lfw,4259,int8pt,0.959750
lfw,4260,int8pt,0.965512
lfw,4261,int8pt,0.975472
lfw,4262,int8pt,0.966007
lfw,4263,int8pt,0.949924
lfw,4264,int8pt,0.956025
lfw,4265,int8pt,0.948645
lfw,4266,int8pt,0.956068
lfw,4267,int8pt,0.946590
lfw,4268,int8pt,0.958405
lfw,4269,int8pt,0.961233
lfw,4270,int8pt,0.948859
lfw,4271,int8pt,0.954232
lfw,4272,int8pt,0.964449
lfw,4273,int8pt,0.954312
lfw,4274,int8pt,0.947170
lfw,4275,int8pt,0.933295
lfw,4276,int8pt,0.948362
lfw,4277,int8pt,0.958153
lfw,4278,int8pt,0.965393
lfw,4279,int8pt,0.956368
lfw,4280,int8pt,0.964592
lfw,4281,int8pt,0.953038
lfw,4282,int8pt,0.952118
lfw,4283,int8pt,0.958677
lfw,4284,int8pt,0.958373
lfw,4285,int8pt,0.957397
lfw,4286,int8pt,0.960955
lfw,4287,int8pt,0.958232
lfw,4288,int8pt,0.954876
lfw,4289,int8pt,0.945584
lfw,4290,int8pt,0.964636
lfw,4291,int8pt,0.939420
lfw,4292,int8pt,0.955958
lfw,4293,int8pt,0.953357
lfw,4294,int8pt,0.960530
lfw,4295,int8pt,0.939483
lfw,4296,int8pt,0.944546
lfw,4297,int8pt,0.962923
lfw,4298,int8pt,0.939593
lfw,4299,int8pt,0.953851
lfw,4300,int8pt,0.947030
lfw,4301,int8pt,0.940681
lfw,4302,int8pt,0.942428
lfw,4303,int8pt,0.941542
lfw,4304,int8pt,0.936640
lfw,4305,int8pt,0.958565
lfw,4306,int8pt,0.948538
lfw,4307,int8pt,0.965208
lfw,4308,int8pt,0.963081
lfw,4309,int8pt,0.930528
lfw,4310,int8pt,0.960746
lfw,4311,int8pt,0.944777
lfw,4312,int8pt,0.942459
lfw,4313,int8pt,0.951688
lfw,4314,int8pt,0.963376
lfw,4315,int8pt,0.948654
lfw,4316,int8pt,0.968322
lfw,4317,int8pt,0.973679
lfw,4318,int8pt,0.971179
lfw,4319,int8pt,0.963011
lfw,4320,int8pt,0.937795
lfw,4321,int8pt,0.940656
lfw,4322,int8pt,0.948193
lfw,4323,int8pt,0.950039
lfw,4324,int8pt,0.961009
lfw,4325,int8pt,0.959306
lfw,4326,int8pt,0.960682
lfw,4327,int8pt,0.963806
lfw,4328,int8pt,0.958556
lfw,4329,int8pt,0.933844
lfw,4330,int8pt,0.937215
lfw,4331,int8pt,0.950600
lfw,4332,int8pt,0.942390
lfw,4333,int8pt,0.957300
lfw,4334,int8pt,0.958728
lfw,4335,int8pt,0.952985
lfw,4336,int8pt,0.952439
lfw,4337,int8pt,0.957693
lfw,4338,int8pt,0.956476
lfw,4339,int8pt,0.959736
lfw,4340,int8pt,0.952237
lfw,4341,int8pt,0.952503
lfw,4342,int8pt,0.946315
lfw,4343,int8pt,0.959359
lfw,4344,int8pt,0.958849
lfw,4345,int8pt,0.954404
lfw,4346,int8pt,0.957968
lfw,4347,int8pt,0.957965
lfw,4348,int8pt,0.959891
lfw,4349,int8pt,0.954842
lfw,4350,int8pt,0.954599
lfw,4351,int8pt,0.956196
lfw,4352,int8pt,0.955805
lfw,4353,int8pt,0.962980
lfw,4354,int8pt,0.947732
lfw,4355,int8pt,0.958867
lfw,4356,int8pt,0.969217
lfw,4357,int8pt,0.965947
lfw,4358,int8pt,0.955870
lfw,4359,int8pt,0.953331
lfw,4360,int8pt,0.950863
lfw,4361,int8pt,0.943171
lfw,4362,int8pt,0.938705
lfw,4363,int8pt,0.946782
lfw,4364,int8pt,0.962592
lfw,4365,int8pt,0.968868
lfw,4366,int8pt,0.959925
lfw,4367,int8pt,0.955256
lfw,4368,int8pt,0.953724
lfw,4369,int8pt,0.965981
lfw,4370,int8pt,0.964960
lfw,4371,int8pt,0.969627
lfw,4372,int8pt,0.969654
lfw,4373,int8pt,0.953961
lfw,4374,int8pt,0.952521
lfw,4375,int8pt,0.941120
lfw,4376,int8pt,0.950895
lfw,4377,int8pt,0.968789
lfw,4378,int8pt,0.958465
lfw,4379,int8pt,0.959509
lfw,4380,int8pt,0.928585
lfw,4381,int8pt,0.950967
lfw,4382,int8pt,0.957855
lfw,4383,int8pt,0.948512
lfw,4384,int8pt,0.957237
lfw,4385,int8pt,0.955698
lfw,4386,int8pt,0.958881
lfw,4387,int8pt,0.950877
lfw,4388,int8pt,0.961210
lfw,4389,int8pt,0.969040
lfw,4390,int8pt,0.954655
lfw,4391,int8pt,0.942320
lfw,4392,int8pt,0.944335
lfw,4393,int8pt,0.956074
lfw,4394,int8pt,0.931875
lfw,4395,int8pt,0.952352
lfw,4396,int8pt,0.960661
lfw,4397,int8pt,0.923793
lfw,4398,int8pt,0.950499
lfw,4399,int8pt,0.946740
lfw,4400,int8pt,0.936285
lfw,4401,int8pt,0.951537
lfw,4402,int8pt,0.955134
lfw,4403,int8pt,0.953917
lfw,4404,int8pt,0.942670
lfw,4405,int8pt,0.961819
lfw,4406,int8pt,0.942477
lfw,4407,int8pt,0.964281
lfw,4408,int8pt,0.967178
lfw,4409,int8pt,0.960040
lfw,4410,int8pt,0.955170
lfw,4411,int8pt,0.960015
lfw,4412,int8pt,0.957963
lfw,4413,int8pt,0.962948
lfw,4414,int8pt,0.964612
lfw,4415,int8pt,0.967139
lfw,4416,int8pt,0.953440
lfw,4417,int8pt,0.961731
lfw,4418,int8pt,0.940211
lfw,4419,int8pt,0.958843
lfw,4420,int8pt,0.959539
lfw,4421,int8pt,0.964841
lfw,4422,int8pt,0.957747
lfw,4423,int8pt,0.935260
lfw,4424,int8pt,0.944597
lfw,4425,int8pt,0.941669
lfw,4426,int8pt,0.950177
lfw,4427,int8pt,0.957700
lfw,4428,int8pt,0.953628
lfw,4429,int8pt,0.930621
lfw,4430,int8pt,0.961606
lfw,4431,int8pt,0.965280
lfw,4432,int8pt,0.964142
lfw,4433,int8pt,0.955156
lfw,4434,int8pt,0.956011
lfw,4435,int8pt,0.957167
lfw,4436,int8pt,0.968953
lfw,4437,int8pt,0.956776
lfw,4438,int8pt,0.969367
lfw,4439,int8pt,0.952661
lfw,4440,int8pt,0.961947
lfw,4441,int8pt,0.953600
lfw,4442,int8pt,0.950055
lfw,4443,int8pt,0.962911
lfw,4444,int8pt,0.946800
lfw,4445,int8pt,0.943061
lfw,4446,int8pt,0.961895
lfw,4447,int8pt,0.941844
lfw,4448,int8pt,0.952603
lfw,4449,int8pt,0.934908
lfw,4450,int8pt,0.951777
lfw,4451,int8pt,0.935176
lfw,4452,int8pt,0.954007
lfw,4453,int8pt,0.955238
lfw,4454,int8pt,0.949274
lfw,4455,int8pt,0.942722
lfw,4456,int8pt,0.952559
lfw,4457,int8pt,0.957666
lfw,4458,int8pt,0.964889
lfw,4459,int8pt,0.949393
lfw,4460,int8pt,0.941223
lfw,4461,int8pt,0.960308
lfw,4462,int8pt,0.962571
lfw,4463,int8pt,0.971061
lfw,4464,int8pt,0.948988
lfw,4465,int8pt,0.954355
lfw,4466,int8pt,0.938561
lfw,4467,int8pt,0.956207
lfw,4468,int8pt,0.958895
lfw,4469,int8pt,0.928922
lfw,4470,int8pt,0.955829
lfw,4471,int8pt,0.959091
lfw,4472,int8pt,0.950657
lfw,4473,int8pt,0.968217
lfw,4474,int8pt,0.964579
lfw,4475,int8pt,0.956365
lfw,4476,int8pt,0.950575
lfw,4477,int8pt,0.943710
lfw,4478,int8pt,0.952188
lfw,4479,int8pt,0.966744
lfw,4480,int8pt,0.971153
lfw,4481,int8pt,0.967861
lfw,4482,int8pt,0.959109
lfw,4483,int8pt,0.964406
lfw,4484,int8pt,0.962892
lfw,4485,int8pt,0.962218
lfw,4486,int8pt,0.955012
lfw,4487,int8pt,0.963432
lfw,4488,int8pt,0.952790
lfw,4489,int8pt,0.953960
lfw,4490,int8pt,0.946276
lfw,4491,int8pt,0.962256
lfw,4492,int8pt,0.955347
lfw,4493,int8pt,0.954682
lfw,4494,int8pt,0.954096
lfw,4495,int8pt,0.964794
lfw,4496,int8pt,0.970499
lfw,4497,int8pt,0.961580
lfw,4498,int8pt,0.926607
lfw,4499,int8pt,0.950796
lfw,4500,int8pt,0.956047
lfw,4501,int8pt,0.949685
lfw,4502,int8pt,0.966819
lfw,4503,int8pt,0.960069
lfw,4504,int8pt,0.934165
lfw,4505,int8pt,0.964149
lfw,4506,int8pt,0.950957
lfw,4507,int8pt,0.954252
lfw,4508,int8pt,0.949495
lfw,4509,int8pt,0.969038
lfw,4510,int8pt,0.973049
lfw,4511,int8pt,0.967563
lfw,4512,int8pt,0.959211
lfw,4513,int8pt,0.942513
lfw,4514,int8pt,0.928311
lfw,4515,int8pt,0.948737
lfw,4516,int8pt,0.940350
lfw,4517,int8pt,0.962882
lfw,4518,int8pt,0.970597
lfw,4519,int8pt,0.976257
lfw,4520,int8pt,0.960150
lfw,4521,int8pt,0.956703
lfw,4522,int8pt,0.955797
lfw,4523,int8pt,0.953593
lfw,4524,int8pt,0.957440
lfw,4525,int8pt,0.948164
lfw,4526,int8pt,0.972102
lfw,4527,int8pt,0.958151
lfw,4528,int8pt,0.955518
lfw,4529,int8pt,0.961144
lfw,4530,int8pt,0.962883
lfw,4531,int8pt,0.961161
lfw,4532,int8pt,0.907483
lfw,4533,int8pt,0.951637
lfw,4534,int8pt,0.944619
lfw,4535,int8pt,0.932006
lfw,4536,int8pt,0.960227
lfw,4537,int8pt,0.958375
lfw,4538,int8pt,0.971975
lfw,4539,int8pt,0.963074
lfw,4540,int8pt,0.956220
lfw,4541,int8pt,0.954435
lfw,4542,int8pt,0.969057
lfw,4543,int8pt,0.958171
lfw,4544,int8pt,0.966176
lfw,4545,int8pt,0.952620
lfw,4546,int8pt,0.968201
lfw,4547,int8pt,0.941841
lfw,4548,int8pt,0.942762
lfw,4549,int8pt,0.957432
lfw,4550,int8pt,0.957323
lfw,4551,int8pt,0.951773
lfw,4552,int8pt,0.958384
lfw,4553,int8pt,0.962708
lfw,4554,int8pt,0.952249
lfw,4555,int8pt,0.950720
lfw,4556,int8pt,0.942617
lfw,4557,int8pt,0.936441
lfw,4558,int8pt,0.957682
lfw,4559,int8pt,0.947870
lfw,4560,int8pt,0.965336
lfw,4561,int8pt,0.971256
lfw,4562,int8pt,0.968534
lfw,4563,int8pt,0.969974
lfw,4564,int8pt,0.957600
lfw,4565,int8pt,0.962734
lfw,4566,int8pt,0.972033
lfw,4567,int8pt,0.958312
lfw,4568,int8pt,0.954932
lfw,4569,int8pt,0.968863
lfw,4570,int8pt,0.968972
lfw,4571,int8pt,0.955224
lfw,4572,int8pt,0.954511
lfw,4573,int8pt,0.937185
lfw,4574,int8pt,0.952716
lfw,4575,int8pt,0.960867
lfw,4576,int8pt,0.953332
lfw,4577,int8pt,0.956338
lfw,4578,int8pt,0.935282
lfw,4579,int8pt,0.948969
lfw,4580,int8pt,0.955454
lfw,4581,int8pt,0.959962
lfw,4582,int8pt,0.956523
lfw,4583,int8pt,0.941889
lfw,4584,int8pt,0.956429
lfw,4585,int8pt,0.946229
lfw,4586,int8pt,0.952153
lfw,4587,int8pt,0.954811
lfw,4588,int8pt,0.958207
lfw,4589,int8pt,0.969917
lfw,4590,int8pt,0.963293
lfw,4591,int8pt,0.948701
lfw,4592,int8pt,0.953287
lfw,4593,int8pt,0.958126
lfw,4594,int8pt,0.957826
lfw,4595,int8pt,0.964106
lfw,4596,int8pt,0.946226
lfw,4597,int8pt,0.913675
lfw,4598,int8pt,0.944809
lfw,4599,int8pt,0.948892
lfw,4600,int8pt,0.945337
lfw,4601,int8pt,0.958716
lfw,4602,int8pt,0.959383
lfw,4603,int8pt,0.946061
lfw,4604,int8pt,0.927781
lfw,4605,int8pt,0.933949
lfw,4606,int8pt,0.969458
lfw,4607,int8pt,0.954015
lfw,4608,int8pt,0.945522
lfw,4609,int8pt,0.947321
lfw,4610,int8pt,0.962244
lfw,4611,int8pt,0.950705
lfw,4612,int8pt,0.970236
lfw,4613,int8pt,0.971096
lfw,4614,int8pt,0.955759
lfw,4615,int8pt,0.960955
lfw,4616,int8pt,0.967404
lfw,4617,int8pt,0.945240
lfw,4618,int8pt,0.941769
lfw,4619,int8pt,0.965014
lfw,4620,int8pt,0.974494
lfw,4621,int8pt,0.969512
lfw,4622,int8pt,0.956309
lfw,4623,int8pt,0.973533
lfw,4624,int8pt,0.945529
lfw,4625,int8pt,0.951653
lfw,4626,int8pt,0.973525
lfw,4627,int8pt,0.973409
lfw,4628,int8pt,0.936406
lfw,4629,int8pt,0.957360
lfw,4630,int8pt,0.947076
lfw,4631,int8pt,0.953473
lfw,4632,int8pt,0.965290
lfw,4633,int8pt,0.968430
lfw,4634,int8pt,0.936191
lfw,4635,int8pt,0.951148
lfw,4636,int8pt,0.963282
lfw,4637,int8pt,0.964881
lfw,4638,int8pt,0.972951
lfw,4639,int8pt,0.956876
lfw,4640,int8pt,0.940821
lfw,4641,int8pt,0.925597
lfw,4642,int8pt,0.943067
lfw,4643,int8pt,0.941001
lfw,4644,int8pt,0.955664
lfw,4645,int8pt,0.957556
lfw,4646,int8pt,0.951866
lfw,4647,int8pt,0.945955
lfw,4648,int8pt,0.946044
lfw,4649,int8pt,0.954234
lfw,4650,int8pt,0.941742
lfw,4651,int8pt,0.946851
lfw,4652,int8pt,0.963639
lfw,4653,int8pt,0.967640
lfw,4654,int8pt,0.960704
lfw,4655,int8pt,0.963174
lfw,4656,int8pt,0.969089
lfw,4657,int8pt,0.962066
lfw,4658,int8pt,0.952830
lfw,4659,int8pt,0.950219
lfw,4660,int8pt,0.943768
lfw,4661,int8pt,0.963789
lfw,4662,int8pt,0.943012
lfw,4663,int8pt,0.956000
lfw,4664,int8pt,0.963660
lfw,4665,int8pt,0.966846
lfw,4666,int8pt,0.957901
lfw,4667,int8pt,0.964649
lfw,4668,int8pt,0.954893
lfw,4669,int8pt,0.962730
lfw,4670,int8pt,0.948710
lfw,4671,int8pt,0.952040
lfw,4672,int8pt,0.955517
lfw,4673,int8pt,0.941259
lfw,4674,int8pt,0.965383
lfw,4675,int8pt,0.946895
lfw,4676,int8pt,0.936059
lfw,4677,int8pt,0.942339
lfw,4678,int8pt,0.962527
lfw,4679,int8pt,0.931784
lfw,4680,int8pt,0.938590
lfw,4681,int8pt,0.951329
lfw,4682,int8pt,0.957291
lfw,4683,int8pt,0.959670
lfw,4684,int8pt,0.971334
lfw,4685,int8pt,0.942598
lfw,4686,int8pt,0.944201
lfw,4687,int8pt,0.935072
lfw,4688,int8pt,0.961691
lfw,4689,int8pt,0.947157
lfw,4690,int8pt,0.949982
lfw,4691,int8pt,0.959808
lfw,4692,int8pt,0.967084
lfw,4693,int8pt,0.952903
lfw,4694,int8pt,0.942981
lfw,4695,int8pt,0.957234
lfw,4696,int8pt,0.949438
lfw,4697,int8pt,0.952373
lfw,4698,int8pt,0.956613
lfw,4699,int8pt,0.958195
lfw,4700,int8pt,0.938924
lfw,4701,int8pt,0.930838
lfw,4702,int8pt,0.959490
lfw,4703,int8pt,0.946741
lfw,4704,int8pt,0.961055
lfw,4705,int8pt,0.931045
lfw,4706,int8pt,0.959888
lfw,4707,int8pt,0.940527
lfw,4708,int8pt,0.967228
lfw,4709,int8pt,0.942577
lfw,4710,int8pt,0.947096
lfw,4711,int8pt,0.946870
lfw,4712,int8pt,0.957711
lfw,4713,int8pt,0.929286
lfw,4714,int8pt,0.954753
lfw,4715,int8pt,0.961555
lfw,4716,int8pt,0.973327
lfw,4717,int8pt,0.912962
lfw,4718,int8pt,0.934737
lfw,4719,int8pt,0.957269
lfw,4720,int8pt,0.960816
lfw,4721,int8pt,0.964455
lfw,4722,int8pt,0.960683
lfw,4723,int8pt,0.959380
lfw,4724,int8pt,0.968356
lfw,4725,int8pt,0.956829
lfw,4726,int8pt,0.948010
lfw,4727,int8pt,0.949516
lfw,4728,int8pt,0.948050
lfw,4729,int8pt,0.931491
lfw,4730,int8pt,0.955336
lfw,4731,int8pt,0.951553
lfw,4732,int8pt,0.951215
lfw,4733,int8pt,0.955662
lfw,4734,int8pt,0.931972
lfw,4735,int8pt,0.954864
lfw,4736,int8pt,0.958670
lfw,4737,int8pt,0.962229
lfw,4738,int8pt,0.964544
lfw,4739,int8pt,0.944691
lfw,4740,int8pt,0.938170
lfw,4741,int8pt,0.955074
lfw,4742,int8pt,0.951173
lfw,4743,int8pt,0.950639
lfw,4744,int8pt,0.949154
lfw,4745,int8pt,0.951572
lfw,4746,int8pt,0.963912
lfw,4747,int8pt,0.951201
lfw,4748,int8pt,0.960785
lfw,4749,int8pt,0.951877
lfw,4750,int8pt,0.969796
lfw,4751,int8pt,0.948622
lfw,4752,int8pt,0.949217
lfw,4753,int8pt,0.954391
lfw,4754,int8pt,0.936248
lfw,4755,int8pt,0.947866
lfw,4756,int8pt,0.923165
lfw,4757,int8pt,0.964402
lfw,4758,int8pt,0.943866
lfw,4759,int8pt,0.950986
lfw,4760,int8pt,0.961183
lfw,4761,int8pt,0.957762
lfw,4762,int8pt,0.954199
lfw,4763,int8pt,0.951890
lfw,4764,int8pt,0.954063
lfw,4765,int8pt,0.957438
lfw,4766,int8pt,0.930185
lfw,4767,int8pt,0.947923
lfw,4768,int8pt,0.940282
lfw,4769,int8pt,0.947746
lfw,4770,int8pt,0.964110
lfw,4771,int8pt,0.957587
lfw,4772,int8pt,0.960649
lfw,4773,int8pt,0.963641
lfw,4774,int8pt,0.940557
lfw,4775,int8pt,0.951916
lfw,4776,int8pt,0.952524
lfw,4777,int8pt,0.949924
lfw,4778,int8pt,0.940621
lfw,4779,int8pt,0.950301
lfw,4780,int8pt,0.948238
lfw,4781,int8pt,0.955235
lfw,4782,int8pt,0.955943
lfw,4783,int8pt,0.949406
lfw,4784,int8pt,0.939717
lfw,4785,int8pt,0.959991
lfw,4786,int8pt,0.960771
lfw,4787,int8pt,0.956235
lfw,4788,int8pt,0.947481
lfw,4789,int8pt,0.948932
lfw,4790,int8pt,0.932860
lfw,4791,int8pt,0.930452
lfw,4792,int8pt,0.962188
lfw,4793,int8pt,0.967436
lfw,4794,int8pt,0.956807
lfw,4795,int8pt,0.966417
lfw,4796,int8pt,0.956158
lfw,4797,int8pt,0.961366
lfw,4798,int8pt,0.960199
lfw,4799,int8pt,0.945016
lfw,4800,int8pt,0.955000
lfw,4801,int8pt,0.967030
lfw,4802,int8pt,0.947310
lfw,4803,int8pt,0.953381
lfw,4804,int8pt,0.960794
lfw,4805,int8pt,0.955283
lfw,4806,int8pt,0.956669
lfw,4807,int8pt,0.944947
lfw,4808,int8pt,0.967707
lfw,4809,int8pt,0.963621
lfw,4810,int8pt,0.968440
lfw,4811,int8pt,0.956375
lfw,4812,int8pt,0.961494
lfw,4813,int8pt,0.939870
lfw,4814,int8pt,0.950880
lfw,4815,int8pt,0.966713
lfw,4816,int8pt,0.945163
lfw,4817,int8pt,0.962577
lfw,4818,int8pt,0.960287
lfw,4819,int8pt,0.926728
lfw,4820,int8pt,0.941295
lfw,4821,int8pt,0.953607
lfw,4822,int8pt,0.950575
lfw,4823,int8pt,0.956838
lfw,4824,int8pt,0.958088
lfw,4825,int8pt,0.957091
lfw,4826,int8pt,0.949099
lfw,4827,int8pt,0.966243
lfw,4828,int8pt,0.959661
lfw,4829,int8pt,0.964826
lfw,4830,int8pt,0.967266
lfw,4831,int8pt,0.956338
lfw,4832,int8pt,0.959163
lfw,4833,int8pt,0.944545
lfw,4834,int8pt,0.949926
lfw,4835,int8pt,0.944886
lfw,4836,int8pt,0.945322
lfw,4837,int8pt,0.945534
lfw,4838,int8pt,0.965510
lfw,4839,int8pt,0.927125
lfw,4840,int8pt,0.944780
lfw,4841,int8pt,0.940653
lfw,4842,int8pt,0.926472
lfw,4843,int8pt,0.967753
lfw,4844,int8pt,0.967851
lfw,4845,int8pt,0.947343
lfw,4846,int8pt,0.956919
lfw,4847,int8pt,0.957902
lfw,4848,int8pt,0.965202
lfw,4849,int8pt,0.941567
lfw,4850,int8pt,0.959365
lfw,4851,int8pt,0.943124
lfw,4852,int8pt,0.962722
lfw,4853,int8pt,0.946573
lfw,4854,int8pt,0.954273
lfw,4855,int8pt,0.946301
lfw,4856,int8pt,0.941320
lfw,4857,int8pt,0.936646
lfw,4858,int8pt,0.940767
lfw,4859,int8pt,0.947124
lfw,4860,int8pt,0.963084
lfw,4861,int8pt,0.948855
lfw,4862,int8pt,0.964472
lfw,4863,int8pt,0.941620
lfw,4864,int8pt,0.963792
lfw,4865,int8pt,0.950982
lfw,4866,int8pt,0.967289
lfw,4867,int8pt,0.949406
lfw,4868,int8pt,0.960405
lfw,4869,int8pt,0.967382
lfw,4870,int8pt,0.958855
lfw,4871,int8pt,0.961220
lfw,4872,int8pt,0.960791
lfw,4873,int8pt,0.956996
lfw,4874,int8pt,0.960042
lfw,4875,int8pt,0.954700
lfw,4876,int8pt,0.946269
lfw,4877,int8pt,0.954003
lfw,4878,int8pt,0.944902
lfw,4879,int8pt,0.954694
lfw,4880,int8pt,0.946985
lfw,4881,int8pt,0.936245
lfw,4882,int8pt,0.955069
lfw,4883,int8pt,0.938187
lfw,4884,int8pt,0.956115
lfw,4885,int8pt,0.949028
lfw,4886,int8pt,0.964934
lfw,4887,int8pt,0.954714
lfw,4888,int8pt,0.945591
lfw,4889,int8pt,0.958345
lfw,4890,int8pt,0.933735
lfw,4891,int8pt,0.919098
lfw,4892,int8pt,0.948600
lfw,4893,int8pt,0.926096
lfw,4894,int8pt,0.953677
lfw,4895,int8pt,0.951728
lfw,4896,int8pt,0.959262
lfw,4897,int8pt,0.955910
lfw,4898,int8pt,0.959473
lfw,4899,int8pt,0.957893
lfw,4900,int8pt,0.961487
lfw,4901,int8pt,0.943863
lfw,4902,int8pt,0.965181
lfw,4903,int8pt,0.948133
lfw,4904,int8pt,0.944839
lfw,4905,int8pt,0.958977
lfw,4906,int8pt,0.938516
lfw,4907,int8pt,0.957603
lfw,4908,int8pt,0.954609
lfw,4909,int8pt,0.954376
lfw,4910,int8pt,0.945294
lfw,4911,int8pt,0.952670
lfw,4912,int8pt,0.932434
lfw,4913,int8pt,0.954881
lfw,4914,int8pt,0.947458
lfw,4915,int8pt,0.929843
lfw,4916,int8pt,0.960455
lfw,4917,int8pt,0.970968
lfw,4918,int8pt,0.954633
lfw,4919,int8pt,0.946327
lfw,4920,int8pt,0.966924
lfw,4921,int8pt,0.969444
lfw,4922,int8pt,0.948672
lfw,4923,int8pt,0.943580
lfw,4924,int8pt,0.945196
lfw,4925,int8pt,0.966926
lfw,4926,int8pt,0.962717
lfw,4927,int8pt,0.943533
lfw,4928,int8pt,0.915454
lfw,4929,int8pt,0.959868
lfw,4930,int8pt,0.944117
lfw,4931,int8pt,0.958012
lfw,4932,int8pt,0.966122
lfw,4933,int8pt,0.956915
lfw,4934,int8pt,0.960911
lfw,4935,int8pt,0.916789
lfw,4936,int8pt,0.949181
lfw,4937,int8pt,0.955920
lfw,4938,int8pt,0.968602
lfw,4939,int8pt,0.958891
lfw,4940,int8pt,0.922425
lfw,4941,int8pt,0.951960
lfw,4942,int8pt,0.934836
lfw,4943,int8pt,0.960182
lfw,4944,int8pt,0.922394
lfw,4945,int8pt,0.963755
lfw,4946,int8pt,0.940392
lfw,4947,int8pt,0.953217
lfw,4948,int8pt,0.961670
lfw,4949,int8pt,0.937083
lfw,4950,int8pt,0.964778
lfw,4951,int8pt,0.956095
lfw,4952,int8pt,0.939756
lfw,4953,int8pt,0.936362
lfw,4954,int8pt,0.925679
lfw,4955,int8pt,0.951585
lfw,4956,int8pt,0.946681
lfw,4957,int8pt,0.970057
lfw,4958,int8pt,0.944859
lfw,4959,int8pt,0.956620
lfw,4960,int8pt,0.938154
lfw,4961,int8pt,0.952071
lfw,4962,int8pt,0.964588
lfw,4963,int8pt,0.942217
lfw,4964,int8pt,0.959894
lfw,4965,int8pt,0.964941
lfw,4966,int8pt,0.952350
lfw,4967,int8pt,0.954667
lfw,4968,int8pt,0.954131
lfw,4969,int8pt,0.962476
lfw,4970,int8pt,0.952240
lfw,4971,int8pt,0.945419
lfw,4972,int8pt,0.949059
lfw,4973,int8pt,0.963990
lfw,4974,int8pt,0.919354
lfw,4975,int8pt,0.951558
lfw,4976,int8pt,0.960116
lfw,4977,int8pt,0.948367
lfw,4978,int8pt,0.966037
lfw,4979,int8pt,0.962042
lfw,4980,int8pt,0.957347
lfw,4981,int8pt,0.950237
lfw,4982,int8pt,0.958672
lfw,4983,int8pt,0.969649
lfw,4984,int8pt,0.934558
lfw,4985,int8pt,0.939099
lfw,4986,int8pt,0.933025
lfw,4987,int8pt,0.948234
lfw,4988,int8pt,0.968108
lfw,4989,int8pt,0.958705
lfw,4990,int8pt,0.958053
lfw,4991,int8pt,0.939001
lfw,4992,int8pt,0.954434
lfw,4993,int8pt,0.951756
lfw,4994,int8pt,0.949806
lfw,4995,int8pt,0.964640
lfw,4996,int8pt,0.927062
lfw,4997,int8pt,0.944641
lfw,4998,int8pt,0.947202
lfw,4999,int8pt,0.963048
lfw,5000,int8pt,0.951525
lfw,5001,int8pt,0.961226
lfw,5002,int8pt,0.948529
lfw,5003,int8pt,0.956501
lfw,5004,int8pt,0.946699
lfw,5005,int8pt,0.958227
lfw,5006,int8pt,0.938787
lfw,5007,int8pt,0.914222
lfw,5008,int8pt,0.954901
lfw,5009,int8pt,0.966161
lfw,5010,int8pt,0.960235
lfw,5011,int8pt,0.953073
lfw,5012,int8pt,0.941264
lfw,5013,int8pt,0.954924
lfw,5014,int8pt,0.954758
lfw,5015,int8pt,0.968524
lfw,5016,int8pt,0.952844
lfw,5017,int8pt,0.954564
lfw,5018,int8pt,0.970324
lfw,5019,int8pt,0.951945
lfw,5020,int8pt,0.973884
lfw,5021,int8pt,0.969785
lfw,5022,int8pt,0.976863
lfw,5023,int8pt,0.964934
lfw,5024,int8pt,0.960433
lfw,5025,int8pt,0.958520
lfw,5026,int8pt,0.963460
lfw,5027,int8pt,0.954185
lfw,5028,int8pt,0.944204
lfw,5029,int8pt,0.953400
lfw,5030,int8pt,0.944304
lfw,5031,int8pt,0.941597
lfw,5032,int8pt,0.958852
lfw,5033,int8pt,0.964607
lfw,5034,int8pt,0.963634
lfw,5035,int8pt,0.962458
lfw,5036,int8pt,0.957431
lfw,5037,int8pt,0.947527
lfw,5038,int8pt,0.963645
lfw,5039,int8pt,0.953453
lfw,5040,int8pt,0.960979
lfw,5041,int8pt,0.952868
lfw,5042,int8pt,0.951225
lfw,5043,int8pt,0.962563
lfw,5044,int8pt,0.958731
lfw,5045,int8pt,0.955573
lfw,5046,int8pt,0.953344
lfw,5047,int8pt,0.958277
lfw,5048,int8pt,0.952912
lfw,5049,int8pt,0.917872
lfw,5050,int8pt,0.936681
lfw,5051,int8pt,0.937020
lfw,5052,int8pt,0.952597
lfw,5053,int8pt,0.949509
lfw,5054,int8pt,0.959949
lfw,5055,int8pt,0.964767
lfw,5056,int8pt,0.947501
lfw,5057,int8pt,0.966237
lfw,5058,int8pt,0.953731
lfw,5059,int8pt,0.956174
lfw,5060,int8pt,0.942028
lfw,5061,int8pt,0.960838
lfw,5062,int8pt,0.946655
lfw,5063,int8pt,0.964484
lfw,5064,int8pt,0.952982
lfw,5065,int8pt,0.950572
lfw,5066,int8pt,0.962190
lfw,5067,int8pt,0.970884
lfw,5068,int8pt,0.958530
lfw,5069,int8pt,0.945955
lfw,5070,int8pt,0.952672
lfw,5071,int8pt,0.971839
lfw,5072,int8pt,0.953544
lfw,5073,int8pt,0.942317
lfw,5074,int8pt,0.949599
lfw,5075,int8pt,0.954914
lfw,5076,int8pt,0.965659
lfw,5077,int8pt,0.964877
lfw,5078,int8pt,0.951373
lfw,5079,int8pt,0.979652
lfw,5080,int8pt,0.941378
lfw,5081,int8pt,0.961769
lfw,5082,int8pt,0.958794
lfw,5083,int8pt,0.955516
lfw,5084,int8pt,0.950511
lfw,5085,int8pt,0.954116
lfw,5086,int8pt,0.927788
lfw,5087,int8pt,0.967847
lfw,5088,int8pt,0.956542
lfw,5089,int8pt,0.923574
lfw,5090,int8pt,0.954841
lfw,5091,int8pt,0.942652
lfw,5092,int8pt,0.948400
lfw,5093,int8pt,0.956417
lfw,5094,int8pt,0.957864
lfw,5095,int8pt,0.903595
lfw,5096,int8pt,0.956953
lfw,5097,int8pt,0.940660
lfw,5098,int8pt,0.925474
lfw,5099,int8pt,0.946031
lfw,5100,int8pt,0.941299
lfw,5101,int8pt,0.936314
lfw,5102,int8pt,0.967496
lfw,5103,int8pt,0.959782
lfw,5104,int8pt,0.959494
lfw,5105,int8pt,0.972084
lfw,5106,int8pt,0.948453
lfw,5107,int8pt,0.970195
lfw,5108,int8pt,0.954723
lfw,5109,int8pt,0.956185
lfw,5110,int8pt,0.967934
lfw,5111,int8pt,0.948156
lfw,5112,int8pt,0.948143
lfw,5113,int8pt,0.947469
lfw,5114,int8pt,0.965293
lfw,5115,int8pt,0.942141
lfw,5116,int8pt,0.959842
lfw,5117,int8pt,0.949190
lfw,5118,int8pt,0.960157
lfw,5119,int8pt,0.962830
lfw,5120,int8pt,0.953422
lfw,5121,int8pt,0.936326
lfw,5122,int8pt,0.954874
lfw,5123,int8pt,0.933293
lfw,5124,int8pt,0.952105
lfw,5125,int8pt,0.954571
lfw,5126,int8pt,0.961303
lfw,5127,int8pt,0.963274
lfw,5128,int8pt,0.928952
lfw,5129,int8pt,0.957534
lfw,5130,int8pt,0.972398
lfw,5131,int8pt,0.966855
lfw,5132,int8pt,0.946940
lfw,5133,int8pt,0.966344
lfw,5134,int8pt,0.961805
lfw,5135,int8pt,0.959209
lfw,5136,int8pt,0.948372
lfw,5137,int8pt,0.953021
lfw,5138,int8pt,0.937119
lfw,5139,int8pt,0.950701
lfw,5140,int8pt,0.950481
lfw,5141,int8pt,0.945689
lfw,5142,int8pt,0.956296
lfw,5143,int8pt,0.938630
lfw,5144,int8pt,0.955924
lfw,5145,int8pt,0.953825
lfw,5146,int8pt,0.959883
lfw,5147,int8pt,0.963113
lfw,5148,int8pt,0.948506
lfw,5149,int8pt,0.967123
lfw,5150,int8pt,0.945738
lfw,5151,int8pt,0.955527
lfw,5152,int8pt,0.945811
lfw,5153,int8pt,0.962441
lfw,5154,int8pt,0.957623
lfw,5155,int8pt,0.964444
lfw,5156,int8pt,0.940714
lfw,5157,int8pt,0.943345
lfw,5158,int8pt,0.936996
lfw,5159,int8pt,0.965741
lfw,5160,int8pt,0.968791
lfw,5161,int8pt,0.967566
lfw,5162,int8pt,0.964382
lfw,5163,int8pt,0.956074
lfw,5164,int8pt,0.950915
lfw,5165,int8pt,0.925231
lfw,5166,int8pt,0.925546
lfw,5167,int8pt,0.955747
lfw,5168,int8pt,0.955331
lfw,5169,int8pt,0.967915
lfw,5170,int8pt,0.961602
lfw,5171,int8pt,0.952879
lfw,5172,int8pt,0.960070
lfw,5173,int8pt,0.952268
lfw,5174,int8pt,0.947233
lfw,5175,int8pt,0.967570
lfw,5176,int8pt,0.956752
lfw,5177,int8pt,0.939829
lfw,5178,int8pt,0.938071
lfw,5179,int8pt,0.955974
lfw,5180,int8pt,0.963154
lfw,5181,int8pt,0.954496
lfw,5182,int8pt,0.938014
lfw,5183,int8pt,0.948152
lfw,5184,int8pt,0.935636
lfw,5185,int8pt,0.930460
lfw,5186,int8pt,0.920502
lfw,5187,int8pt,0.960485
lfw,5188,int8pt,0.956909
lfw,5189,int8pt,0.924159
lfw,5190,int8pt,0.956562
lfw,5191,int8pt,0.961914
lfw,5192,int8pt,0.955707
lfw,5193,int8pt,0.965464
lfw,5194,int8pt,0.944015
lfw,5195,int8pt,0.947452
lfw,5196,int8pt,0.945583
lfw,5197,int8pt,0.965323
lfw,5198,int8pt,0.957236
lfw,5199,int8pt,0.958693
lfw,5200,int8pt,0.948338
lfw,5201,int8pt,0.953249
lfw,5202,int8pt,0.942422
lfw,5203,int8pt,0.965786
lfw,5204,int8pt,0.961144
lfw,5205,int8pt,0.907308
lfw,5206,int8pt,0.950880
lfw,5207,int8pt,0.951377
lfw,5208,int8pt,0.959724
lfw,5209,int8pt,0.940205
lfw,5210,int8pt,0.961080
lfw,5211,int8pt,0.956139
lfw,5212,int8pt,0.951960
lfw,5213,int8pt,0.946194
lfw,5214,int8pt,0.946026
lfw,5215,int8pt,0.972090
lfw,5216,int8pt,0.929743
lfw,5217,int8pt,0.958308
lfw,5218,int8pt,0.936799
lfw,5219,int8pt,0.936398
lfw,5220,int8pt,0.954914
lfw,5221,int8pt,0.975774
lfw,5222,int8pt,0.965955
lfw,5223,int8pt,0.971311
lfw,5224,int8pt,0.956995
lfw,5225,int8pt,0.968283
lfw,5226,int8pt,0.963057
lfw,5227,int8pt,0.954658
lfw,5228,int8pt,0.972132
lfw,5229,int8pt,0.954361
lfw,5230,int8pt,0.964810
lfw,5231,int8pt,0.964269
lfw,5232,int8pt,0.956605
lfw,5233,int8pt,0.965411
lfw,5234,int8pt,0.967094
lfw,5235,int8pt,0.954141
lfw,5236,int8pt,0.959941
lfw,5237,int8pt,0.954246
lfw,5238,int8pt,0.960252
lfw,5239,int8pt,0.956534
lfw,5240,int8pt,0.969172
lfw,5241,int8pt,0.942056
lfw,5242,int8pt,0.957877
lfw,5243,int8pt,0.966256
lfw,5244,int8pt,0.964963
lfw,5245,int8pt,0.971909
lfw,5246,int8pt,0.960633
lfw,5247,int8pt,0.956929
lfw,5248,int8pt,0.964095
lfw,5249,int8pt,0.967141
lfw,5250,int8pt,0.945720
lfw,5251,int8pt,0.944957
lfw,5252,int8pt,0.944307
lfw,5253,int8pt,0.927107
lfw,5254,int8pt,0.939019
lfw,5255,int8pt,0.943372
lfw,5256,int8pt,0.954162
lfw,5257,int8pt,0.946913
lfw,5258,int8pt,0.957250
lfw,5259,int8pt,0.955043
lfw,5260,int8pt,0.941528
lfw,5261,int8pt,0.954619
lfw,5262,int8pt,0.965452
lfw,5263,int8pt,0.962982
lfw,5264,int8pt,0.953210
lfw,5265,int8pt,0.952859
lfw,5266,int8pt,0.946546
lfw,5267,int8pt,0.955424
lfw,5268,int8pt,0.962780
lfw,5269,int8pt,0.966262
lfw,5270,int8pt,0.964184
lfw,5271,int8pt,0.967267
lfw,5272,int8pt,0.946055
lfw,5273,int8pt,0.929213
lfw,5274,int8pt,0.952769
lfw,5275,int8pt,0.951988
lfw,5276,int8pt,0.958777
lfw,5277,int8pt,0.939593
lfw,5278,int8pt,0.967793
lfw,5279,int8pt,0.971567
lfw,5280,int8pt,0.964144
lfw,5281,int8pt,0.970749
lfw,5282,int8pt,0.971624
lfw,5283,int8pt,0.970883
lfw,5284,int8pt,0.970827
lfw,5285,int8pt,0.964462
lfw,5286,int8pt,0.963209
lfw,5287,int8pt,0.963478
lfw,5288,int8pt,0.942670
lfw,5289,int8pt,0.958228
lfw,5290,int8pt,0.960062
lfw,5291,int8pt,0.964956
lfw,5292,int8pt,0.961255
lfw,5293,int8pt,0.959118
lfw,5294,int8pt,0.974919
lfw,5295,int8pt,0.966340
lfw,5296,int8pt,0.968352
lfw,5297,int8pt,0.964718
lfw,5298,int8pt,0.955639
lfw,5299,int8pt,0.928435
lfw,5300,int8pt,0.930332
lfw,5301,int8pt,0.964164
lfw,5302,int8pt,0.951877
lfw,5303,int8pt,0.950262
lfw,5304,int8pt,0.941696
lfw,5305,int8pt,0.957297
lfw,5306,int8pt,0.957026
lfw,5307,int8pt,0.957934
lfw,5308,int8pt,0.933283
lfw,5309,int8pt,0.968733
lfw,5310,int8pt,0.942773
lfw,5311,int8pt,0.965206
lfw,5312,int8pt,0.960928
lfw,5313,int8pt,0.946970
lfw,5314,int8pt,0.955726
lfw,5315,int8pt,0.956733
lfw,5316,int8pt,0.966777
lfw,5317,int8pt,0.950314
lfw,5318,int8pt,0.956434
lfw,5319,int8pt,0.940657
lfw,5320,int8pt,0.905558
lfw,5321,int8pt,0.953749
lfw,5322,int8pt,0.953317
lfw,5323,int8pt,0.952083
lfw,5324,int8pt,0.945543
lfw,5325,int8pt,0.948423
lfw,5326,int8pt,0.935617
lfw,5327,int8pt,0.964937
lfw,5328,int8pt,0.974643
lfw,5329,int8pt,0.973202
lfw,5330,int8pt,0.953603
lfw,5331,int8pt,0.958594
lfw,5332,int8pt,0.960010
lfw,5333,int8pt,0.962873
lfw,5334,int8pt,0.952544
lfw,5335,int8pt,0.930661
lfw,5336,int8pt,0.932195
lfw,5337,int8pt,0.953954
lfw,5338,int8pt,0.962400
lfw,5339,int8pt,0.965242
lfw,5340,int8pt,0.957946
lfw,5341,int8pt,0.940984
lfw,5342,int8pt,0.938879
lfw,5343,int8pt,0.943871
lfw,5344,int8pt,0.941922
lfw,5345,int8pt,0.928891
lfw,5346,int8pt,0.951164
lfw,5347,int8pt,0.956702
lfw,5348,int8pt,0.958128
lfw,5349,int8pt,0.962498
lfw,5350,int8pt,0.962980
lfw,5351,int8pt,0.961362
lfw,5352,int8pt,0.962274
lfw,5353,int8pt,0.955348
lfw,5354,int8pt,0.919623
lfw,5355,int8pt,0.921412
lfw,5356,int8pt,0.937832
lfw,5357,int8pt,0.944223
lfw,5358,int8pt,0.954973
lfw,5359,int8pt,0.957467
lfw,5360,int8pt,0.959896
lfw,5361,int8pt,0.931612
lfw,5362,int8pt,0.950832
lfw,5363,int8pt,0.930174
lfw,5364,int8pt,0.941545
lfw,5365,int8pt,0.952080
lfw,5366,int8pt,0.951046
lfw,5367,int8pt,0.946834
lfw,5368,int8pt,0.949879
lfw,5369,int8pt,0.950238
lfw,5370,int8pt,0.945543
lfw,5371,int8pt,0.951779
lfw,5372,int8pt,0.930214
lfw,5373,int8pt,0.960058
lfw,5374,int8pt,0.933398
lfw,5375,int8pt,0.962786
lfw,5376,int8pt,0.937809
lfw,5377,int8pt,0.960021
lfw,5378,int8pt,0.967604
lfw,5379,int8pt,0.957314
lfw,5380,int8pt,0.954870
lfw,5381,int8pt,0.968732
lfw,5382,int8pt,0.898761
lfw,5383,int8pt,0.962503
lfw,5384,int8pt,0.955740
lfw,5385,int8pt,0.942981
lfw,5386,int8pt,0.947076
lfw,5387,int8pt,0.948919
lfw,5388,int8pt,0.951602
lfw,5389,int8pt,0.962758
lfw,5390,int8pt,0.960351
lfw,5391,int8pt,0.967122
lfw,5392,int8pt,0.973936
lfw,5393,int8pt,0.952428
lfw,5394,int8pt,0.946524
lfw,5395,int8pt,0.943279
lfw,5396,int8pt,0.962008
lfw,5397,int8pt,0.909437
lfw,5398,int8pt,0.961253
lfw,5399,int8pt,0.959361
lfw,5400,int8pt,0.962021
lfw,5401,int8pt,0.949820
lfw,5402,int8pt,0.962601
lfw,5403,int8pt,0.964670
lfw,5404,int8pt,0.967494
lfw,5405,int8pt,0.960173
lfw,5406,int8pt,0.950253
lfw,5407,int8pt,0.967895
lfw,5408,int8pt,0.957057
lfw,5409,int8pt,0.960695
lfw,5410,int8pt,0.957762
lfw,5411,int8pt,0.959605
lfw,5412,int8pt,0.946333
lfw,5413,int8pt,0.956727
lfw,5414,int8pt,0.943409
lfw,5415,int8pt,0.944083
lfw,5416,int8pt,0.940893
lfw,5417,int8pt,0.958921
lfw,5418,int8pt,0.956513
lfw,5419,int8pt,0.962277
lfw,5420,int8pt,0.965314
lfw,5421,int8pt,0.958422
lfw,5422,int8pt,0.955604
lfw,5423,int8pt,0.967731
lfw,5424,int8pt,0.938624
lfw,5425,int8pt,0.951293
lfw,5426,int8pt,0.959676
lfw,5427,int8pt,0.964046
lfw,5428,int8pt,0.962089
lfw,5429,int8pt,0.945440
lfw,5430,int8pt,0.972631
lfw,5431,int8pt,0.956837
lfw,5432,int8pt,0.969956
lfw,5433,int8pt,0.937199
lfw,5434,int8pt,0.949270
lfw,5435,int8pt,0.938787
lfw,5436,int8pt,0.958947
lfw,5437,int8pt,0.964710
lfw,5438,int8pt,0.952276
lfw,5439,int8pt,0.949818
lfw,5440,int8pt,0.966831
lfw,5441,int8pt,0.974005
lfw,5442,int8pt,0.959425
lfw,5443,int8pt,0.948739
lfw,5444,int8pt,0.939398
lfw,5445,int8pt,0.946047
lfw,5446,int8pt,0.952618
lfw,5447,int8pt,0.959727
lfw,5448,int8pt,0.947058
lfw,5449,int8pt,0.946787
lfw,5450,int8pt,0.935220
lfw,5451,int8pt,0.951548
lfw,5452,int8pt,0.963657
lfw,5453,int8pt,0.959010
lfw,5454,int8pt,0.955023
lfw,5455,int8pt,0.951569
lfw,5456,int8pt,0.934039
lfw,5457,int8pt,0.945832
lfw,5458,int8pt,0.959203
lfw,5459,int8pt,0.959708
lfw,5460,int8pt,0.955541
lfw,5461,int8pt,0.949005
lfw,5462,int8pt,0.960310
lfw,5463,int8pt,0.959154
lfw,5464,int8pt,0.941345
lfw,5465,int8pt,0.944761
lfw,5466,int8pt,0.956272
lfw,5467,int8pt,0.909051
lfw,5468,int8pt,0.953840
lfw,5469,int8pt,0.948386
lfw,5470,int8pt,0.945494
lfw,5471,int8pt,0.926861
lfw,5472,int8pt,0.949939
lfw,5473,int8pt,0.947327
lfw,5474,int8pt,0.949226
lfw,5475,int8pt,0.951566
lfw,5476,int8pt,0.964223
lfw,5477,int8pt,0.945582
lfw,5478,int8pt,0.947201
lfw,5479,int8pt,0.951857
lfw,5480,int8pt,0.940698
lfw,5481,int8pt,0.960396
lfw,5482,int8pt,0.966543
lfw,5483,int8pt,0.955244
lfw,5484,int8pt,0.949566
lfw,5485,int8pt,0.942052
lfw,5486,int8pt,0.959925
lfw,5487,int8pt,0.964392
lfw,5488,int8pt,0.953594
lfw,5489,int8pt,0.948648
lfw,5490,int8pt,0.963853
lfw,5491,int8pt,0.952343
lfw,5492,int8pt,0.957126
lfw,5493,int8pt,0.956381
lfw,5494,int8pt,0.956258
lfw,5495,int8pt,0.962450
lfw,5496,int8pt,0.958368
lfw,5497,int8pt,0.964817
lfw,5498,int8pt,0.956347
lfw,5499,int8pt,0.934978
lfw,5500,int8pt,0.946834
lfw,5501,int8pt,0.966148
lfw,5502,int8pt,0.971296
lfw,5503,int8pt,0.955336
lfw,5504,int8pt,0.958588
lfw,5505,int8pt,0.950154
lfw,5506,int8pt,0.955185
lfw,5507,int8pt,0.960851
lfw,5508,int8pt,0.955826
lfw,5509,int8pt,0.956347
lfw,5510,int8pt,0.958519
lfw,5511,int8pt,0.971654
lfw,5512,int8pt,0.974009
lfw,5513,int8pt,0.962073
lfw,5514,int8pt,0.961236
lfw,5515,int8pt,0.966581
lfw,5516,int8pt,0.960813
lfw,5517,int8pt,0.952826
lfw,5518,int8pt,0.964378
lfw,5519,int8pt,0.937057
lfw,5520,int8pt,0.952100
lfw,5521,int8pt,0.950212
lfw,5522,int8pt,0.920765
lfw,5523,int8pt,0.951702
lfw,5524,int8pt,0.955869
lfw,5525,int8pt,0.964633
lfw,5526,int8pt,0.961573
lfw,5527,int8pt,0.965474
lfw,5528,int8pt,0.970096
lfw,5529,int8pt,0.968220
lfw,5530,int8pt,0.950774
lfw,5531,int8pt,0.929570
lfw,5532,int8pt,0.960224
lfw,5533,int8pt,0.945061
lfw,5534,int8pt,0.952084
lfw,5535,int8pt,0.937414
lfw,5536,int8pt,0.931679
lfw,5537,int8pt,0.918733
lfw,5538,int8pt,0.942980
lfw,5539,int8pt,0.946775
lfw,5540,int8pt,0.955884
lfw,5541,int8pt,0.935729
lfw,5542,int8pt,0.967890
lfw,5543,int8pt,0.964154
lfw,5544,int8pt,0.971434
lfw,5545,int8pt,0.970853
lfw,5546,int8pt,0.966705
lfw,5547,int8pt,0.957484
lfw,5548,int8pt,0.960040
lfw,5549,int8pt,0.953978
lfw,5550,int8pt,0.956622
lfw,5551,int8pt,0.949237
lfw,5552,int8pt,0.954188
lfw,5553,int8pt,0.959366
lfw,5554,int8pt,0.961531
lfw,5555,int8pt,0.954022
lfw,5556,int8pt,0.954157
lfw,5557,int8pt,0.945331
lfw,5558,int8pt,0.961298
lfw,5559,int8pt,0.951685
lfw,5560,int8pt,0.963209
lfw,5561,int8pt,0.939397
lfw,5562,int8pt,0.966884
lfw,5563,int8pt,0.942623
lfw,5564,int8pt,0.947670
lfw,5565,int8pt,0.935575
lfw,5566,int8pt,0.965899
lfw,5567,int8pt,0.961658
lfw,5568,int8pt,0.966164
lfw,5569,int8pt,0.953988
lfw,5570,int8pt,0.945849
lfw,5571,int8pt,0.968967
lfw,5572,int8pt,0.942635
lfw,5573,int8pt,0.955178
lfw,5574,int8pt,0.932742
lfw,5575,int8pt,0.946588
lfw,5576,int8pt,0.946745
lfw,5577,int8pt,0.936799
lfw,5578,int8pt,0.954365
lfw,5579,int8pt,0.947499
lfw,5580,int8pt,0.932258
lfw,5581,int8pt,0.959505
lfw,5582,int8pt,0.948592
lfw,5583,int8pt,0.960895
lfw,5584,int8pt,0.955925
lfw,5585,int8pt,0.958215
lfw,5586,int8pt,0.949912
lfw,5587,int8pt,0.949431
lfw,5588,int8pt,0.968241
lfw,5589,int8pt,0.960333
lfw,5590,int8pt,0.959605
lfw,5591,int8pt,0.957263
lfw,5592,int8pt,0.938752
lfw,5593,int8pt,0.964898
lfw,5594,int8pt,0.950948
lfw,5595,int8pt,0.961053
lfw,5596,int8pt,0.960243
lfw,5597,int8pt,0.955012
lfw,5598,int8pt,0.937891
lfw,5599,int8pt,0.966795
lfw,5600,int8pt,0.943334
lfw,5601,int8pt,0.941998
lfw,5602,int8pt,0.962859
lfw,5603,int8pt,0.971882
lfw,5604,int8pt,0.952324
lfw,5605,int8pt,0.958829
lfw,5606,int8pt,0.949705
lfw,5607,int8pt,0.941065
lfw,5608,int8pt,0.953102
lfw,5609,int8pt,0.964262
lfw,5610,int8pt,0.913766
lfw,5611,int8pt,0.953036
lfw,5612,int8pt,0.942753
lfw,5613,int8pt,0.958465
lfw,5614,int8pt,0.956135
lfw,5615,int8pt,0.947768
lfw,5616,int8pt,0.927237
lfw,5617,int8pt,0.956009
lfw,5618,int8pt,0.952915
lfw,5619,int8pt,0.930180
lfw,5620,int8pt,0.946832
lfw,5621,int8pt,0.954475
lfw,5622,int8pt,0.940166
lfw,5623,int8pt,0.956246
lfw,5624,int8pt,0.937557
lfw,5625,int8pt,0.946491
lfw,5626,int8pt,0.967266
lfw,5627,int8pt,0.936166
lfw,5628,int8pt,0.945607
lfw,5629,int8pt,0.939681
lfw,5630,int8pt,0.964893
lfw,5631,int8pt,0.955226
lfw,5632,int8pt,0.940575
lfw,5633,int8pt,0.967955
lfw,5634,int8pt,0.967938
lfw,5635,int8pt,0.928214
lfw,5636,int8pt,0.966734
lfw,5637,int8pt,0.953714
lfw,5638,int8pt,0.951144
lfw,5639,int8pt,0.965924
lfw,5640,int8pt,0.960722
lfw,5641,int8pt,0.930616
lfw,5642,int8pt,0.936370
lfw,5643,int8pt,0.946636
lfw,5644,int8pt,0.944100
lfw,5645,int8pt,0.928604
lfw,5646,int8pt,0.951041
lfw,5647,int8pt,0.943282
lfw,5648,int8pt,0.947156
lfw,5649,int8pt,0.923971
lfw,5650,int8pt,0.943257
lfw,5651,int8pt,0.947180
lfw,5652,int8pt,0.953925
lfw,5653,int8pt,0.949344
lfw,5654,int8pt,0.958102
lfw,5655,int8pt,0.944852
lfw,5656,int8pt,0.968701
lfw,5657,int8pt,0.961018
lfw,5658,int8pt,0.962032
lfw,5659,int8pt,0.941103
lfw,5660,int8pt,0.952561
lfw,5661,int8pt,0.947150
lfw,5662,int8pt,0.946659
lfw,5663,int8pt,0.961988
lfw,5664,int8pt,0.953289
lfw,5665,int8pt,0.966323
lfw,5666,int8pt,0.950350
lfw,5667,int8pt,0.967631
lfw,5668,int8pt,0.955913
lfw,5669,int8pt,0.935367
lfw,5670,int8pt,0.946230
lfw,5671,int8pt,0.974985
lfw,5672,int8pt,0.955237
lfw,5673,int8pt,0.952625
lfw,5674,int8pt,0.951978
lfw,5675,int8pt,0.949355
lfw,5676,int8pt,0.961800
lfw,5677,int8pt,0.953661
lfw,5678,int8pt,0.958858
lfw,5679,int8pt,0.964465
lfw,5680,int8pt,0.952733
lfw,5681,int8pt,0.970408
lfw,5682,int8pt,0.952574
lfw,5683,int8pt,0.936634
lfw,5684,int8pt,0.941811
lfw,5685,int8pt,0.929003
lfw,5686,int8pt,0.953364
lfw,5687,int8pt,0.965092
lfw,5688,int8pt,0.959826
lfw,5689,int8pt,0.953467
lfw,5690,int8pt,0.953702
lfw,5691,int8pt,0.945523
lfw,5692,int8pt,0.961125
lfw,5693,int8pt,0.944831
lfw,5694,int8pt,0.956303
lfw,5695,int8pt,0.941741
lfw,5696,int8pt,0.957050
lfw,5697,int8pt,0.962545
lfw,5698,int8pt,0.957834
lfw,5699,int8pt,0.943029
lfw,5700,int8pt,0.959749
lfw,5701,int8pt,0.951444
lfw,5702,int8pt,0.953787
lfw,5703,int8pt,0.939448
lfw,5704,int8pt,0.958970
lfw,5705,int8pt,0.959859
lfw,5706,int8pt,0.962096
lfw,5707,int8pt,0.955486
lfw,5708,int8pt,0.945032
lfw,5709,int8pt,0.953775
lfw,5710,int8pt,0.957999
lfw,5711,int8pt,0.961497
lfw,5712,int8pt,0.972313
lfw,5713,int8pt,0.948843
lfw,5714,int8pt,0.958420
lfw,5715,int8pt,0.948251
lfw,5716,int8pt,0.970495
lfw,5717,int8pt,0.944241
lfw,5718,int8pt,0.972699
lfw,5719,int8pt,0.957936
lfw,5720,int8pt,0.959898
lfw,5721,int8pt,0.975186
lfw,5722,int8pt,0.971183
lfw,5723,int8pt,0.967594
lfw,5724,int8pt,0.954613
lfw,5725,int8pt,0.934576
lfw,5726,int8pt,0.942521
lfw,5727,int8pt,0.947501
lfw,5728,int8pt,0.954332
lfw,5729,int8pt,0.952410
lfw,5730,int8pt,0.927679
lfw,5731,int8pt,0.937597
lfw,5732,int8pt,0.932851
lfw,5733,int8pt,0.919386
lfw,5734,int8pt,0.961072
lfw,5735,int8pt,0.948612
lfw,5736,int8pt,0.967044
lfw,5737,int8pt,0.946273
lfw,5738,int8pt,0.950198
lfw,5739,int8pt,0.960225
lfw,5740,int8pt,0.963652
lfw,5741,int8pt,0.966412
lfw,5742,int8pt,0.952319
lfw,5743,int8pt,0.909178
lfw,5744,int8pt,0.969011
lfw,5745,int8pt,0.951472
lfw,5746,int8pt,0.924114
lfw,5747,int8pt,0.966910
lfw,5748,int8pt,0.963019
lfw,5749,int8pt,0.954857
lfw,5750,int8pt,0.946392
lfw,5751,int8pt,0.941391
lfw,5752,int8pt,0.959900
lfw,5753,int8pt,0.941529
lfw,5754,int8pt,0.963128
lfw,5755,int8pt,0.959219
lfw,5756,int8pt,0.966407
lfw,5757,int8pt,0.936492
lfw,5758,int8pt,0.938619
lfw,5759,int8pt,0.951138
lfw,5760,int8pt,0.944958
lfw,5761,int8pt,0.959675
lfw,5762,int8pt,0.928379
lfw,5763,int8pt,0.933716
lfw,5764,int8pt,0.946300
lfw,5765,int8pt,0.954119
lfw,5766,int8pt,0.957051
lfw,5767,int8pt,0.972042
lfw,5768,int8pt,0.956891
lfw,5769,int8pt,0.964078
lfw,5770,int8pt,0.963396
lfw,5771,int8pt,0.967179
lfw,5772,int8pt,0.959927
lfw,5773,int8pt,0.965425
lfw,5774,int8pt,0.966033
lfw,5775,int8pt,0.964697
lfw,5776,int8pt,0.969572
lfw,5777,int8pt,0.963105
lfw,5778,int8pt,0.969162
lfw,5779,int8pt,0.960379
lfw,5780,int8pt,0.963693
lfw,5781,int8pt,0.971978
lfw,5782,int8pt,0.956149
lfw,5783,int8pt,0.956541
lfw,5784,int8pt,0.958616
lfw,5785,int8pt,0.971632
lfw,5786,int8pt,0.959444
lfw,5787,int8pt,0.941911
lfw,5788,int8pt,0.958070
lfw,5789,int8pt,0.945834
lfw,5790,int8pt,0.957279
lfw,5791,int8pt,0.949614
lfw,5792,int8pt,0.964201
lfw,5793,int8pt,0.960582
lfw,5794,int8pt,0.957825
lfw,5795,int8pt,0.966583
lfw,5796,int8pt,0.965090
lfw,5797,int8pt,0.945944
lfw,5798,int8pt,0.941861
lfw,5799,int8pt,0.947749
lfw,5800,int8pt,0.969333
lfw,5801,int8pt,0.945968
lfw,5802,int8pt,0.951774
lfw,5803,int8pt,0.948925
lfw,5804,int8pt,0.956142
lfw,5805,int8pt,0.940969
lfw,5806,int8pt,0.960813
lfw,5807,int8pt,0.944615
lfw,5808,int8pt,0.960064
lfw,5809,int8pt,0.953687
lfw,5810,int8pt,0.966105
lfw,5811,int8pt,0.955279
lfw,5812,int8pt,0.969772
lfw,5813,int8pt,0.956735
lfw,5814,int8pt,0.963228
lfw,5815,int8pt,0.962216
lfw,5816,int8pt,0.950533
lfw,5817,int8pt,0.957605
lfw,5818,int8pt,0.964634
lfw,5819,int8pt,0.968694
lfw,5820,int8pt,0.946014
lfw,5821,int8pt,0.957040
lfw,5822,int8pt,0.968387
lfw,5823,int8pt,0.931482
lfw,5824,int8pt,0.960690
lfw,5825,int8pt,0.932950
lfw,5826,int8pt,0.949496
lfw,5827,int8pt,0.959465
lfw,5828,int8pt,0.958782
lfw,5829,int8pt,0.957366
lfw,5830,int8pt,0.938274
lfw,5831,int8pt,0.941532
lfw,5832,int8pt,0.951732
lfw,5833,int8pt,0.953195
lfw,5834,int8pt,0.960284
lfw,5835,int8pt,0.962282
lfw,5836,int8pt,0.961211
lfw,5837,int8pt,0.955497
lfw,5838,int8pt,0.963538
lfw,5839,int8pt,0.960219
lfw,5840,int8pt,0.958076
lfw,5841,int8pt,0.959700
lfw,5842,int8pt,0.966082
lfw,5843,int8pt,0.951938
lfw,5844,int8pt,0.966285
lfw,5845,int8pt,0.956399
lfw,5846,int8pt,0.966036
lfw,5847,int8pt,0.941175
lfw,5848,int8pt,0.965917
lfw,5849,int8pt,0.944641
lfw,5850,int8pt,0.950207
lfw,5851,int8pt,0.958966
lfw,5852,int8pt,0.977503
lfw,5853,int8pt,0.965176
lfw,5854,int8pt,0.966397
lfw,5855,int8pt,0.950263
lfw,5856,int8pt,0.960185
lfw,5857,int8pt,0.963344
lfw,5858,int8pt,0.938644
lfw,5859,int8pt,0.940633
lfw,5860,int8pt,0.956039
lfw,5861,int8pt,0.962606
lfw,5862,int8pt,0.960148
lfw,5863,int8pt,0.958587
lfw,5864,int8pt,0.932639
lfw,5865,int8pt,0.938735
lfw,5866,int8pt,0.948645
lfw,5867,int8pt,0.950917
lfw,5868,int8pt,0.968199
lfw,5869,int8pt,0.952271
lfw,5870,int8pt,0.938006
lfw,5871,int8pt,0.948595
lfw,5872,int8pt,0.949213
lfw,5873,int8pt,0.964361
lfw,5874,int8pt,0.972925
lfw,5875,int8pt,0.958624
lfw,5876,int8pt,0.946081
lfw,5877,int8pt,0.948040
lfw,5878,int8pt,0.924253
lfw,5879,int8pt,0.959097
lfw,5880,int8pt,0.954756
lfw,5881,int8pt,0.950281
lfw,5882,int8pt,0.970071
lfw,5883,int8pt,0.955184
lfw,5884,int8pt,0.967370
lfw,5885,int8pt,0.951121
lfw,5886,int8pt,0.927094
lfw,5887,int8pt,0.972506
lfw,5888,int8pt,0.952647
lfw,5889,int8pt,0.948326
lfw,5890,int8pt,0.941005
lfw,5891,int8pt,0.951051
lfw,5892,int8pt,0.952358
lfw,5893,int8pt,0.970515
lfw,5894,int8pt,0.956923
lfw,5895,int8pt,0.973460
lfw,5896,int8pt,0.967375
lfw,5897,int8pt,0.959871
lfw,5898,int8pt,0.952592
lfw,5899,int8pt,0.931439
lfw,5900,int8pt,0.965083
lfw,5901,int8pt,0.952518
lfw,5902,int8pt,0.923749
lfw,5903,int8pt,0.965831
lfw,5904,int8pt,0.959632
lfw,5905,int8pt,0.928793
lfw,5906,int8pt,0.939952
lfw,5907,int8pt,0.952575
lfw,5908,int8pt,0.958265
lfw,5909,int8pt,0.962596
lfw,5910,int8pt,0.962572
lfw,5911,int8pt,0.957421
lfw,5912,int8pt,0.933281
lfw,5913,int8pt,0.964500
lfw,5914,int8pt,0.946632
lfw,5915,int8pt,0.962463
lfw,5916,int8pt,0.961610
lfw,5917,int8pt,0.954551
lfw,5918,int8pt,0.938522
lfw,5919,int8pt,0.945735
lfw,5920,int8pt,0.951464
lfw,5921,int8pt,0.916920
lfw,5922,int8pt,0.953859
lfw,5923,int8pt,0.955693
lfw,5924,int8pt,0.949749
lfw,5925,int8pt,0.949860
lfw,5926,int8pt,0.966808
lfw,5927,int8pt,0.934858
lfw,5928,int8pt,0.955588
lfw,5929,int8pt,0.941500
lfw,5930,int8pt,0.965277
lfw,5931,int8pt,0.966272
lfw,5932,int8pt,0.962780
lfw,5933,int8pt,0.964203
lfw,5934,int8pt,0.963773
lfw,5935,int8pt,0.955499
lfw,5936,int8pt,0.971901
lfw,5937,int8pt,0.962986
lfw,5938,int8pt,0.961485
lfw,5939,int8pt,0.971120
lfw,5940,int8pt,0.962511
lfw,5941,int8pt,0.966006
lfw,5942,int8pt,0.930999
lfw,5943,int8pt,0.966856
lfw,5944,int8pt,0.967358
lfw,5945,int8pt,0.962497
lfw,5946,int8pt,0.948801
lfw,5947,int8pt,0.951976
lfw,5948,int8pt,0.956800
lfw,5949,int8pt,0.960555
lfw,5950,int8pt,0.942858
lfw,5951,int8pt,0.935179
lfw,5952,int8pt,0.941973
lfw,5953,int8pt,0.957626
lfw,5954,int8pt,0.943001
lfw,5955,int8pt,0.956887
lfw,5956,int8pt,0.956483
lfw,5957,int8pt,0.944506
lfw,5958,int8pt,0.973467
lfw,5959,int8pt,0.952797
lfw,5960,int8pt,0.958375
lfw,5961,int8pt,0.958075
lfw,5962,int8pt,0.944342
lfw,5963,int8pt,0.940222
lfw,5964,int8pt,0.946843
lfw,5965,int8pt,0.954354
lfw,5966,int8pt,0.964538
lfw,5967,int8pt,0.941289
lfw,5968,int8pt,0.963078
lfw,5969,int8pt,0.935966
lfw,5970,int8pt,0.952753
lfw,5971,int8pt,0.930993
lfw,5972,int8pt,0.947752
lfw,5973,int8pt,0.964216
lfw,5974,int8pt,0.968079
lfw,5975,int8pt,0.971001
lfw,5976,int8pt,0.945759
lfw,5977,int8pt,0.972950
lfw,5978,int8pt,0.971993
lfw,5979,int8pt,0.962470
lfw,5980,int8pt,0.970335
lfw,5981,int8pt,0.930770
lfw,5982,int8pt,0.954972
lfw,5983,int8pt,0.967924
lfw,5984,int8pt,0.948304
lfw,5985,int8pt,0.944226
lfw,5986,int8pt,0.948236
lfw,5987,int8pt,0.957036
lfw,5988,int8pt,0.943148
lfw,5989,int8pt,0.941741
lfw,5990,int8pt,0.965254
lfw,5991,int8pt,0.957107
lfw,5992,int8pt,0.957412
lfw,5993,int8pt,0.961530
lfw,5994,int8pt,0.945857
lfw,5995,int8pt,0.924110
lfw,5996,int8pt,0.963487
lfw,5997,int8pt,0.965491
lfw,5998,int8pt,0.964850
lfw,5999,int8pt,0.947459
lfw,6000,int8pt,0.964860
lfw,6001,int8pt,0.964033
lfw,6002,int8pt,0.964084
lfw,6003,int8pt,0.968016
lfw,6004,int8pt,0.957353
lfw,6005,int8pt,0.946559
lfw,6006,int8pt,0.962381
lfw,6007,int8pt,0.963056
lfw,6008,int8pt,0.960433
lfw,6009,int8pt,0.940356
lfw,6010,int8pt,0.952915
lfw,6011,int8pt,0.942759
lfw,6012,int8pt,0.964206
lfw,6013,int8pt,0.951374
lfw,6014,int8pt,0.946124
lfw,6015,int8pt,0.959961
lfw,6016,int8pt,0.968936
lfw,6017,int8pt,0.959381
lfw,6018,int8pt,0.958871
lfw,6019,int8pt,0.968810
lfw,6020,int8pt,0.964202
lfw,6021,int8pt,0.962478
lfw,6022,int8pt,0.957843
lfw,6023,int8pt,0.970476
lfw,6024,int8pt,0.945760
lfw,6025,int8pt,0.950670
lfw,6026,int8pt,0.965515
lfw,6027,int8pt,0.950695
lfw,6028,int8pt,0.963485
lfw,6029,int8pt,0.959751
lfw,6030,int8pt,0.954555
lfw,6031,int8pt,0.951339
lfw,6032,int8pt,0.960499
lfw,6033,int8pt,0.957904
lfw,6034,int8pt,0.941930
lfw,6035,int8pt,0.962014
lfw,6036,int8pt,0.952626
lfw,6037,int8pt,0.949641
lfw,6038,int8pt,0.965307
lfw,6039,int8pt,0.946806
lfw,6040,int8pt,0.953325
lfw,6041,int8pt,0.962214
lfw,6042,int8pt,0.958491
lfw,6043,int8pt,0.949449
lfw,6044,int8pt,0.971755
lfw,6045,int8pt,0.967231
lfw,6046,int8pt,0.948981
lfw,6047,int8pt,0.932873
lfw,6048,int8pt,0.937974
lfw,6049,int8pt,0.956101
lfw,6050,int8pt,0.964626
lfw,6051,int8pt,0.967610
lfw,6052,int8pt,0.954899
lfw,6053,int8pt,0.967098
lfw,6054,int8pt,0.967609
lfw,6055,int8pt,0.939288
lfw,6056,int8pt,0.956914
lfw,6057,int8pt,0.943680
lfw,6058,int8pt,0.928773
lfw,6059,int8pt,0.953292
lfw,6060,int8pt,0.967762
lfw,6061,int8pt,0.939088
lfw,6062,int8pt,0.959008
lfw,6063,int8pt,0.944732
lfw,6064,int8pt,0.933268
lfw,6065,int8pt,0.968611
lfw,6066,int8pt,0.932634
lfw,6067,int8pt,0.955957
lfw,6068,int8pt,0.950866
lfw,6069,int8pt,0.948912
lfw,6070,int8pt,0.942708
lfw,6071,int8pt,0.966487
lfw,6072,int8pt,0.909834
lfw,6073,int8pt,0.967693
lfw,6074,int8pt,0.954024
lfw,6075,int8pt,0.948694
lfw,6076,int8pt,0.950928
lfw,6077,int8pt,0.960072
lfw,6078,int8pt,0.954216
lfw,6079,int8pt,0.947979
lfw,6080,int8pt,0.938833
lfw,6081,int8pt,0.963627
lfw,6082,int8pt,0.943887
lfw,6083,int8pt,0.929111
lfw,6084,int8pt,0.968919
lfw,6085,int8pt,0.954830
lfw,6086,int8pt,0.959539
lfw,6087,int8pt,0.972800
lfw,6088,int8pt,0.964728
lfw,6089,int8pt,0.956896
lfw,6090,int8pt,0.962277
lfw,6091,int8pt,0.940578
lfw,6092,int8pt,0.955987
lfw,6093,int8pt,0.963688
lfw,6094,int8pt,0.927186
lfw,6095,int8pt,0.960306
lfw,6096,int8pt,0.964515
lfw,6097,int8pt,0.956969
lfw,6098,int8pt,0.964429
lfw,6099,int8pt,0.964428
lfw,6100,int8pt,0.956955
lfw,6101,int8pt,0.948295
lfw,6102,int8pt,0.945649
lfw,6103,int8pt,0.950034
lfw,6104,int8pt,0.930744
lfw,6105,int8pt,0.960647
lfw,6106,int8pt,0.949349
lfw,6107,int8pt,0.967063
lfw,6108,int8pt,0.928448
lfw,6109,int8pt,0.961167
lfw,6110,int8pt,0.960078
lfw,6111,int8pt,0.968324
lfw,6112,int8pt,0.963490
lfw,6113,int8pt,0.963163
lfw,6114,int8pt,0.948475
lfw,6115,int8pt,0.946128
lfw,6116,int8pt,0.928177
lfw,6117,int8pt,0.959273
lfw,6118,int8pt,0.955760
lfw,6119,int8pt,0.939941
lfw,6120,int8pt,0.959428
lfw,6121,int8pt,0.938674
lfw,6122,int8pt,0.947777
lfw,6123,int8pt,0.954661
lfw,6124,int8pt,0.946228
lfw,6125,int8pt,0.952221
lfw,6126,int8pt,0.936711
lfw,6127,int8pt,0.966983
lfw,6128,int8pt,0.957417
lfw,6129,int8pt,0.959581
lfw,6130,int8pt,0.969458
lfw,6131,int8pt,0.954573
lfw,6132,int8pt,0.953003
lfw,6133,int8pt,0.934566
lfw,6134,int8pt,0.957021
lfw,6135,int8pt,0.955339
lfw,6136,int8pt,0.958333
lfw,6137,int8pt,0.941905
lfw,6138,int8pt,0.977017
lfw,6139,int8pt,0.946149
lfw,6140,int8pt,0.958792
lfw,6141,int8pt,0.919786
lfw,6142,int8pt,0.965725
lfw,6143,int8pt,0.957335
lfw,6144,int8pt,0.935585
lfw,6145,int8pt,0.956038
lfw,6146,int8pt,0.951741
lfw,6147,int8pt,0.948221
lfw,6148,int8pt,0.930798
lfw,6149,int8pt,0.946437
lfw,6150,int8pt,0.949902
lfw,6151,int8pt,0.951137
lfw,6152,int8pt,0.937622
lfw,6153,int8pt,0.970138
lfw,6154,int8pt,0.975321
lfw,6155,int8pt,0.962625
lfw,6156,int8pt,0.952647
lfw,6157,int8pt,0.928106
lfw,6158,int8pt,0.948460
lfw,6159,int8pt,0.969411
lfw,6160,int8pt,0.959930
lfw,6161,int8pt,0.954036
lfw,6162,int8pt,0.958221
lfw,6163,int8pt,0.964341
lfw,6164,int8pt,0.953767
lfw,6165,int8pt,0.963256
lfw,6166,int8pt,0.947959
lfw,6167,int8pt,0.954414
lfw,6168,int8pt,0.964430
lfw,6169,int8pt,0.959045
lfw,6170,int8pt,0.938416
lfw,6171,int8pt,0.954244
lfw,6172,int8pt,0.956052
lfw,6173,int8pt,0.955651
lfw,6174,int8pt,0.954589
lfw,6175,int8pt,0.947322
lfw,6176,int8pt,0.951649
lfw,6177,int8pt,0.956022
lfw,6178,int8pt,0.952621
lfw,6179,int8pt,0.953650
lfw,6180,int8pt,0.950564
lfw,6181,int8pt,0.960576
lfw,6182,int8pt,0.964034
lfw,6183,int8pt,0.949086
lfw,6184,int8pt,0.967544
lfw,6185,int8pt,0.925259
lfw,6186,int8pt,0.958728
lfw,6187,int8pt,0.960502
lfw,6188,int8pt,0.948516
lfw,6189,int8pt,0.938241
lfw,6190,int8pt,0.930850
lfw,6191,int8pt,0.948019
lfw,6192,int8pt,0.942564
lfw,6193,int8pt,0.961281
lfw,6194,int8pt,0.949980
lfw,6195,int8pt,0.956772
lfw,6196,int8pt,0.946908
lfw,6197,int8pt,0.968085
lfw,6198,int8pt,0.942775
lfw,6199,int8pt,0.967537
lfw,6200,int8pt,0.947880
lfw,6201,int8pt,0.935997
lfw,6202,int8pt,0.951669
lfw,6203,int8pt,0.958891
lfw,6204,int8pt,0.959024
lfw,6205,int8pt,0.959506
lfw,6206,int8pt,0.958188
lfw,6207,int8pt,0.942694
lfw,6208,int8pt,0.944604
lfw,6209,int8pt,0.957221
lfw,6210,int8pt,0.957556
lfw,6211,int8pt,0.941853
lfw,6212,int8pt,0.924716
lfw,6213,int8pt,0.969497
lfw,6214,int8pt,0.968922
lfw,6215,int8pt,0.962628
lfw,6216,int8pt,0.959183
lfw,6217,int8pt,0.951884
lfw,6218,int8pt,0.948253
lfw,6219,int8pt,0.969428
lfw,6220,int8pt,0.940515
lfw,6221,int8pt,0.943208
lfw,6222,int8pt,0.937314
lfw,6223,int8pt,0.942495
lfw,6224,int8pt,0.955248
lfw,6225,int8pt,0.950490
lfw,6226,int8pt,0.964180
lfw,6227,int8pt,0.958850
lfw,6228,int8pt,0.962109
lfw,6229,int8pt,0.952550
lfw,6230,int8pt,0.952119
lfw,6231,int8pt,0.936497
lfw,6232,int8pt,0.969562
lfw,6233,int8pt,0.957090
lfw,6234,int8pt,0.957226
lfw,6235,int8pt,0.976472
lfw,6236,int8pt,0.961039
lfw,6237,int8pt,0.971687
lfw,6238,int8pt,0.963402
lfw,6239,int8pt,0.963936
lfw,6240,int8pt,0.962763
lfw,6241,int8pt,0.958299
lfw,6242,int8pt,0.948470
lfw,6243,int8pt,0.948408
lfw,6244,int8pt,0.947325
lfw,6245,int8pt,0.963287
lfw,6246,int8pt,0.963955
lfw,6247,int8pt,0.933249
lfw,6248,int8pt,0.962976
lfw,6249,int8pt,0.963236
lfw,6250,int8pt,0.975165
lfw,6251,int8pt,0.941564
lfw,6252,int8pt,0.955158
lfw,6253,int8pt,0.943650
lfw,6254,int8pt,0.941375
lfw,6255,int8pt,0.957700
lfw,6256,int8pt,0.961719
lfw,6257,int8pt,0.959016
lfw,6258,int8pt,0.961610
lfw,6259,int8pt,0.960821
lfw,6260,int8pt,0.965111
lfw,6261,int8pt,0.948024
lfw,6262,int8pt,0.955079
lfw,6263,int8pt,0.953144
lfw,6264,int8pt,0.967610
lfw,6265,int8pt,0.970590
lfw,6266,int8pt,0.952219
lfw,6267,int8pt,0.961158
lfw,6268,int8pt,0.965985
lfw,6269,int8pt,0.961192
lfw,6270,int8pt,0.954898
lfw,6271,int8pt,0.934292
lfw,6272,int8pt,0.952211
lfw,6273,int8pt,0.956913
lfw,6274,int8pt,0.957982
lfw,6275,int8pt,0.973754
lfw,6276,int8pt,0.961285
lfw,6277,int8pt,0.965796
lfw,6278,int8pt,0.952125
lfw,6279,int8pt,0.938833
lfw,6280,int8pt,0.941125
lfw,6281,int8pt,0.968854
lfw,6282,int8pt,0.965054
lfw,6283,int8pt,0.958205
lfw,6284,int8pt,0.938350
lfw,6285,int8pt,0.946752
lfw,6286,int8pt,0.934944
lfw,6287,int8pt,0.963543
lfw,6288,int8pt,0.953831
lfw,6289,int8pt,0.947069
lfw,6290,int8pt,0.927458
lfw,6291,int8pt,0.957080
lfw,6292,int8pt,0.960081
lfw,6293,int8pt,0.948587
lfw,6294,int8pt,0.939895
lfw,6295,int8pt,0.974133
lfw,6296,int8pt,0.969676
lfw,6297,int8pt,0.951256
lfw,6298,int8pt,0.935730
lfw,6299,int8pt,0.944334
lfw,6300,int8pt,0.968538
lfw,6301,int8pt,0.951900
lfw,6302,int8pt,0.960239
lfw,6303,int8pt,0.952557
lfw,6304,int8pt,0.964919
lfw,6305,int8pt,0.954388
lfw,6306,int8pt,0.954965
lfw,6307,int8pt,0.940420
lfw,6308,int8pt,0.961699
lfw,6309,int8pt,0.952613
lfw,6310,int8pt,0.959969
lfw,6311,int8pt,0.965870
lfw,6312,int8pt,0.958950
lfw,6313,int8pt,0.946327
lfw,6314,int8pt,0.959962
lfw,6315,int8pt,0.971950
lfw,6316,int8pt,0.949539
lfw,6317,int8pt,0.958569
lfw,6318,int8pt,0.959118
lfw,6319,int8pt,0.940744
lfw,6320,int8pt,0.945805
lfw,6321,int8pt,0.952120
lfw,6322,int8pt,0.938369
lfw,6323,int8pt,0.942151
lfw,6324,int8pt,0.930788
lfw,6325,int8pt,0.961629
lfw,6326,int8pt,0.963397
lfw,6327,int8pt,0.958653
lfw,6328,int8pt,0.975484
lfw,6329,int8pt,0.948276
lfw,6330,int8pt,0.955876
lfw,6331,int8pt,0.961100
lfw,6332,int8pt,0.951132
lfw,6333,int8pt,0.971815
lfw,6334,int8pt,0.949382
lfw,6335,int8pt,0.970669
lfw,6336,int8pt,0.949180
lfw,6337,int8pt,0.968840
lfw,6338,int8pt,0.955298
lfw,6339,int8pt,0.942035
lfw,6340,int8pt,0.955470
lfw,6341,int8pt,0.953415
lfw,6342,int8pt,0.966498
lfw,6343,int8pt,0.958742
lfw,6344,int8pt,0.954506
lfw,6345,int8pt,0.967366
lfw,6346,int8pt,0.944633
lfw,6347,int8pt,0.946327
lfw,6348,int8pt,0.942823
lfw,6349,int8pt,0.966422
lfw,6350,int8pt,0.954751
lfw,6351,int8pt,0.967371
lfw,6352,int8pt,0.946576
lfw,6353,int8pt,0.960206
lfw,6354,int8pt,0.960807
lfw,6355,int8pt,0.948187
lfw,6356,int8pt,0.959371
lfw,6357,int8pt,0.962761
lfw,6358,int8pt,0.962552
lfw,6359,int8pt,0.960763
lfw,6360,int8pt,0.953294
lfw,6361,int8pt,0.951748
lfw,6362,int8pt,0.959047
lfw,6363,int8pt,0.965822
lfw,6364,int8pt,0.971067
lfw,6365,int8pt,0.958227
lfw,6366,int8pt,0.969675
lfw,6367,int8pt,0.976210
lfw,6368,int8pt,0.949927
lfw,6369,int8pt,0.962629
lfw,6370,int8pt,0.968569
lfw,6371,int8pt,0.953114
lfw,6372,int8pt,0.950855
lfw,6373,int8pt,0.966889
lfw,6374,int8pt,0.966327
lfw,6375,int8pt,0.965112
lfw,6376,int8pt,0.968436
lfw,6377,int8pt,0.964907
lfw,6378,int8pt,0.955217
lfw,6379,int8pt,0.936126
lfw,6380,int8pt,0.943248
lfw,6381,int8pt,0.946353
lfw,6382,int8pt,0.946494
lfw,6383,int8pt,0.964720
lfw,6384,int8pt,0.942347
lfw,6385,int8pt,0.951190
lfw,6386,int8pt,0.941534
lfw,6387,int8pt,0.955732
lfw,6388,int8pt,0.956493
lfw,6389,int8pt,0.961539
lfw,6390,int8pt,0.958714
lfw,6391,int8pt,0.969164
lfw,6392,int8pt,0.957427
lfw,6393,int8pt,0.938598
lfw,6394,int8pt,0.952000
lfw,6395,int8pt,0.958493
lfw,6396,int8pt,0.952602
lfw,6397,int8pt,0.956622
lfw,6398,int8pt,0.949242
lfw,6399,int8pt,0.948863
lfw,6400,int8pt,0.944437
lfw,6401,int8pt,0.931743
lfw,6402,int8pt,0.973937
lfw,6403,int8pt,0.953285
lfw,6404,int8pt,0.938614
lfw,6405,int8pt,0.956282
lfw,6406,int8pt,0.929451
lfw,6407,int8pt,0.957690
lfw,6408,int8pt,0.960678
lfw,6409,int8pt,0.956895
lfw,6410,int8pt,0.954021
lfw,6411,int8pt,0.962785
lfw,6412,int8pt,0.962117
lfw,6413,int8pt,0.957574
lfw,6414,int8pt,0.970447
lfw,6415,int8pt,0.944622
lfw,6416,int8pt,0.956998
lfw,6417,int8pt,0.952835
lfw,6418,int8pt,0.948773
lfw,6419,int8pt,0.957772
lfw,6420,int8pt,0.945903
lfw,6421,int8pt,0.949776
lfw,6422,int8pt,0.944530
lfw,6423,int8pt,0.939330
lfw,6424,int8pt,0.954366
lfw,6425,int8pt,0.951800
lfw,6426,int8pt,0.965226
lfw,6427,int8pt,0.937852
lfw,6428,int8pt,0.968612
lfw,6429,int8pt,0.956629
lfw,6430,int8pt,0.963459
lfw,6431,int8pt,0.939618
lfw,6432,int8pt,0.953489
lfw,6433,int8pt,0.954821
lfw,6434,int8pt,0.954084
lfw,6435,int8pt,0.954753
lfw,6436,int8pt,0.960901
lfw,6437,int8pt,0.956780
lfw,6438,int8pt,0.963029
lfw,6439,int8pt,0.943642
lfw,6440,int8pt,0.960691
lfw,6441,int8pt,0.959038
lfw,6442,int8pt,0.945486
lfw,6443,int8pt,0.948774
lfw,6444,int8pt,0.941299
lfw,6445,int8pt,0.934304
lfw,6446,int8pt,0.959496
lfw,6447,int8pt,0.949642
lfw,6448,int8pt,0.946203
lfw,6449,int8pt,0.952221
lfw,6450,int8pt,0.968484
lfw,6451,int8pt,0.962905
lfw,6452,int8pt,0.951876
lfw,6453,int8pt,0.932954
lfw,6454,int8pt,0.963422
lfw,6455,int8pt,0.964054
lfw,6456,int8pt,0.962946
lfw,6457,int8pt,0.969205
lfw,6458,int8pt,0.956013
lfw,6459,int8pt,0.966392
lfw,6460,int8pt,0.956943
lfw,6461,int8pt,0.966647
lfw,6462,int8pt,0.961801
lfw,6463,int8pt,0.947337
lfw,6464,int8pt,0.955382
lfw,6465,int8pt,0.960573
lfw,6466,int8pt,0.953669
lfw,6467,int8pt,0.947397
lfw,6468,int8pt,0.959076
lfw,6469,int8pt,0.939101
lfw,6470,int8pt,0.939682
lfw,6471,int8pt,0.943487
lfw,6472,int8pt,0.958594
lfw,6473,int8pt,0.953867
lfw,6474,int8pt,0.967777
lfw,6475,int8pt,0.950692
lfw,6476,int8pt,0.952625
lfw,6477,int8pt,0.923433
lfw,6478,int8pt,0.933463
lfw,6479,int8pt,0.937265
lfw,6480,int8pt,0.941099
lfw,6481,int8pt,0.950913
lfw,6482,int8pt,0.960702
lfw,6483,int8pt,0.964339
lfw,6484,int8pt,0.957864
lfw,6485,int8pt,0.965097
lfw,6486,int8pt,0.966734
lfw,6487,int8pt,0.974460
lfw,6488,int8pt,0.961053
lfw,6489,int8pt,0.971304
lfw,6490,int8pt,0.967071
lfw,6491,int8pt,0.943253
lfw,6492,int8pt,0.947331
lfw,6493,int8pt,0.960426
lfw,6494,int8pt,0.959938
lfw,6495,int8pt,0.954160
lfw,6496,int8pt,0.964008
lfw,6497,int8pt,0.973468
lfw,6498,int8pt,0.975870
lfw,6499,int8pt,0.951166
lfw,6500,int8pt,0.940011
lfw,6501,int8pt,0.958132
lfw,6502,int8pt,0.945889
lfw,6503,int8pt,0.950646
lfw,6504,int8pt,0.958307
lfw,6505,int8pt,0.946298
lfw,6506,int8pt,0.961452
lfw,6507,int8pt,0.936683
lfw,6508,int8pt,0.952044
lfw,6509,int8pt,0.935564
lfw,6510,int8pt,0.958306
lfw,6511,int8pt,0.955732
lfw,6512,int8pt,0.959828
lfw,6513,int8pt,0.963492
lfw,6514,int8pt,0.958279
lfw,6515,int8pt,0.955609
lfw,6516,int8pt,0.951815
lfw,6517,int8pt,0.937774
lfw,6518,int8pt,0.945169
lfw,6519,int8pt,0.940409
lfw,6520,int8pt,0.955502
lfw,6521,int8pt,0.960725
lfw,6522,int8pt,0.959360
lfw,6523,int8pt,0.967085
lfw,6524,int8pt,0.946816
lfw,6525,int8pt,0.966038
lfw,6526,int8pt,0.955242
lfw,6527,int8pt,0.945126
lfw,6528,int8pt,0.937968
lfw,6529,int8pt,0.958953
lfw,6530,int8pt,0.959054
lfw,6531,int8pt,0.961162
lfw,6532,int8pt,0.962436
lfw,6533,int8pt,0.959098
lfw,6534,int8pt,0.960585
lfw,6535,int8pt,0.965259
lfw,6536,int8pt,0.951773
lfw,6537,int8pt,0.949617
lfw,6538,int8pt,0.952506
lfw,6539,int8pt,0.948424
lfw,6540,int8pt,0.959766
lfw,6541,int8pt,0.951547
lfw,6542,int8pt,0.955461
lfw,6543,int8pt,0.951392
lfw,6544,int8pt,0.962796
lfw,6545,int8pt,0.928447
lfw,6546,int8pt,0.954281
lfw,6547,int8pt,0.942138
lfw,6548,int8pt,0.957896
lfw,6549,int8pt,0.967261
lfw,6550,int8pt,0.969600
lfw,6551,int8pt,0.958771
lfw,6552,int8pt,0.953652
lfw,6553,int8pt,0.952188
lfw,6554,int8pt,0.943394
lfw,6555,int8pt,0.926116
lfw,6556,int8pt,0.944984
lfw,6557,int8pt,0.965251
lfw,6558,int8pt,0.961412
lfw,6559,int8pt,0.931223
lfw,6560,int8pt,0.909115
lfw,6561,int8pt,0.940414
lfw,6562,int8pt,0.961761
lfw,6563,int8pt,0.920726
lfw,6564,int8pt,0.957233
lfw,6565,int8pt,0.939901
lfw,6566,int8pt,0.957844
lfw,6567,int8pt,0.955947
lfw,6568,int8pt,0.915160
lfw,6569,int8pt,0.944069
lfw,6570,int8pt,0.946153
lfw,6571,int8pt,0.941839
lfw,6572,int8pt,0.957953
lfw,6573,int8pt,0.955557
lfw,6574,int8pt,0.947362
lfw,6575,int8pt,0.934478
lfw,6576,int8pt,0.959641
lfw,6577,int8pt,0.959038
lfw,6578,int8pt,0.957934
lfw,6579,int8pt,0.964808
lfw,6580,int8pt,0.976014
lfw,6581,int8pt,0.964014
lfw,6582,int8pt,0.932934
lfw,6583,int8pt,0.946723
lfw,6584,int8pt,0.963432
lfw,6585,int8pt,0.945445
lfw,6586,int8pt,0.937164
lfw,6587,int8pt,0.962126
lfw,6588,int8pt,0.955156
lfw,6589,int8pt,0.948221
lfw,6590,int8pt,0.964224
lfw,6591,int8pt,0.960663
lfw,6592,int8pt,0.953985
lfw,6593,int8pt,0.952388
lfw,6594,int8pt,0.958018
lfw,6595,int8pt,0.961701
lfw,6596,int8pt,0.971886
lfw,6597,int8pt,0.950786
lfw,6598,int8pt,0.962317
lfw,6599,int8pt,0.962434
lfw,6600,int8pt,0.949956
lfw,6601,int8pt,0.948439
lfw,6602,int8pt,0.962660
lfw,6603,int8pt,0.952713
lfw,6604,int8pt,0.957440
lfw,6605,int8pt,0.945212
lfw,6606,int8pt,0.962994
lfw,6607,int8pt,0.962388
lfw,6608,int8pt,0.956397
lfw,6609,int8pt,0.945074
lfw,6610,int8pt,0.932573
lfw,6611,int8pt,0.957538
lfw,6612,int8pt,0.962083
lfw,6613,int8pt,0.964135
lfw,6614,int8pt,0.941675
lfw,6615,int8pt,0.901079
lfw,6616,int8pt,0.940099
lfw,6617,int8pt,0.931082
lfw,6618,int8pt,0.950893
lfw,6619,int8pt,0.934183
lfw,6620,int8pt,0.957816
lfw,6621,int8pt,0.925715
lfw,6622,int8pt,0.971904
lfw,6623,int8pt,0.941209
lfw,6624,int8pt,0.954494
lfw,6625,int8pt,0.940780
lfw,6626,int8pt,0.956798
lfw,6627,int8pt,0.948281
lfw,6628,int8pt,0.955017
lfw,6629,int8pt,0.932152
lfw,6630,int8pt,0.958754
lfw,6631,int8pt,0.949698
lfw,6632,int8pt,0.944064
lfw,6633,int8pt,0.961958
lfw,6634,int8pt,0.956330
lfw,6635,int8pt,0.954954
lfw,6636,int8pt,0.970350
lfw,6637,int8pt,0.974496
lfw,6638,int8pt,0.968387
lfw,6639,int8pt,0.945825
lfw,6640,int8pt,0.955899
lfw,6641,int8pt,0.961917
lfw,6642,int8pt,0.963632
lfw,6643,int8pt,0.968358
lfw,6644,int8pt,0.966858
lfw,6645,int8pt,0.967798
lfw,6646,int8pt,0.967013
lfw,6647,int8pt,0.959805
lfw,6648,int8pt,0.976526
lfw,6649,int8pt,0.974954
lfw,6650,int8pt,0.944831
lfw,6651,int8pt,0.940984
lfw,6652,int8pt,0.964620
lfw,6653,int8pt,0.942507
lfw,6654,int8pt,0.954253
lfw,6655,int8pt,0.952954
lfw,6656,int8pt,0.955800
lfw,6657,int8pt,0.961681
lfw,6658,int8pt,0.952606
lfw,6659,int8pt,0.942169
lfw,6660,int8pt,0.957476
lfw,6661,int8pt,0.968198
lfw,6662,int8pt,0.927740
lfw,6663,int8pt,0.955136
lfw,6664,int8pt,0.946933
lfw,6665,int8pt,0.935742
lfw,6666,int8pt,0.965578
lfw,6667,int8pt,0.948858
lfw,6668,int8pt,0.942996
lfw,6669,int8pt,0.954395
lfw,6670,int8pt,0.948639
lfw,6671,int8pt,0.961899
lfw,6672,int8pt,0.949431
lfw,6673,int8pt,0.957020
lfw,6674,int8pt,0.958709
lfw,6675,int8pt,0.936012
lfw,6676,int8pt,0.951083
lfw,6677,int8pt,0.947211
lfw,6678,int8pt,0.950104
lfw,6679,int8pt,0.919989
lfw,6680,int8pt,0.935932
lfw,6681,int8pt,0.959858
lfw,6682,int8pt,0.938321
lfw,6683,int8pt,0.938932
lfw,6684,int8pt,0.912468
lfw,6685,int8pt,0.897896
lfw,6686,int8pt,0.940885
lfw,6687,int8pt,0.956840
lfw,6688,int8pt,0.954643
lfw,6689,int8pt,0.958450
lfw,6690,int8pt,0.965082
lfw,6691,int8pt,0.961317
lfw,6692,int8pt,0.955001
lfw,6693,int8pt,0.958453
lfw,6694,int8pt,0.953037
lfw,6695,int8pt,0.948346
lfw,6696,int8pt,0.958940
lfw,6697,int8pt,0.970475
lfw,6698,int8pt,0.953435
lfw,6699,int8pt,0.965352
lfw,6700,int8pt,0.954347
lfw,6701,int8pt,0.948633
lfw,6702,int8pt,0.955773
lfw,6703,int8pt,0.941436
lfw,6704,int8pt,0.964666
lfw,6705,int8pt,0.931979
lfw,6706,int8pt,0.949310
lfw,6707,int8pt,0.947959
lfw,6708,int8pt,0.959467
lfw,6709,int8pt,0.951480
lfw,6710,int8pt,0.958383
lfw,6711,int8pt,0.962627
lfw,6712,int8pt,0.947797
lfw,6713,int8pt,0.923984
lfw,6714,int8pt,0.962007
lfw,6715,int8pt,0.968918
lfw,6716,int8pt,0.954861
lfw,6717,int8pt,0.939130
lfw,6718,int8pt,0.947013
lfw,6719,int8pt,0.956073
lfw,6720,int8pt,0.950314
lfw,6721,int8pt,0.966082
lfw,6722,int8pt,0.970627
lfw,6723,int8pt,0.958619
lfw,6724,int8pt,0.962854
lfw,6725,int8pt,0.947070
lfw,6726,int8pt,0.961826
lfw,6727,int8pt,0.970091
lfw,6728,int8pt,0.962412
lfw,6729,int8pt,0.955391
lfw,6730,int8pt,0.927929
lfw,6731,int8pt,0.959024
lfw,6732,int8pt,0.961496
lfw,6733,int8pt,0.951095
lfw,6734,int8pt,0.968211
lfw,6735,int8pt,0.938481
lfw,6736,int8pt,0.933475
lfw,6737,int8pt,0.951830
lfw,6738,int8pt,0.946119
lfw,6739,int8pt,0.962562
lfw,6740,int8pt,0.924960
lfw,6741,int8pt,0.930159
lfw,6742,int8pt,0.959477
lfw,6743,int8pt,0.929982
lfw,6744,int8pt,0.956251
lfw,6745,int8pt,0.961578
lfw,6746,int8pt,0.935636
lfw,6747,int8pt,0.946074
lfw,6748,int8pt,0.940508
lfw,6749,int8pt,0.955986
lfw,6750,int8pt,0.956816
lfw,6751,int8pt,0.954719
lfw,6752,int8pt,0.941174
lfw,6753,int8pt,0.958157
lfw,6754,int8pt,0.961393
lfw,6755,int8pt,0.942376
lfw,6756,int8pt,0.965533
lfw,6757,int8pt,0.969483
lfw,6758,int8pt,0.962276
lfw,6759,int8pt,0.945793
lfw,6760,int8pt,0.950926
lfw,6761,int8pt,0.957105
lfw,6762,int8pt,0.950040
lfw,6763,int8pt,0.937649
lfw,6764,int8pt,0.939582
lfw,6765,int8pt,0.960284
lfw,6766,int8pt,0.952278
lfw,6767,int8pt,0.948715
lfw,6768,int8pt,0.959216
lfw,6769,int8pt,0.942775
lfw,6770,int8pt,0.954581
lfw,6771,int8pt,0.968492
lfw,6772,int8pt,0.955068
lfw,6773,int8pt,0.947563
lfw,6774,int8pt,0.968014
lfw,6775,int8pt,0.934825
lfw,6776,int8pt,0.956715
lfw,6777,int8pt,0.958418
lfw,6778,int8pt,0.933926
lfw,6779,int8pt,0.955408
lfw,6780,int8pt,0.957048
lfw,6781,int8pt,0.943899
lfw,6782,int8pt,0.966864
lfw,6783,int8pt,0.960504
lfw,6784,int8pt,0.950809
lfw,6785,int8pt,0.930145
lfw,6786,int8pt,0.959517
lfw,6787,int8pt,0.949274
lfw,6788,int8pt,0.966375
lfw,6789,int8pt,0.976839
lfw,6790,int8pt,0.961700
lfw,6791,int8pt,0.931975
lfw,6792,int8pt,0.961764
lfw,6793,int8pt,0.950879
lfw,6794,int8pt,0.957213
lfw,6795,int8pt,0.950879
lfw,6796,int8pt,0.960335
lfw,6797,int8pt,0.953847
lfw,6798,int8pt,0.957618
lfw,6799,int8pt,0.956333
lfw,6800,int8pt,0.917099
lfw,6801,int8pt,0.945670
lfw,6802,int8pt,0.940527
lfw,6803,int8pt,0.957084
lfw,6804,int8pt,0.934535
lfw,6805,int8pt,0.944250
lfw,6806,int8pt,0.949885
lfw,6807,int8pt,0.928930
lfw,6808,int8pt,0.958645
lfw,6809,int8pt,0.973183
lfw,6810,int8pt,0.950444
lfw,6811,int8pt,0.963497
lfw,6812,int8pt,0.943030
lfw,6813,int8pt,0.952059
lfw,6814,int8pt,0.961294
lfw,6815,int8pt,0.951066
lfw,6816,int8pt,0.950719
lfw,6817,int8pt,0.949396
lfw,6818,int8pt,0.944732
lfw,6819,int8pt,0.962804
lfw,6820,int8pt,0.946562
lfw,6821,int8pt,0.951979
lfw,6822,int8pt,0.961240
lfw,6823,int8pt,0.962649
lfw,6824,int8pt,0.964472
lfw,6825,int8pt,0.950427
lfw,6826,int8pt,0.940548
lfw,6827,int8pt,0.936082
lfw,6828,int8pt,0.967266
lfw,6829,int8pt,0.937340
lfw,6830,int8pt,0.953040
lfw,6831,int8pt,0.949829
lfw,6832,int8pt,0.964239
lfw,6833,int8pt,0.963976
lfw,6834,int8pt,0.971784
lfw,6835,int8pt,0.959054
lfw,6836,int8pt,0.927369
lfw,6837,int8pt,0.936813
lfw,6838,int8pt,0.946967
lfw,6839,int8pt,0.961104
lfw,6840,int8pt,0.946959
lfw,6841,int8pt,0.941439
lfw,6842,int8pt,0.956945
lfw,6843,int8pt,0.956703
lfw,6844,int8pt,0.953562
lfw,6845,int8pt,0.941020
lfw,6846,int8pt,0.950436
lfw,6847,int8pt,0.949881
lfw,6848,int8pt,0.971760
lfw,6849,int8pt,0.950790
lfw,6850,int8pt,0.948190
lfw,6851,int8pt,0.950671
lfw,6852,int8pt,0.954986
lfw,6853,int8pt,0.962803
lfw,6854,int8pt,0.950784
lfw,6855,int8pt,0.948261
lfw,6856,int8pt,0.951420
lfw,6857,int8pt,0.962611
lfw,6858,int8pt,0.969422
lfw,6859,int8pt,0.962594
lfw,6860,int8pt,0.959369
lfw,6861,int8pt,0.948649
lfw,6862,int8pt,0.947811
lfw,6863,int8pt,0.963449
lfw,6864,int8pt,0.961852
lfw,6865,int8pt,0.939264
lfw,6866,int8pt,0.955871
lfw,6867,int8pt,0.927750
lfw,6868,int8pt,0.968083
lfw,6869,int8pt,0.957735
lfw,6870,int8pt,0.946330
lfw,6871,int8pt,0.940639
lfw,6872,int8pt,0.931604
lfw,6873,int8pt,0.928655
lfw,6874,int8pt,0.955226
lfw,6875,int8pt,0.960021
lfw,6876,int8pt,0.952342
lfw,6877,int8pt,0.963611
lfw,6878,int8pt,0.956872
lfw,6879,int8pt,0.953701
lfw,6880,int8pt,0.950462
lfw,6881,int8pt,0.958850
lfw,6882,int8pt,0.955273
lfw,6883,int8pt,0.949651
lfw,6884,int8pt,0.970084
lfw,6885,int8pt,0.959461
lfw,6886,int8pt,0.929518
lfw,6887,int8pt,0.948993
lfw,6888,int8pt,0.938199
lfw,6889,int8pt,0.955943
lfw,6890,int8pt,0.959429
lfw,6891,int8pt,0.963335
lfw,6892,int8pt,0.958320
lfw,6893,int8pt,0.955915
lfw,6894,int8pt,0.953229
lfw,6895,int8pt,0.950901
lfw,6896,int8pt,0.979795
lfw,6897,int8pt,0.936571
lfw,6898,int8pt,0.975865
lfw,6899,int8pt,0.949457
lfw,6900,int8pt,0.968293
lfw,6901,int8pt,0.960385
lfw,6902,int8pt,0.958286
lfw,6903,int8pt,0.960550
lfw,6904,int8pt,0.949509
lfw,6905,int8pt,0.949007
lfw,6906,int8pt,0.950483
lfw,6907,int8pt,0.954005
lfw,6908,int8pt,0.943597
lfw,6909,int8pt,0.969262
lfw,6910,int8pt,0.958815
lfw,6911,int8pt,0.957656
lfw,6912,int8pt,0.966788
lfw,6913,int8pt,0.958968
lfw,6914,int8pt,0.944586
lfw,6915,int8pt,0.926101
lfw,6916,int8pt,0.958889
lfw,6917,int8pt,0.949095
lfw,6918,int8pt,0.954711
lfw,6919,int8pt,0.942300
lfw,6920,int8pt,0.946756
lfw,6921,int8pt,0.958480
lfw,6922,int8pt,0.950884
lfw,6923,int8pt,0.965149
lfw,6924,int8pt,0.954956
lfw,6925,int8pt,0.964625
lfw,6926,int8pt,0.951044
lfw,6927,int8pt,0.888471
lfw,6928,int8pt,0.956244
lfw,6929,int8pt,0.957626
lfw,6930,int8pt,0.927473
lfw,6931,int8pt,0.947845
lfw,6932,int8pt,0.957284
lfw,6933,int8pt,0.959991
lfw,6934,int8pt,0.969483
lfw,6935,int8pt,0.962057
lfw,6936,int8pt,0.951191
lfw,6937,int8pt,0.953476
lfw,6938,int8pt,0.943851
lfw,6939,int8pt,0.958501
lfw,6940,int8pt,0.956829
lfw,6941,int8pt,0.947736
lfw,6942,int8pt,0.958277
lfw,6943,int8pt,0.956473
lfw,6944,int8pt,0.937030
lfw,6945,int8pt,0.968408
lfw,6946,int8pt,0.945165
lfw,6947,int8pt,0.946946
lfw,6948,int8pt,0.957927
lfw,6949,int8pt,0.956936
lfw,6950,int8pt,0.930973
lfw,6951,int8pt,0.941944
lfw,6952,int8pt,0.958924
lfw,6953,int8pt,0.952523
lfw,6954,int8pt,0.956948
lfw,6955,int8pt,0.975810
lfw,6956,int8pt,0.964905
lfw,6957,int8pt,0.963480
lfw,6958,int8pt,0.964785
lfw,6959,int8pt,0.952302
lfw,6960,int8pt,0.958723
lfw,6961,int8pt,0.929199
lfw,6962,int8pt,0.958968
lfw,6963,int8pt,0.946566
lfw,6964,int8pt,0.957318
lfw,6965,int8pt,0.955635
lfw,6966,int8pt,0.953241
lfw,6967,int8pt,0.959578
lfw,6968,int8pt,0.961966
lfw,6969,int8pt,0.968005
lfw,6970,int8pt,0.970782
lfw,6971,int8pt,0.953100
lfw,6972,int8pt,0.948941
lfw,6973,int8pt,0.897148
lfw,6974,int8pt,0.932239
lfw,6975,int8pt,0.941701
lfw,6976,int8pt,0.928506
lfw,6977,int8pt,0.972894
lfw,6978,int8pt,0.963868
lfw,6979,int8pt,0.962265
lfw,6980,int8pt,0.959761
lfw,6981,int8pt,0.950431
lfw,6982,int8pt,0.960193
lfw,6983,int8pt,0.958014
lfw,6984,int8pt,0.958248
lfw,6985,int8pt,0.942255
lfw,6986,int8pt,0.945567
lfw,6987,int8pt,0.941021
lfw,6988,int8pt,0.931997
lfw,6989,int8pt,0.951616
lfw,6990,int8pt,0.959745
lfw,6991,int8pt,0.944526
lfw,6992,int8pt,0.952922
lfw,6993,int8pt,0.948606
lfw,6994,int8pt,0.958051
lfw,6995,int8pt,0.963789
lfw,6996,int8pt,0.950153
lfw,6997,int8pt,0.952044
lfw,6998,int8pt,0.962082
lfw,6999,int8pt,0.944416
lfw,7000,int8pt,0.970361
lfw,7001,int8pt,0.918945
lfw,7002,int8pt,0.922342
lfw,7003,int8pt,0.962002
lfw,7004,int8pt,0.968509
lfw,7005,int8pt,0.969094
lfw,7006,int8pt,0.959692
lfw,7007,int8pt,0.970343
lfw,7008,int8pt,0.941716
lfw,7009,int8pt,0.937698
lfw,7010,int8pt,0.957070
lfw,7011,int8pt,0.907373
lfw,7012,int8pt,0.955986
lfw,7013,int8pt,0.958079
lfw,7014,int8pt,0.949866
lfw,7015,int8pt,0.947522
lfw,7016,int8pt,0.943480
lfw,7017,int8pt,0.953503
lfw,7018,int8pt,0.962792
lfw,7019,int8pt,0.934322
lfw,7020,int8pt,0.928073
lfw,7021,int8pt,0.940891
lfw,7022,int8pt,0.951751
lfw,7023,int8pt,0.951573
lfw,7024,int8pt,0.960495
lfw,7025,int8pt,0.955152
lfw,7026,int8pt,0.963096
lfw,7027,int8pt,0.974958
lfw,7028,int8pt,0.959155
lfw,7029,int8pt,0.933824
lfw,7030,int8pt,0.933679
lfw,7031,int8pt,0.936791
lfw,7032,int8pt,0.963826
lfw,7033,int8pt,0.934830
lfw,7034,int8pt,0.949060
lfw,7035,int8pt,0.955599
lfw,7036,int8pt,0.970774
lfw,7037,int8pt,0.952100
lfw,7038,int8pt,0.967031
lfw,7039,int8pt,0.937519
lfw,7040,int8pt,0.949335
lfw,7041,int8pt,0.955604
lfw,7042,int8pt,0.962527
lfw,7043,int8pt,0.961722
lfw,7044,int8pt,0.954221
lfw,7045,int8pt,0.963751
lfw,7046,int8pt,0.962200
lfw,7047,int8pt,0.968252
lfw,7048,int8pt,0.956652
lfw,7049,int8pt,0.951346
lfw,7050,int8pt,0.958185
lfw,7051,int8pt,0.960533
lfw,7052,int8pt,0.938625
lfw,7053,int8pt,0.944362
lfw,7054,int8pt,0.946662
lfw,7055,int8pt,0.942846
lfw,7056,int8pt,0.962741
lfw,7057,int8pt,0.955333
lfw,7058,int8pt,0.953205
lfw,7059,int8pt,0.960114
lfw,7060,int8pt,0.967854
lfw,7061,int8pt,0.960900
lfw,7062,int8pt,0.962202
lfw,7063,int8pt,0.956393
lfw,7064,int8pt,0.938227
lfw,7065,int8pt,0.961298
lfw,7066,int8pt,0.968269
lfw,7067,int8pt,0.972994
lfw,7068,int8pt,0.952864
lfw,7069,int8pt,0.965042
lfw,7070,int8pt,0.956946
lfw,7071,int8pt,0.956423
lfw,7072,int8pt,0.969567
lfw,7073,int8pt,0.939517
lfw,7074,int8pt,0.954374
lfw,7075,int8pt,0.953748
lfw,7076,int8pt,0.959836
lfw,7077,int8pt,0.960791
lfw,7078,int8pt,0.945401
lfw,7079,int8pt,0.964350
lfw,7080,int8pt,0.959994
lfw,7081,int8pt,0.957650
lfw,7082,int8pt,0.951806
lfw,7083,int8pt,0.965060
lfw,7084,int8pt,0.938424
lfw,7085,int8pt,0.961314
lfw,7086,int8pt,0.962897
lfw,7087,int8pt,0.947872
lfw,7088,int8pt,0.952229
lfw,7089,int8pt,0.960075
lfw,7090,int8pt,0.961783
lfw,7091,int8pt,0.964216
lfw,7092,int8pt,0.960027
lfw,7093,int8pt,0.960565
lfw,7094,int8pt,0.948946
lfw,7095,int8pt,0.963236
lfw,7096,int8pt,0.965804
lfw,7097,int8pt,0.959907
lfw,7098,int8pt,0.961763
lfw,7099,int8pt,0.962068
lfw,7100,int8pt,0.972653
lfw,7101,int8pt,0.943011
lfw,7102,int8pt,0.925994
lfw,7103,int8pt,0.944984
lfw,7104,int8pt,0.974027
lfw,7105,int8pt,0.969001
lfw,7106,int8pt,0.956831
lfw,7107,int8pt,0.944937
lfw,7108,int8pt,0.937626
lfw,7109,int8pt,0.952977
lfw,7110,int8pt,0.945597
lfw,7111,int8pt,0.960488
lfw,7112,int8pt,0.965121
lfw,7113,int8pt,0.954499
lfw,7114,int8pt,0.953482
lfw,7115,int8pt,0.936078
lfw,7116,int8pt,0.931408
lfw,7117,int8pt,0.940026
lfw,7118,int8pt,0.944676
lfw,7119,int8pt,0.947961
lfw,7120,int8pt,0.954297
lfw,7121,int8pt,0.928785
lfw,7122,int8pt,0.946975
lfw,7123,int8pt,0.959679
lfw,7124,int8pt,0.950965
lfw,7125,int8pt,0.952786
lfw,7126,int8pt,0.958234
lfw,7127,int8pt,0.964139
lfw,7128,int8pt,0.966201
lfw,7129,int8pt,0.960993
lfw,7130,int8pt,0.935065
lfw,7131,int8pt,0.950497
lfw,7132,int8pt,0.950186
lfw,7133,int8pt,0.960104
lfw,7134,int8pt,0.932688
lfw,7135,int8pt,0.959145
lfw,7136,int8pt,0.957022
lfw,7137,int8pt,0.958228
lfw,7138,int8pt,0.946665
lfw,7139,int8pt,0.943511
lfw,7140,int8pt,0.957164
lfw,7141,int8pt,0.951311
lfw,7142,int8pt,0.962187
lfw,7143,int8pt,0.960136
lfw,7144,int8pt,0.950790
lfw,7145,int8pt,0.949937
lfw,7146,int8pt,0.945987
lfw,7147,int8pt,0.950204
lfw,7148,int8pt,0.949488
lfw,7149,int8pt,0.955005
lfw,7150,int8pt,0.943065
lfw,7151,int8pt,0.959818
lfw,7152,int8pt,0.948618
lfw,7153,int8pt,0.945640
lfw,7154,int8pt,0.952684
lfw,7155,int8pt,0.957802
lfw,7156,int8pt,0.949004
lfw,7157,int8pt,0.949823
lfw,7158,int8pt,0.959874
lfw,7159,int8pt,0.946513
lfw,7160,int8pt,0.956785
lfw,7161,int8pt,0.953008
lfw,7162,int8pt,0.960004
lfw,7163,int8pt,0.969382
lfw,7164,int8pt,0.956382
lfw,7165,int8pt,0.965807
lfw,7166,int8pt,0.958862
lfw,7167,int8pt,0.966610
lfw,7168,int8pt,0.955670
lfw,7169,int8pt,0.956355
lfw,7170,int8pt,0.957733
lfw,7171,int8pt,0.968091
lfw,7172,int8pt,0.946289
lfw,7173,int8pt,0.928854
lfw,7174,int8pt,0.967170
lfw,7175,int8pt,0.950647
lfw,7176,int8pt,0.934930
lfw,7177,int8pt,0.950812
lfw,7178,int8pt,0.953416
lfw,7179,int8pt,0.936168
lfw,7180,int8pt,0.943210
lfw,7181,int8pt,0.950497
lfw,7182,int8pt,0.944239
lfw,7183,int8pt,0.952199
lfw,7184,int8pt,0.950401
lfw,7185,int8pt,0.891705
lfw,7186,int8pt,0.943310
lfw,7187,int8pt,0.962574
lfw,7188,int8pt,0.961524
lfw,7189,int8pt,0.956280
lfw,7190,int8pt,0.946046
lfw,7191,int8pt,0.956781
lfw,7192,int8pt,0.951052
lfw,7193,int8pt,0.954949
lfw,7194,int8pt,0.966096
lfw,7195,int8pt,0.960201
lfw,7196,int8pt,0.938173
lfw,7197,int8pt,0.938064
lfw,7198,int8pt,0.962263
lfw,7199,int8pt,0.962025
lfw,7200,int8pt,0.958237
lfw,7201,int8pt,0.956360
lfw,7202,int8pt,0.947742
lfw,7203,int8pt,0.950473
lfw,7204,int8pt,0.945082
lfw,7205,int8pt,0.952642
lfw,7206,int8pt,0.941851
lfw,7207,int8pt,0.926838
lfw,7208,int8pt,0.944672
lfw,7209,int8pt,0.928515
lfw,7210,int8pt,0.956408
lfw,7211,int8pt,0.958369
lfw,7212,int8pt,0.960519
lfw,7213,int8pt,0.952254
lfw,7214,int8pt,0.963140
lfw,7215,int8pt,0.946428
lfw,7216,int8pt,0.965294
lfw,7217,int8pt,0.942212
lfw,7218,int8pt,0.961887
lfw,7219,int8pt,0.960790
lfw,7220,int8pt,0.950706
lfw,7221,int8pt,0.956808
lfw,7222,int8pt,0.961235
lfw,7223,int8pt,0.949039
lfw,7224,int8pt,0.945917
lfw,7225,int8pt,0.943010
lfw,7226,int8pt,0.948620
lfw,7227,int8pt,0.939660
lfw,7228,int8pt,0.931390
lfw,7229,int8pt,0.963577
lfw,7230,int8pt,0.973053
lfw,7231,int8pt,0.962482
lfw,7232,int8pt,0.955020
lfw,7233,int8pt,0.971489
lfw,7234,int8pt,0.971050
lfw,7235,int8pt,0.964119
lfw,7236,int8pt,0.966610
lfw,7237,int8pt,0.956776
lfw,7238,int8pt,0.955880
lfw,7239,int8pt,0.955349
lfw,7240,int8pt,0.954723
lfw,7241,int8pt,0.954483
lfw,7242,int8pt,0.943946
lfw,7243,int8pt,0.958620
lfw,7244,int8pt,0.962111
lfw,7245,int8pt,0.963530
lfw,7246,int8pt,0.973498
lfw,7247,int8pt,0.972209
lfw,7248,int8pt,0.970247
lfw,7249,int8pt,0.957665
lfw,7250,int8pt,0.951223
lfw,7251,int8pt,0.963977
lfw,7252,int8pt,0.947802
lfw,7253,int8pt,0.952037
lfw,7254,int8pt,0.942654
lfw,7255,int8pt,0.950191
lfw,7256,int8pt,0.951452
lfw,7257,int8pt,0.960170
lfw,7258,int8pt,0.945409
lfw,7259,int8pt,0.954236
lfw,7260,int8pt,0.945273
lfw,7261,int8pt,0.958773
lfw,7262,int8pt,0.963123
lfw,7263,int8pt,0.943104
lfw,7264,int8pt,0.958993
lfw,7265,int8pt,0.964763
lfw,7266,int8pt,0.964675
lfw,7267,int8pt,0.955319
lfw,7268,int8pt,0.947844
lfw,7269,int8pt,0.949317
lfw,7270,int8pt,0.949152
lfw,7271,int8pt,0.948938
lfw,7272,int8pt,0.955238
lfw,7273,int8pt,0.932918
lfw,7274,int8pt,0.942351
lfw,7275,int8pt,0.941174
lfw,7276,int8pt,0.937438
lfw,7277,int8pt,0.951654
lfw,7278,int8pt,0.957894
lfw,7279,int8pt,0.944839
lfw,7280,int8pt,0.952349
lfw,7281,int8pt,0.955362
lfw,7282,int8pt,0.968108
lfw,7283,int8pt,0.969485
lfw,7284,int8pt,0.972698
lfw,7285,int8pt,0.968924
lfw,7286,int8pt,0.947870
lfw,7287,int8pt,0.962711
lfw,7288,int8pt,0.954744
lfw,7289,int8pt,0.952950
lfw,7290,int8pt,0.952712
lfw,7291,int8pt,0.955739
lfw,7292,int8pt,0.947291
lfw,7293,int8pt,0.948650
lfw,7294,int8pt,0.954865
lfw,7295,int8pt,0.959791
lfw,7296,int8pt,0.947816
lfw,7297,int8pt,0.940195
lfw,7298,int8pt,0.966199
lfw,7299,int8pt,0.958001
lfw,7300,int8pt,0.949986
lfw,7301,int8pt,0.958673
lfw,7302,int8pt,0.963344
lfw,7303,int8pt,0.968112
lfw,7304,int8pt,0.964952
lfw,7305,int8pt,0.965261
lfw,7306,int8pt,0.925225
lfw,7307,int8pt,0.953986
lfw,7308,int8pt,0.958353
lfw,7309,int8pt,0.955788
lfw,7310,int8pt,0.935087
lfw,7311,int8pt,0.965835
lfw,7312,int8pt,0.953438
lfw,7313,int8pt,0.955884
lfw,7314,int8pt,0.961831
lfw,7315,int8pt,0.955350
lfw,7316,int8pt,0.969357
lfw,7317,int8pt,0.953584
lfw,7318,int8pt,0.963270
lfw,7319,int8pt,0.961264
lfw,7320,int8pt,0.942948
lfw,7321,int8pt,0.943340
lfw,7322,int8pt,0.948393
lfw,7323,int8pt,0.942336
lfw,7324,int8pt,0.966985
lfw,7325,int8pt,0.967622
lfw,7326,int8pt,0.955172
lfw,7327,int8pt,0.958907
lfw,7328,int8pt,0.959889
lfw,7329,int8pt,0.951691
lfw,7330,int8pt,0.969470
lfw,7331,int8pt,0.961808
lfw,7332,int8pt,0.935408
lfw,7333,int8pt,0.945928
lfw,7334,int8pt,0.958015
lfw,7335,int8pt,0.962227
lfw,7336,int8pt,0.943205
lfw,7337,int8pt,0.965332
lfw,7338,int8pt,0.962622
lfw,7339,int8pt,0.959400
lfw,7340,int8pt,0.965535
lfw,7341,int8pt,0.961606
lfw,7342,int8pt,0.942049
lfw,7343,int8pt,0.963684
lfw,7344,int8pt,0.968316
lfw,7345,int8pt,0.940120
lfw,7346,int8pt,0.937594
lfw,7347,int8pt,0.957949
lfw,7348,int8pt,0.945584
lfw,7349,int8pt,0.964801
lfw,7350,int8pt,0.974225
lfw,7351,int8pt,0.942832
lfw,7352,int8pt,0.945212
lfw,7353,int8pt,0.956681
lfw,7354,int8pt,0.966051
lfw,7355,int8pt,0.947882
lfw,7356,int8pt,0.952429
lfw,7357,int8pt,0.960272
lfw,7358,int8pt,0.948886
lfw,7359,int8pt,0.963472
lfw,7360,int8pt,0.959099
lfw,7361,int8pt,0.943001
lfw,7362,int8pt,0.967772
lfw,7363,int8pt,0.964015
lfw,7364,int8pt,0.938506
lfw,7365,int8pt,0.945011
lfw,7366,int8pt,0.947480
lfw,7367,int8pt,0.956533
lfw,7368,int8pt,0.917285
lfw,7369,int8pt,0.950082
lfw,7370,int8pt,0.943698
lfw,7371,int8pt,0.967049
lfw,7372,int8pt,0.958960
lfw,7373,int8pt,0.960105
lfw,7374,int8pt,0.947219
lfw,7375,int8pt,0.946615
lfw,7376,int8pt,0.962410
lfw,7377,int8pt,0.959524
lfw,7378,int8pt,0.942103
lfw,7379,int8pt,0.953206
lfw,7380,int8pt,0.958890
lfw,7381,int8pt,0.941415
lfw,7382,int8pt,0.961118
lfw,7383,int8pt,0.967949
lfw,7384,int8pt,0.967731
lfw,7385,int8pt,0.959618
lfw,7386,int8pt,0.963813
lfw,7387,int8pt,0.971886
lfw,7388,int8pt,0.956010
lfw,7389,int8pt,0.965271
lfw,7390,int8pt,0.965261
lfw,7391,int8pt,0.961610
lfw,7392,int8pt,0.959408
lfw,7393,int8pt,0.952789
lfw,7394,int8pt,0.963666
lfw,7395,int8pt,0.959021
lfw,7396,int8pt,0.959771
lfw,7397,int8pt,0.963299
lfw,7398,int8pt,0.942029
lfw,7399,int8pt,0.956213
lfw,7400,int8pt,0.964940
lfw,7401,int8pt,0.941121
lfw,7402,int8pt,0.943053
lfw,7403,int8pt,0.938435
lfw,7404,int8pt,0.939984
lfw,7405,int8pt,0.941232
lfw,7406,int8pt,0.950156
lfw,7407,int8pt,0.951813
lfw,7408,int8pt,0.955565
lfw,7409,int8pt,0.958378
lfw,7410,int8pt,0.928940
lfw,7411,int8pt,0.961339
lfw,7412,int8pt,0.962061
lfw,7413,int8pt,0.953778
lfw,7414,int8pt,0.977874
lfw,7415,int8pt,0.965618
lfw,7416,int8pt,0.958127
lfw,7417,int8pt,0.964416
lfw,7418,int8pt,0.961111
lfw,7419,int8pt,0.955748
lfw,7420,int8pt,0.951245
lfw,7421,int8pt,0.948805
lfw,7422,int8pt,0.955362
lfw,7423,int8pt,0.939628
lfw,7424,int8pt,0.955487
lfw,7425,int8pt,0.940581
lfw,7426,int8pt,0.952358
lfw,7427,int8pt,0.953334
lfw,7428,int8pt,0.942064
lfw,7429,int8pt,0.970242
lfw,7430,int8pt,0.948829
lfw,7431,int8pt,0.943995
lfw,7432,int8pt,0.933701
lfw,7433,int8pt,0.960826
lfw,7434,int8pt,0.951087
lfw,7435,int8pt,0.958972
lfw,7436,int8pt,0.929022
lfw,7437,int8pt,0.955252
lfw,7438,int8pt,0.938803
lfw,7439,int8pt,0.944436
lfw,7440,int8pt,0.963319
lfw,7441,int8pt,0.929365
lfw,7442,int8pt,0.954061
lfw,7443,int8pt,0.966648
lfw,7444,int8pt,0.960493
lfw,7445,int8pt,0.969759
lfw,7446,int8pt,0.962376
lfw,7447,int8pt,0.957840
lfw,7448,int8pt,0.957098
lfw,7449,int8pt,0.943371
lfw,7450,int8pt,0.945399
lfw,7451,int8pt,0.959876
lfw,7452,int8pt,0.957780
lfw,7453,int8pt,0.949576
lfw,7454,int8pt,0.962660
lfw,7455,int8pt,0.962029
lfw,7456,int8pt,0.955211
lfw,7457,int8pt,0.951424
lfw,7458,int8pt,0.945098
lfw,7459,int8pt,0.953709
lfw,7460,int8pt,0.950774
lfw,7461,int8pt,0.965119
lfw,7462,int8pt,0.960346
lfw,7463,int8pt,0.962853
lfw,7464,int8pt,0.964647
lfw,7465,int8pt,0.961080
lfw,7466,int8pt,0.966340
lfw,7467,int8pt,0.957782
lfw,7468,int8pt,0.954990
lfw,7469,int8pt,0.963564
lfw,7470,int8pt,0.942944
lfw,7471,int8pt,0.959652
lfw,7472,int8pt,0.952734
lfw,7473,int8pt,0.936196
lfw,7474,int8pt,0.959649
lfw,7475,int8pt,0.953160
lfw,7476,int8pt,0.951184
lfw,7477,int8pt,0.945201
lfw,7478,int8pt,0.951093
lfw,7479,int8pt,0.954504
lfw,7480,int8pt,0.951579
lfw,7481,int8pt,0.952682
lfw,7482,int8pt,0.946550
lfw,7483,int8pt,0.928999
lfw,7484,int8pt,0.966082
lfw,7485,int8pt,0.956795
lfw,7486,int8pt,0.949616
lfw,7487,int8pt,0.955249
lfw,7488,int8pt,0.947931
lfw,7489,int8pt,0.955849
lfw,7490,int8pt,0.960084
lfw,7491,int8pt,0.962645
lfw,7492,int8pt,0.965440
lfw,7493,int8pt,0.962530
lfw,7494,int8pt,0.961737
lfw,7495,int8pt,0.947313
lfw,7496,int8pt,0.960045
lfw,7497,int8pt,0.957314
lfw,7498,int8pt,0.960123
lfw,7499,int8pt,0.957470
lfw,7500,int8pt,0.959211
lfw,7501,int8pt,0.951742
lfw,7502,int8pt,0.960898
lfw,7503,int8pt,0.941573
lfw,7504,int8pt,0.954046
lfw,7505,int8pt,0.956842
lfw,7506,int8pt,0.955700
lfw,7507,int8pt,0.963132
lfw,7508,int8pt,0.942166
lfw,7509,int8pt,0.962455
lfw,7510,int8pt,0.952410
lfw,7511,int8pt,0.947816
lfw,7512,int8pt,0.938879
lfw,7513,int8pt,0.952374
lfw,7514,int8pt,0.933437
lfw,7515,int8pt,0.949749
lfw,7516,int8pt,0.967029
lfw,7517,int8pt,0.961551
lfw,7518,int8pt,0.953338
lfw,7519,int8pt,0.957050
lfw,7520,int8pt,0.953759
lfw,7521,int8pt,0.955809
lfw,7522,int8pt,0.952229
lfw,7523,int8pt,0.948954
lfw,7524,int8pt,0.947421
lfw,7525,int8pt,0.938376
lfw,7526,int8pt,0.963330
lfw,7527,int8pt,0.954044
lfw,7528,int8pt,0.926021
lfw,7529,int8pt,0.949833
lfw,7530,int8pt,0.948185
lfw,7531,int8pt,0.966199
lfw,7532,int8pt,0.954834
lfw,7533,int8pt,0.952300
lfw,7534,int8pt,0.948534
lfw,7535,int8pt,0.972098
lfw,7536,int8pt,0.956533
lfw,7537,int8pt,0.958892
lfw,7538,int8pt,0.960609
lfw,7539,int8pt,0.959787
lfw,7540,int8pt,0.955556
lfw,7541,int8pt,0.962241
lfw,7542,int8pt,0.953220
lfw,7543,int8pt,0.965030
lfw,7544,int8pt,0.962894
lfw,7545,int8pt,0.963219
lfw,7546,int8pt,0.945740
lfw,7547,int8pt,0.952697
lfw,7548,int8pt,0.960687
lfw,7549,int8pt,0.959167
lfw,7550,int8pt,0.941589
lfw,7551,int8pt,0.956195
lfw,7552,int8pt,0.960890
lfw,7553,int8pt,0.955289
lfw,7554,int8pt,0.971256
lfw,7555,int8pt,0.963797
lfw,7556,int8pt,0.964587
lfw,7557,int8pt,0.956067
lfw,7558,int8pt,0.962339
lfw,7559,int8pt,0.931960
lfw,7560,int8pt,0.939450
lfw,7561,int8pt,0.903892
lfw,7562,int8pt,0.930027
lfw,7563,int8pt,0.922209
lfw,7564,int8pt,0.952422
lfw,7565,int8pt,0.951269
lfw,7566,int8pt,0.958592
lfw,7567,int8pt,0.941283
lfw,7568,int8pt,0.954426
lfw,7569,int8pt,0.952999
lfw,7570,int8pt,0.965559
lfw,7571,int8pt,0.952513
lfw,7572,int8pt,0.943192
lfw,7573,int8pt,0.954719
lfw,7574,int8pt,0.970909
lfw,7575,int8pt,0.968816
lfw,7576,int8pt,0.960585
lfw,7577,int8pt,0.955737
lfw,7578,int8pt,0.955870
lfw,7579,int8pt,0.965077
lfw,7580,int8pt,0.960618
lfw,7581,int8pt,0.960521
lfw,7582,int8pt,0.941612
lfw,7583,int8pt,0.953357
lfw,7584,int8pt,0.958243
lfw,7585,int8pt,0.921893
lfw,7586,int8pt,0.945879
lfw,7587,int8pt,0.914538
lfw,7588,int8pt,0.956154
lfw,7589,int8pt,0.950747
lfw,7590,int8pt,0.960834
lfw,7591,int8pt,0.957722
lfw,7592,int8pt,0.966459
lfw,7593,int8pt,0.948419
lfw,7594,int8pt,0.960992
lfw,7595,int8pt,0.949737
lfw,7596,int8pt,0.952300
lfw,7597,int8pt,0.969182
lfw,7598,int8pt,0.970000
lfw,7599,int8pt,0.973272
lfw,7600,int8pt,0.945250
lfw,7601,int8pt,0.936431
lfw,7602,int8pt,0.940139
lfw,7603,int8pt,0.954797
lfw,7604,int8pt,0.945333
lfw,7605,int8pt,0.952233
lfw,7606,int8pt,0.945050
lfw,7607,int8pt,0.969567
lfw,7608,int8pt,0.955942
lfw,7609,int8pt,0.962645
lfw,7610,int8pt,0.960554
lfw,7611,int8pt,0.968319
lfw,7612,int8pt,0.975824
lfw,7613,int8pt,0.972271
lfw,7614,int8pt,0.953148
lfw,7615,int8pt,0.939909
lfw,7616,int8pt,0.949152
lfw,7617,int8pt,0.947016
lfw,7618,int8pt,0.958968
lfw,7619,int8pt,0.938404
lfw,7620,int8pt,0.956302
lfw,7621,int8pt,0.966836
lfw,7622,int8pt,0.950423
lfw,7623,int8pt,0.962796
lfw,7624,int8pt,0.966285
lfw,7625,int8pt,0.960501
lfw,7626,int8pt,0.961705
lfw,7627,int8pt,0.969272
lfw,7628,int8pt,0.939935
lfw,7629,int8pt,0.955462
lfw,7630,int8pt,0.958737
lfw,7631,int8pt,0.954920
lfw,7632,int8pt,0.947801
lfw,7633,int8pt,0.953885
lfw,7634,int8pt,0.941882
lfw,7635,int8pt,0.946788
lfw,7636,int8pt,0.961674
lfw,7637,int8pt,0.969338
lfw,7638,int8pt,0.966638
lfw,7639,int8pt,0.952003
lfw,7640,int8pt,0.941569
lfw,7641,int8pt,0.962301
lfw,7642,int8pt,0.958342
lfw,7643,int8pt,0.957289
lfw,7644,int8pt,0.966937
lfw,7645,int8pt,0.950556
lfw,7646,int8pt,0.970687
lfw,7647,int8pt,0.948308
lfw,7648,int8pt,0.964975
lfw,7649,int8pt,0.948749
lfw,7650,int8pt,0.957000
lfw,7651,int8pt,0.964033
lfw,7652,int8pt,0.967119
lfw,7653,int8pt,0.948379
lfw,7654,int8pt,0.920995
lfw,7655,int8pt,0.948822
lfw,7656,int8pt,0.950046
lfw,7657,int8pt,0.956305
lfw,7658,int8pt,0.950913
lfw,7659,int8pt,0.954399
lfw,7660,int8pt,0.907776
lfw,7661,int8pt,0.942239
lfw,7662,int8pt,0.962888
lfw,7663,int8pt,0.960809
lfw,7664,int8pt,0.965891
lfw,7665,int8pt,0.964616
lfw,7666,int8pt,0.960170
lfw,7667,int8pt,0.934214
lfw,7668,int8pt,0.957575
lfw,7669,int8pt,0.950689
lfw,7670,int8pt,0.957481
lfw,7671,int8pt,0.954930
lfw,7672,int8pt,0.949145
lfw,7673,int8pt,0.942069
lfw,7674,int8pt,0.960775
lfw,7675,int8pt,0.959291
lfw,7676,int8pt,0.947266
lfw,7677,int8pt,0.950871
lfw,7678,int8pt,0.961609
lfw,7679,int8pt,0.967687
lfw,7680,int8pt,0.965800
lfw,7681,int8pt,0.936968
lfw,0,int8pc,0.976165
lfw,1,int8pc,0.978477
lfw,2,int8pc,0.969860
lfw,3,int8pc,0.965231
lfw,4,int8pc,0.961849
lfw,5,int8pc,0.971112
lfw,6,int8pc,0.975121
lfw,7,int8pc,0.970739
lfw,8,int8pc,0.985015
lfw,9,int8pc,0.978149
lfw,10,int8pc,0.967961
lfw,11,int8pc,0.972430
lfw,12,int8pc,0.975163
lfw,13,int8pc,0.985438
lfw,14,int8pc,0.981545
lfw,15,int8pc,0.980888
lfw,16,int8pc,0.975353
lfw,17,int8pc,0.943641
lfw,18,int8pc,0.977317
lfw,19,int8pc,0.982661
lfw,20,int8pc,0.978090
lfw,21,int8pc,0.984995
lfw,22,int8pc,0.982287
lfw,23,int8pc,0.981338
lfw,24,int8pc,0.981744
lfw,25,int8pc,0.983860
lfw,26,int8pc,0.984006
lfw,27,int8pc,0.979322
lfw,28,int8pc,0.984121
lfw,29,int8pc,0.985652
lfw,30,int8pc,0.982577
lfw,31,int8pc,0.980224
lfw,32,int8pc,0.976997
lfw,33,int8pc,0.979534
lfw,34,int8pc,0.980125
lfw,35,int8pc,0.974660
lfw,36,int8pc,0.979251
lfw,37,int8pc,0.975892
lfw,38,int8pc,0.981064
lfw,39,int8pc,0.983273
lfw,40,int8pc,0.980130
lfw,41,int8pc,0.975526
lfw,42,int8pc,0.967045
lfw,43,int8pc,0.978639
lfw,44,int8pc,0.965695
lfw,45,int8pc,0.976126
lfw,46,int8pc,0.965443
lfw,47,int8pc,0.985369
lfw,48,int8pc,0.977725
lfw,49,int8pc,0.976954
lfw,50,int8pc,0.975398
lfw,51,int8pc,0.965945
lfw,52,int8pc,0.968780
lfw,53,int8pc,0.977770
lfw,54,int8pc,0.980017
lfw,55,int8pc,0.976598
lfw,56,int8pc,0.979274
lfw,57,int8pc,0.977287
lfw,58,int8pc,0.977230
lfw,59,int8pc,0.968860
lfw,60,int8pc,0.966407
lfw,61,int8pc,0.967855
lfw,62,int8pc,0.975218
lfw,63,int8pc,0.987651
lfw,64,int8pc,0.969463
lfw,65,int8pc,0.980415
lfw,66,int8pc,0.978233
lfw,67,int8pc,0.970734
lfw,68,int8pc,0.974665
lfw,69,int8pc,0.968767
lfw,70,int8pc,0.964315
lfw,71,int8pc,0.966541
lfw,72,int8pc,0.972584
lfw,73,int8pc,0.976454
lfw,74,int8pc,0.982046
lfw,75,int8pc,0.977777
lfw,76,int8pc,0.979022
lfw,77,int8pc,0.983813
lfw,78,int8pc,0.976759
lfw,79,int8pc,0.976624
lfw,80,int8pc,0.980882
lfw,81,int8pc,0.939694
lfw,82,int8pc,0.980013
lfw,83,int8pc,0.967381
lfw,84,int8pc,0.987943
lfw,85,int8pc,0.965292
lfw,86,int8pc,0.978812
lfw,87,int8pc,0.983992
lfw,88,int8pc,0.976922
lfw,89,int8pc,0.982473
lfw,90,int8pc,0.979036
lfw,91,int8pc,0.980264
lfw,92,int8pc,0.979488
lfw,93,int8pc,0.971354
lfw,94,int8pc,0.974369
lfw,95,int8pc,0.983050
lfw,96,int8pc,0.981717
lfw,97,int8pc,0.973084
lfw,98,int8pc,0.970288
lfw,99,int8pc,0.974365
lfw,100,int8pc,0.976663
lfw,101,int8pc,0.982631
lfw,102,int8pc,0.984551
lfw,103,int8pc,0.972967
lfw,104,int8pc,0.976288
lfw,105,int8pc,0.981227
lfw,106,int8pc,0.983344
lfw,107,int8pc,0.975537
lfw,108,int8pc,0.980834
lfw,109,int8pc,0.978487
lfw,110,int8pc,0.966084
lfw,111,int8pc,0.975277
lfw,112,int8pc,0.976361
lfw,113,int8pc,0.968919
lfw,114,int8pc,0.978076
lfw,115,int8pc,0.970068
lfw,116,int8pc,0.978353
lfw,117,int8pc,0.982662
lfw,118,int8pc,0.983035
lfw,119,int8pc,0.970228
lfw,120,int8pc,0.981316
lfw,121,int8pc,0.984068
lfw,122,int8pc,0.972541
lfw,123,int8pc,0.956987
lfw,124,int8pc,0.983919
lfw,125,int8pc,0.986384
lfw,126,int8pc,0.974586
lfw,127,int8pc,0.972498
lfw,128,int8pc,0.979856
lfw,129,int8pc,0.976795
lfw,130,int8pc,0.968591
lfw,131,int8pc,0.972868
lfw,132,int8pc,0.982304
lfw,133,int8pc,0.953320
lfw,134,int8pc,0.984195
lfw,135,int8pc,0.975210
lfw,136,int8pc,0.984665
lfw,137,int8pc,0.983072
lfw,138,int8pc,0.983778
lfw,139,int8pc,0.968641
lfw,140,int8pc,0.957528
lfw,141,int8pc,0.979061
lfw,142,int8pc,0.973972
lfw,143,int8pc,0.976016
lfw,144,int8pc,0.972900
lfw,145,int8pc,0.973712
lfw,146,int8pc,0.971937
lfw,147,int8pc,0.975539
lfw,148,int8pc,0.970504
lfw,149,int8pc,0.980406
lfw,150,int8pc,0.980323
lfw,151,int8pc,0.975092
lfw,152,int8pc,0.978576
lfw,153,int8pc,0.982220
lfw,154,int8pc,0.985346
lfw,155,int8pc,0.977797
lfw,156,int8pc,0.966209
lfw,157,int8pc,0.978910
lfw,158,int8pc,0.974647
lfw,159,int8pc,0.977873
lfw,160,int8pc,0.983721
lfw,161,int8pc,0.980265
lfw,162,int8pc,0.981548
lfw,163,int8pc,0.979084
lfw,164,int8pc,0.980904
lfw,165,int8pc,0.966357
lfw,166,int8pc,0.980800
lfw,167,int8pc,0.972339
lfw,168,int8pc,0.978294
lfw,169,int8pc,0.983035
lfw,170,int8pc,0.980864
lfw,171,int8pc,0.980222
lfw,172,int8pc,0.984900
lfw,173,int8pc,0.967448
lfw,174,int8pc,0.977586
lfw,175,int8pc,0.981447
lfw,176,int8pc,0.980537
lfw,177,int8pc,0.981438
lfw,178,int8pc,0.967781
lfw,179,int8pc,0.974374
lfw,180,int8pc,0.979582
lfw,181,int8pc,0.985050
lfw,182,int8pc,0.974917
lfw,183,int8pc,0.972849
lfw,184,int8pc,0.978448
lfw,185,int8pc,0.972087
lfw,186,int8pc,0.977772
lfw,187,int8pc,0.978813
lfw,188,int8pc,0.979742
lfw,189,int8pc,0.982640
lfw,190,int8pc,0.970768
lfw,191,int8pc,0.979189
lfw,192,int8pc,0.970292
lfw,193,int8pc,0.970355
lfw,194,int8pc,0.976903
lfw,195,int8pc,0.977790
lfw,196,int8pc,0.980278
lfw,197,int8pc,0.976202
lfw,198,int8pc,0.968514
lfw,199,int8pc,0.972976
lfw,200,int8pc,0.970494
lfw,201,int8pc,0.980088
lfw,202,int8pc,0.969766
lfw,203,int8pc,0.974663
lfw,204,int8pc,0.976468
lfw,205,int8pc,0.969438
lfw,206,int8pc,0.972157
lfw,207,int8pc,0.971495
lfw,208,int8pc,0.980180
lfw,209,int8pc,0.979013
lfw,210,int8pc,0.984658
lfw,211,int8pc,0.977011
lfw,212,int8pc,0.969266
lfw,213,int8pc,0.952903
lfw,214,int8pc,0.977491
lfw,215,int8pc,0.965666
lfw,216,int8pc,0.975987
lfw,217,int8pc,0.970463
lfw,218,int8pc,0.982649
lfw,219,int8pc,0.978522
lfw,220,int8pc,0.979662
lfw,221,int8pc,0.972075
lfw,222,int8pc,0.978779
lfw,223,int8pc,0.973233
lfw,224,int8pc,0.970554
lfw,225,int8pc,0.978995
lfw,226,int8pc,0.983509
lfw,227,int8pc,0.980781
lfw,228,int8pc,0.990539
lfw,229,int8pc,0.950849
lfw,230,int8pc,0.974526
lfw,231,int8pc,0.960584
lfw,232,int8pc,0.979804
lfw,233,int8pc,0.986152
lfw,234,int8pc,0.983539
lfw,235,int8pc,0.986532
lfw,236,int8pc,0.986543
lfw,237,int8pc,0.956718
lfw,238,int8pc,0.962564
lfw,239,int8pc,0.975453
lfw,240,int8pc,0.942027
lfw,241,int8pc,0.976305
lfw,242,int8pc,0.976997
lfw,243,int8pc,0.985755
lfw,244,int8pc,0.962104
lfw,245,int8pc,0.982032
lfw,246,int8pc,0.977925
lfw,247,int8pc,0.971881
lfw,248,int8pc,0.968492
lfw,249,int8pc,0.970062
lfw,250,int8pc,0.974357
lfw,251,int8pc,0.977351
lfw,252,int8pc,0.980167
lfw,253,int8pc,0.982199
lfw,254,int8pc,0.980519
lfw,255,int8pc,0.976148
lfw,256,int8pc,0.978432
lfw,257,int8pc,0.980830
lfw,258,int8pc,0.977928
lfw,259,int8pc,0.975417
lfw,260,int8pc,0.972838
lfw,261,int8pc,0.976301
lfw,262,int8pc,0.980065
lfw,263,int8pc,0.988317
lfw,264,int8pc,0.977011
lfw,265,int8pc,0.979301
lfw,266,int8pc,0.974250
lfw,267,int8pc,0.977383
lfw,268,int8pc,0.982912
lfw,269,int8pc,0.979665
lfw,270,int8pc,0.974258
lfw,271,int8pc,0.958481
lfw,272,int8pc,0.962973
lfw,273,int8pc,0.970213
lfw,274,int8pc,0.960669
lfw,275,int8pc,0.976304
lfw,276,int8pc,0.977657
lfw,277,int8pc,0.969774
lfw,278,int8pc,0.970694
lfw,279,int8pc,0.978355
lfw,280,int8pc,0.980147
lfw,281,int8pc,0.970137
lfw,282,int8pc,0.967765
lfw,283,int8pc,0.973071
lfw,284,int8pc,0.973371
lfw,285,int8pc,0.977448
lfw,286,int8pc,0.971825
lfw,287,int8pc,0.972250
lfw,288,int8pc,0.969261
lfw,289,int8pc,0.969537
lfw,290,int8pc,0.972451
lfw,291,int8pc,0.968287
lfw,292,int8pc,0.968890
lfw,293,int8pc,0.977894
lfw,294,int8pc,0.978359
lfw,295,int8pc,0.977778
lfw,296,int8pc,0.970181
lfw,297,int8pc,0.982703
lfw,298,int8pc,0.982762
lfw,299,int8pc,0.983456
lfw,300,int8pc,0.982153
lfw,301,int8pc,0.980036
lfw,302,int8pc,0.962417
lfw,303,int8pc,0.973565
lfw,304,int8pc,0.981454
lfw,305,int8pc,0.986701
lfw,306,int8pc,0.983506
lfw,307,int8pc,0.950801
lfw,308,int8pc,0.974112
lfw,309,int8pc,0.978935
lfw,310,int8pc,0.975585
lfw,311,int8pc,0.967514
lfw,312,int8pc,0.962305
lfw,313,int8pc,0.981216
lfw,314,int8pc,0.967055
lfw,315,int8pc,0.974452
lfw,316,int8pc,0.976349
lfw,317,int8pc,0.982011
lfw,318,int8pc,0.960566
lfw,319,int8pc,0.962042
lfw,320,int8pc,0.961204
lfw,321,int8pc,0.965832
lfw,322,int8pc,0.977118
lfw,323,int8pc,0.968806
lfw,324,int8pc,0.979752
lfw,325,int8pc,0.973948
lfw,326,int8pc,0.970069
lfw,327,int8pc,0.980007
lfw,328,int8pc,0.974718
lfw,329,int8pc,0.977431
lfw,330,int8pc,0.981527
lfw,331,int8pc,0.985576
lfw,332,int8pc,0.979470
lfw,333,int8pc,0.972879
lfw,334,int8pc,0.973599
lfw,335,int8pc,0.973465
lfw,336,int8pc,0.973770
lfw,337,int8pc,0.971594
lfw,338,int8pc,0.977798
lfw,339,int8pc,0.982101
lfw,340,int8pc,0.983257
lfw,341,int8pc,0.962836
lfw,342,int8pc,0.964163
lfw,343,int8pc,0.981151
lfw,344,int8pc,0.982937
lfw,345,int8pc,0.957443
lfw,346,int8pc,0.982064
lfw,347,int8pc,0.960338
lfw,348,int8pc,0.978611
lfw,349,int8pc,0.974674
lfw,350,int8pc,0.976023
lfw,351,int8pc,0.979799
lfw,352,int8pc,0.976996
lfw,353,int8pc,0.970035
lfw,354,int8pc,0.976215
lfw,355,int8pc,0.972096
lfw,356,int8pc,0.974247
lfw,357,int8pc,0.977952
lfw,358,int8pc,0.970592
lfw,359,int8pc,0.968753
lfw,360,int8pc,0.973986
lfw,361,int8pc,0.973712
lfw,362,int8pc,0.978928
lfw,363,int8pc,0.972924
lfw,364,int8pc,0.964626
lfw,365,int8pc,0.964272
lfw,366,int8pc,0.971016
lfw,367,int8pc,0.974545
lfw,368,int8pc,0.984832
lfw,369,int8pc,0.975481
lfw,370,int8pc,0.976062
lfw,371,int8pc,0.977544
lfw,372,int8pc,0.958658
lfw,373,int8pc,0.961908
lfw,374,int8pc,0.980903
lfw,375,int8pc,0.974255
lfw,376,int8pc,0.974347
lfw,377,int8pc,0.982440
lfw,378,int8pc,0.984817
lfw,379,int8pc,0.978257
lfw,380,int8pc,0.978633
lfw,381,int8pc,0.980979
lfw,382,int8pc,0.979732
lfw,383,int8pc,0.974986
lfw,384,int8pc,0.971389
lfw,385,int8pc,0.975473
lfw,386,int8pc,0.983992
lfw,387,int8pc,0.967007
lfw,388,int8pc,0.987469
lfw,389,int8pc,0.974018
lfw,390,int8pc,0.970563
lfw,391,int8pc,0.976731
lfw,392,int8pc,0.976892
lfw,393,int8pc,0.977168
lfw,394,int8pc,0.974523
lfw,395,int8pc,0.976454
lfw,396,int8pc,0.980794
lfw,397,int8pc,0.979465
lfw,398,int8pc,0.984013
lfw,399,int8pc,0.978815
lfw,400,int8pc,0.980954
lfw,401,int8pc,0.984432
lfw,402,int8pc,0.977199
lfw,403,int8pc,0.974744
lfw,404,int8pc,0.982833
lfw,405,int8pc,0.948421
lfw,406,int8pc,0.969833
lfw,407,int8pc,0.975010
lfw,408,int8pc,0.972047
lfw,409,int8pc,0.970454
lfw,410,int8pc,0.981699
lfw,411,int8pc,0.977068
lfw,412,int8pc,0.965717
lfw,413,int8pc,0.977168
lfw,414,int8pc,0.979506
lfw,415,int8pc,0.972875
lfw,416,int8pc,0.982905
lfw,417,int8pc,0.974191
lfw,418,int8pc,0.969067
lfw,419,int8pc,0.979865
lfw,420,int8pc,0.982017
lfw,421,int8pc,0.982258
lfw,422,int8pc,0.978619
lfw,423,int8pc,0.984612
lfw,424,int8pc,0.975192
lfw,425,int8pc,0.982230
lfw,426,int8pc,0.979221
lfw,427,int8pc,0.977778
lfw,428,int8pc,0.982914
lfw,429,int8pc,0.968351
lfw,430,int8pc,0.972015
lfw,431,int8pc,0.967253
lfw,432,int8pc,0.973006
lfw,433,int8pc,0.969948
lfw,434,int8pc,0.982812
lfw,435,int8pc,0.979559
lfw,436,int8pc,0.965549
lfw,437,int8pc,0.972783
lfw,438,int8pc,0.980472
lfw,439,int8pc,0.968680
lfw,440,int8pc,0.985359
lfw,441,int8pc,0.976429
lfw,442,int8pc,0.967686
lfw,443,int8pc,0.983800
lfw,444,int8pc,0.981587
lfw,445,int8pc,0.976872
lfw,446,int8pc,0.982605
lfw,447,int8pc,0.963425
lfw,448,int8pc,0.958521
lfw,449,int8pc,0.969602
lfw,450,int8pc,0.971144
lfw,451,int8pc,0.972676
lfw,452,int8pc,0.982581
lfw,453,int8pc,0.977950
lfw,454,int8pc,0.970457
lfw,455,int8pc,0.978129
lfw,456,int8pc,0.983006
lfw,457,int8pc,0.971037
lfw,458,int8pc,0.983268
lfw,459,int8pc,0.982483
lfw,460,int8pc,0.979966
lfw,461,int8pc,0.971400
lfw,462,int8pc,0.974198
lfw,463,int8pc,0.967528
lfw,464,int8pc,0.970157
lfw,465,int8pc,0.978996
lfw,466,int8pc,0.985233
lfw,467,int8pc,0.966817
lfw,468,int8pc,0.979049
lfw,469,int8pc,0.975147
lfw,470,int8pc,0.977689
lfw,471,int8pc,0.971958
lfw,472,int8pc,0.972367
lfw,473,int8pc,0.977343
lfw,474,int8pc,0.976718
lfw,475,int8pc,0.980914
lfw,476,int8pc,0.965095
lfw,477,int8pc,0.978692
lfw,478,int8pc,0.981518
lfw,479,int8pc,0.981363
lfw,480,int8pc,0.979596
lfw,481,int8pc,0.971537
lfw,482,int8pc,0.983688
lfw,483,int8pc,0.977047
lfw,484,int8pc,0.979204
lfw,485,int8pc,0.977216
lfw,486,int8pc,0.976884
lfw,487,int8pc,0.975694
lfw,488,int8pc,0.983682
lfw,489,int8pc,0.970697
lfw,490,int8pc,0.976053
lfw,491,int8pc,0.983039
lfw,492,int8pc,0.968960
lfw,493,int8pc,0.976492
lfw,494,int8pc,0.979530
lfw,495,int8pc,0.978646
lfw,496,int8pc,0.985930
lfw,497,int8pc,0.974142
lfw,498,int8pc,0.971466
lfw,499,int8pc,0.981250
lfw,500,int8pc,0.978991
lfw,501,int8pc,0.980234
lfw,502,int8pc,0.966388
lfw,503,int8pc,0.966295
lfw,504,int8pc,0.969362
lfw,505,int8pc,0.965901
lfw,506,int8pc,0.965069
lfw,507,int8pc,0.972697
lfw,508,int8pc,0.977242
lfw,509,int8pc,0.971110
lfw,510,int8pc,0.976763
lfw,511,int8pc,0.975145
lfw,512,int8pc,0.966112
lfw,513,int8pc,0.971933
lfw,514,int8pc,0.975125
lfw,515,int8pc,0.985060
lfw,516,int8pc,0.984666
lfw,517,int8pc,0.980838
lfw,518,int8pc,0.977029
lfw,519,int8pc,0.975546
lfw,520,int8pc,0.984590
lfw,521,int8pc,0.974988
lfw,522,int8pc,0.974049
lfw,523,int8pc,0.975703
lfw,524,int8pc,0.983040
lfw,525,int8pc,0.979915
lfw,526,int8pc,0.979342
lfw,527,int8pc,0.975728
lfw,528,int8pc,0.981235
lfw,529,int8pc,0.979467
lfw,530,int8pc,0.980204
lfw,531,int8pc,0.971498
lfw,532,int8pc,0.977283
lfw,533,int8pc,0.970016
lfw,534,int8pc,0.978603
lfw,535,int8pc,0.972021
lfw,536,int8pc,0.976776
lfw,537,int8pc,0.980978
lfw,538,int8pc,0.979338
lfw,539,int8pc,0.971095
lfw,540,int8pc,0.965999
lfw,541,int8pc,0.972304
lfw,542,int8pc,0.975729
lfw,543,int8pc,0.966279
lfw,544,int8pc,0.982155
lfw,545,int8pc,0.982762
lfw,546,int8pc,0.982560
lfw,547,int8pc,0.980980
lfw,548,int8pc,0.972865
lfw,549,int8pc,0.982658
lfw,550,int8pc,0.976744
lfw,551,int8pc,0.974570
lfw,552,int8pc,0.983073
lfw,553,int8pc,0.984423
lfw,554,int8pc,0.982227
lfw,555,int8pc,0.982148
lfw,556,int8pc,0.977300
lfw,557,int8pc,0.971859
lfw,558,int8pc,0.978255
lfw,559,int8pc,0.983015
lfw,560,int8pc,0.980450
lfw,561,int8pc,0.983044
lfw,562,int8pc,0.977483
lfw,563,int8pc,0.973368
lfw,564,int8pc,0.982992
lfw,565,int8pc,0.955791
lfw,566,int8pc,0.964110
lfw,567,int8pc,0.978682
lfw,568,int8pc,0.961549
lfw,569,int8pc,0.964752
lfw,570,int8pc,0.972784
lfw,571,int8pc,0.984916
lfw,572,int8pc,0.984808
lfw,573,int8pc,0.978778
lfw,574,int8pc,0.979023
lfw,575,int8pc,0.980031
lfw,576,int8pc,0.982865
lfw,577,int8pc,0.986567
lfw,578,int8pc,0.976572
lfw,579,int8pc,0.981350
lfw,580,int8pc,0.977822
lfw,581,int8pc,0.973171
lfw,582,int8pc,0.981738
lfw,583,int8pc,0.974847
lfw,584,int8pc,0.974730
lfw,585,int8pc,0.976400
lfw,586,int8pc,0.978678
lfw,587,int8pc,0.976249
lfw,588,int8pc,0.982127
lfw,589,int8pc,0.980072
lfw,590,int8pc,0.969951
lfw,591,int8pc,0.978813
lfw,592,int8pc,0.967780
lfw,593,int8pc,0.972426
lfw,594,int8pc,0.965629
lfw,595,int8pc,0.981965
lfw,596,int8pc,0.966711
lfw,597,int8pc,0.985436
lfw,598,int8pc,0.984479
lfw,599,int8pc,0.982231
lfw,600,int8pc,0.978914
lfw,601,int8pc,0.978686
lfw,602,int8pc,0.963511
lfw,603,int8pc,0.972847
lfw,604,int8pc,0.974490
lfw,605,int8pc,0.954290
lfw,606,int8pc,0.978452
lfw,607,int8pc,0.974179
lfw,608,int8pc,0.956678
lfw,609,int8pc,0.980563
lfw,610,int8pc,0.980490
lfw,611,int8pc,0.983076
lfw,612,int8pc,0.976895
lfw,613,int8pc,0.983334
lfw,614,int8pc,0.945271
lfw,615,int8pc,0.982047
lfw,616,int8pc,0.969861
lfw,617,int8pc,0.973279
lfw,618,int8pc,0.981398
lfw,619,int8pc,0.985153
lfw,620,int8pc,0.970394
lfw,621,int8pc,0.978348
lfw,622,int8pc,0.973830
lfw,623,int8pc,0.965117
lfw,624,int8pc,0.977269
lfw,625,int8pc,0.982883
lfw,626,int8pc,0.975065
lfw,627,int8pc,0.976963
lfw,628,int8pc,0.983002
lfw,629,int8pc,0.981289
lfw,630,int8pc,0.977966
lfw,631,int8pc,0.975450
lfw,632,int8pc,0.979640
lfw,633,int8pc,0.970108
lfw,634,int8pc,0.966101
lfw,635,int8pc,0.968212
lfw,636,int8pc,0.961420
lfw,637,int8pc,0.968791
lfw,638,int8pc,0.966559
lfw,639,int8pc,0.977377
lfw,640,int8pc,0.980267
lfw,641,int8pc,0.977553
lfw,642,int8pc,0.978439
lfw,643,int8pc,0.980023
lfw,644,int8pc,0.972385
lfw,645,int8pc,0.976228
lfw,646,int8pc,0.976568
lfw,647,int8pc,0.976171
lfw,648,int8pc,0.978137
lfw,649,int8pc,0.973451
lfw,650,int8pc,0.978735
lfw,651,int8pc,0.979197
lfw,652,int8pc,0.972226
lfw,653,int8pc,0.979929
lfw,654,int8pc,0.978856
lfw,655,int8pc,0.977004
lfw,656,int8pc,0.980778
lfw,657,int8pc,0.973199
lfw,658,int8pc,0.973671
lfw,659,int8pc,0.976994
lfw,660,int8pc,0.985328
lfw,661,int8pc,0.977250
lfw,662,int8pc,0.983754
lfw,663,int8pc,0.978617
lfw,664,int8pc,0.982950
lfw,665,int8pc,0.980948
lfw,666,int8pc,0.965564
lfw,667,int8pc,0.972517
lfw,668,int8pc,0.984304
lfw,669,int8pc,0.981576
lfw,670,int8pc,0.977499
lfw,671,int8pc,0.968388
lfw,672,int8pc,0.977313
lfw,673,int8pc,0.969981
lfw,674,int8pc,0.974528
lfw,675,int8pc,0.966019
lfw,676,int8pc,0.981698
lfw,677,int8pc,0.982776
lfw,678,int8pc,0.978157
lfw,679,int8pc,0.961112
lfw,680,int8pc,0.969835
lfw,681,int8pc,0.973639
lfw,682,int8pc,0.975337
lfw,683,int8pc,0.974539
lfw,684,int8pc,0.979231
lfw,685,int8pc,0.971585
lfw,686,int8pc,0.975115
lfw,687,int8pc,0.978691
lfw,688,int8pc,0.967337
lfw,689,int8pc,0.979333
lfw,690,int8pc,0.969826
lfw,691,int8pc,0.977393
lfw,692,int8pc,0.969438
lfw,693,int8pc,0.974947
lfw,694,int8pc,0.970995
lfw,695,int8pc,0.959814
lfw,696,int8pc,0.982079
lfw,697,int8pc,0.975511
lfw,698,int8pc,0.983139
lfw,699,int8pc,0.976423
lfw,700,int8pc,0.975089
lfw,701,int8pc,0.962339
lfw,702,int8pc,0.983123
lfw,703,int8pc,0.977489
lfw,704,int8pc,0.976883
lfw,705,int8pc,0.976344
lfw,706,int8pc,0.972548
lfw,707,int8pc,0.979477
lfw,708,int8pc,0.985610
lfw,709,int8pc,0.982691
lfw,710,int8pc,0.984887
lfw,711,int8pc,0.980857
lfw,712,int8pc,0.978988
lfw,713,int8pc,0.971480
lfw,714,int8pc,0.981103
lfw,715,int8pc,0.981780
lfw,716,int8pc,0.953288
lfw,717,int8pc,0.969684
lfw,718,int8pc,0.982911
lfw,719,int8pc,0.966170
lfw,720,int8pc,0.981574
lfw,721,int8pc,0.982112
lfw,722,int8pc,0.978432
lfw,723,int8pc,0.973707
lfw,724,int8pc,0.971576
lfw,725,int8pc,0.969162
lfw,726,int8pc,0.971192
lfw,727,int8pc,0.978029
lfw,728,int8pc,0.981385
lfw,729,int8pc,0.976613
lfw,730,int8pc,0.970974
lfw,731,int8pc,0.980806
lfw,732,int8pc,0.981396
lfw,733,int8pc,0.982471
lfw,734,int8pc,0.984398
lfw,735,int8pc,0.976409
lfw,736,int8pc,0.981146
lfw,737,int8pc,0.979367
lfw,738,int8pc,0.980878
lfw,739,int8pc,0.978445
lfw,740,int8pc,0.975851
lfw,741,int8pc,0.974779
lfw,742,int8pc,0.979460
lfw,743,int8pc,0.975274
lfw,744,int8pc,0.983911
lfw,745,int8pc,0.973022
lfw,746,int8pc,0.983492
lfw,747,int8pc,0.978906
lfw,748,int8pc,0.970822
lfw,749,int8pc,0.979509
lfw,750,int8pc,0.982493
lfw,751,int8pc,0.984692
lfw,752,int8pc,0.976185
lfw,753,int8pc,0.978892
lfw,754,int8pc,0.973952
lfw,755,int8pc,0.980280
lfw,756,int8pc,0.980137
lfw,757,int8pc,0.981855
lfw,758,int8pc,0.973652
lfw,759,int8pc,0.972376
lfw,760,int8pc,0.974192
lfw,761,int8pc,0.978548
lfw,762,int8pc,0.971684
lfw,763,int8pc,0.980902
lfw,764,int8pc,0.982163
lfw,765,int8pc,0.975288
lfw,766,int8pc,0.987104
lfw,767,int8pc,0.970488
lfw,768,int8pc,0.966663
lfw,769,int8pc,0.975366
lfw,770,int8pc,0.970887
lfw,771,int8pc,0.979645
lfw,772,int8pc,0.980677
lfw,773,int8pc,0.973128
lfw,774,int8pc,0.983134
lfw,775,int8pc,0.967827
lfw,776,int8pc,0.964699
lfw,777,int8pc,0.982992
lfw,778,int8pc,0.980344
lfw,779,int8pc,0.982104
lfw,780,int8pc,0.977380
lfw,781,int8pc,0.970536
lfw,782,int8pc,0.968270
lfw,783,int8pc,0.980471
lfw,784,int8pc,0.980768
lfw,785,int8pc,0.975836
lfw,786,int8pc,0.977651
lfw,787,int8pc,0.982629
lfw,788,int8pc,0.983191
lfw,789,int8pc,0.960771
lfw,790,int8pc,0.987518
lfw,791,int8pc,0.966853
lfw,792,int8pc,0.975507
lfw,793,int8pc,0.981144
lfw,794,int8pc,0.986441
lfw,795,int8pc,0.981576
lfw,796,int8pc,0.981871
lfw,797,int8pc,0.974230
lfw,798,int8pc,0.983752
lfw,799,int8pc,0.978130
lfw,800,int8pc,0.975513
lfw,801,int8pc,0.970124
lfw,802,int8pc,0.972512
lfw,803,int8pc,0.973001
lfw,804,int8pc,0.980031
lfw,805,int8pc,0.974985
lfw,806,int8pc,0.983855
lfw,807,int8pc,0.971243
lfw,808,int8pc,0.979468
lfw,809,int8pc,0.972549
lfw,810,int8pc,0.963828
lfw,811,int8pc,0.973437
lfw,812,int8pc,0.967066
lfw,813,int8pc,0.966973
lfw,814,int8pc,0.982483
lfw,815,int8pc,0.971774
lfw,816,int8pc,0.978012
lfw,817,int8pc,0.977950
lfw,818,int8pc,0.974058
lfw,819,int8pc,0.976386
lfw,820,int8pc,0.978861
lfw,821,int8pc,0.971178
lfw,822,int8pc,0.979225
lfw,823,int8pc,0.979823
lfw,824,int8pc,0.974668
lfw,825,int8pc,0.975601
lfw,826,int8pc,0.980622
lfw,827,int8pc,0.974282
lfw,828,int8pc,0.977979
lfw,829,int8pc,0.978981
lfw,830,int8pc,0.976393
lfw,831,int8pc,0.971449
lfw,832,int8pc,0.978546
lfw,833,int8pc,0.979423
lfw,834,int8pc,0.984699
lfw,835,int8pc,0.961044
lfw,836,int8pc,0.973772
lfw,837,int8pc,0.970594
lfw,838,int8pc,0.975069
lfw,839,int8pc,0.980364
lfw,840,int8pc,0.981730
lfw,841,int8pc,0.978686
lfw,842,int8pc,0.976718
lfw,843,int8pc,0.978402
lfw,844,int8pc,0.976218
lfw,845,int8pc,0.970346
lfw,846,int8pc,0.975031
lfw,847,int8pc,0.977295
lfw,848,int8pc,0.956465
lfw,849,int8pc,0.966175
lfw,850,int8pc,0.972870
lfw,851,int8pc,0.977192
lfw,852,int8pc,0.979309
lfw,853,int8pc,0.976515
lfw,854,int8pc,0.979593
lfw,855,int8pc,0.981362
lfw,856,int8pc,0.975387
lfw,857,int8pc,0.976981
lfw,858,int8pc,0.966949
lfw,859,int8pc,0.981269
lfw,860,int8pc,0.966010
lfw,861,int8pc,0.974743
lfw,862,int8pc,0.969243
lfw,863,int8pc,0.973228
lfw,864,int8pc,0.969427
lfw,865,int8pc,0.970576
lfw,866,int8pc,0.978944
lfw,867,int8pc,0.979297
lfw,868,int8pc,0.975663
lfw,869,int8pc,0.975779
lfw,870,int8pc,0.968447
lfw,871,int8pc,0.975269
lfw,872,int8pc,0.980226
lfw,873,int8pc,0.970989
lfw,874,int8pc,0.979820
lfw,875,int8pc,0.962198
lfw,876,int8pc,0.968605
lfw,877,int8pc,0.983487
lfw,878,int8pc,0.978153
lfw,879,int8pc,0.970832
lfw,880,int8pc,0.980598
lfw,881,int8pc,0.967482
lfw,882,int8pc,0.985478
lfw,883,int8pc,0.981115
lfw,884,int8pc,0.983815
lfw,885,int8pc,0.967185
lfw,886,int8pc,0.979689
lfw,887,int8pc,0.975109
lfw,888,int8pc,0.982539
lfw,889,int8pc,0.982515
lfw,890,int8pc,0.969572
lfw,891,int8pc,0.973723
lfw,892,int8pc,0.967398
lfw,893,int8pc,0.977676
lfw,894,int8pc,0.974806
lfw,895,int8pc,0.967677
lfw,896,int8pc,0.974117
lfw,897,int8pc,0.969998
lfw,898,int8pc,0.967603
lfw,899,int8pc,0.964233
lfw,900,int8pc,0.978097
lfw,901,int8pc,0.963710
lfw,902,int8pc,0.958114
lfw,903,int8pc,0.960321
lfw,904,int8pc,0.984951
lfw,905,int8pc,0.980992
lfw,906,int8pc,0.964987
lfw,907,int8pc,0.983147
lfw,908,int8pc,0.967130
lfw,909,int8pc,0.976797
lfw,910,int8pc,0.959736
lfw,911,int8pc,0.975866
lfw,912,int8pc,0.972326
lfw,913,int8pc,0.979730
lfw,914,int8pc,0.978079
lfw,915,int8pc,0.981466
lfw,916,int8pc,0.984752
lfw,917,int8pc,0.977551
lfw,918,int8pc,0.979155
lfw,919,int8pc,0.967775
lfw,920,int8pc,0.980910
lfw,921,int8pc,0.986605
lfw,922,int8pc,0.966825
lfw,923,int8pc,0.986149
lfw,924,int8pc,0.977120
lfw,925,int8pc,0.979290
lfw,926,int8pc,0.984633
lfw,927,int8pc,0.971271
lfw,928,int8pc,0.977181
lfw,929,int8pc,0.977266
lfw,930,int8pc,0.983238
lfw,931,int8pc,0.973741
lfw,932,int8pc,0.974685
lfw,933,int8pc,0.968111
lfw,934,int8pc,0.961922
lfw,935,int8pc,0.965033
lfw,936,int8pc,0.971358
lfw,937,int8pc,0.978135
lfw,938,int8pc,0.973763
lfw,939,int8pc,0.965258
lfw,940,int8pc,0.975396
lfw,941,int8pc,0.983795
lfw,942,int8pc,0.969101
lfw,943,int8pc,0.977410
lfw,944,int8pc,0.975854
lfw,945,int8pc,0.975234
lfw,946,int8pc,0.969319
lfw,947,int8pc,0.980573
lfw,948,int8pc,0.983000
lfw,949,int8pc,0.981947
lfw,950,int8pc,0.980745
lfw,951,int8pc,0.973846
lfw,952,int8pc,0.976547
lfw,953,int8pc,0.976030
lfw,954,int8pc,0.974952
lfw,955,int8pc,0.976418
lfw,956,int8pc,0.950688
lfw,957,int8pc,0.958755
lfw,958,int8pc,0.975885
lfw,959,int8pc,0.975044
lfw,960,int8pc,0.975437
lfw,961,int8pc,0.966177
lfw,962,int8pc,0.981427
lfw,963,int8pc,0.967422
lfw,964,int8pc,0.979106
lfw,965,int8pc,0.979462
lfw,966,int8pc,0.970640
lfw,967,int8pc,0.975206
lfw,968,int8pc,0.980260
lfw,969,int8pc,0.978014
lfw,970,int8pc,0.971328
lfw,971,int8pc,0.977478
lfw,972,int8pc,0.982673
lfw,973,int8pc,0.987007
lfw,974,int8pc,0.974146
lfw,975,int8pc,0.971914
lfw,976,int8pc,0.970756
lfw,977,int8pc,0.969636
lfw,978,int8pc,0.975068
lfw,979,int8pc,0.971727
lfw,980,int8pc,0.968344
lfw,981,int8pc,0.974553
lfw,982,int8pc,0.978826
lfw,983,int8pc,0.973776
lfw,984,int8pc,0.963822
lfw,985,int8pc,0.971170
lfw,986,int8pc,0.971798
lfw,987,int8pc,0.969894
lfw,988,int8pc,0.966968
lfw,989,int8pc,0.962452
lfw,990,int8pc,0.973613
lfw,991,int8pc,0.980005
lfw,992,int8pc,0.985239
lfw,993,int8pc,0.969333
lfw,994,int8pc,0.966096
lfw,995,int8pc,0.973786
lfw,996,int8pc,0.973972
lfw,997,int8pc,0.977176
lfw,998,int8pc,0.974734
lfw,999,int8pc,0.979906
lfw,1000,int8pc,0.970949
lfw,1001,int8pc,0.972128
lfw,1002,int8pc,0.964877
lfw,1003,int8pc,0.975568
lfw,1004,int8pc,0.975811
lfw,1005,int8pc,0.975843
lfw,1006,int8pc,0.974987
lfw,1007,int8pc,0.958270
lfw,1008,int8pc,0.974642
lfw,1009,int8pc,0.982500
lfw,1010,int8pc,0.983469
lfw,1011,int8pc,0.983670
lfw,1012,int8pc,0.981699
lfw,1013,int8pc,0.979270
lfw,1014,int8pc,0.969820
lfw,1015,int8pc,0.971571
lfw,1016,int8pc,0.976038
lfw,1017,int8pc,0.978426
lfw,1018,int8pc,0.976649
lfw,1019,int8pc,0.976678
lfw,1020,int8pc,0.977494
lfw,1021,int8pc,0.982310
lfw,1022,int8pc,0.975681
lfw,1023,int8pc,0.981537
lfw,1024,int8pc,0.964322
lfw,1025,int8pc,0.980764
lfw,1026,int8pc,0.980700
lfw,1027,int8pc,0.970437
lfw,1028,int8pc,0.971849
lfw,1029,int8pc,0.984301
lfw,1030,int8pc,0.963965
lfw,1031,int8pc,0.978665
lfw,1032,int8pc,0.980488
lfw,1033,int8pc,0.963792
lfw,1034,int8pc,0.976644
lfw,1035,int8pc,0.975932
lfw,1036,int8pc,0.981145
lfw,1037,int8pc,0.984157
lfw,1038,int8pc,0.979426
lfw,1039,int8pc,0.982857
lfw,1040,int8pc,0.982688
lfw,1041,int8pc,0.980148
lfw,1042,int8pc,0.979595
lfw,1043,int8pc,0.982737
lfw,1044,int8pc,0.986543
lfw,1045,int8pc,0.980229
lfw,1046,int8pc,0.987176
lfw,1047,int8pc,0.980265
lfw,1048,int8pc,0.980326
lfw,1049,int8pc,0.963217
lfw,1050,int8pc,0.975809
lfw,1051,int8pc,0.976570
lfw,1052,int8pc,0.982669
lfw,1053,int8pc,0.982194
lfw,1054,int8pc,0.982495
lfw,1055,int8pc,0.983019
lfw,1056,int8pc,0.980383
lfw,1057,int8pc,0.972912
lfw,1058,int8pc,0.972283
lfw,1059,int8pc,0.980253
lfw,1060,int8pc,0.979335
lfw,1061,int8pc,0.980233
lfw,1062,int8pc,0.976853
lfw,1063,int8pc,0.981488
lfw,1064,int8pc,0.976370
lfw,1065,int8pc,0.982060
lfw,1066,int8pc,0.967239
lfw,1067,int8pc,0.967488
lfw,1068,int8pc,0.976925
lfw,1069,int8pc,0.980810
lfw,1070,int8pc,0.976919
lfw,1071,int8pc,0.980842
lfw,1072,int8pc,0.977738
lfw,1073,int8pc,0.978306
lfw,1074,int8pc,0.976000
lfw,1075,int8pc,0.967562
lfw,1076,int8pc,0.970838
lfw,1077,int8pc,0.977666
lfw,1078,int8pc,0.978074
lfw,1079,int8pc,0.980234
lfw,1080,int8pc,0.970381
lfw,1081,int8pc,0.964992
lfw,1082,int8pc,0.971460
lfw,1083,int8pc,0.981779
lfw,1084,int8pc,0.982240
lfw,1085,int8pc,0.968489
lfw,1086,int8pc,0.970719
lfw,1087,int8pc,0.962958
lfw,1088,int8pc,0.984682
lfw,1089,int8pc,0.969821
lfw,1090,int8pc,0.962579
lfw,1091,int8pc,0.958473
lfw,1092,int8pc,0.959929
lfw,1093,int8pc,0.970160
lfw,1094,int8pc,0.974686
lfw,1095,int8pc,0.982316
lfw,1096,int8pc,0.979298
lfw,1097,int8pc,0.984401
lfw,1098,int8pc,0.978938
lfw,1099,int8pc,0.982832
lfw,1100,int8pc,0.967060
lfw,1101,int8pc,0.959628
lfw,1102,int8pc,0.976295
lfw,1103,int8pc,0.976330
lfw,1104,int8pc,0.984318
lfw,1105,int8pc,0.972470
lfw,1106,int8pc,0.964908
lfw,1107,int8pc,0.960373
lfw,1108,int8pc,0.973247
lfw,1109,int8pc,0.972926
lfw,1110,int8pc,0.970810
lfw,1111,int8pc,0.978513
lfw,1112,int8pc,0.977987
lfw,1113,int8pc,0.987858
lfw,1114,int8pc,0.976769
lfw,1115,int8pc,0.969362
lfw,1116,int8pc,0.977787
lfw,1117,int8pc,0.979273
lfw,1118,int8pc,0.969078
lfw,1119,int8pc,0.975626
lfw,1120,int8pc,0.967039
lfw,1121,int8pc,0.963336
lfw,1122,int8pc,0.974301
lfw,1123,int8pc,0.971799
lfw,1124,int8pc,0.972407
lfw,1125,int8pc,0.959581
lfw,1126,int8pc,0.968699
lfw,1127,int8pc,0.976936
lfw,1128,int8pc,0.970944
lfw,1129,int8pc,0.984955
lfw,1130,int8pc,0.966163
lfw,1131,int8pc,0.979962
lfw,1132,int8pc,0.981986
lfw,1133,int8pc,0.970758
lfw,1134,int8pc,0.971663
lfw,1135,int8pc,0.978138
lfw,1136,int8pc,0.974382
lfw,1137,int8pc,0.979149
lfw,1138,int8pc,0.967252
lfw,1139,int8pc,0.986271
lfw,1140,int8pc,0.983380
lfw,1141,int8pc,0.974932
lfw,1142,int8pc,0.978981
lfw,1143,int8pc,0.977976
lfw,1144,int8pc,0.975977
lfw,1145,int8pc,0.977374
lfw,1146,int8pc,0.982113
lfw,1147,int8pc,0.982118
lfw,1148,int8pc,0.972403
lfw,1149,int8pc,0.981537
lfw,1150,int8pc,0.976311
lfw,1151,int8pc,0.979056
lfw,1152,int8pc,0.982536
lfw,1153,int8pc,0.983351
lfw,1154,int8pc,0.979412
lfw,1155,int8pc,0.982042
lfw,1156,int8pc,0.948258
lfw,1157,int8pc,0.983876
lfw,1158,int8pc,0.976719
lfw,1159,int8pc,0.973958
lfw,1160,int8pc,0.973553
lfw,1161,int8pc,0.985113
lfw,1162,int8pc,0.968518
lfw,1163,int8pc,0.977461
lfw,1164,int8pc,0.985672
lfw,1165,int8pc,0.984155
lfw,1166,int8pc,0.973226
lfw,1167,int8pc,0.981141
lfw,1168,int8pc,0.974761
lfw,1169,int8pc,0.976579
lfw,1170,int8pc,0.981494
lfw,1171,int8pc,0.982514
lfw,1172,int8pc,0.969306
lfw,1173,int8pc,0.970543
lfw,1174,int8pc,0.979966
lfw,1175,int8pc,0.974581
lfw,1176,int8pc,0.965527
lfw,1177,int8pc,0.978937
lfw,1178,int8pc,0.951335
lfw,1179,int8pc,0.982426
lfw,1180,int8pc,0.969150
lfw,1181,int8pc,0.978688
lfw,1182,int8pc,0.975703
lfw,1183,int8pc,0.970722
lfw,1184,int8pc,0.981349
lfw,1185,int8pc,0.981981
lfw,1186,int8pc,0.973791
lfw,1187,int8pc,0.971082
lfw,1188,int8pc,0.970356
lfw,1189,int8pc,0.978686
lfw,1190,int8pc,0.972228
lfw,1191,int8pc,0.982584
lfw,1192,int8pc,0.980567
lfw,1193,int8pc,0.982548
lfw,1194,int8pc,0.978293
lfw,1195,int8pc,0.968527
lfw,1196,int8pc,0.981445
lfw,1197,int8pc,0.978628
lfw,1198,int8pc,0.976619
lfw,1199,int8pc,0.978904
lfw,1200,int8pc,0.967324
lfw,1201,int8pc,0.980191
lfw,1202,int8pc,0.965878
lfw,1203,int8pc,0.970203
lfw,1204,int8pc,0.976998
lfw,1205,int8pc,0.980188
lfw,1206,int8pc,0.983192
lfw,1207,int8pc,0.980827
lfw,1208,int8pc,0.981568
lfw,1209,int8pc,0.969991
lfw,1210,int8pc,0.971696
lfw,1211,int8pc,0.981297
lfw,1212,int8pc,0.981793
lfw,1213,int8pc,0.977141
lfw,1214,int8pc,0.978156
lfw,1215,int8pc,0.978419
lfw,1216,int8pc,0.979137
lfw,1217,int8pc,0.975660
lfw,1218,int8pc,0.939461
lfw,1219,int8pc,0.978173
lfw,1220,int8pc,0.985279
lfw,1221,int8pc,0.979532
lfw,1222,int8pc,0.975817
lfw,1223,int8pc,0.980014
lfw,1224,int8pc,0.981441
lfw,1225,int8pc,0.968902
lfw,1226,int8pc,0.968807
lfw,1227,int8pc,0.982915
lfw,1228,int8pc,0.986825
lfw,1229,int8pc,0.986344
lfw,1230,int8pc,0.968100
lfw,1231,int8pc,0.977310
lfw,1232,int8pc,0.971756
lfw,1233,int8pc,0.964138
lfw,1234,int8pc,0.978799
lfw,1235,int8pc,0.968162
lfw,1236,int8pc,0.984736
lfw,1237,int8pc,0.981813
lfw,1238,int8pc,0.969450
lfw,1239,int8pc,0.980516
lfw,1240,int8pc,0.985665
lfw,1241,int8pc,0.976272
lfw,1242,int8pc,0.966718
lfw,1243,int8pc,0.964415
lfw,1244,int8pc,0.981880
lfw,1245,int8pc,0.974654
lfw,1246,int8pc,0.973819
lfw,1247,int8pc,0.980412
lfw,1248,int8pc,0.957858
lfw,1249,int8pc,0.968540
lfw,1250,int8pc,0.979649
lfw,1251,int8pc,0.969572
lfw,1252,int8pc,0.983897
lfw,1253,int8pc,0.977612
lfw,1254,int8pc,0.981551
lfw,1255,int8pc,0.975924
lfw,1256,int8pc,0.977928
lfw,1257,int8pc,0.978258
lfw,1258,int8pc,0.973620
lfw,1259,int8pc,0.979422
lfw,1260,int8pc,0.977148
lfw,1261,int8pc,0.975154
lfw,1262,int8pc,0.973900
lfw,1263,int8pc,0.976790
lfw,1264,int8pc,0.967857
lfw,1265,int8pc,0.970991
lfw,1266,int8pc,0.984238
lfw,1267,int8pc,0.968928
lfw,1268,int8pc,0.956568
lfw,1269,int8pc,0.972740
lfw,1270,int8pc,0.962299
lfw,1271,int8pc,0.977793
lfw,1272,int8pc,0.977383
lfw,1273,int8pc,0.984426
lfw,1274,int8pc,0.971693
lfw,1275,int8pc,0.974562
lfw,1276,int8pc,0.981666
lfw,1277,int8pc,0.971229
lfw,1278,int8pc,0.976482
lfw,1279,int8pc,0.982519
lfw,1280,int8pc,0.974749
lfw,1281,int8pc,0.982714
lfw,1282,int8pc,0.980452
lfw,1283,int8pc,0.975140
lfw,1284,int8pc,0.969263
lfw,1285,int8pc,0.973629
lfw,1286,int8pc,0.982707
lfw,1287,int8pc,0.975932
lfw,1288,int8pc,0.984591
lfw,1289,int8pc,0.982605
lfw,1290,int8pc,0.980943
lfw,1291,int8pc,0.977262
lfw,1292,int8pc,0.977828
lfw,1293,int8pc,0.969167
lfw,1294,int8pc,0.977166
lfw,1295,int8pc,0.984164
lfw,1296,int8pc,0.982067
lfw,1297,int8pc,0.983279
lfw,1298,int8pc,0.976633
lfw,1299,int8pc,0.978648
lfw,1300,int8pc,0.978211
lfw,1301,int8pc,0.974420
lfw,1302,int8pc,0.982726
lfw,1303,int8pc,0.977333
lfw,1304,int8pc,0.973899
lfw,1305,int8pc,0.976072
lfw,1306,int8pc,0.976366
lfw,1307,int8pc,0.966336
lfw,1308,int8pc,0.977824
lfw,1309,int8pc,0.974591
lfw,1310,int8pc,0.974884
lfw,1311,int8pc,0.967697
lfw,1312,int8pc,0.965641
lfw,1313,int8pc,0.968921
lfw,1314,int8pc,0.978901
lfw,1315,int8pc,0.975113
lfw,1316,int8pc,0.966798
lfw,1317,int8pc,0.979299
lfw,1318,int8pc,0.980472
lfw,1319,int8pc,0.978550
lfw,1320,int8pc,0.978984
lfw,1321,int8pc,0.964016
lfw,1322,int8pc,0.967483
lfw,1323,int8pc,0.965445
lfw,1324,int8pc,0.971898
lfw,1325,int8pc,0.969236
lfw,1326,int8pc,0.959516
lfw,1327,int8pc,0.980188
lfw,1328,int8pc,0.973553
lfw,1329,int8pc,0.979573
lfw,1330,int8pc,0.972687
lfw,1331,int8pc,0.976743
lfw,1332,int8pc,0.974543
lfw,1333,int8pc,0.967613
lfw,1334,int8pc,0.977018
lfw,1335,int8pc,0.971319
lfw,1336,int8pc,0.981502
lfw,1337,int8pc,0.974296
lfw,1338,int8pc,0.976537
lfw,1339,int8pc,0.976758
lfw,1340,int8pc,0.977554
lfw,1341,int8pc,0.978220
lfw,1342,int8pc,0.967138
lfw,1343,int8pc,0.974668
lfw,1344,int8pc,0.981071
lfw,1345,int8pc,0.967978
lfw,1346,int8pc,0.967715
lfw,1347,int8pc,0.971788
lfw,1348,int8pc,0.981422
lfw,1349,int8pc,0.964975
lfw,1350,int8pc,0.981555
lfw,1351,int8pc,0.961921
lfw,1352,int8pc,0.967336
lfw,1353,int8pc,0.972177
lfw,1354,int8pc,0.964882
lfw,1355,int8pc,0.974359
lfw,1356,int8pc,0.973258
lfw,1357,int8pc,0.957747
lfw,1358,int8pc,0.965726
lfw,1359,int8pc,0.978355
lfw,1360,int8pc,0.973635
lfw,1361,int8pc,0.971179
lfw,1362,int8pc,0.978994
lfw,1363,int8pc,0.977711
lfw,1364,int8pc,0.968671
lfw,1365,int8pc,0.980297
lfw,1366,int8pc,0.964088
lfw,1367,int8pc,0.974599
lfw,1368,int8pc,0.978895
lfw,1369,int8pc,0.979879
lfw,1370,int8pc,0.975539
lfw,1371,int8pc,0.975649
lfw,1372,int8pc,0.976811
lfw,1373,int8pc,0.983794
lfw,1374,int8pc,0.984459
lfw,1375,int8pc,0.981319
lfw,1376,int8pc,0.977510
lfw,1377,int8pc,0.978671
lfw,1378,int8pc,0.983849
lfw,1379,int8pc,0.977375
lfw,1380,int8pc,0.973606
lfw,1381,int8pc,0.976878
lfw,1382,int8pc,0.967673
lfw,1383,int8pc,0.970590
lfw,1384,int8pc,0.977170
lfw,1385,int8pc,0.976183
lfw,1386,int8pc,0.979505
lfw,1387,int8pc,0.977778
lfw,1388,int8pc,0.970162
lfw,1389,int8pc,0.976036
lfw,1390,int8pc,0.979331
lfw,1391,int8pc,0.982482
lfw,1392,int8pc,0.969086
lfw,1393,int8pc,0.981207
lfw,1394,int8pc,0.970478
lfw,1395,int8pc,0.984043
lfw,1396,int8pc,0.972906
lfw,1397,int8pc,0.969324
lfw,1398,int8pc,0.977340
lfw,1399,int8pc,0.980689
lfw,1400,int8pc,0.980635
lfw,1401,int8pc,0.975164
lfw,1402,int8pc,0.974541
lfw,1403,int8pc,0.981390
lfw,1404,int8pc,0.983586
lfw,1405,int8pc,0.978223
lfw,1406,int8pc,0.977980
lfw,1407,int8pc,0.981888
lfw,1408,int8pc,0.978762
lfw,1409,int8pc,0.975854
lfw,1410,int8pc,0.981315
lfw,1411,int8pc,0.980035
lfw,1412,int8pc,0.980822
lfw,1413,int8pc,0.981738
lfw,1414,int8pc,0.982919
lfw,1415,int8pc,0.966869
lfw,1416,int8pc,0.961869
lfw,1417,int8pc,0.982403
lfw,1418,int8pc,0.977618
lfw,1419,int8pc,0.969055
lfw,1420,int8pc,0.976728
lfw,1421,int8pc,0.978297
lfw,1422,int8pc,0.977042
lfw,1423,int8pc,0.974351
lfw,1424,int8pc,0.959387
lfw,1425,int8pc,0.953518
lfw,1426,int8pc,0.975382
lfw,1427,int8pc,0.971873
lfw,1428,int8pc,0.971570
lfw,1429,int8pc,0.978940
lfw,1430,int8pc,0.977729
lfw,1431,int8pc,0.972789
lfw,1432,int8pc,0.972329
lfw,1433,int8pc,0.960828
lfw,1434,int8pc,0.973393
lfw,1435,int8pc,0.978419
lfw,1436,int8pc,0.967214
lfw,1437,int8pc,0.976412
lfw,1438,int8pc,0.980820
lfw,1439,int8pc,0.966897
lfw,1440,int8pc,0.975910
lfw,1441,int8pc,0.964076
lfw,1442,int8pc,0.968777
lfw,1443,int8pc,0.958284
lfw,1444,int8pc,0.981495
lfw,1445,int8pc,0.976740
lfw,1446,int8pc,0.977195
lfw,1447,int8pc,0.976013
lfw,1448,int8pc,0.984319
lfw,1449,int8pc,0.980157
lfw,1450,int8pc,0.984968
lfw,1451,int8pc,0.977883
lfw,1452,int8pc,0.984049
lfw,1453,int8pc,0.971780
lfw,1454,int8pc,0.980549
lfw,1455,int8pc,0.945160
lfw,1456,int8pc,0.962439
lfw,1457,int8pc,0.970789
lfw,1458,int8pc,0.977189
lfw,1459,int8pc,0.980810
lfw,1460,int8pc,0.984039
lfw,1461,int8pc,0.972163
lfw,1462,int8pc,0.980401
lfw,1463,int8pc,0.983318
lfw,1464,int8pc,0.980332
lfw,1465,int8pc,0.980962
lfw,1466,int8pc,0.973991
lfw,1467,int8pc,0.961108
lfw,1468,int8pc,0.979872
lfw,1469,int8pc,0.986624
lfw,1470,int8pc,0.981710
lfw,1471,int8pc,0.977720
lfw,1472,int8pc,0.974545
lfw,1473,int8pc,0.963302
lfw,1474,int8pc,0.972056
lfw,1475,int8pc,0.967374
lfw,1476,int8pc,0.974680
lfw,1477,int8pc,0.983046
lfw,1478,int8pc,0.973050
lfw,1479,int8pc,0.976875
lfw,1480,int8pc,0.979245
lfw,1481,int8pc,0.979306
lfw,1482,int8pc,0.972026
lfw,1483,int8pc,0.966739
lfw,1484,int8pc,0.982997
lfw,1485,int8pc,0.967754
lfw,1486,int8pc,0.970557
lfw,1487,int8pc,0.974497
lfw,1488,int8pc,0.978400
lfw,1489,int8pc,0.984576
lfw,1490,int8pc,0.984488
lfw,1491,int8pc,0.969209
lfw,1492,int8pc,0.975821
lfw,1493,int8pc,0.951815
lfw,1494,int8pc,0.975517
lfw,1495,int8pc,0.979250
lfw,1496,int8pc,0.970449
lfw,1497,int8pc,0.983202
lfw,1498,int8pc,0.972129
lfw,1499,int8pc,0.984750
lfw,1500,int8pc,0.982014
lfw,1501,int8pc,0.971843
lfw,1502,int8pc,0.971678
lfw,1503,int8pc,0.976796
lfw,1504,int8pc,0.971541
lfw,1505,int8pc,0.979561
lfw,1506,int8pc,0.980347
lfw,1507,int8pc,0.974985
lfw,1508,int8pc,0.974285
lfw,1509,int8pc,0.974109
lfw,1510,int8pc,0.975570
lfw,1511,int8pc,0.980135
lfw,1512,int8pc,0.970179
lfw,1513,int8pc,0.980313
lfw,1514,int8pc,0.969196
lfw,1515,int8pc,0.976834
lfw,1516,int8pc,0.981628
lfw,1517,int8pc,0.982451
lfw,1518,int8pc,0.974999
lfw,1519,int8pc,0.979880
lfw,1520,int8pc,0.974485
lfw,1521,int8pc,0.971973
lfw,1522,int8pc,0.969571
lfw,1523,int8pc,0.983146
lfw,1524,int8pc,0.975677
lfw,1525,int8pc,0.981261
lfw,1526,int8pc,0.970779
lfw,1527,int8pc,0.969159
lfw,1528,int8pc,0.970746
lfw,1529,int8pc,0.944073
lfw,1530,int8pc,0.985532
lfw,1531,int8pc,0.954898
lfw,1532,int8pc,0.979377
lfw,1533,int8pc,0.970970
lfw,1534,int8pc,0.975181
lfw,1535,int8pc,0.980620
lfw,1536,int8pc,0.982394
lfw,1537,int8pc,0.971926
lfw,1538,int8pc,0.977251
lfw,1539,int8pc,0.969566
lfw,1540,int8pc,0.963468
lfw,1541,int8pc,0.985575
lfw,1542,int8pc,0.973270
lfw,1543,int8pc,0.976515
lfw,1544,int8pc,0.971277
lfw,1545,int8pc,0.983942
lfw,1546,int8pc,0.966479
lfw,1547,int8pc,0.978654
lfw,1548,int8pc,0.973985
lfw,1549,int8pc,0.965031
lfw,1550,int8pc,0.972123
lfw,1551,int8pc,0.971104
lfw,1552,int8pc,0.973051
lfw,1553,int8pc,0.973731
lfw,1554,int8pc,0.974190
lfw,1555,int8pc,0.969077
lfw,1556,int8pc,0.979039
lfw,1557,int8pc,0.969346
lfw,1558,int8pc,0.978117
lfw,1559,int8pc,0.968530
lfw,1560,int8pc,0.959853
lfw,1561,int8pc,0.973655
lfw,1562,int8pc,0.969841
lfw,1563,int8pc,0.978652
lfw,1564,int8pc,0.980290
lfw,1565,int8pc,0.975268
lfw,1566,int8pc,0.981655
lfw,1567,int8pc,0.980108
lfw,1568,int8pc,0.980114
lfw,1569,int8pc,0.985338
lfw,1570,int8pc,0.957254
lfw,1571,int8pc,0.947492
lfw,1572,int8pc,0.978040
lfw,1573,int8pc,0.974765
lfw,1574,int8pc,0.983309
lfw,1575,int8pc,0.966875
lfw,1576,int8pc,0.957486
lfw,1577,int8pc,0.953730
lfw,1578,int8pc,0.977609
lfw,1579,int8pc,0.980500
lfw,1580,int8pc,0.969762
lfw,1581,int8pc,0.973298
lfw,1582,int8pc,0.975216
lfw,1583,int8pc,0.973746
lfw,1584,int8pc,0.977700
lfw,1585,int8pc,0.982582
lfw,1586,int8pc,0.980042
lfw,1587,int8pc,0.979437
lfw,1588,int8pc,0.981929
lfw,1589,int8pc,0.980494
lfw,1590,int8pc,0.968954
lfw,1591,int8pc,0.978209
lfw,1592,int8pc,0.971959
lfw,1593,int8pc,0.977930
lfw,1594,int8pc,0.982183
lfw,1595,int8pc,0.984703
lfw,1596,int8pc,0.980832
lfw,1597,int8pc,0.980609
lfw,1598,int8pc,0.966495
lfw,1599,int8pc,0.972522
lfw,1600,int8pc,0.978165
lfw,1601,int8pc,0.970149
lfw,1602,int8pc,0.962900
lfw,1603,int8pc,0.976076
lfw,1604,int8pc,0.978161
lfw,1605,int8pc,0.974463
lfw,1606,int8pc,0.977789
lfw,1607,int8pc,0.974990
lfw,1608,int8pc,0.972496
lfw,1609,int8pc,0.971107
lfw,1610,int8pc,0.967972
lfw,1611,int8pc,0.975111
lfw,1612,int8pc,0.979274
lfw,1613,int8pc,0.980978
lfw,1614,int8pc,0.978624
lfw,1615,int8pc,0.974688
lfw,1616,int8pc,0.973900
lfw,1617,int8pc,0.963898
lfw,1618,int8pc,0.964927
lfw,1619,int8pc,0.987336
lfw,1620,int8pc,0.976812
lfw,1621,int8pc,0.970900
lfw,1622,int8pc,0.981463
lfw,1623,int8pc,0.974994
lfw,1624,int8pc,0.978444
lfw,1625,int8pc,0.973287
lfw,1626,int8pc,0.987195
lfw,1627,int8pc,0.976966
lfw,1628,int8pc,0.978697
lfw,1629,int8pc,0.972781
lfw,1630,int8pc,0.972158
lfw,1631,int8pc,0.974261
lfw,1632,int8pc,0.978184
lfw,1633,int8pc,0.981753
lfw,1634,int8pc,0.969115
lfw,1635,int8pc,0.972070
lfw,1636,int8pc,0.986977
lfw,1637,int8pc,0.969484
lfw,1638,int8pc,0.980105
lfw,1639,int8pc,0.976351
lfw,1640,int8pc,0.972693
lfw,1641,int8pc,0.970400
lfw,1642,int8pc,0.978745
lfw,1643,int8pc,0.980185
lfw,1644,int8pc,0.985205
lfw,1645,int8pc,0.984339
lfw,1646,int8pc,0.975166
lfw,1647,int8pc,0.974825
lfw,1648,int8pc,0.969991
lfw,1649,int8pc,0.973884
lfw,1650,int8pc,0.975052
lfw,1651,int8pc,0.977342
lfw,1652,int8pc,0.974990
lfw,1653,int8pc,0.966550
lfw,1654,int8pc,0.970210
lfw,1655,int8pc,0.981530
lfw,1656,int8pc,0.962035
lfw,1657,int8pc,0.979151
lfw,1658,int8pc,0.960595
lfw,1659,int8pc,0.964181
lfw,1660,int8pc,0.970561
lfw,1661,int8pc,0.976350
lfw,1662,int8pc,0.969892
lfw,1663,int8pc,0.982902
lfw,1664,int8pc,0.986914
lfw,1665,int8pc,0.972354
lfw,1666,int8pc,0.973887
lfw,1667,int8pc,0.982414
lfw,1668,int8pc,0.984627
lfw,1669,int8pc,0.976447
lfw,1670,int8pc,0.979670
lfw,1671,int8pc,0.972591
lfw,1672,int8pc,0.977952
lfw,1673,int8pc,0.977387
lfw,1674,int8pc,0.951701
lfw,1675,int8pc,0.977628
lfw,1676,int8pc,0.980806
lfw,1677,int8pc,0.982004
lfw,1678,int8pc,0.985660
lfw,1679,int8pc,0.982530
lfw,1680,int8pc,0.980758
lfw,1681,int8pc,0.981722
lfw,1682,int8pc,0.980161
lfw,1683,int8pc,0.980354
lfw,1684,int8pc,0.976310
lfw,1685,int8pc,0.974869
lfw,1686,int8pc,0.977529
lfw,1687,int8pc,0.981995
lfw,1688,int8pc,0.980472
lfw,1689,int8pc,0.982972
lfw,1690,int8pc,0.980824
lfw,1691,int8pc,0.975321
lfw,1692,int8pc,0.982994
lfw,1693,int8pc,0.970739
lfw,1694,int8pc,0.975131
lfw,1695,int8pc,0.977566
lfw,1696,int8pc,0.973419
lfw,1697,int8pc,0.954132
lfw,1698,int8pc,0.982192
lfw,1699,int8pc,0.985943
lfw,1700,int8pc,0.982923
lfw,1701,int8pc,0.980401
lfw,1702,int8pc,0.982775
lfw,1703,int8pc,0.977863
lfw,1704,int8pc,0.977551
lfw,1705,int8pc,0.971365
lfw,1706,int8pc,0.983120
lfw,1707,int8pc,0.974635
lfw,1708,int8pc,0.982770
lfw,1709,int8pc,0.985306
lfw,1710,int8pc,0.976326
lfw,1711,int8pc,0.979536
lfw,1712,int8pc,0.975928
lfw,1713,int8pc,0.977456
lfw,1714,int8pc,0.965903
lfw,1715,int8pc,0.977728
lfw,1716,int8pc,0.975164
lfw,1717,int8pc,0.977748
lfw,1718,int8pc,0.977395
lfw,1719,int8pc,0.971596
lfw,1720,int8pc,0.983514
lfw,1721,int8pc,0.986793
lfw,1722,int8pc,0.976051
lfw,1723,int8pc,0.981672
lfw,1724,int8pc,0.976789
lfw,1725,int8pc,0.979569
lfw,1726,int8pc,0.973262
lfw,1727,int8pc,0.969278
lfw,1728,int8pc,0.973921
lfw,1729,int8pc,0.976913
lfw,1730,int8pc,0.970598
lfw,1731,int8pc,0.955263
lfw,1732,int8pc,0.983311
lfw,1733,int8pc,0.966938
lfw,1734,int8pc,0.970429
lfw,1735,int8pc,0.954253
lfw,1736,int8pc,0.977507
lfw,1737,int8pc,0.972622
lfw,1738,int8pc,0.970097
lfw,1739,int8pc,0.971597
lfw,1740,int8pc,0.978527
lfw,1741,int8pc,0.965858
lfw,1742,int8pc,0.979824
lfw,1743,int8pc,0.973537
lfw,1744,int8pc,0.970367
lfw,1745,int8pc,0.964060
lfw,1746,int8pc,0.970123
lfw,1747,int8pc,0.986590
lfw,1748,int8pc,0.975668
lfw,1749,int8pc,0.979475
lfw,1750,int8pc,0.976994
lfw,1751,int8pc,0.971786
lfw,1752,int8pc,0.960553
lfw,1753,int8pc,0.981459
lfw,1754,int8pc,0.982477
lfw,1755,int8pc,0.976089
lfw,1756,int8pc,0.977132
lfw,1757,int8pc,0.974451
lfw,1758,int8pc,0.984177
lfw,1759,int8pc,0.978980
lfw,1760,int8pc,0.966112
lfw,1761,int8pc,0.985199
lfw,1762,int8pc,0.977785
lfw,1763,int8pc,0.976734
lfw,1764,int8pc,0.981593
lfw,1765,int8pc,0.972064
lfw,1766,int8pc,0.977288
lfw,1767,int8pc,0.981889
lfw,1768,int8pc,0.984373
lfw,1769,int8pc,0.969367
lfw,1770,int8pc,0.977703
lfw,1771,int8pc,0.974546
lfw,1772,int8pc,0.979622
lfw,1773,int8pc,0.980832
lfw,1774,int8pc,0.979789
lfw,1775,int8pc,0.976008
lfw,1776,int8pc,0.971345
lfw,1777,int8pc,0.969644
lfw,1778,int8pc,0.975035
lfw,1779,int8pc,0.968372
lfw,1780,int8pc,0.971534
lfw,1781,int8pc,0.982409
lfw,1782,int8pc,0.975844
lfw,1783,int8pc,0.972266
lfw,1784,int8pc,0.983283
lfw,1785,int8pc,0.969154
lfw,1786,int8pc,0.982278
lfw,1787,int8pc,0.961824
lfw,1788,int8pc,0.966414
lfw,1789,int8pc,0.975032
lfw,1790,int8pc,0.972271
lfw,1791,int8pc,0.979163
lfw,1792,int8pc,0.980091
lfw,1793,int8pc,0.974828
lfw,1794,int8pc,0.974868
lfw,1795,int8pc,0.977800
lfw,1796,int8pc,0.979927
lfw,1797,int8pc,0.977608
lfw,1798,int8pc,0.951057
lfw,1799,int8pc,0.979472
lfw,1800,int8pc,0.970590
lfw,1801,int8pc,0.978667
lfw,1802,int8pc,0.978295
lfw,1803,int8pc,0.979092
lfw,1804,int8pc,0.982911
lfw,1805,int8pc,0.972111
lfw,1806,int8pc,0.979729
lfw,1807,int8pc,0.978518
lfw,1808,int8pc,0.980319
lfw,1809,int8pc,0.970645
lfw,1810,int8pc,0.970282
lfw,1811,int8pc,0.980169
lfw,1812,int8pc,0.981145
lfw,1813,int8pc,0.979074
lfw,1814,int8pc,0.981841
lfw,1815,int8pc,0.985091
lfw,1816,int8pc,0.975189
lfw,1817,int8pc,0.983507
lfw,1818,int8pc,0.981448
lfw,1819,int8pc,0.974836
lfw,1820,int8pc,0.974216
lfw,1821,int8pc,0.977127
lfw,1822,int8pc,0.975241
lfw,1823,int8pc,0.965436
lfw,1824,int8pc,0.960391
lfw,1825,int8pc,0.965319
lfw,1826,int8pc,0.977817
lfw,1827,int8pc,0.980733
lfw,1828,int8pc,0.974353
lfw,1829,int8pc,0.967896
lfw,1830,int8pc,0.976544
lfw,1831,int8pc,0.979175
lfw,1832,int8pc,0.954230
lfw,1833,int8pc,0.987130
lfw,1834,int8pc,0.980938
lfw,1835,int8pc,0.980974
lfw,1836,int8pc,0.974930
lfw,1837,int8pc,0.981534
lfw,1838,int8pc,0.980652
lfw,1839,int8pc,0.978614
lfw,1840,int8pc,0.981823
lfw,1841,int8pc,0.985299
lfw,1842,int8pc,0.976297
lfw,1843,int8pc,0.971495
lfw,1844,int8pc,0.974412
lfw,1845,int8pc,0.983895
lfw,1846,int8pc,0.970528
lfw,1847,int8pc,0.981930
lfw,1848,int8pc,0.978911
lfw,1849,int8pc,0.976826
lfw,1850,int8pc,0.974950
lfw,1851,int8pc,0.966692
lfw,1852,int8pc,0.966150
lfw,1853,int8pc,0.980988
lfw,1854,int8pc,0.974352
lfw,1855,int8pc,0.983333
lfw,1856,int8pc,0.980475
lfw,1857,int8pc,0.977620
lfw,1858,int8pc,0.981132
lfw,1859,int8pc,0.977095
lfw,1860,int8pc,0.972672
lfw,1861,int8pc,0.971261
lfw,1862,int8pc,0.969018
lfw,1863,int8pc,0.967593
lfw,1864,int8pc,0.981926
lfw,1865,int8pc,0.970519
lfw,1866,int8pc,0.978291
lfw,1867,int8pc,0.971027
lfw,1868,int8pc,0.971137
lfw,1869,int8pc,0.967738
lfw,1870,int8pc,0.975403
lfw,1871,int8pc,0.980730
lfw,1872,int8pc,0.971003
lfw,1873,int8pc,0.976244
lfw,1874,int8pc,0.974731
lfw,1875,int8pc,0.973138
lfw,1876,int8pc,0.967717
lfw,1877,int8pc,0.972379
lfw,1878,int8pc,0.985662
lfw,1879,int8pc,0.982419
lfw,1880,int8pc,0.967003
lfw,1881,int8pc,0.979355
lfw,1882,int8pc,0.975295
lfw,1883,int8pc,0.977865
lfw,1884,int8pc,0.974017
lfw,1885,int8pc,0.974645
lfw,1886,int8pc,0.978471
lfw,1887,int8pc,0.982705
lfw,1888,int8pc,0.979937
lfw,1889,int8pc,0.964839
lfw,1890,int8pc,0.951415
lfw,1891,int8pc,0.977035
lfw,1892,int8pc,0.976785
lfw,1893,int8pc,0.976067
lfw,1894,int8pc,0.982441
lfw,1895,int8pc,0.978270
lfw,1896,int8pc,0.976923
lfw,1897,int8pc,0.982549
lfw,1898,int8pc,0.973530
lfw,1899,int8pc,0.975918
lfw,1900,int8pc,0.978228
lfw,1901,int8pc,0.978296
lfw,1902,int8pc,0.980908
lfw,1903,int8pc,0.976026
lfw,1904,int8pc,0.985440
lfw,1905,int8pc,0.969283
lfw,1906,int8pc,0.975150
lfw,1907,int8pc,0.976305
lfw,1908,int8pc,0.979771
lfw,1909,int8pc,0.989220
lfw,1910,int8pc,0.961381
lfw,1911,int8pc,0.980206
lfw,1912,int8pc,0.956444
lfw,1913,int8pc,0.969259
lfw,1914,int8pc,0.972070
lfw,1915,int8pc,0.970004
lfw,1916,int8pc,0.980378
lfw,1917,int8pc,0.981750
lfw,1918,int8pc,0.978503
lfw,1919,int8pc,0.978741
lfw,1920,int8pc,0.977710
lfw,1921,int8pc,0.976127
lfw,1922,int8pc,0.979607
lfw,1923,int8pc,0.972976
lfw,1924,int8pc,0.976747
lfw,1925,int8pc,0.972323
lfw,1926,int8pc,0.984288
lfw,1927,int8pc,0.970232
lfw,1928,int8pc,0.986351
lfw,1929,int8pc,0.982755
lfw,1930,int8pc,0.982875
lfw,1931,int8pc,0.963755
lfw,1932,int8pc,0.977089
lfw,1933,int8pc,0.979370
lfw,1934,int8pc,0.969707
lfw,1935,int8pc,0.972517
lfw,1936,int8pc,0.956439
lfw,1937,int8pc,0.979426
lfw,1938,int8pc,0.983079
lfw,1939,int8pc,0.958088
lfw,1940,int8pc,0.965245
lfw,1941,int8pc,0.978426
lfw,1942,int8pc,0.974809
lfw,1943,int8pc,0.980805
lfw,1944,int8pc,0.977200
lfw,1945,int8pc,0.979973
lfw,1946,int8pc,0.976064
lfw,1947,int8pc,0.962126
lfw,1948,int8pc,0.979042
lfw,1949,int8pc,0.969830
lfw,1950,int8pc,0.967147
lfw,1951,int8pc,0.969133
lfw,1952,int8pc,0.974786
lfw,1953,int8pc,0.978471
lfw,1954,int8pc,0.983874
lfw,1955,int8pc,0.979983
lfw,1956,int8pc,0.985941
lfw,1957,int8pc,0.975174
lfw,1958,int8pc,0.976219
lfw,1959,int8pc,0.970136
lfw,1960,int8pc,0.960063
lfw,1961,int8pc,0.965155
lfw,1962,int8pc,0.975811
lfw,1963,int8pc,0.983031
lfw,1964,int8pc,0.978354
lfw,1965,int8pc,0.972845
lfw,1966,int8pc,0.979764
lfw,1967,int8pc,0.977334
lfw,1968,int8pc,0.980365
lfw,1969,int8pc,0.978348
lfw,1970,int8pc,0.981001
lfw,1971,int8pc,0.982977
lfw,1972,int8pc,0.977008
lfw,1973,int8pc,0.973403
lfw,1974,int8pc,0.982326
lfw,1975,int8pc,0.970449
lfw,1976,int8pc,0.967568
lfw,1977,int8pc,0.968689
lfw,1978,int8pc,0.976192
lfw,1979,int8pc,0.981734
lfw,1980,int8pc,0.971090
lfw,1981,int8pc,0.969989
lfw,1982,int8pc,0.977644
lfw,1983,int8pc,0.974711
lfw,1984,int8pc,0.980236
lfw,1985,int8pc,0.962767
lfw,1986,int8pc,0.963435
lfw,1987,int8pc,0.973634
lfw,1988,int8pc,0.962603
lfw,1989,int8pc,0.984883
lfw,1990,int8pc,0.964515
lfw,1991,int8pc,0.971863
lfw,1992,int8pc,0.980618
lfw,1993,int8pc,0.976984
lfw,1994,int8pc,0.974727
lfw,1995,int8pc,0.979714
lfw,1996,int8pc,0.973007
lfw,1997,int8pc,0.979875
lfw,1998,int8pc,0.986042
lfw,1999,int8pc,0.976682
lfw,2000,int8pc,0.982500
lfw,2001,int8pc,0.983898
lfw,2002,int8pc,0.981979
lfw,2003,int8pc,0.967356
lfw,2004,int8pc,0.979211
lfw,2005,int8pc,0.981253
lfw,2006,int8pc,0.981748
lfw,2007,int8pc,0.964874
lfw,2008,int8pc,0.979167
lfw,2009,int8pc,0.983811
lfw,2010,int8pc,0.981521
lfw,2011,int8pc,0.975500
lfw,2012,int8pc,0.972274
lfw,2013,int8pc,0.950107
lfw,2014,int8pc,0.955684
lfw,2015,int8pc,0.973710
lfw,2016,int8pc,0.978173
lfw,2017,int8pc,0.963738
lfw,2018,int8pc,0.978259
lfw,2019,int8pc,0.958848
lfw,2020,int8pc,0.964658
lfw,2021,int8pc,0.967440
lfw,2022,int8pc,0.969925
lfw,2023,int8pc,0.974791
lfw,2024,int8pc,0.969468
lfw,2025,int8pc,0.976626
lfw,2026,int8pc,0.979104
lfw,2027,int8pc,0.979983
lfw,2028,int8pc,0.981248
lfw,2029,int8pc,0.969426
lfw,2030,int8pc,0.977197
lfw,2031,int8pc,0.981682
lfw,2032,int8pc,0.975571
lfw,2033,int8pc,0.951147
lfw,2034,int8pc,0.972425
lfw,2035,int8pc,0.977668
lfw,2036,int8pc,0.973010
lfw,2037,int8pc,0.968695
lfw,2038,int8pc,0.979278
lfw,2039,int8pc,0.971798
lfw,2040,int8pc,0.975588
lfw,2041,int8pc,0.963918
lfw,2042,int8pc,0.972474
lfw,2043,int8pc,0.980563
lfw,2044,int8pc,0.984554
lfw,2045,int8pc,0.979892
lfw,2046,int8pc,0.977218
lfw,2047,int8pc,0.984017
lfw,2048,int8pc,0.986813
lfw,2049,int8pc,0.968579
lfw,2050,int8pc,0.964367
lfw,2051,int8pc,0.967532
lfw,2052,int8pc,0.975675
lfw,2053,int8pc,0.981856
lfw,2054,int8pc,0.973930
lfw,2055,int8pc,0.975394
lfw,2056,int8pc,0.977715
lfw,2057,int8pc,0.980069
lfw,2058,int8pc,0.961048
lfw,2059,int8pc,0.966988
lfw,2060,int8pc,0.980903
lfw,2061,int8pc,0.979065
lfw,2062,int8pc,0.978699
lfw,2063,int8pc,0.983293
lfw,2064,int8pc,0.980544
lfw,2065,int8pc,0.973820
lfw,2066,int8pc,0.970604
lfw,2067,int8pc,0.978221
lfw,2068,int8pc,0.970369
lfw,2069,int8pc,0.966669
lfw,2070,int8pc,0.982102
lfw,2071,int8pc,0.974081
lfw,2072,int8pc,0.974359
lfw,2073,int8pc,0.970648
lfw,2074,int8pc,0.969965
lfw,2075,int8pc,0.981691
lfw,2076,int8pc,0.984580
lfw,2077,int8pc,0.973361
lfw,2078,int8pc,0.977354
lfw,2079,int8pc,0.973857
lfw,2080,int8pc,0.980711
lfw,2081,int8pc,0.981209
lfw,2082,int8pc,0.977421
lfw,2083,int8pc,0.981391
lfw,2084,int8pc,0.977482
lfw,2085,int8pc,0.977205
lfw,2086,int8pc,0.979028
lfw,2087,int8pc,0.983428
lfw,2088,int8pc,0.973404
lfw,2089,int8pc,0.976651
lfw,2090,int8pc,0.985222
lfw,2091,int8pc,0.971745
lfw,2092,int8pc,0.975744
lfw,2093,int8pc,0.982616
lfw,2094,int8pc,0.979067
lfw,2095,int8pc,0.983482
lfw,2096,int8pc,0.962508
lfw,2097,int8pc,0.979394
lfw,2098,int8pc,0.990041
lfw,2099,int8pc,0.980907
lfw,2100,int8pc,0.980343
lfw,2101,int8pc,0.980534
lfw,2102,int8pc,0.971450
lfw,2103,int8pc,0.978851
lfw,2104,int8pc,0.961099
lfw,2105,int8pc,0.973927
lfw,2106,int8pc,0.961026
lfw,2107,int8pc,0.981292
lfw,2108,int8pc,0.984794
lfw,2109,int8pc,0.978628
lfw,2110,int8pc,0.976697
lfw,2111,int8pc,0.981725
lfw,2112,int8pc,0.978760
lfw,2113,int8pc,0.990328
lfw,2114,int8pc,0.978167
lfw,2115,int8pc,0.980226
lfw,2116,int8pc,0.973750
lfw,2117,int8pc,0.972492
lfw,2118,int8pc,0.972990
lfw,2119,int8pc,0.973635
lfw,2120,int8pc,0.984141
lfw,2121,int8pc,0.985418
lfw,2122,int8pc,0.983300
lfw,2123,int8pc,0.978358
lfw,2124,int8pc,0.981092
lfw,2125,int8pc,0.974310
lfw,2126,int8pc,0.979226
lfw,2127,int8pc,0.964668
lfw,2128,int8pc,0.975891
lfw,2129,int8pc,0.978303
lfw,2130,int8pc,0.967207
lfw,2131,int8pc,0.984225
lfw,2132,int8pc,0.977216
lfw,2133,int8pc,0.980005
lfw,2134,int8pc,0.977038
lfw,2135,int8pc,0.978267
lfw,2136,int8pc,0.980621
lfw,2137,int8pc,0.967152
lfw,2138,int8pc,0.972172
lfw,2139,int8pc,0.978480
lfw,2140,int8pc,0.982119
lfw,2141,int8pc,0.969937
lfw,2142,int8pc,0.976798
lfw,2143,int8pc,0.969930
lfw,2144,int8pc,0.979191
lfw,2145,int8pc,0.982903
lfw,2146,int8pc,0.980422
lfw,2147,int8pc,0.976575
lfw,2148,int8pc,0.962466
lfw,2149,int8pc,0.973126
lfw,2150,int8pc,0.980076
lfw,2151,int8pc,0.969395
lfw,2152,int8pc,0.975692
lfw,2153,int8pc,0.982295
lfw,2154,int8pc,0.973091
lfw,2155,int8pc,0.976260
lfw,2156,int8pc,0.982009
lfw,2157,int8pc,0.970293
lfw,2158,int8pc,0.981099
lfw,2159,int8pc,0.976656
lfw,2160,int8pc,0.958486
lfw,2161,int8pc,0.977881
lfw,2162,int8pc,0.980404
lfw,2163,int8pc,0.975869
lfw,2164,int8pc,0.976427
lfw,2165,int8pc,0.970406
lfw,2166,int8pc,0.971450
lfw,2167,int8pc,0.980821
lfw,2168,int8pc,0.976088
lfw,2169,int8pc,0.976097
lfw,2170,int8pc,0.978201
lfw,2171,int8pc,0.964979
lfw,2172,int8pc,0.975771
lfw,2173,int8pc,0.974929
lfw,2174,int8pc,0.976941
lfw,2175,int8pc,0.983511
lfw,2176,int8pc,0.978527
lfw,2177,int8pc,0.980090
lfw,2178,int8pc,0.984159
lfw,2179,int8pc,0.972963
lfw,2180,int8pc,0.982916
lfw,2181,int8pc,0.976333
lfw,2182,int8pc,0.973712
lfw,2183,int8pc,0.963349
lfw,2184,int8pc,0.968965
lfw,2185,int8pc,0.968846
lfw,2186,int8pc,0.964916
lfw,2187,int8pc,0.983100
lfw,2188,int8pc,0.979206
lfw,2189,int8pc,0.983737
lfw,2190,int8pc,0.966358
lfw,2191,int8pc,0.975331
lfw,2192,int8pc,0.976510
lfw,2193,int8pc,0.982870
lfw,2194,int8pc,0.972728
lfw,2195,int8pc,0.971843
lfw,2196,int8pc,0.983538
lfw,2197,int8pc,0.978205
lfw,2198,int8pc,0.973780
lfw,2199,int8pc,0.969932
lfw,2200,int8pc,0.959883
lfw,2201,int8pc,0.982051
lfw,2202,int8pc,0.977400
lfw,2203,int8pc,0.968489
lfw,2204,int8pc,0.966990
lfw,2205,int8pc,0.983643
lfw,2206,int8pc,0.973266
lfw,2207,int8pc,0.978266
lfw,2208,int8pc,0.978161
lfw,2209,int8pc,0.985654
lfw,2210,int8pc,0.969698
lfw,2211,int8pc,0.979545
lfw,2212,int8pc,0.974277
lfw,2213,int8pc,0.966851
lfw,2214,int8pc,0.977335
lfw,2215,int8pc,0.986187
lfw,2216,int8pc,0.972446
lfw,2217,int8pc,0.975575
lfw,2218,int8pc,0.977927
lfw,2219,int8pc,0.980745
lfw,2220,int8pc,0.979895
lfw,2221,int8pc,0.970632
lfw,2222,int8pc,0.975031
lfw,2223,int8pc,0.969719
lfw,2224,int8pc,0.984278
lfw,2225,int8pc,0.971120
lfw,2226,int8pc,0.976776
lfw,2227,int8pc,0.977096
lfw,2228,int8pc,0.963744
lfw,2229,int8pc,0.972919
lfw,2230,int8pc,0.978387
lfw,2231,int8pc,0.984854
lfw,2232,int8pc,0.982158
lfw,2233,int8pc,0.980745
lfw,2234,int8pc,0.975827
lfw,2235,int8pc,0.972541
lfw,2236,int8pc,0.979612
lfw,2237,int8pc,0.983953
lfw,2238,int8pc,0.973708
lfw,2239,int8pc,0.987051
lfw,2240,int8pc,0.981559
lfw,2241,int8pc,0.970647
lfw,2242,int8pc,0.985352
lfw,2243,int8pc,0.982132
lfw,2244,int8pc,0.965346
lfw,2245,int8pc,0.980984
lfw,2246,int8pc,0.973650
lfw,2247,int8pc,0.970453
lfw,2248,int8pc,0.980273
lfw,2249,int8pc,0.982664
lfw,2250,int8pc,0.982631
lfw,2251,int8pc,0.970039
lfw,2252,int8pc,0.979508
lfw,2253,int8pc,0.980254
lfw,2254,int8pc,0.980481
lfw,2255,int8pc,0.981621
lfw,2256,int8pc,0.987323
lfw,2257,int8pc,0.985508
lfw,2258,int8pc,0.972403
lfw,2259,int8pc,0.978103
lfw,2260,int8pc,0.981550
lfw,2261,int8pc,0.974463
lfw,2262,int8pc,0.982668
lfw,2263,int8pc,0.981852
lfw,2264,int8pc,0.976459
lfw,2265,int8pc,0.969582
lfw,2266,int8pc,0.971925
lfw,2267,int8pc,0.974936
lfw,2268,int8pc,0.981327
lfw,2269,int8pc,0.967496
lfw,2270,int8pc,0.980657
lfw,2271,int8pc,0.973953
lfw,2272,int8pc,0.983374
lfw,2273,int8pc,0.983343
lfw,2274,int8pc,0.978666
lfw,2275,int8pc,0.980277
lfw,2276,int8pc,0.974810
lfw,2277,int8pc,0.976215
lfw,2278,int8pc,0.969864
lfw,2279,int8pc,0.979708
lfw,2280,int8pc,0.975591
lfw,2281,int8pc,0.984811
lfw,2282,int8pc,0.983532
lfw,2283,int8pc,0.980272
lfw,2284,int8pc,0.979844
lfw,2285,int8pc,0.971927
lfw,2286,int8pc,0.975248
lfw,2287,int8pc,0.982599
lfw,2288,int8pc,0.981339
lfw,2289,int8pc,0.973124
lfw,2290,int8pc,0.980559
lfw,2291,int8pc,0.985863
lfw,2292,int8pc,0.980314
lfw,2293,int8pc,0.966441
lfw,2294,int8pc,0.954813
lfw,2295,int8pc,0.963821
lfw,2296,int8pc,0.986884
lfw,2297,int8pc,0.971565
lfw,2298,int8pc,0.970980
lfw,2299,int8pc,0.975117
lfw,2300,int8pc,0.974099
lfw,2301,int8pc,0.986071
lfw,2302,int8pc,0.980274
lfw,2303,int8pc,0.972303
lfw,2304,int8pc,0.974049
lfw,2305,int8pc,0.946287
lfw,2306,int8pc,0.963597
lfw,2307,int8pc,0.985911
lfw,2308,int8pc,0.969186
lfw,2309,int8pc,0.982727
lfw,2310,int8pc,0.974613
lfw,2311,int8pc,0.977267
lfw,2312,int8pc,0.979261
lfw,2313,int8pc,0.982625
lfw,2314,int8pc,0.982207
lfw,2315,int8pc,0.970221
lfw,2316,int8pc,0.970433
lfw,2317,int8pc,0.973565
lfw,2318,int8pc,0.983241
lfw,2319,int8pc,0.972839
lfw,2320,int8pc,0.977135
lfw,2321,int8pc,0.975378
lfw,2322,int8pc,0.977815
lfw,2323,int8pc,0.936663
lfw,2324,int8pc,0.975342
lfw,2325,int8pc,0.981201
lfw,2326,int8pc,0.976224
lfw,2327,int8pc,0.973525
lfw,2328,int8pc,0.976991
lfw,2329,int8pc,0.982641
lfw,2330,int8pc,0.983491
lfw,2331,int8pc,0.979851
lfw,2332,int8pc,0.974015
lfw,2333,int8pc,0.986858
lfw,2334,int8pc,0.985495
lfw,2335,int8pc,0.968896
lfw,2336,int8pc,0.981497
lfw,2337,int8pc,0.967974
lfw,2338,int8pc,0.978632
lfw,2339,int8pc,0.974169
lfw,2340,int8pc,0.983821
lfw,2341,int8pc,0.974360
lfw,2342,int8pc,0.962163
lfw,2343,int8pc,0.974910
lfw,2344,int8pc,0.975264
lfw,2345,int8pc,0.979965
lfw,2346,int8pc,0.973388
lfw,2347,int8pc,0.969698
lfw,2348,int8pc,0.981672
lfw,2349,int8pc,0.979427
lfw,2350,int8pc,0.974204
lfw,2351,int8pc,0.976002
lfw,2352,int8pc,0.972491
lfw,2353,int8pc,0.978557
lfw,2354,int8pc,0.973265
lfw,2355,int8pc,0.972240
lfw,2356,int8pc,0.976493
lfw,2357,int8pc,0.980527
lfw,2358,int8pc,0.975953
lfw,2359,int8pc,0.972357
lfw,2360,int8pc,0.983115
lfw,2361,int8pc,0.967570
lfw,2362,int8pc,0.967206
lfw,2363,int8pc,0.974666
lfw,2364,int8pc,0.974092
lfw,2365,int8pc,0.977911
lfw,2366,int8pc,0.979762
lfw,2367,int8pc,0.978493
lfw,2368,int8pc,0.983263
lfw,2369,int8pc,0.985827
lfw,2370,int8pc,0.985577
lfw,2371,int8pc,0.963163
lfw,2372,int8pc,0.981226
lfw,2373,int8pc,0.970018
lfw,2374,int8pc,0.979635
lfw,2375,int8pc,0.983424
lfw,2376,int8pc,0.982239
lfw,2377,int8pc,0.963445
lfw,2378,int8pc,0.949633
lfw,2379,int8pc,0.971291
lfw,2380,int8pc,0.967543
lfw,2381,int8pc,0.974903
lfw,2382,int8pc,0.981731
lfw,2383,int8pc,0.979302
lfw,2384,int8pc,0.981723
lfw,2385,int8pc,0.973205
lfw,2386,int8pc,0.977463
lfw,2387,int8pc,0.981041
lfw,2388,int8pc,0.984712
lfw,2389,int8pc,0.982516
lfw,2390,int8pc,0.980865
lfw,2391,int8pc,0.980803
lfw,2392,int8pc,0.983481
lfw,2393,int8pc,0.986073
lfw,2394,int8pc,0.984835
lfw,2395,int8pc,0.963565
lfw,2396,int8pc,0.980804
lfw,2397,int8pc,0.980456
lfw,2398,int8pc,0.970179
lfw,2399,int8pc,0.982246
lfw,2400,int8pc,0.982267
lfw,2401,int8pc,0.977525
lfw,2402,int8pc,0.981494
lfw,2403,int8pc,0.971511
lfw,2404,int8pc,0.970769
lfw,2405,int8pc,0.986203
lfw,2406,int8pc,0.980370
lfw,2407,int8pc,0.964109
lfw,2408,int8pc,0.980174
lfw,2409,int8pc,0.965882
lfw,2410,int8pc,0.975156
lfw,2411,int8pc,0.963863
lfw,2412,int8pc,0.979889
lfw,2413,int8pc,0.978898
lfw,2414,int8pc,0.980631
lfw,2415,int8pc,0.957048
lfw,2416,int8pc,0.958628
lfw,2417,int8pc,0.986948
lfw,2418,int8pc,0.970279
lfw,2419,int8pc,0.974807
lfw,2420,int8pc,0.977865
lfw,2421,int8pc,0.986120
lfw,2422,int8pc,0.981805
lfw,2423,int8pc,0.973695
lfw,2424,int8pc,0.970699
lfw,2425,int8pc,0.976643
lfw,2426,int8pc,0.978514
lfw,2427,int8pc,0.959401
lfw,2428,int8pc,0.979855
lfw,2429,int8pc,0.977260
lfw,2430,int8pc,0.970363
lfw,2431,int8pc,0.982902
lfw,2432,int8pc,0.975276
lfw,2433,int8pc,0.971789
lfw,2434,int8pc,0.970791
lfw,2435,int8pc,0.974777
lfw,2436,int8pc,0.962330
lfw,2437,int8pc,0.979909
lfw,2438,int8pc,0.974167
lfw,2439,int8pc,0.979715
lfw,2440,int8pc,0.976537
lfw,2441,int8pc,0.969960
lfw,2442,int8pc,0.970871
lfw,2443,int8pc,0.982658
lfw,2444,int8pc,0.982058
lfw,2445,int8pc,0.983066
lfw,2446,int8pc,0.983445
lfw,2447,int8pc,0.984258
lfw,2448,int8pc,0.987839
lfw,2449,int8pc,0.987851
lfw,2450,int8pc,0.985499
lfw,2451,int8pc,0.976416
lfw,2452,int8pc,0.987977
lfw,2453,int8pc,0.961749
lfw,2454,int8pc,0.972277
lfw,2455,int8pc,0.958246
lfw,2456,int8pc,0.987545
lfw,2457,int8pc,0.975007
lfw,2458,int8pc,0.981998
lfw,2459,int8pc,0.978915
lfw,2460,int8pc,0.967753
lfw,2461,int8pc,0.983318
lfw,2462,int8pc,0.983343
lfw,2463,int8pc,0.959324
lfw,2464,int8pc,0.963760
lfw,2465,int8pc,0.961165
lfw,2466,int8pc,0.974651
lfw,2467,int8pc,0.970100
lfw,2468,int8pc,0.971009
lfw,2469,int8pc,0.980705
lfw,2470,int8pc,0.984991
lfw,2471,int8pc,0.985524
lfw,2472,int8pc,0.973445
lfw,2473,int8pc,0.974300
lfw,2474,int8pc,0.985583
lfw,2475,int8pc,0.963451
lfw,2476,int8pc,0.962692
lfw,2477,int8pc,0.970114
lfw,2478,int8pc,0.967638
lfw,2479,int8pc,0.983009
lfw,2480,int8pc,0.979921
lfw,2481,int8pc,0.972902
lfw,2482,int8pc,0.948829
lfw,2483,int8pc,0.979858
lfw,2484,int8pc,0.984896
lfw,2485,int8pc,0.978463
lfw,2486,int8pc,0.974254
lfw,2487,int8pc,0.980266
lfw,2488,int8pc,0.982594
lfw,2489,int8pc,0.979860
lfw,2490,int8pc,0.978901
lfw,2491,int8pc,0.981789
lfw,2492,int8pc,0.967376
lfw,2493,int8pc,0.972093
lfw,2494,int8pc,0.977071
lfw,2495,int8pc,0.980717
lfw,2496,int8pc,0.968521
lfw,2497,int8pc,0.974804
lfw,2498,int8pc,0.980950
lfw,2499,int8pc,0.976187
lfw,2500,int8pc,0.976743
lfw,2501,int8pc,0.975889
lfw,2502,int8pc,0.980900
lfw,2503,int8pc,0.962481
lfw,2504,int8pc,0.956897
lfw,2505,int8pc,0.983957
lfw,2506,int8pc,0.969147
lfw,2507,int8pc,0.977596
lfw,2508,int8pc,0.975400
lfw,2509,int8pc,0.957029
lfw,2510,int8pc,0.978644
lfw,2511,int8pc,0.969678
lfw,2512,int8pc,0.982078
lfw,2513,int8pc,0.975849
lfw,2514,int8pc,0.973482
lfw,2515,int8pc,0.978980
lfw,2516,int8pc,0.972457
lfw,2517,int8pc,0.957185
lfw,2518,int8pc,0.976494
lfw,2519,int8pc,0.986883
lfw,2520,int8pc,0.976744
lfw,2521,int8pc,0.977328
lfw,2522,int8pc,0.976877
lfw,2523,int8pc,0.978995
lfw,2524,int8pc,0.982519
lfw,2525,int8pc,0.981187
lfw,2526,int8pc,0.970459
lfw,2527,int8pc,0.978550
lfw,2528,int8pc,0.979879
lfw,2529,int8pc,0.976622
lfw,2530,int8pc,0.952817
lfw,2531,int8pc,0.978931
lfw,2532,int8pc,0.975248
lfw,2533,int8pc,0.981911
lfw,2534,int8pc,0.983363
lfw,2535,int8pc,0.981860
lfw,2536,int8pc,0.984886
lfw,2537,int8pc,0.971400
lfw,2538,int8pc,0.984314
lfw,2539,int8pc,0.969931
lfw,2540,int8pc,0.981721
lfw,2541,int8pc,0.972698
lfw,2542,int8pc,0.973714
lfw,2543,int8pc,0.973334
lfw,2544,int8pc,0.971840
lfw,2545,int8pc,0.976802
lfw,2546,int8pc,0.980759
lfw,2547,int8pc,0.979581
lfw,2548,int8pc,0.965306
lfw,2549,int8pc,0.971112
lfw,2550,int8pc,0.967271
lfw,2551,int8pc,0.971470
lfw,2552,int8pc,0.977055
lfw,2553,int8pc,0.976736
lfw,2554,int8pc,0.970562
lfw,2555,int8pc,0.981915
lfw,2556,int8pc,0.976580
lfw,2557,int8pc,0.971711
lfw,2558,int8pc,0.982617
lfw,2559,int8pc,0.978607
lfw,2560,int8pc,0.972141
lfw,2561,int8pc,0.974568
lfw,2562,int8pc,0.975749
lfw,2563,int8pc,0.967722
lfw,2564,int8pc,0.969988
lfw,2565,int8pc,0.975082
lfw,2566,int8pc,0.970558
lfw,2567,int8pc,0.977245
lfw,2568,int8pc,0.964144
lfw,2569,int8pc,0.978237
lfw,2570,int8pc,0.987639
lfw,2571,int8pc,0.977411
lfw,2572,int8pc,0.981946
lfw,2573,int8pc,0.988212
lfw,2574,int8pc,0.988506
lfw,2575,int8pc,0.986050
lfw,2576,int8pc,0.965098
lfw,2577,int8pc,0.977736
lfw,2578,int8pc,0.969286
lfw,2579,int8pc,0.981331
lfw,2580,int8pc,0.974656
lfw,2581,int8pc,0.972405
lfw,2582,int8pc,0.975371
lfw,2583,int8pc,0.967963
lfw,2584,int8pc,0.960639
lfw,2585,int8pc,0.978787
lfw,2586,int8pc,0.976199
lfw,2587,int8pc,0.969981
lfw,2588,int8pc,0.978696
lfw,2589,int8pc,0.969661
lfw,2590,int8pc,0.980860
lfw,2591,int8pc,0.968854
lfw,2592,int8pc,0.979146
lfw,2593,int8pc,0.975545
lfw,2594,int8pc,0.976076
lfw,2595,int8pc,0.980684
lfw,2596,int8pc,0.983891
lfw,2597,int8pc,0.975890
lfw,2598,int8pc,0.961381
lfw,2599,int8pc,0.961345
lfw,2600,int8pc,0.967946
lfw,2601,int8pc,0.968337
lfw,2602,int8pc,0.980892
lfw,2603,int8pc,0.977810
lfw,2604,int8pc,0.976076
lfw,2605,int8pc,0.984303
lfw,2606,int8pc,0.983317
lfw,2607,int8pc,0.977499
lfw,2608,int8pc,0.973211
lfw,2609,int8pc,0.976892
lfw,2610,int8pc,0.986150
lfw,2611,int8pc,0.983897
lfw,2612,int8pc,0.982020
lfw,2613,int8pc,0.973506
lfw,2614,int8pc,0.956660
lfw,2615,int8pc,0.974614
lfw,2616,int8pc,0.979286
lfw,2617,int8pc,0.961539
lfw,2618,int8pc,0.963886
lfw,2619,int8pc,0.974409
lfw,2620,int8pc,0.976030
lfw,2621,int8pc,0.972767
lfw,2622,int8pc,0.976508
lfw,2623,int8pc,0.975374
lfw,2624,int8pc,0.973766
lfw,2625,int8pc,0.978169
lfw,2626,int8pc,0.970631
lfw,2627,int8pc,0.979777
lfw,2628,int8pc,0.985776
lfw,2629,int8pc,0.985040
lfw,2630,int8pc,0.982322
lfw,2631,int8pc,0.978539
lfw,2632,int8pc,0.970497
lfw,2633,int8pc,0.973347
lfw,2634,int8pc,0.962130
lfw,2635,int8pc,0.980913
lfw,2636,int8pc,0.976750
lfw,2637,int8pc,0.963276
lfw,2638,int8pc,0.962902
lfw,2639,int8pc,0.975718
lfw,2640,int8pc,0.972392
lfw,2641,int8pc,0.970309
lfw,2642,int8pc,0.977185
lfw,2643,int8pc,0.976852
lfw,2644,int8pc,0.976783
lfw,2645,int8pc,0.964074
lfw,2646,int8pc,0.984042
lfw,2647,int8pc,0.985879
lfw,2648,int8pc,0.987094
lfw,2649,int8pc,0.983916
lfw,2650,int8pc,0.971796
lfw,2651,int8pc,0.982333
lfw,2652,int8pc,0.977901
lfw,2653,int8pc,0.976886
lfw,2654,int8pc,0.974445
lfw,2655,int8pc,0.967358
lfw,2656,int8pc,0.982029
lfw,2657,int8pc,0.971684
lfw,2658,int8pc,0.972888
lfw,2659,int8pc,0.973969
lfw,2660,int8pc,0.977278
lfw,2661,int8pc,0.976559
lfw,2662,int8pc,0.982310
lfw,2663,int8pc,0.977975
lfw,2664,int8pc,0.961560
lfw,2665,int8pc,0.977349
lfw,2666,int8pc,0.967998
lfw,2667,int8pc,0.975284
lfw,2668,int8pc,0.977146
lfw,2669,int8pc,0.977641
lfw,2670,int8pc,0.973004
lfw,2671,int8pc,0.976065
lfw,2672,int8pc,0.973148
lfw,2673,int8pc,0.972895
lfw,2674,int8pc,0.945473
lfw,2675,int8pc,0.979575
lfw,2676,int8pc,0.976142
lfw,2677,int8pc,0.978839
lfw,2678,int8pc,0.983670
lfw,2679,int8pc,0.977502
lfw,2680,int8pc,0.981881
lfw,2681,int8pc,0.978758
lfw,2682,int8pc,0.978187
lfw,2683,int8pc,0.974141
lfw,2684,int8pc,0.974586
lfw,2685,int8pc,0.982684
lfw,2686,int8pc,0.974880
lfw,2687,int8pc,0.969943
lfw,2688,int8pc,0.981605
lfw,2689,int8pc,0.981666
lfw,2690,int8pc,0.978834
lfw,2691,int8pc,0.970296
lfw,2692,int8pc,0.967495
lfw,2693,int8pc,0.975458
lfw,2694,int8pc,0.975389
lfw,2695,int8pc,0.979834
lfw,2696,int8pc,0.970857
lfw,2697,int8pc,0.981695
lfw,2698,int8pc,0.975779
lfw,2699,int8pc,0.985582
lfw,2700,int8pc,0.975361
lfw,2701,int8pc,0.971083
lfw,2702,int8pc,0.979502
lfw,2703,int8pc,0.980355
lfw,2704,int8pc,0.981574
lfw,2705,int8pc,0.982447
lfw,2706,int8pc,0.984080
lfw,2707,int8pc,0.978790
lfw,2708,int8pc,0.979204
lfw,2709,int8pc,0.974228
lfw,2710,int8pc,0.975584
lfw,2711,int8pc,0.979502
lfw,2712,int8pc,0.982063
lfw,2713,int8pc,0.972418
lfw,2714,int8pc,0.969009
lfw,2715,int8pc,0.975003
lfw,2716,int8pc,0.975787
lfw,2717,int8pc,0.972275
lfw,2718,int8pc,0.984929
lfw,2719,int8pc,0.982191
lfw,2720,int8pc,0.967467
lfw,2721,int8pc,0.969457
lfw,2722,int8pc,0.963815
lfw,2723,int8pc,0.961734
lfw,2724,int8pc,0.980999
lfw,2725,int8pc,0.980737
lfw,2726,int8pc,0.955365
lfw,2727,int8pc,0.975454
lfw,2728,int8pc,0.973538
lfw,2729,int8pc,0.981515
lfw,2730,int8pc,0.975269
lfw,2731,int8pc,0.979027
lfw,2732,int8pc,0.973682
lfw,2733,int8pc,0.973109
lfw,2734,int8pc,0.976336
lfw,2735,int8pc,0.975630
lfw,2736,int8pc,0.977218
lfw,2737,int8pc,0.976842
lfw,2738,int8pc,0.982169
lfw,2739,int8pc,0.985211
lfw,2740,int8pc,0.981016
lfw,2741,int8pc,0.982988
lfw,2742,int8pc,0.984215
lfw,2743,int8pc,0.980325
lfw,2744,int8pc,0.979628
lfw,2745,int8pc,0.984290
lfw,2746,int8pc,0.977592
lfw,2747,int8pc,0.985064
lfw,2748,int8pc,0.982255
lfw,2749,int8pc,0.976046
lfw,2750,int8pc,0.982498
lfw,2751,int8pc,0.981743
lfw,2752,int8pc,0.974683
lfw,2753,int8pc,0.983022
lfw,2754,int8pc,0.986010
lfw,2755,int8pc,0.979924
lfw,2756,int8pc,0.970482
lfw,2757,int8pc,0.975385
lfw,2758,int8pc,0.977024
lfw,2759,int8pc,0.986211
lfw,2760,int8pc,0.981238
lfw,2761,int8pc,0.968182
lfw,2762,int8pc,0.981041
lfw,2763,int8pc,0.978460
lfw,2764,int8pc,0.980532
lfw,2765,int8pc,0.980392
lfw,2766,int8pc,0.981770
lfw,2767,int8pc,0.979390
lfw,2768,int8pc,0.974773
lfw,2769,int8pc,0.982006
lfw,2770,int8pc,0.965707
lfw,2771,int8pc,0.970068
lfw,2772,int8pc,0.979283
lfw,2773,int8pc,0.982116
lfw,2774,int8pc,0.978284
lfw,2775,int8pc,0.979859
lfw,2776,int8pc,0.973608
lfw,2777,int8pc,0.971126
lfw,2778,int8pc,0.973692
lfw,2779,int8pc,0.973084
lfw,2780,int8pc,0.983758
lfw,2781,int8pc,0.976126
lfw,2782,int8pc,0.978783
lfw,2783,int8pc,0.975678
lfw,2784,int8pc,0.961939
lfw,2785,int8pc,0.965637
lfw,2786,int8pc,0.962788
lfw,2787,int8pc,0.974482
lfw,2788,int8pc,0.976462
lfw,2789,int8pc,0.975268
lfw,2790,int8pc,0.983429
lfw,2791,int8pc,0.976885
lfw,2792,int8pc,0.965350
lfw,2793,int8pc,0.955327
lfw,2794,int8pc,0.968596
lfw,2795,int8pc,0.969708
lfw,2796,int8pc,0.981583
lfw,2797,int8pc,0.972223
lfw,2798,int8pc,0.984011
lfw,2799,int8pc,0.976703
lfw,2800,int8pc,0.977796
lfw,2801,int8pc,0.962611
lfw,2802,int8pc,0.981713
lfw,2803,int8pc,0.983919
lfw,2804,int8pc,0.977435
lfw,2805,int8pc,0.970745
lfw,2806,int8pc,0.972099
lfw,2807,int8pc,0.986375
lfw,2808,int8pc,0.972889
lfw,2809,int8pc,0.969477
lfw,2810,int8pc,0.964907
lfw,2811,int8pc,0.980703
lfw,2812,int8pc,0.970957
lfw,2813,int8pc,0.981065
lfw,2814,int8pc,0.979848
lfw,2815,int8pc,0.969570
lfw,2816,int8pc,0.972393
lfw,2817,int8pc,0.976030
lfw,2818,int8pc,0.973270
lfw,2819,int8pc,0.980366
lfw,2820,int8pc,0.983381
lfw,2821,int8pc,0.965238
lfw,2822,int8pc,0.977697
lfw,2823,int8pc,0.973275
lfw,2824,int8pc,0.977972
lfw,2825,int8pc,0.982237
lfw,2826,int8pc,0.980237
lfw,2827,int8pc,0.976305
lfw,2828,int8pc,0.977198
lfw,2829,int8pc,0.968060
lfw,2830,int8pc,0.971271
lfw,2831,int8pc,0.974022
lfw,2832,int8pc,0.980363
lfw,2833,int8pc,0.968140
lfw,2834,int8pc,0.981684
lfw,2835,int8pc,0.972912
lfw,2836,int8pc,0.975745
lfw,2837,int8pc,0.982552
lfw,2838,int8pc,0.981121
lfw,2839,int8pc,0.983973
lfw,2840,int8pc,0.979087
lfw,2841,int8pc,0.978680
lfw,2842,int8pc,0.978760
lfw,2843,int8pc,0.980962
lfw,2844,int8pc,0.969574
lfw,2845,int8pc,0.980392
lfw,2846,int8pc,0.976261
lfw,2847,int8pc,0.976377
lfw,2848,int8pc,0.973918
lfw,2849,int8pc,0.974114
lfw,2850,int8pc,0.974086
lfw,2851,int8pc,0.971682
lfw,2852,int8pc,0.967808
lfw,2853,int8pc,0.975069
lfw,2854,int8pc,0.971469
lfw,2855,int8pc,0.967647
lfw,2856,int8pc,0.980795
lfw,2857,int8pc,0.979958
lfw,2858,int8pc,0.979338
lfw,2859,int8pc,0.970575
lfw,2860,int8pc,0.978751
lfw,2861,int8pc,0.975646
lfw,2862,int8pc,0.980975
lfw,2863,int8pc,0.973623
lfw,2864,int8pc,0.981941
lfw,2865,int8pc,0.979997
lfw,2866,int8pc,0.977754
lfw,2867,int8pc,0.982788
lfw,2868,int8pc,0.978695
lfw,2869,int8pc,0.971025
lfw,2870,int8pc,0.974949
lfw,2871,int8pc,0.975169
lfw,2872,int8pc,0.982435
lfw,2873,int8pc,0.981230
lfw,2874,int8pc,0.981232
lfw,2875,int8pc,0.973260
lfw,2876,int8pc,0.975884
lfw,2877,int8pc,0.974280
lfw,2878,int8pc,0.986776
lfw,2879,int8pc,0.978764
lfw,2880,int8pc,0.961051
lfw,2881,int8pc,0.970533
lfw,2882,int8pc,0.980237
lfw,2883,int8pc,0.968448
lfw,2884,int8pc,0.975806
lfw,2885,int8pc,0.969270
lfw,2886,int8pc,0.974827
lfw,2887,int8pc,0.973205
lfw,2888,int8pc,0.976506
lfw,2889,int8pc,0.972324
lfw,2890,int8pc,0.976321
lfw,2891,int8pc,0.981331
lfw,2892,int8pc,0.979948
lfw,2893,int8pc,0.976548
lfw,2894,int8pc,0.982894
lfw,2895,int8pc,0.973218
lfw,2896,int8pc,0.977031
lfw,2897,int8pc,0.980603
lfw,2898,int8pc,0.976208
lfw,2899,int8pc,0.964206
lfw,2900,int8pc,0.976356
lfw,2901,int8pc,0.968279
lfw,2902,int8pc,0.978090
lfw,2903,int8pc,0.966112
lfw,2904,int8pc,0.982304
lfw,2905,int8pc,0.980312
lfw,2906,int8pc,0.979695
lfw,2907,int8pc,0.959262
lfw,2908,int8pc,0.970637
lfw,2909,int8pc,0.977110
lfw,2910,int8pc,0.969210
lfw,2911,int8pc,0.979213
lfw,2912,int8pc,0.970742
lfw,2913,int8pc,0.977275
lfw,2914,int8pc,0.975079
lfw,2915,int8pc,0.982537
lfw,2916,int8pc,0.975741
lfw,2917,int8pc,0.971737
lfw,2918,int8pc,0.983765
lfw,2919,int8pc,0.981348
lfw,2920,int8pc,0.967672
lfw,2921,int8pc,0.975185
lfw,2922,int8pc,0.972134
lfw,2923,int8pc,0.980120
lfw,2924,int8pc,0.963005
lfw,2925,int8pc,0.974140
lfw,2926,int8pc,0.974847
lfw,2927,int8pc,0.982119
lfw,2928,int8pc,0.975011
lfw,2929,int8pc,0.982999
lfw,2930,int8pc,0.978490
lfw,2931,int8pc,0.988089
lfw,2932,int8pc,0.952962
lfw,2933,int8pc,0.970038
lfw,2934,int8pc,0.982765
lfw,2935,int8pc,0.961961
lfw,2936,int8pc,0.973973
lfw,2937,int8pc,0.973220
lfw,2938,int8pc,0.965941
lfw,2939,int8pc,0.960920
lfw,2940,int8pc,0.963752
lfw,2941,int8pc,0.984823
lfw,2942,int8pc,0.984178
lfw,2943,int8pc,0.976328
lfw,2944,int8pc,0.977494
lfw,2945,int8pc,0.975776
lfw,2946,int8pc,0.984579
lfw,2947,int8pc,0.970344
lfw,2948,int8pc,0.977136
lfw,2949,int8pc,0.987484
lfw,2950,int8pc,0.974798
lfw,2951,int8pc,0.979766
lfw,2952,int8pc,0.962372
lfw,2953,int8pc,0.968051
lfw,2954,int8pc,0.980088
lfw,2955,int8pc,0.983275
lfw,2956,int8pc,0.979300
lfw,2957,int8pc,0.970770
lfw,2958,int8pc,0.974114
lfw,2959,int8pc,0.985548
lfw,2960,int8pc,0.961976
lfw,2961,int8pc,0.956473
lfw,2962,int8pc,0.977254
lfw,2963,int8pc,0.978211
lfw,2964,int8pc,0.974611
lfw,2965,int8pc,0.973875
lfw,2966,int8pc,0.973777
lfw,2967,int8pc,0.969900
lfw,2968,int8pc,0.979431
lfw,2969,int8pc,0.974218
lfw,2970,int8pc,0.976421
lfw,2971,int8pc,0.973920
lfw,2972,int8pc,0.974362
lfw,2973,int8pc,0.968328
lfw,2974,int8pc,0.979766
lfw,2975,int8pc,0.981523
lfw,2976,int8pc,0.970803
lfw,2977,int8pc,0.962643
lfw,2978,int8pc,0.973043
lfw,2979,int8pc,0.975408
lfw,2980,int8pc,0.979725
lfw,2981,int8pc,0.983527
lfw,2982,int8pc,0.978895
lfw,2983,int8pc,0.978857
lfw,2984,int8pc,0.981087
lfw,2985,int8pc,0.980707
lfw,2986,int8pc,0.981096
lfw,2987,int8pc,0.983745
lfw,2988,int8pc,0.976894
lfw,2989,int8pc,0.976373
lfw,2990,int8pc,0.983985
lfw,2991,int8pc,0.985324
lfw,2992,int8pc,0.979429
lfw,2993,int8pc,0.969746
lfw,2994,int8pc,0.972772
lfw,2995,int8pc,0.986318
lfw,2996,int8pc,0.979254
lfw,2997,int8pc,0.976664
lfw,2998,int8pc,0.985556
lfw,2999,int8pc,0.986925
lfw,3000,int8pc,0.984256
lfw,3001,int8pc,0.987309
lfw,3002,int8pc,0.988419
lfw,3003,int8pc,0.978781
lfw,3004,int8pc,0.986318
lfw,3005,int8pc,0.975703
lfw,3006,int8pc,0.979636
lfw,3007,int8pc,0.983306
lfw,3008,int8pc,0.976361
lfw,3009,int8pc,0.977904
lfw,3010,int8pc,0.965994
lfw,3011,int8pc,0.972379
lfw,3012,int8pc,0.972622
lfw,3013,int8pc,0.982172
lfw,3014,int8pc,0.976608
lfw,3015,int8pc,0.972524
lfw,3016,int8pc,0.979236
lfw,3017,int8pc,0.980493
lfw,3018,int8pc,0.973815
lfw,3019,int8pc,0.958953
lfw,3020,int8pc,0.960658
lfw,3021,int8pc,0.974451
lfw,3022,int8pc,0.976619
lfw,3023,int8pc,0.979206
lfw,3024,int8pc,0.972775
lfw,3025,int8pc,0.982894
lfw,3026,int8pc,0.964101
lfw,3027,int8pc,0.982389
lfw,3028,int8pc,0.979684
lfw,3029,int8pc,0.973932
lfw,3030,int8pc,0.977434
lfw,3031,int8pc,0.967017
lfw,3032,int8pc,0.975095
lfw,3033,int8pc,0.962579
lfw,3034,int8pc,0.987171
lfw,3035,int8pc,0.979296
lfw,3036,int8pc,0.980064
lfw,3037,int8pc,0.976779
lfw,3038,int8pc,0.968441
lfw,3039,int8pc,0.975999
lfw,3040,int8pc,0.972732
lfw,3041,int8pc,0.978839
lfw,3042,int8pc,0.976625
lfw,3043,int8pc,0.975427
lfw,3044,int8pc,0.971448
lfw,3045,int8pc,0.964044
lfw,3046,int8pc,0.974984
lfw,3047,int8pc,0.976978
lfw,3048,int8pc,0.969472
lfw,3049,int8pc,0.978648
lfw,3050,int8pc,0.977553
lfw,3051,int8pc,0.974965
lfw,3052,int8pc,0.971666
lfw,3053,int8pc,0.976124
lfw,3054,int8pc,0.975944
lfw,3055,int8pc,0.977657
lfw,3056,int8pc,0.955022
lfw,3057,int8pc,0.977409
lfw,3058,int8pc,0.977626
lfw,3059,int8pc,0.973048
lfw,3060,int8pc,0.978055
lfw,3061,int8pc,0.978552
lfw,3062,int8pc,0.984729
lfw,3063,int8pc,0.983945
lfw,3064,int8pc,0.970516
lfw,3065,int8pc,0.970017
lfw,3066,int8pc,0.977864
lfw,3067,int8pc,0.975843
lfw,3068,int8pc,0.967093
lfw,3069,int8pc,0.979890
lfw,3070,int8pc,0.957596
lfw,3071,int8pc,0.965412
lfw,3072,int8pc,0.972089
lfw,3073,int8pc,0.978355
lfw,3074,int8pc,0.981081
lfw,3075,int8pc,0.976352
lfw,3076,int8pc,0.983502
lfw,3077,int8pc,0.983377
lfw,3078,int8pc,0.984815
lfw,3079,int8pc,0.984901
lfw,3080,int8pc,0.975096
lfw,3081,int8pc,0.951068
lfw,3082,int8pc,0.968045
lfw,3083,int8pc,0.968098
lfw,3084,int8pc,0.979278
lfw,3085,int8pc,0.980229
lfw,3086,int8pc,0.968863
lfw,3087,int8pc,0.975954
lfw,3088,int8pc,0.971286
lfw,3089,int8pc,0.982946
lfw,3090,int8pc,0.983350
lfw,3091,int8pc,0.985243
lfw,3092,int8pc,0.977787
lfw,3093,int8pc,0.966777
lfw,3094,int8pc,0.985555
lfw,3095,int8pc,0.973819
lfw,3096,int8pc,0.966259
lfw,3097,int8pc,0.963774
lfw,3098,int8pc,0.974661
lfw,3099,int8pc,0.984043
lfw,3100,int8pc,0.972626
lfw,3101,int8pc,0.980190
lfw,3102,int8pc,0.983522
lfw,3103,int8pc,0.972307
lfw,3104,int8pc,0.969633
lfw,3105,int8pc,0.976864
lfw,3106,int8pc,0.973577
lfw,3107,int8pc,0.976922
lfw,3108,int8pc,0.969898
lfw,3109,int8pc,0.974307
lfw,3110,int8pc,0.977185
lfw,3111,int8pc,0.980359
lfw,3112,int8pc,0.983989
lfw,3113,int8pc,0.981700
lfw,3114,int8pc,0.983817
lfw,3115,int8pc,0.971556
lfw,3116,int8pc,0.974967
lfw,3117,int8pc,0.966523
lfw,3118,int8pc,0.974012
lfw,3119,int8pc,0.977952
lfw,3120,int8pc,0.970318
lfw,3121,int8pc,0.983261
lfw,3122,int8pc,0.974403
lfw,3123,int8pc,0.952521
lfw,3124,int8pc,0.967966
lfw,3125,int8pc,0.978618
lfw,3126,int8pc,0.943923
lfw,3127,int8pc,0.977689
lfw,3128,int8pc,0.982822
lfw,3129,int8pc,0.986400
lfw,3130,int8pc,0.973128
lfw,3131,int8pc,0.981208
lfw,3132,int8pc,0.983672
lfw,3133,int8pc,0.979809
lfw,3134,int8pc,0.983845
lfw,3135,int8pc,0.968079
lfw,3136,int8pc,0.971630
lfw,3137,int8pc,0.983269
lfw,3138,int8pc,0.974760
lfw,3139,int8pc,0.975693
lfw,3140,int8pc,0.973133
lfw,3141,int8pc,0.982281
lfw,3142,int8pc,0.956596
lfw,3143,int8pc,0.973427
lfw,3144,int8pc,0.978098
lfw,3145,int8pc,0.969341
lfw,3146,int8pc,0.967299
lfw,3147,int8pc,0.973426
lfw,3148,int8pc,0.976424
lfw,3149,int8pc,0.971138
lfw,3150,int8pc,0.980654
lfw,3151,int8pc,0.978246
lfw,3152,int8pc,0.972692
lfw,3153,int8pc,0.974615
lfw,3154,int8pc,0.985868
lfw,3155,int8pc,0.972500
lfw,3156,int8pc,0.966624
lfw,3157,int8pc,0.971130
lfw,3158,int8pc,0.968769
lfw,3159,int8pc,0.982067
lfw,3160,int8pc,0.978542
lfw,3161,int8pc,0.978683
lfw,3162,int8pc,0.974889
lfw,3163,int8pc,0.977162
lfw,3164,int8pc,0.985773
lfw,3165,int8pc,0.985862
lfw,3166,int8pc,0.966538
lfw,3167,int8pc,0.983375
lfw,3168,int8pc,0.978126
lfw,3169,int8pc,0.978127
lfw,3170,int8pc,0.970886
lfw,3171,int8pc,0.982403
lfw,3172,int8pc,0.979945
lfw,3173,int8pc,0.983795
lfw,3174,int8pc,0.967193
lfw,3175,int8pc,0.978151
lfw,3176,int8pc,0.974809
lfw,3177,int8pc,0.977477
lfw,3178,int8pc,0.983225
lfw,3179,int8pc,0.977261
lfw,3180,int8pc,0.981937
lfw,3181,int8pc,0.963198
lfw,3182,int8pc,0.975583
lfw,3183,int8pc,0.986173
lfw,3184,int8pc,0.983890
lfw,3185,int8pc,0.985865
lfw,3186,int8pc,0.982617
lfw,3187,int8pc,0.977631
lfw,3188,int8pc,0.987798
lfw,3189,int8pc,0.981591
lfw,3190,int8pc,0.980070
lfw,3191,int8pc,0.977360
lfw,3192,int8pc,0.979054
lfw,3193,int8pc,0.981808
lfw,3194,int8pc,0.979124
lfw,3195,int8pc,0.978574
lfw,3196,int8pc,0.977564
lfw,3197,int8pc,0.978537
lfw,3198,int8pc,0.981198
lfw,3199,int8pc,0.982340
lfw,3200,int8pc,0.977561
lfw,3201,int8pc,0.987442
lfw,3202,int8pc,0.969370
lfw,3203,int8pc,0.959504
lfw,3204,int8pc,0.979009
lfw,3205,int8pc,0.986550
lfw,3206,int8pc,0.977044
lfw,3207,int8pc,0.978254
lfw,3208,int8pc,0.985371
lfw,3209,int8pc,0.980465
lfw,3210,int8pc,0.981522
lfw,3211,int8pc,0.963382
lfw,3212,int8pc,0.984756
lfw,3213,int8pc,0.976272
lfw,3214,int8pc,0.961151
lfw,3215,int8pc,0.972266
lfw,3216,int8pc,0.975852
lfw,3217,int8pc,0.968919
lfw,3218,int8pc,0.971222
lfw,3219,int8pc,0.966815
lfw,3220,int8pc,0.971131
lfw,3221,int8pc,0.979630
lfw,3222,int8pc,0.954524
lfw,3223,int8pc,0.957019
lfw,3224,int8pc,0.975150
lfw,3225,int8pc,0.964301
lfw,3226,int8pc,0.978241
lfw,3227,int8pc,0.973882
lfw,3228,int8pc,0.969445
lfw,3229,int8pc,0.980734
lfw,3230,int8pc,0.976386
lfw,3231,int8pc,0.980404
lfw,3232,int8pc,0.981134
lfw,3233,int8pc,0.973426
lfw,3234,int8pc,0.974019
lfw,3235,int8pc,0.970324
lfw,3236,int8pc,0.973390
lfw,3237,int8pc,0.973491
lfw,3238,int8pc,0.975184
lfw,3239,int8pc,0.966246
lfw,3240,int8pc,0.976063
lfw,3241,int8pc,0.982661
lfw,3242,int8pc,0.971307
lfw,3243,int8pc,0.972858
lfw,3244,int8pc,0.966793
lfw,3245,int8pc,0.978015
lfw,3246,int8pc,0.980928
lfw,3247,int8pc,0.967623
lfw,3248,int8pc,0.972182
lfw,3249,int8pc,0.981154
lfw,3250,int8pc,0.986432
lfw,3251,int8pc,0.979510
lfw,3252,int8pc,0.971314
lfw,3253,int8pc,0.972328
lfw,3254,int8pc,0.973062
lfw,3255,int8pc,0.977947
lfw,3256,int8pc,0.974898
lfw,3257,int8pc,0.975106
lfw,3258,int8pc,0.969380
lfw,3259,int8pc,0.974205
lfw,3260,int8pc,0.966163
lfw,3261,int8pc,0.977017
lfw,3262,int8pc,0.984492
lfw,3263,int8pc,0.973188
lfw,3264,int8pc,0.980955
lfw,3265,int8pc,0.979988
lfw,3266,int8pc,0.966239
lfw,3267,int8pc,0.979077
lfw,3268,int8pc,0.985613
lfw,3269,int8pc,0.981837
lfw,3270,int8pc,0.967419
lfw,3271,int8pc,0.956138
lfw,3272,int8pc,0.979462
lfw,3273,int8pc,0.962555
lfw,3274,int8pc,0.973125
lfw,3275,int8pc,0.973964
lfw,3276,int8pc,0.973944
lfw,3277,int8pc,0.953129
lfw,3278,int8pc,0.964773
lfw,3279,int8pc,0.979729
lfw,3280,int8pc,0.974622
lfw,3281,int8pc,0.979487
lfw,3282,int8pc,0.968997
lfw,3283,int8pc,0.979722
lfw,3284,int8pc,0.977016
lfw,3285,int8pc,0.976572
lfw,3286,int8pc,0.959996
lfw,3287,int8pc,0.966390
lfw,3288,int8pc,0.965095
lfw,3289,int8pc,0.971106
lfw,3290,int8pc,0.955258
lfw,3291,int8pc,0.967977
lfw,3292,int8pc,0.972138
lfw,3293,int8pc,0.978719
lfw,3294,int8pc,0.966927
lfw,3295,int8pc,0.975965
lfw,3296,int8pc,0.972719
lfw,3297,int8pc,0.977740
lfw,3298,int8pc,0.974458
lfw,3299,int8pc,0.978376
lfw,3300,int8pc,0.983846
lfw,3301,int8pc,0.977991
lfw,3302,int8pc,0.963093
lfw,3303,int8pc,0.975026
lfw,3304,int8pc,0.977332
lfw,3305,int8pc,0.951802
lfw,3306,int8pc,0.967431
lfw,3307,int8pc,0.971840
lfw,3308,int8pc,0.973087
lfw,3309,int8pc,0.979065
lfw,3310,int8pc,0.969558
lfw,3311,int8pc,0.976027
lfw,3312,int8pc,0.974489
lfw,3313,int8pc,0.973809
lfw,3314,int8pc,0.979724
lfw,3315,int8pc,0.969509
lfw,3316,int8pc,0.964306
lfw,3317,int8pc,0.966006
lfw,3318,int8pc,0.972118
lfw,3319,int8pc,0.977275
lfw,3320,int8pc,0.959985
lfw,3321,int8pc,0.970514
lfw,3322,int8pc,0.985121
lfw,3323,int8pc,0.969269
lfw,3324,int8pc,0.954776
lfw,3325,int8pc,0.964603
lfw,3326,int8pc,0.979562
lfw,3327,int8pc,0.969990
lfw,3328,int8pc,0.965539
lfw,3329,int8pc,0.969930
lfw,3330,int8pc,0.973710
lfw,3331,int8pc,0.972808
lfw,3332,int8pc,0.981692
lfw,3333,int8pc,0.962033
lfw,3334,int8pc,0.969176
lfw,3335,int8pc,0.972452
lfw,3336,int8pc,0.981290
lfw,3337,int8pc,0.966707
lfw,3338,int8pc,0.981877
lfw,3339,int8pc,0.977133
lfw,3340,int8pc,0.966593
lfw,3341,int8pc,0.966868
lfw,3342,int8pc,0.977702
lfw,3343,int8pc,0.982275
lfw,3344,int8pc,0.984314
lfw,3345,int8pc,0.981030
lfw,3346,int8pc,0.978500
lfw,3347,int8pc,0.976530
lfw,3348,int8pc,0.979355
lfw,3349,int8pc,0.976552
lfw,3350,int8pc,0.980088
lfw,3351,int8pc,0.974921
lfw,3352,int8pc,0.976461
lfw,3353,int8pc,0.982560
lfw,3354,int8pc,0.975099
lfw,3355,int8pc,0.981739
lfw,3356,int8pc,0.986438
lfw,3357,int8pc,0.977591
lfw,3358,int8pc,0.982079
lfw,3359,int8pc,0.977727
lfw,3360,int8pc,0.982774
lfw,3361,int8pc,0.985023
lfw,3362,int8pc,0.975598
lfw,3363,int8pc,0.969184
lfw,3364,int8pc,0.979488
lfw,3365,int8pc,0.980909
lfw,3366,int8pc,0.981666
lfw,3367,int8pc,0.989428
lfw,3368,int8pc,0.952378
lfw,3369,int8pc,0.974457
lfw,3370,int8pc,0.972112
lfw,3371,int8pc,0.964560
lfw,3372,int8pc,0.985936
lfw,3373,int8pc,0.968144
lfw,3374,int8pc,0.974679
lfw,3375,int8pc,0.972496
lfw,3376,int8pc,0.981907
lfw,3377,int8pc,0.975056
lfw,3378,int8pc,0.984512
lfw,3379,int8pc,0.967025
lfw,3380,int8pc,0.971749
lfw,3381,int8pc,0.975220
lfw,3382,int8pc,0.981348
lfw,3383,int8pc,0.981741
lfw,3384,int8pc,0.975674
lfw,3385,int8pc,0.972907
lfw,3386,int8pc,0.985582
lfw,3387,int8pc,0.978074
lfw,3388,int8pc,0.986284
lfw,3389,int8pc,0.983300
lfw,3390,int8pc,0.982234
lfw,3391,int8pc,0.981197
lfw,3392,int8pc,0.973365
lfw,3393,int8pc,0.982373
lfw,3394,int8pc,0.979133
lfw,3395,int8pc,0.974868
lfw,3396,int8pc,0.969251
lfw,3397,int8pc,0.980827
lfw,3398,int8pc,0.969823
lfw,3399,int8pc,0.971621
lfw,3400,int8pc,0.972659
lfw,3401,int8pc,0.972108
lfw,3402,int8pc,0.973823
lfw,3403,int8pc,0.978652
lfw,3404,int8pc,0.972179
lfw,3405,int8pc,0.983129
lfw,3406,int8pc,0.985761
lfw,3407,int8pc,0.975422
lfw,3408,int8pc,0.978885
lfw,3409,int8pc,0.985156
lfw,3410,int8pc,0.981885
lfw,3411,int8pc,0.978667
lfw,3412,int8pc,0.980403
lfw,3413,int8pc,0.973870
lfw,3414,int8pc,0.981009
lfw,3415,int8pc,0.973731
lfw,3416,int8pc,0.976082
lfw,3417,int8pc,0.982773
lfw,3418,int8pc,0.980034
lfw,3419,int8pc,0.982524
lfw,3420,int8pc,0.974169
lfw,3421,int8pc,0.974658
lfw,3422,int8pc,0.973107
lfw,3423,int8pc,0.978132
lfw,3424,int8pc,0.973473
lfw,3425,int8pc,0.975591
lfw,3426,int8pc,0.981602
lfw,3427,int8pc,0.980144
lfw,3428,int8pc,0.973160
lfw,3429,int8pc,0.971580
lfw,3430,int8pc,0.983497
lfw,3431,int8pc,0.966500
lfw,3432,int8pc,0.976249
lfw,3433,int8pc,0.973926
lfw,3434,int8pc,0.979585
lfw,3435,int8pc,0.968129
lfw,3436,int8pc,0.982860
lfw,3437,int8pc,0.978408
lfw,3438,int8pc,0.973110
lfw,3439,int8pc,0.970217
lfw,3440,int8pc,0.970050
lfw,3441,int8pc,0.980138
lfw,3442,int8pc,0.977293
lfw,3443,int8pc,0.969253
lfw,3444,int8pc,0.971068
lfw,3445,int8pc,0.969878
lfw,3446,int8pc,0.983964
lfw,3447,int8pc,0.976566
lfw,3448,int8pc,0.979605
lfw,3449,int8pc,0.982814
lfw,3450,int8pc,0.986433
lfw,3451,int8pc,0.980694
lfw,3452,int8pc,0.975006
lfw,3453,int8pc,0.971565
lfw,3454,int8pc,0.961396
lfw,3455,int8pc,0.980488
lfw,3456,int8pc,0.963986
lfw,3457,int8pc,0.976097
lfw,3458,int8pc,0.979553
lfw,3459,int8pc,0.970905
lfw,3460,int8pc,0.969508
lfw,3461,int8pc,0.977525
lfw,3462,int8pc,0.956179
lfw,3463,int8pc,0.969631
lfw,3464,int8pc,0.973238
lfw,3465,int8pc,0.972453
lfw,3466,int8pc,0.971161
lfw,3467,int8pc,0.985396
lfw,3468,int8pc,0.981170
lfw,3469,int8pc,0.973036
lfw,3470,int8pc,0.973981
lfw,3471,int8pc,0.977059
lfw,3472,int8pc,0.981348
lfw,3473,int8pc,0.973429
lfw,3474,int8pc,0.973644
lfw,3475,int8pc,0.972271
lfw,3476,int8pc,0.981929
lfw,3477,int8pc,0.981034
lfw,3478,int8pc,0.980141
lfw,3479,int8pc,0.978646
lfw,3480,int8pc,0.984285
lfw,3481,int8pc,0.984258
lfw,3482,int8pc,0.985390
lfw,3483,int8pc,0.989031
lfw,3484,int8pc,0.982681
lfw,3485,int8pc,0.982716
lfw,3486,int8pc,0.982033
lfw,3487,int8pc,0.974797
lfw,3488,int8pc,0.980283
lfw,3489,int8pc,0.981672
lfw,3490,int8pc,0.956212
lfw,3491,int8pc,0.979536
lfw,3492,int8pc,0.975709
lfw,3493,int8pc,0.976092
lfw,3494,int8pc,0.981152
lfw,3495,int8pc,0.980855
lfw,3496,int8pc,0.982066
lfw,3497,int8pc,0.977125
lfw,3498,int8pc,0.976032
lfw,3499,int8pc,0.970998
lfw,3500,int8pc,0.977618
lfw,3501,int8pc,0.980767
lfw,3502,int8pc,0.972274
lfw,3503,int8pc,0.958496
lfw,3504,int8pc,0.980223
lfw,3505,int8pc,0.942828
lfw,3506,int8pc,0.979185
lfw,3507,int8pc,0.987831
lfw,3508,int8pc,0.982236
lfw,3509,int8pc,0.979397
lfw,3510,int8pc,0.983604
lfw,3511,int8pc,0.984757
lfw,3512,int8pc,0.975912
lfw,3513,int8pc,0.981238
lfw,3514,int8pc,0.974461
lfw,3515,int8pc,0.978310
lfw,3516,int8pc,0.972614
lfw,3517,int8pc,0.980635
lfw,3518,int8pc,0.981230
lfw,3519,int8pc,0.979511
lfw,3520,int8pc,0.971849
lfw,3521,int8pc,0.982936
lfw,3522,int8pc,0.984723
lfw,3523,int8pc,0.980151
lfw,3524,int8pc,0.982473
lfw,3525,int8pc,0.974948
lfw,3526,int8pc,0.982969
lfw,3527,int8pc,0.974826
lfw,3528,int8pc,0.972654
lfw,3529,int8pc,0.976588
lfw,3530,int8pc,0.974805
lfw,3531,int8pc,0.974939
lfw,3532,int8pc,0.971135
lfw,3533,int8pc,0.985433
lfw,3534,int8pc,0.972382
lfw,3535,int8pc,0.983282
lfw,3536,int8pc,0.974506
lfw,3537,int8pc,0.961773
lfw,3538,int8pc,0.981115
lfw,3539,int8pc,0.981359
lfw,3540,int8pc,0.983235
lfw,3541,int8pc,0.959289
lfw,3542,int8pc,0.976968
lfw,3543,int8pc,0.972882
lfw,3544,int8pc,0.971295
lfw,3545,int8pc,0.979328
lfw,3546,int8pc,0.977519
lfw,3547,int8pc,0.984514
lfw,3548,int8pc,0.983470
lfw,3549,int8pc,0.984257
lfw,3550,int8pc,0.977977
lfw,3551,int8pc,0.977448
lfw,3552,int8pc,0.975142
lfw,3553,int8pc,0.976636
lfw,3554,int8pc,0.968143
lfw,3555,int8pc,0.979110
lfw,3556,int8pc,0.982235
lfw,3557,int8pc,0.971554
lfw,3558,int8pc,0.974612
lfw,3559,int8pc,0.974389
lfw,3560,int8pc,0.983770
lfw,3561,int8pc,0.974101
lfw,3562,int8pc,0.971852
lfw,3563,int8pc,0.973794
lfw,3564,int8pc,0.977043
lfw,3565,int8pc,0.981361
lfw,3566,int8pc,0.973714
lfw,3567,int8pc,0.972744
lfw,3568,int8pc,0.984435
lfw,3569,int8pc,0.980783
lfw,3570,int8pc,0.985056
lfw,3571,int8pc,0.983665
lfw,3572,int8pc,0.985026
lfw,3573,int8pc,0.974992
lfw,3574,int8pc,0.977194
lfw,3575,int8pc,0.968704
lfw,3576,int8pc,0.984145
lfw,3577,int8pc,0.982040
lfw,3578,int8pc,0.982526
lfw,3579,int8pc,0.972764
lfw,3580,int8pc,0.977018
lfw,3581,int8pc,0.974485
lfw,3582,int8pc,0.981263
lfw,3583,int8pc,0.978629
lfw,3584,int8pc,0.976984
lfw,3585,int8pc,0.971359
lfw,3586,int8pc,0.977236
lfw,3587,int8pc,0.980588
lfw,3588,int8pc,0.974084
lfw,3589,int8pc,0.982346
lfw,3590,int8pc,0.981376
lfw,3591,int8pc,0.983702
lfw,3592,int8pc,0.979910
lfw,3593,int8pc,0.977480
lfw,3594,int8pc,0.971134
lfw,3595,int8pc,0.969145
lfw,3596,int8pc,0.974886
lfw,3597,int8pc,0.976426
lfw,3598,int8pc,0.978731
lfw,3599,int8pc,0.977611
lfw,3600,int8pc,0.973318
lfw,3601,int8pc,0.974361
lfw,3602,int8pc,0.980792
lfw,3603,int8pc,0.984380
lfw,3604,int8pc,0.968801
lfw,3605,int8pc,0.980040
lfw,3606,int8pc,0.980369
lfw,3607,int8pc,0.985200
lfw,3608,int8pc,0.969835
lfw,3609,int8pc,0.983578
lfw,3610,int8pc,0.972628
lfw,3611,int8pc,0.984078
lfw,3612,int8pc,0.979065
lfw,3613,int8pc,0.976149
lfw,3614,int8pc,0.979813
lfw,3615,int8pc,0.977736
lfw,3616,int8pc,0.962402
lfw,3617,int8pc,0.982235
lfw,3618,int8pc,0.985533
lfw,3619,int8pc,0.967581
lfw,3620,int8pc,0.985834
lfw,3621,int8pc,0.986658
lfw,3622,int8pc,0.977843
lfw,3623,int8pc,0.969038
lfw,3624,int8pc,0.975723
lfw,3625,int8pc,0.976687
lfw,3626,int8pc,0.985479
lfw,3627,int8pc,0.982935
lfw,3628,int8pc,0.980751
lfw,3629,int8pc,0.981685
lfw,3630,int8pc,0.973953
lfw,3631,int8pc,0.976316
lfw,3632,int8pc,0.979872
lfw,3633,int8pc,0.971903
lfw,3634,int8pc,0.980382
lfw,3635,int8pc,0.980346
lfw,3636,int8pc,0.981690
lfw,3637,int8pc,0.981585
lfw,3638,int8pc,0.973867
lfw,3639,int8pc,0.981307
lfw,3640,int8pc,0.985178
lfw,3641,int8pc,0.982556
lfw,3642,int8pc,0.981679
lfw,3643,int8pc,0.982985
lfw,3644,int8pc,0.979625
lfw,3645,int8pc,0.971232
lfw,3646,int8pc,0.973446
lfw,3647,int8pc,0.972951
lfw,3648,int8pc,0.968963
lfw,3649,int8pc,0.979775
lfw,3650,int8pc,0.978460
lfw,3651,int8pc,0.980550
lfw,3652,int8pc,0.972022
lfw,3653,int8pc,0.989562
lfw,3654,int8pc,0.975192
lfw,3655,int8pc,0.972439
lfw,3656,int8pc,0.974421
lfw,3657,int8pc,0.970289
lfw,3658,int8pc,0.966421
lfw,3659,int8pc,0.981749
lfw,3660,int8pc,0.974928
lfw,3661,int8pc,0.969945
lfw,3662,int8pc,0.980058
lfw,3663,int8pc,0.986454
lfw,3664,int8pc,0.965731
lfw,3665,int8pc,0.975929
lfw,3666,int8pc,0.974503
lfw,3667,int8pc,0.976440
lfw,3668,int8pc,0.981475
lfw,3669,int8pc,0.968825
lfw,3670,int8pc,0.975948
lfw,3671,int8pc,0.972830
lfw,3672,int8pc,0.977296
lfw,3673,int8pc,0.984514
lfw,3674,int8pc,0.988155
lfw,3675,int8pc,0.975742
lfw,3676,int8pc,0.969934
lfw,3677,int8pc,0.978391
lfw,3678,int8pc,0.980192
lfw,3679,int8pc,0.980778
lfw,3680,int8pc,0.972732
lfw,3681,int8pc,0.978947
lfw,3682,int8pc,0.986443
lfw,3683,int8pc,0.982497
lfw,3684,int8pc,0.978472
lfw,3685,int8pc,0.981483
lfw,3686,int8pc,0.983136
lfw,3687,int8pc,0.980357
lfw,3688,int8pc,0.978441
lfw,3689,int8pc,0.970191
lfw,3690,int8pc,0.974732
lfw,3691,int8pc,0.973149
lfw,3692,int8pc,0.974295
lfw,3693,int8pc,0.983412
lfw,3694,int8pc,0.983176
lfw,3695,int8pc,0.979778
lfw,3696,int8pc,0.984654
lfw,3697,int8pc,0.972502
lfw,3698,int8pc,0.984673
lfw,3699,int8pc,0.974810
lfw,3700,int8pc,0.975472
lfw,3701,int8pc,0.974418
lfw,3702,int8pc,0.970700
lfw,3703,int8pc,0.980351
lfw,3704,int8pc,0.981197
lfw,3705,int8pc,0.976452
lfw,3706,int8pc,0.981072
lfw,3707,int8pc,0.980945
lfw,3708,int8pc,0.983156
lfw,3709,int8pc,0.981562
lfw,3710,int8pc,0.982965
lfw,3711,int8pc,0.961779
lfw,3712,int8pc,0.977014
lfw,3713,int8pc,0.983244
lfw,3714,int8pc,0.976443
lfw,3715,int8pc,0.983222
lfw,3716,int8pc,0.969944
lfw,3717,int8pc,0.965703
lfw,3718,int8pc,0.979306
lfw,3719,int8pc,0.974353
lfw,3720,int8pc,0.977580
lfw,3721,int8pc,0.975736
lfw,3722,int8pc,0.980617
lfw,3723,int8pc,0.987042
lfw,3724,int8pc,0.978607
lfw,3725,int8pc,0.982422
lfw,3726,int8pc,0.975514
lfw,3727,int8pc,0.985519
lfw,3728,int8pc,0.969909
lfw,3729,int8pc,0.977892
lfw,3730,int8pc,0.968081
lfw,3731,int8pc,0.971680
lfw,3732,int8pc,0.983591
lfw,3733,int8pc,0.981073
lfw,3734,int8pc,0.976241
lfw,3735,int8pc,0.980560
lfw,3736,int8pc,0.979543
lfw,3737,int8pc,0.979972
lfw,3738,int8pc,0.975047
lfw,3739,int8pc,0.979653
lfw,3740,int8pc,0.990558
lfw,3741,int8pc,0.983096
lfw,3742,int8pc,0.984632
lfw,3743,int8pc,0.985843
lfw,3744,int8pc,0.981116
lfw,3745,int8pc,0.974026
lfw,3746,int8pc,0.966380
lfw,3747,int8pc,0.980641
lfw,3748,int8pc,0.953044
lfw,3749,int8pc,0.968161
lfw,3750,int8pc,0.977005
lfw,3751,int8pc,0.968741
lfw,3752,int8pc,0.982381
lfw,3753,int8pc,0.975814
lfw,3754,int8pc,0.980060
lfw,3755,int8pc,0.969862
lfw,3756,int8pc,0.978594
lfw,3757,int8pc,0.989788
lfw,3758,int8pc,0.975947
lfw,3759,int8pc,0.979008
lfw,3760,int8pc,0.974658
lfw,3761,int8pc,0.972284
lfw,3762,int8pc,0.978517
lfw,3763,int8pc,0.983581
lfw,3764,int8pc,0.972665
lfw,3765,int8pc,0.985438
lfw,3766,int8pc,0.967294
lfw,3767,int8pc,0.983328
lfw,3768,int8pc,0.971065
lfw,3769,int8pc,0.971215
lfw,3770,int8pc,0.975621
lfw,3771,int8pc,0.973127
lfw,3772,int8pc,0.971713
lfw,3773,int8pc,0.961200
lfw,3774,int8pc,0.986788
lfw,3775,int8pc,0.975441
lfw,3776,int8pc,0.983005
lfw,3777,int8pc,0.983345
lfw,3778,int8pc,0.981285
lfw,3779,int8pc,0.979548
lfw,3780,int8pc,0.975217
lfw,3781,int8pc,0.971044
lfw,3782,int8pc,0.971969
lfw,3783,int8pc,0.980416
lfw,3784,int8pc,0.968593
lfw,3785,int8pc,0.967545
lfw,3786,int8pc,0.978147
lfw,3787,int8pc,0.982945
lfw,3788,int8pc,0.979334
lfw,3789,int8pc,0.976274
lfw,3790,int8pc,0.980668
lfw,3791,int8pc,0.976430
lfw,3792,int8pc,0.987999
lfw,3793,int8pc,0.983575
lfw,3794,int8pc,0.980563
lfw,3795,int8pc,0.981635
lfw,3796,int8pc,0.976670
lfw,3797,int8pc,0.982153
lfw,3798,int8pc,0.987132
lfw,3799,int8pc,0.984661
lfw,3800,int8pc,0.981659
lfw,3801,int8pc,0.976799
lfw,3802,int8pc,0.976827
lfw,3803,int8pc,0.980970
lfw,3804,int8pc,0.978633
lfw,3805,int8pc,0.974395
lfw,3806,int8pc,0.977622
lfw,3807,int8pc,0.971809
lfw,3808,int8pc,0.967726
lfw,3809,int8pc,0.970061
lfw,3810,int8pc,0.988108
lfw,3811,int8pc,0.979231
lfw,3812,int8pc,0.980303
lfw,3813,int8pc,0.981538
lfw,3814,int8pc,0.975160
lfw,3815,int8pc,0.974263
lfw,3816,int8pc,0.983448
lfw,3817,int8pc,0.979096
lfw,3818,int8pc,0.969323
lfw,3819,int8pc,0.984819
lfw,3820,int8pc,0.979711
lfw,3821,int8pc,0.978171
lfw,3822,int8pc,0.979250
lfw,3823,int8pc,0.982284
lfw,3824,int8pc,0.980475
lfw,3825,int8pc,0.981037
lfw,3826,int8pc,0.984460
lfw,3827,int8pc,0.974420
lfw,3828,int8pc,0.974361
lfw,3829,int8pc,0.980487
lfw,3830,int8pc,0.977005
lfw,3831,int8pc,0.975396
lfw,3832,int8pc,0.974012
lfw,3833,int8pc,0.982671
lfw,3834,int8pc,0.977362
lfw,3835,int8pc,0.970381
lfw,3836,int8pc,0.976709
lfw,3837,int8pc,0.973533
lfw,3838,int8pc,0.982033
lfw,3839,int8pc,0.974942
lfw,3840,int8pc,0.967625
lfw,3841,int8pc,0.976513
lfw,3842,int8pc,0.966289
lfw,3843,int8pc,0.978332
lfw,3844,int8pc,0.967504
lfw,3845,int8pc,0.982632
lfw,3846,int8pc,0.978860
lfw,3847,int8pc,0.969236
lfw,3848,int8pc,0.975298
lfw,3849,int8pc,0.975316
lfw,3850,int8pc,0.983452
lfw,3851,int8pc,0.979358
lfw,3852,int8pc,0.965067
lfw,3853,int8pc,0.986466
lfw,3854,int8pc,0.985088
lfw,3855,int8pc,0.966024
lfw,3856,int8pc,0.981937
lfw,3857,int8pc,0.988456
lfw,3858,int8pc,0.987121
lfw,3859,int8pc,0.968811
lfw,3860,int8pc,0.969389
lfw,3861,int8pc,0.975441
lfw,3862,int8pc,0.980215
lfw,3863,int8pc,0.981719
lfw,3864,int8pc,0.981348
lfw,3865,int8pc,0.985369
lfw,3866,int8pc,0.964601
lfw,3867,int8pc,0.973560
lfw,3868,int8pc,0.969732
lfw,3869,int8pc,0.967081
lfw,3870,int8pc,0.967179
lfw,3871,int8pc,0.967664
lfw,3872,int8pc,0.986452
lfw,3873,int8pc,0.986344
lfw,3874,int8pc,0.981704
lfw,3875,int8pc,0.985536
lfw,3876,int8pc,0.974879
lfw,3877,int8pc,0.981662
lfw,3878,int8pc,0.977246
lfw,3879,int8pc,0.978315
lfw,3880,int8pc,0.978589
lfw,3881,int8pc,0.976438
lfw,3882,int8pc,0.984650
lfw,3883,int8pc,0.982228
lfw,3884,int8pc,0.978542
lfw,3885,int8pc,0.973052
lfw,3886,int8pc,0.973122
lfw,3887,int8pc,0.978756
lfw,3888,int8pc,0.962474
lfw,3889,int8pc,0.978930
lfw,3890,int8pc,0.977050
lfw,3891,int8pc,0.983969
lfw,3892,int8pc,0.979760
lfw,3893,int8pc,0.981370
lfw,3894,int8pc,0.973308
lfw,3895,int8pc,0.975625
lfw,3896,int8pc,0.982212
lfw,3897,int8pc,0.973932
lfw,3898,int8pc,0.967192
lfw,3899,int8pc,0.971563
lfw,3900,int8pc,0.974751
lfw,3901,int8pc,0.978301
lfw,3902,int8pc,0.973034
lfw,3903,int8pc,0.979851
lfw,3904,int8pc,0.977740
lfw,3905,int8pc,0.981592
lfw,3906,int8pc,0.972523
lfw,3907,int8pc,0.985527
lfw,3908,int8pc,0.969061
lfw,3909,int8pc,0.981492
lfw,3910,int8pc,0.965336
lfw,3911,int8pc,0.968106
lfw,3912,int8pc,0.959404
lfw,3913,int8pc,0.982116
lfw,3914,int8pc,0.972608
lfw,3915,int8pc,0.975538
lfw,3916,int8pc,0.977820
lfw,3917,int8pc,0.969310
lfw,3918,int8pc,0.966818
lfw,3919,int8pc,0.983116
lfw,3920,int8pc,0.967100
lfw,3921,int8pc,0.963464
lfw,3922,int8pc,0.972505
lfw,3923,int8pc,0.972076
lfw,3924,int8pc,0.981063
lfw,3925,int8pc,0.982852
lfw,3926,int8pc,0.976494
lfw,3927,int8pc,0.974117
lfw,3928,int8pc,0.974106
lfw,3929,int8pc,0.978066
lfw,3930,int8pc,0.978777
lfw,3931,int8pc,0.975176
lfw,3932,int8pc,0.981738
lfw,3933,int8pc,0.968267
lfw,3934,int8pc,0.961292
lfw,3935,int8pc,0.977237
lfw,3936,int8pc,0.987135
lfw,3937,int8pc,0.969821
lfw,3938,int8pc,0.984083
lfw,3939,int8pc,0.979958
lfw,3940,int8pc,0.982142
lfw,3941,int8pc,0.973226
lfw,3942,int8pc,0.977283
lfw,3943,int8pc,0.982534
lfw,3944,int8pc,0.970296
lfw,3945,int8pc,0.985078
lfw,3946,int8pc,0.973282
lfw,3947,int8pc,0.986919
lfw,3948,int8pc,0.986649
lfw,3949,int8pc,0.979233
lfw,3950,int8pc,0.974326
lfw,3951,int8pc,0.982105
lfw,3952,int8pc,0.979491
lfw,3953,int8pc,0.969584
lfw,3954,int8pc,0.984168
lfw,3955,int8pc,0.975323
lfw,3956,int8pc,0.979600
lfw,3957,int8pc,0.978500
lfw,3958,int8pc,0.947816
lfw,3959,int8pc,0.977435
lfw,3960,int8pc,0.981881
lfw,3961,int8pc,0.970572
lfw,3962,int8pc,0.977306
lfw,3963,int8pc,0.971387
lfw,3964,int8pc,0.968643
lfw,3965,int8pc,0.972854
lfw,3966,int8pc,0.976791
lfw,3967,int8pc,0.970505
lfw,3968,int8pc,0.971568
lfw,3969,int8pc,0.979313
lfw,3970,int8pc,0.975961
lfw,3971,int8pc,0.958645
lfw,3972,int8pc,0.986507
lfw,3973,int8pc,0.974047
lfw,3974,int8pc,0.984841
lfw,3975,int8pc,0.985221
lfw,3976,int8pc,0.984244
lfw,3977,int8pc,0.975199
lfw,3978,int8pc,0.970319
lfw,3979,int8pc,0.976712
lfw,3980,int8pc,0.971510
lfw,3981,int8pc,0.976829
lfw,3982,int8pc,0.975766
lfw,3983,int8pc,0.959535
lfw,3984,int8pc,0.978952
lfw,3985,int8pc,0.973182
lfw,3986,int8pc,0.965830
lfw,3987,int8pc,0.970695
lfw,3988,int8pc,0.976576
lfw,3989,int8pc,0.983263
lfw,3990,int8pc,0.980793
lfw,3991,int8pc,0.969100
lfw,3992,int8pc,0.976997
lfw,3993,int8pc,0.982388
lfw,3994,int8pc,0.985405
lfw,3995,int8pc,0.974512
lfw,3996,int8pc,0.976913
lfw,3997,int8pc,0.967844
lfw,3998,int8pc,0.967629
lfw,3999,int8pc,0.963372
lfw,4000,int8pc,0.967616
lfw,4001,int8pc,0.959864
lfw,4002,int8pc,0.951879
lfw,4003,int8pc,0.970226
lfw,4004,int8pc,0.969203
lfw,4005,int8pc,0.972873
lfw,4006,int8pc,0.974066
lfw,4007,int8pc,0.979585
lfw,4008,int8pc,0.957465
lfw,4009,int8pc,0.964661
lfw,4010,int8pc,0.971146
lfw,4011,int8pc,0.968118
lfw,4012,int8pc,0.972529
lfw,4013,int8pc,0.971801
lfw,4014,int8pc,0.978980
lfw,4015,int8pc,0.977810
lfw,4016,int8pc,0.979572
lfw,4017,int8pc,0.968942
lfw,4018,int8pc,0.975932
lfw,4019,int8pc,0.961350
lfw,4020,int8pc,0.964266
lfw,4021,int8pc,0.977528
lfw,4022,int8pc,0.978463
lfw,4023,int8pc,0.979759
lfw,4024,int8pc,0.981932
lfw,4025,int8pc,0.972932
lfw,4026,int8pc,0.983066
lfw,4027,int8pc,0.983132
lfw,4028,int8pc,0.983095
lfw,4029,int8pc,0.979648
lfw,4030,int8pc,0.956803
lfw,4031,int8pc,0.968557
lfw,4032,int8pc,0.946725
lfw,4033,int8pc,0.962425
lfw,4034,int8pc,0.965041
lfw,4035,int8pc,0.975856
lfw,4036,int8pc,0.966833
lfw,4037,int8pc,0.949980
lfw,4038,int8pc,0.971925
lfw,4039,int8pc,0.969617
lfw,4040,int8pc,0.978275
lfw,4041,int8pc,0.976646
lfw,4042,int8pc,0.969080
lfw,4043,int8pc,0.971091
lfw,4044,int8pc,0.972439
lfw,4045,int8pc,0.976982
lfw,4046,int8pc,0.983943
lfw,4047,int8pc,0.972857
lfw,4048,int8pc,0.974379
lfw,4049,int8pc,0.972815
lfw,4050,int8pc,0.980207
lfw,4051,int8pc,0.974320
lfw,4052,int8pc,0.969478
lfw,4053,int8pc,0.952621
lfw,4054,int8pc,0.977230
lfw,4055,int8pc,0.980777
lfw,4056,int8pc,0.984611
lfw,4057,int8pc,0.976713
lfw,4058,int8pc,0.982025
lfw,4059,int8pc,0.978246
lfw,4060,int8pc,0.982557
lfw,4061,int8pc,0.984450
lfw,4062,int8pc,0.976907
lfw,4063,int8pc,0.977318
lfw,4064,int8pc,0.974622
lfw,4065,int8pc,0.962196
lfw,4066,int8pc,0.969841
lfw,4067,int8pc,0.983400
lfw,4068,int8pc,0.980462
lfw,4069,int8pc,0.975955
lfw,4070,int8pc,0.971388
lfw,4071,int8pc,0.965733
lfw,4072,int8pc,0.968763
lfw,4073,int8pc,0.975357
lfw,4074,int8pc,0.975753
lfw,4075,int8pc,0.979695
lfw,4076,int8pc,0.977923
lfw,4077,int8pc,0.974114
lfw,4078,int8pc,0.976714
lfw,4079,int8pc,0.963882
lfw,4080,int8pc,0.974332
lfw,4081,int8pc,0.966775
lfw,4082,int8pc,0.971679
lfw,4083,int8pc,0.972558
lfw,4084,int8pc,0.969217
lfw,4085,int8pc,0.982758
lfw,4086,int8pc,0.965344
lfw,4087,int8pc,0.981616
lfw,4088,int8pc,0.982655
lfw,4089,int8pc,0.980085
lfw,4090,int8pc,0.971035
lfw,4091,int8pc,0.982096
lfw,4092,int8pc,0.967999
lfw,4093,int8pc,0.981376
lfw,4094,int8pc,0.980132
lfw,4095,int8pc,0.975974
lfw,4096,int8pc,0.926947
lfw,4097,int8pc,0.974993
lfw,4098,int8pc,0.960799
lfw,4099,int8pc,0.978169
lfw,4100,int8pc,0.970623
lfw,4101,int8pc,0.984296
lfw,4102,int8pc,0.975989
lfw,4103,int8pc,0.979303
lfw,4104,int8pc,0.979868
lfw,4105,int8pc,0.974531
lfw,4106,int8pc,0.957989
lfw,4107,int8pc,0.974091
lfw,4108,int8pc,0.967223
lfw,4109,int8pc,0.972643
lfw,4110,int8pc,0.976050
lfw,4111,int8pc,0.968932
lfw,4112,int8pc,0.980367
lfw,4113,int8pc,0.980446
lfw,4114,int8pc,0.976002
lfw,4115,int8pc,0.971575
lfw,4116,int8pc,0.974255
lfw,4117,int8pc,0.986548
lfw,4118,int8pc,0.979650
lfw,4119,int8pc,0.973142
lfw,4120,int8pc,0.977457
lfw,4121,int8pc,0.978020
lfw,4122,int8pc,0.978879
lfw,4123,int8pc,0.979765
lfw,4124,int8pc,0.968726
lfw,4125,int8pc,0.973764
lfw,4126,int8pc,0.971084
lfw,4127,int8pc,0.963219
lfw,4128,int8pc,0.972188
lfw,4129,int8pc,0.977413
lfw,4130,int8pc,0.975480
lfw,4131,int8pc,0.974604
lfw,4132,int8pc,0.973235
lfw,4133,int8pc,0.974928
lfw,4134,int8pc,0.979693
lfw,4135,int8pc,0.974713
lfw,4136,int8pc,0.984359
lfw,4137,int8pc,0.984849
lfw,4138,int8pc,0.981450
lfw,4139,int8pc,0.980341
lfw,4140,int8pc,0.979094
lfw,4141,int8pc,0.976443
lfw,4142,int8pc,0.974766
lfw,4143,int8pc,0.975237
lfw,4144,int8pc,0.977486
lfw,4145,int8pc,0.978179
lfw,4146,int8pc,0.974408
lfw,4147,int8pc,0.979595
lfw,4148,int8pc,0.958749
lfw,4149,int8pc,0.979928
lfw,4150,int8pc,0.971876
lfw,4151,int8pc,0.984576
lfw,4152,int8pc,0.978360
lfw,4153,int8pc,0.978001
lfw,4154,int8pc,0.983072
lfw,4155,int8pc,0.972379
lfw,4156,int8pc,0.979827
lfw,4157,int8pc,0.978342
lfw,4158,int8pc,0.984900
lfw,4159,int8pc,0.987820
lfw,4160,int8pc,0.961497
lfw,4161,int8pc,0.975570
lfw,4162,int8pc,0.980855
lfw,4163,int8pc,0.977728
lfw,4164,int8pc,0.977323
lfw,4165,int8pc,0.975436
lfw,4166,int8pc,0.970831
lfw,4167,int8pc,0.986804
lfw,4168,int8pc,0.970521
lfw,4169,int8pc,0.977914
lfw,4170,int8pc,0.970682
lfw,4171,int8pc,0.973699
lfw,4172,int8pc,0.977294
lfw,4173,int8pc,0.970131
lfw,4174,int8pc,0.982767
lfw,4175,int8pc,0.971919
lfw,4176,int8pc,0.980339
lfw,4177,int8pc,0.983011
lfw,4178,int8pc,0.975426
lfw,4179,int8pc,0.973594
lfw,4180,int8pc,0.975572
lfw,4181,int8pc,0.975966
lfw,4182,int8pc,0.965614
lfw,4183,int8pc,0.966611
lfw,4184,int8pc,0.969350
lfw,4185,int8pc,0.980298
lfw,4186,int8pc,0.970352
lfw,4187,int8pc,0.958218
lfw,4188,int8pc,0.971401
lfw,4189,int8pc,0.943383
lfw,4190,int8pc,0.974201
lfw,4191,int8pc,0.973888
lfw,4192,int8pc,0.979348
lfw,4193,int8pc,0.969969
lfw,4194,int8pc,0.967677
lfw,4195,int8pc,0.976315
lfw,4196,int8pc,0.977843
lfw,4197,int8pc,0.981812
lfw,4198,int8pc,0.970449
lfw,4199,int8pc,0.982643
lfw,4200,int8pc,0.961904
lfw,4201,int8pc,0.969758
lfw,4202,int8pc,0.970327
lfw,4203,int8pc,0.961880
lfw,4204,int8pc,0.959724
lfw,4205,int8pc,0.970380
lfw,4206,int8pc,0.986027
lfw,4207,int8pc,0.978145
lfw,4208,int8pc,0.976921
lfw,4209,int8pc,0.970955
lfw,4210,int8pc,0.974438
lfw,4211,int8pc,0.976619
lfw,4212,int8pc,0.977505
lfw,4213,int8pc,0.925953
lfw,4214,int8pc,0.983322
lfw,4215,int8pc,0.974476
lfw,4216,int8pc,0.975668
lfw,4217,int8pc,0.983607
lfw,4218,int8pc,0.961934
lfw,4219,int8pc,0.977999
lfw,4220,int8pc,0.979872
lfw,4221,int8pc,0.967685
lfw,4222,int8pc,0.974340
lfw,4223,int8pc,0.977517
lfw,4224,int8pc,0.976329
lfw,4225,int8pc,0.977127
lfw,4226,int8pc,0.969363
lfw,4227,int8pc,0.982645
lfw,4228,int8pc,0.984676
lfw,4229,int8pc,0.957697
lfw,4230,int8pc,0.976872
lfw,4231,int8pc,0.977642
lfw,4232,int8pc,0.964647
lfw,4233,int8pc,0.958689
lfw,4234,int8pc,0.970934
lfw,4235,int8pc,0.970565
lfw,4236,int8pc,0.979990
lfw,4237,int8pc,0.979777
lfw,4238,int8pc,0.973657
lfw,4239,int8pc,0.981057
lfw,4240,int8pc,0.972290
lfw,4241,int8pc,0.966921
lfw,4242,int8pc,0.971369
lfw,4243,int8pc,0.979902
lfw,4244,int8pc,0.977587
lfw,4245,int8pc,0.975376
lfw,4246,int8pc,0.958497
lfw,4247,int8pc,0.973970
lfw,4248,int8pc,0.980906
lfw,4249,int8pc,0.981798
lfw,4250,int8pc,0.975621
lfw,4251,int8pc,0.967911
lfw,4252,int8pc,0.970723
lfw,4253,int8pc,0.966856
lfw,4254,int8pc,0.978269
lfw,4255,int8pc,0.967563
lfw,4256,int8pc,0.969883
lfw,4257,int8pc,0.968329
lfw,4258,int8pc,0.973098
lfw,4259,int8pc,0.980444
lfw,4260,int8pc,0.976030
lfw,4261,int8pc,0.984407
lfw,4262,int8pc,0.984681
lfw,4263,int8pc,0.970135
lfw,4264,int8pc,0.973195
lfw,4265,int8pc,0.970494
lfw,4266,int8pc,0.977060
lfw,4267,int8pc,0.966402
lfw,4268,int8pc,0.983545
lfw,4269,int8pc,0.981191
lfw,4270,int8pc,0.969529
lfw,4271,int8pc,0.974299
lfw,4272,int8pc,0.978935
lfw,4273,int8pc,0.979549
lfw,4274,int8pc,0.969286
lfw,4275,int8pc,0.969267
lfw,4276,int8pc,0.971627
lfw,4277,int8pc,0.979361
lfw,4278,int8pc,0.978243
lfw,4279,int8pc,0.971156
lfw,4280,int8pc,0.980318
lfw,4281,int8pc,0.968624
lfw,4282,int8pc,0.972751
lfw,4283,int8pc,0.978883
lfw,4284,int8pc,0.970629
lfw,4285,int8pc,0.977657
lfw,4286,int8pc,0.983018
lfw,4287,int8pc,0.978433
lfw,4288,int8pc,0.982266
lfw,4289,int8pc,0.963297
lfw,4290,int8pc,0.979768
lfw,4291,int8pc,0.973451
lfw,4292,int8pc,0.976135
lfw,4293,int8pc,0.980500
lfw,4294,int8pc,0.980707
lfw,4295,int8pc,0.969123
lfw,4296,int8pc,0.972646
lfw,4297,int8pc,0.976480
lfw,4298,int8pc,0.970567
lfw,4299,int8pc,0.981455
lfw,4300,int8pc,0.975665
lfw,4301,int8pc,0.971943
lfw,4302,int8pc,0.974191
lfw,4303,int8pc,0.970414
lfw,4304,int8pc,0.966596
lfw,4305,int8pc,0.973576
lfw,4306,int8pc,0.976918
lfw,4307,int8pc,0.981405
lfw,4308,int8pc,0.973175
lfw,4309,int8pc,0.966395
lfw,4310,int8pc,0.982893
lfw,4311,int8pc,0.968407
lfw,4312,int8pc,0.971786
lfw,4313,int8pc,0.976233
lfw,4314,int8pc,0.982942
lfw,4315,int8pc,0.978510
lfw,4316,int8pc,0.985350
lfw,4317,int8pc,0.983127
lfw,4318,int8pc,0.986805
lfw,4319,int8pc,0.974788
lfw,4320,int8pc,0.973487
lfw,4321,int8pc,0.967969
lfw,4322,int8pc,0.972408
lfw,4323,int8pc,0.979318
lfw,4324,int8pc,0.978841
lfw,4325,int8pc,0.978456
lfw,4326,int8pc,0.977962
lfw,4327,int8pc,0.980189
lfw,4328,int8pc,0.973890
lfw,4329,int8pc,0.964589
lfw,4330,int8pc,0.961574
lfw,4331,int8pc,0.978394
lfw,4332,int8pc,0.970506
lfw,4333,int8pc,0.974492
lfw,4334,int8pc,0.977090
lfw,4335,int8pc,0.978676
lfw,4336,int8pc,0.976180
lfw,4337,int8pc,0.975843
lfw,4338,int8pc,0.978386
lfw,4339,int8pc,0.976064
lfw,4340,int8pc,0.971066
lfw,4341,int8pc,0.972801
lfw,4342,int8pc,0.975919
lfw,4343,int8pc,0.975516
lfw,4344,int8pc,0.977038
lfw,4345,int8pc,0.975884
lfw,4346,int8pc,0.979658
lfw,4347,int8pc,0.982577
lfw,4348,int8pc,0.981031
lfw,4349,int8pc,0.980445
lfw,4350,int8pc,0.975845
lfw,4351,int8pc,0.983688
lfw,4352,int8pc,0.963698
lfw,4353,int8pc,0.978648
lfw,4354,int8pc,0.970007
lfw,4355,int8pc,0.975886
lfw,4356,int8pc,0.978814
lfw,4357,int8pc,0.981401
lfw,4358,int8pc,0.973757
lfw,4359,int8pc,0.968670
lfw,4360,int8pc,0.978263
lfw,4361,int8pc,0.975402
lfw,4362,int8pc,0.965836
lfw,4363,int8pc,0.969553
lfw,4364,int8pc,0.982101
lfw,4365,int8pc,0.984182
lfw,4366,int8pc,0.978259
lfw,4367,int8pc,0.970909
lfw,4368,int8pc,0.982812
lfw,4369,int8pc,0.988386
lfw,4370,int8pc,0.976898
lfw,4371,int8pc,0.981144
lfw,4372,int8pc,0.986488
lfw,4373,int8pc,0.975506
lfw,4374,int8pc,0.979528
lfw,4375,int8pc,0.963702
lfw,4376,int8pc,0.972611
lfw,4377,int8pc,0.982354
lfw,4378,int8pc,0.982195
lfw,4379,int8pc,0.978054
lfw,4380,int8pc,0.969945
lfw,4381,int8pc,0.978268
lfw,4382,int8pc,0.973827
lfw,4383,int8pc,0.976791
lfw,4384,int8pc,0.978295
lfw,4385,int8pc,0.979027
lfw,4386,int8pc,0.981910
lfw,4387,int8pc,0.977997
lfw,4388,int8pc,0.972454
lfw,4389,int8pc,0.978122
lfw,4390,int8pc,0.978700
lfw,4391,int8pc,0.973367
lfw,4392,int8pc,0.968195
lfw,4393,int8pc,0.980618
lfw,4394,int8pc,0.962142
lfw,4395,int8pc,0.975917
lfw,4396,int8pc,0.975783
lfw,4397,int8pc,0.956508
lfw,4398,int8pc,0.975357
lfw,4399,int8pc,0.976954
lfw,4400,int8pc,0.965031
lfw,4401,int8pc,0.978902
lfw,4402,int8pc,0.969361
lfw,4403,int8pc,0.972745
lfw,4404,int8pc,0.972714
lfw,4405,int8pc,0.985341
lfw,4406,int8pc,0.967317
lfw,4407,int8pc,0.977499
lfw,4408,int8pc,0.980256
lfw,4409,int8pc,0.980094
lfw,4410,int8pc,0.980223
lfw,4411,int8pc,0.977297
lfw,4412,int8pc,0.980175
lfw,4413,int8pc,0.976636
lfw,4414,int8pc,0.982658
lfw,4415,int8pc,0.986217
lfw,4416,int8pc,0.979962
lfw,4417,int8pc,0.977816
lfw,4418,int8pc,0.979628
lfw,4419,int8pc,0.976103
lfw,4420,int8pc,0.971829
lfw,4421,int8pc,0.985153
lfw,4422,int8pc,0.980780
lfw,4423,int8pc,0.971218
lfw,4424,int8pc,0.950712
lfw,4425,int8pc,0.974314
lfw,4426,int8pc,0.972601
lfw,4427,int8pc,0.983599
lfw,4428,int8pc,0.975870
lfw,4429,int8pc,0.964215
lfw,4430,int8pc,0.983589
lfw,4431,int8pc,0.979108
lfw,4432,int8pc,0.981201
lfw,4433,int8pc,0.973254
lfw,4434,int8pc,0.973931
lfw,4435,int8pc,0.979766
lfw,4436,int8pc,0.986391
lfw,4437,int8pc,0.976836
lfw,4438,int8pc,0.983453
lfw,4439,int8pc,0.974143
lfw,4440,int8pc,0.981923
lfw,4441,int8pc,0.972466
lfw,4442,int8pc,0.964385
lfw,4443,int8pc,0.987600
lfw,4444,int8pc,0.963346
lfw,4445,int8pc,0.973341
lfw,4446,int8pc,0.976204
lfw,4447,int8pc,0.967991
lfw,4448,int8pc,0.968478
lfw,4449,int8pc,0.970146
lfw,4450,int8pc,0.967265
lfw,4451,int8pc,0.970170
lfw,4452,int8pc,0.970010
lfw,4453,int8pc,0.978058
lfw,4454,int8pc,0.978956
lfw,4455,int8pc,0.963452
lfw,4456,int8pc,0.979843
lfw,4457,int8pc,0.973110
lfw,4458,int8pc,0.978663
lfw,4459,int8pc,0.977972
lfw,4460,int8pc,0.968143
lfw,4461,int8pc,0.980542
lfw,4462,int8pc,0.980508
lfw,4463,int8pc,0.987864
lfw,4464,int8pc,0.977583
lfw,4465,int8pc,0.975340
lfw,4466,int8pc,0.958354
lfw,4467,int8pc,0.972431
lfw,4468,int8pc,0.976757
lfw,4469,int8pc,0.967477
lfw,4470,int8pc,0.974131
lfw,4471,int8pc,0.983771
lfw,4472,int8pc,0.975242
lfw,4473,int8pc,0.978392
lfw,4474,int8pc,0.983540
lfw,4475,int8pc,0.977584
lfw,4476,int8pc,0.981622
lfw,4477,int8pc,0.967439
lfw,4478,int8pc,0.976627
lfw,4479,int8pc,0.981243
lfw,4480,int8pc,0.981355
lfw,4481,int8pc,0.985306
lfw,4482,int8pc,0.980771
lfw,4483,int8pc,0.977632
lfw,4484,int8pc,0.979587
lfw,4485,int8pc,0.982306
lfw,4486,int8pc,0.975109
lfw,4487,int8pc,0.983683
lfw,4488,int8pc,0.978184
lfw,4489,int8pc,0.971253
lfw,4490,int8pc,0.974558
lfw,4491,int8pc,0.980555
lfw,4492,int8pc,0.976532
lfw,4493,int8pc,0.975535
lfw,4494,int8pc,0.975067
lfw,4495,int8pc,0.983414
lfw,4496,int8pc,0.983035
lfw,4497,int8pc,0.982929
lfw,4498,int8pc,0.964127
lfw,4499,int8pc,0.973039
lfw,4500,int8pc,0.971863
lfw,4501,int8pc,0.979546
lfw,4502,int8pc,0.980920
lfw,4503,int8pc,0.982117
lfw,4504,int8pc,0.968850
lfw,4505,int8pc,0.982563
lfw,4506,int8pc,0.970177
lfw,4507,int8pc,0.970770
lfw,4508,int8pc,0.979500
lfw,4509,int8pc,0.981128
lfw,4510,int8pc,0.985562
lfw,4511,int8pc,0.984661
lfw,4512,int8pc,0.976533
lfw,4513,int8pc,0.980001
lfw,4514,int8pc,0.950543
lfw,4515,int8pc,0.978356
lfw,4516,int8pc,0.961126
lfw,4517,int8pc,0.971564
lfw,4518,int8pc,0.982728
lfw,4519,int8pc,0.986567
lfw,4520,int8pc,0.978095
lfw,4521,int8pc,0.978927
lfw,4522,int8pc,0.979839
lfw,4523,int8pc,0.979271
lfw,4524,int8pc,0.973247
lfw,4525,int8pc,0.967523
lfw,4526,int8pc,0.985851
lfw,4527,int8pc,0.978171
lfw,4528,int8pc,0.971167
lfw,4529,int8pc,0.978480
lfw,4530,int8pc,0.981930
lfw,4531,int8pc,0.983909
lfw,4532,int8pc,0.948441
lfw,4533,int8pc,0.970483
lfw,4534,int8pc,0.962609
lfw,4535,int8pc,0.971417
lfw,4536,int8pc,0.978937
lfw,4537,int8pc,0.979710
lfw,4538,int8pc,0.983263
lfw,4539,int8pc,0.977594
lfw,4540,int8pc,0.979055
lfw,4541,int8pc,0.979987
lfw,4542,int8pc,0.983623
lfw,4543,int8pc,0.981298
lfw,4544,int8pc,0.984344
lfw,4545,int8pc,0.976706
lfw,4546,int8pc,0.980470
lfw,4547,int8pc,0.954520
lfw,4548,int8pc,0.957937
lfw,4549,int8pc,0.980320
lfw,4550,int8pc,0.974310
lfw,4551,int8pc,0.977285
lfw,4552,int8pc,0.973224
lfw,4553,int8pc,0.984577
lfw,4554,int8pc,0.971657
lfw,4555,int8pc,0.976561
lfw,4556,int8pc,0.966822
lfw,4557,int8pc,0.968018
lfw,4558,int8pc,0.972398
lfw,4559,int8pc,0.967775
lfw,4560,int8pc,0.979162
lfw,4561,int8pc,0.986690
lfw,4562,int8pc,0.980443
lfw,4563,int8pc,0.983272
lfw,4564,int8pc,0.972598
lfw,4565,int8pc,0.983266
lfw,4566,int8pc,0.986633
lfw,4567,int8pc,0.974382
lfw,4568,int8pc,0.978176
lfw,4569,int8pc,0.976121
lfw,4570,int8pc,0.984132
lfw,4571,int8pc,0.973750
lfw,4572,int8pc,0.978844
lfw,4573,int8pc,0.972428
lfw,4574,int8pc,0.979312
lfw,4575,int8pc,0.973099
lfw,4576,int8pc,0.977902
lfw,4577,int8pc,0.977952
lfw,4578,int8pc,0.971036
lfw,4579,int8pc,0.974337
lfw,4580,int8pc,0.980656
lfw,4581,int8pc,0.977493
lfw,4582,int8pc,0.978212
lfw,4583,int8pc,0.968863
lfw,4584,int8pc,0.980376
lfw,4585,int8pc,0.968005
lfw,4586,int8pc,0.973547
lfw,4587,int8pc,0.977660
lfw,4588,int8pc,0.978740
lfw,4589,int8pc,0.980975
lfw,4590,int8pc,0.973173
lfw,4591,int8pc,0.976697
lfw,4592,int8pc,0.983302
lfw,4593,int8pc,0.979856
lfw,4594,int8pc,0.980715
lfw,4595,int8pc,0.977453
lfw,4596,int8pc,0.975354
lfw,4597,int8pc,0.940216
lfw,4598,int8pc,0.971858
lfw,4599,int8pc,0.966556
lfw,4600,int8pc,0.976316
lfw,4601,int8pc,0.979085
lfw,4602,int8pc,0.980037
lfw,4603,int8pc,0.972251
lfw,4604,int8pc,0.961415
lfw,4605,int8pc,0.963420
lfw,4606,int8pc,0.984006
lfw,4607,int8pc,0.977351
lfw,4608,int8pc,0.978025
lfw,4609,int8pc,0.974897
lfw,4610,int8pc,0.983010
lfw,4611,int8pc,0.973510
lfw,4612,int8pc,0.981765
lfw,4613,int8pc,0.985560
lfw,4614,int8pc,0.980071
lfw,4615,int8pc,0.979963
lfw,4616,int8pc,0.975948
lfw,4617,int8pc,0.978379
lfw,4618,int8pc,0.968051
lfw,4619,int8pc,0.978672
lfw,4620,int8pc,0.984657
lfw,4621,int8pc,0.979476
lfw,4622,int8pc,0.980599
lfw,4623,int8pc,0.981192
lfw,4624,int8pc,0.959920
lfw,4625,int8pc,0.976305
lfw,4626,int8pc,0.983425
lfw,4627,int8pc,0.984697
lfw,4628,int8pc,0.973556
lfw,4629,int8pc,0.981990
lfw,4630,int8pc,0.963237
lfw,4631,int8pc,0.973396
lfw,4632,int8pc,0.983632
lfw,4633,int8pc,0.983897
lfw,4634,int8pc,0.955403
lfw,4635,int8pc,0.964631
lfw,4636,int8pc,0.980734
lfw,4637,int8pc,0.986347
lfw,4638,int8pc,0.988380
lfw,4639,int8pc,0.978200
lfw,4640,int8pc,0.974522
lfw,4641,int8pc,0.970844
lfw,4642,int8pc,0.971918
lfw,4643,int8pc,0.965187
lfw,4644,int8pc,0.978064
lfw,4645,int8pc,0.981256
lfw,4646,int8pc,0.972196
lfw,4647,int8pc,0.976033
lfw,4648,int8pc,0.960555
lfw,4649,int8pc,0.974396
lfw,4650,int8pc,0.965940
lfw,4651,int8pc,0.965592
lfw,4652,int8pc,0.981952
lfw,4653,int8pc,0.985473
lfw,4654,int8pc,0.979561
lfw,4655,int8pc,0.985552
lfw,4656,int8pc,0.988642
lfw,4657,int8pc,0.979391
lfw,4658,int8pc,0.970393
lfw,4659,int8pc,0.978755
lfw,4660,int8pc,0.974289
lfw,4661,int8pc,0.988462
lfw,4662,int8pc,0.974680
lfw,4663,int8pc,0.977721
lfw,4664,int8pc,0.978365
lfw,4665,int8pc,0.982994
lfw,4666,int8pc,0.977254
lfw,4667,int8pc,0.984304
lfw,4668,int8pc,0.978720
lfw,4669,int8pc,0.980503
lfw,4670,int8pc,0.971828
lfw,4671,int8pc,0.961232
lfw,4672,int8pc,0.976294
lfw,4673,int8pc,0.970326
lfw,4674,int8pc,0.982148
lfw,4675,int8pc,0.978392
lfw,4676,int8pc,0.964955
lfw,4677,int8pc,0.973366
lfw,4678,int8pc,0.980197
lfw,4679,int8pc,0.970924
lfw,4680,int8pc,0.960488
lfw,4681,int8pc,0.977760
lfw,4682,int8pc,0.973035
lfw,4683,int8pc,0.980732
lfw,4684,int8pc,0.974886
lfw,4685,int8pc,0.969912
lfw,4686,int8pc,0.979103
lfw,4687,int8pc,0.967789
lfw,4688,int8pc,0.978979
lfw,4689,int8pc,0.972866
lfw,4690,int8pc,0.973712
lfw,4691,int8pc,0.973745
lfw,4692,int8pc,0.983994
lfw,4693,int8pc,0.976792
lfw,4694,int8pc,0.957104
lfw,4695,int8pc,0.979538
lfw,4696,int8pc,0.966443
lfw,4697,int8pc,0.969115
lfw,4698,int8pc,0.978051
lfw,4699,int8pc,0.979166
lfw,4700,int8pc,0.983895
lfw,4701,int8pc,0.971796
lfw,4702,int8pc,0.983104
lfw,4703,int8pc,0.972207
lfw,4704,int8pc,0.981540
lfw,4705,int8pc,0.961065
lfw,4706,int8pc,0.980680
lfw,4707,int8pc,0.965922
lfw,4708,int8pc,0.986942
lfw,4709,int8pc,0.971535
lfw,4710,int8pc,0.974452
lfw,4711,int8pc,0.973646
lfw,4712,int8pc,0.979829
lfw,4713,int8pc,0.970540
lfw,4714,int8pc,0.972645
lfw,4715,int8pc,0.974614
lfw,4716,int8pc,0.983710
lfw,4717,int8pc,0.964527
lfw,4718,int8pc,0.962579
lfw,4719,int8pc,0.976962
lfw,4720,int8pc,0.976818
lfw,4721,int8pc,0.983172
lfw,4722,int8pc,0.978782
lfw,4723,int8pc,0.981899
lfw,4724,int8pc,0.983237
lfw,4725,int8pc,0.976885
lfw,4726,int8pc,0.979086
lfw,4727,int8pc,0.970267
lfw,4728,int8pc,0.978771
lfw,4729,int8pc,0.973136
lfw,4730,int8pc,0.974384
lfw,4731,int8pc,0.975112
lfw,4732,int8pc,0.963365
lfw,4733,int8pc,0.976312
lfw,4734,int8pc,0.964228
lfw,4735,int8pc,0.973843
lfw,4736,int8pc,0.979741
lfw,4737,int8pc,0.981875
lfw,4738,int8pc,0.978430
lfw,4739,int8pc,0.974936
lfw,4740,int8pc,0.969622
lfw,4741,int8pc,0.983249
lfw,4742,int8pc,0.978735
lfw,4743,int8pc,0.969493
lfw,4744,int8pc,0.973429
lfw,4745,int8pc,0.976598
lfw,4746,int8pc,0.978179
lfw,4747,int8pc,0.964877
lfw,4748,int8pc,0.976080
lfw,4749,int8pc,0.973724
lfw,4750,int8pc,0.978120
lfw,4751,int8pc,0.976298
lfw,4752,int8pc,0.969961
lfw,4753,int8pc,0.969872
lfw,4754,int8pc,0.971119
lfw,4755,int8pc,0.972213
lfw,4756,int8pc,0.964840
lfw,4757,int8pc,0.982931
lfw,4758,int8pc,0.970510
lfw,4759,int8pc,0.975475
lfw,4760,int8pc,0.970456
lfw,4761,int8pc,0.980659
lfw,4762,int8pc,0.980707
lfw,4763,int8pc,0.976083
lfw,4764,int8pc,0.984663
lfw,4765,int8pc,0.977934
lfw,4766,int8pc,0.947872
lfw,4767,int8pc,0.978619
lfw,4768,int8pc,0.968507
lfw,4769,int8pc,0.976526
lfw,4770,int8pc,0.976690
lfw,4771,int8pc,0.981589
lfw,4772,int8pc,0.979070
lfw,4773,int8pc,0.982768
lfw,4774,int8pc,0.967902
lfw,4775,int8pc,0.967141
lfw,4776,int8pc,0.976810
lfw,4777,int8pc,0.973081
lfw,4778,int8pc,0.969557
lfw,4779,int8pc,0.969843
lfw,4780,int8pc,0.975596
lfw,4781,int8pc,0.977537
lfw,4782,int8pc,0.973163
lfw,4783,int8pc,0.971892
lfw,4784,int8pc,0.973037
lfw,4785,int8pc,0.975435
lfw,4786,int8pc,0.982994
lfw,4787,int8pc,0.976181
lfw,4788,int8pc,0.975276
lfw,4789,int8pc,0.970015
lfw,4790,int8pc,0.966658
lfw,4791,int8pc,0.974274
lfw,4792,int8pc,0.978581
lfw,4793,int8pc,0.984366
lfw,4794,int8pc,0.975216
lfw,4795,int8pc,0.983470
lfw,4796,int8pc,0.981130
lfw,4797,int8pc,0.975376
lfw,4798,int8pc,0.975463
lfw,4799,int8pc,0.968249
lfw,4800,int8pc,0.976060
lfw,4801,int8pc,0.984727
lfw,4802,int8pc,0.974009
lfw,4803,int8pc,0.976973
lfw,4804,int8pc,0.974801
lfw,4805,int8pc,0.980614
lfw,4806,int8pc,0.977974
lfw,4807,int8pc,0.970296
lfw,4808,int8pc,0.986814
lfw,4809,int8pc,0.975545
lfw,4810,int8pc,0.981882
lfw,4811,int8pc,0.973329
lfw,4812,int8pc,0.977636
lfw,4813,int8pc,0.971125
lfw,4814,int8pc,0.978853
lfw,4815,int8pc,0.980283
lfw,4816,int8pc,0.973600
lfw,4817,int8pc,0.979531
lfw,4818,int8pc,0.980521
lfw,4819,int8pc,0.960816
lfw,4820,int8pc,0.970875
lfw,4821,int8pc,0.963769
lfw,4822,int8pc,0.973429
lfw,4823,int8pc,0.977644
lfw,4824,int8pc,0.982195
lfw,4825,int8pc,0.979880
lfw,4826,int8pc,0.974291
lfw,4827,int8pc,0.982488
lfw,4828,int8pc,0.969927
lfw,4829,int8pc,0.974034
lfw,4830,int8pc,0.977757
lfw,4831,int8pc,0.982194
lfw,4832,int8pc,0.975710
lfw,4833,int8pc,0.974859
lfw,4834,int8pc,0.980191
lfw,4835,int8pc,0.977613
lfw,4836,int8pc,0.964497
lfw,4837,int8pc,0.970811
lfw,4838,int8pc,0.986551
lfw,4839,int8pc,0.958446
lfw,4840,int8pc,0.971422
lfw,4841,int8pc,0.954834
lfw,4842,int8pc,0.964449
lfw,4843,int8pc,0.985628
lfw,4844,int8pc,0.978780
lfw,4845,int8pc,0.971185
lfw,4846,int8pc,0.976556
lfw,4847,int8pc,0.978257
lfw,4848,int8pc,0.981069
lfw,4849,int8pc,0.978100
lfw,4850,int8pc,0.979771
lfw,4851,int8pc,0.971468
lfw,4852,int8pc,0.974633
lfw,4853,int8pc,0.977589
lfw,4854,int8pc,0.980916
lfw,4855,int8pc,0.972277
lfw,4856,int8pc,0.959261
lfw,4857,int8pc,0.965617
lfw,4858,int8pc,0.973039
lfw,4859,int8pc,0.978739
lfw,4860,int8pc,0.980763
lfw,4861,int8pc,0.977508
lfw,4862,int8pc,0.980597
lfw,4863,int8pc,0.973675
lfw,4864,int8pc,0.974358
lfw,4865,int8pc,0.970989
lfw,4866,int8pc,0.981550
lfw,4867,int8pc,0.977811
lfw,4868,int8pc,0.979681
lfw,4869,int8pc,0.980292
lfw,4870,int8pc,0.978314
lfw,4871,int8pc,0.979196
lfw,4872,int8pc,0.979974
lfw,4873,int8pc,0.984793
lfw,4874,int8pc,0.967954
lfw,4875,int8pc,0.975710
lfw,4876,int8pc,0.974621
lfw,4877,int8pc,0.983901
lfw,4878,int8pc,0.976161
lfw,4879,int8pc,0.974962
lfw,4880,int8pc,0.971331
lfw,4881,int8pc,0.959798
lfw,4882,int8pc,0.973307
lfw,4883,int8pc,0.969469
lfw,4884,int8pc,0.984268
lfw,4885,int8pc,0.976865
lfw,4886,int8pc,0.979978
lfw,4887,int8pc,0.978055
lfw,4888,int8pc,0.963701
lfw,4889,int8pc,0.979914
lfw,4890,int8pc,0.962466
lfw,4891,int8pc,0.967550
lfw,4892,int8pc,0.975292
lfw,4893,int8pc,0.957141
lfw,4894,int8pc,0.981539
lfw,4895,int8pc,0.969328
lfw,4896,int8pc,0.979493
lfw,4897,int8pc,0.975935
lfw,4898,int8pc,0.982600
lfw,4899,int8pc,0.979422
lfw,4900,int8pc,0.977761
lfw,4901,int8pc,0.967603
lfw,4902,int8pc,0.974533
lfw,4903,int8pc,0.979461
lfw,4904,int8pc,0.968664
lfw,4905,int8pc,0.978483
lfw,4906,int8pc,0.973883
lfw,4907,int8pc,0.975284
lfw,4908,int8pc,0.978554
lfw,4909,int8pc,0.979556
lfw,4910,int8pc,0.968887
lfw,4911,int8pc,0.974731
lfw,4912,int8pc,0.960396
lfw,4913,int8pc,0.979570
lfw,4914,int8pc,0.971506
lfw,4915,int8pc,0.964818
lfw,4916,int8pc,0.978935
lfw,4917,int8pc,0.977275
lfw,4918,int8pc,0.971837
lfw,4919,int8pc,0.975565
lfw,4920,int8pc,0.980315
lfw,4921,int8pc,0.980406
lfw,4922,int8pc,0.969270
lfw,4923,int8pc,0.967430
lfw,4924,int8pc,0.972541
lfw,4925,int8pc,0.981515
lfw,4926,int8pc,0.980506
lfw,4927,int8pc,0.971125
lfw,4928,int8pc,0.950767
lfw,4929,int8pc,0.978681
lfw,4930,int8pc,0.969509
lfw,4931,int8pc,0.977151
lfw,4932,int8pc,0.977719
lfw,4933,int8pc,0.977722
lfw,4934,int8pc,0.976022
lfw,4935,int8pc,0.958876
lfw,4936,int8pc,0.970759
lfw,4937,int8pc,0.979424
lfw,4938,int8pc,0.983107
lfw,4939,int8pc,0.980353
lfw,4940,int8pc,0.960575
lfw,4941,int8pc,0.979299
lfw,4942,int8pc,0.962741
lfw,4943,int8pc,0.981051
lfw,4944,int8pc,0.965000
lfw,4945,int8pc,0.981306
lfw,4946,int8pc,0.972733
lfw,4947,int8pc,0.976980
lfw,4948,int8pc,0.978080
lfw,4949,int8pc,0.973422
lfw,4950,int8pc,0.980713
lfw,4951,int8pc,0.977910
lfw,4952,int8pc,0.973247
lfw,4953,int8pc,0.961996
lfw,4954,int8pc,0.954650
lfw,4955,int8pc,0.971366
lfw,4956,int8pc,0.962916
lfw,4957,int8pc,0.984630
lfw,4958,int8pc,0.970220
lfw,4959,int8pc,0.976297
lfw,4960,int8pc,0.967202
lfw,4961,int8pc,0.973096
lfw,4962,int8pc,0.983275
lfw,4963,int8pc,0.963695
lfw,4964,int8pc,0.979849
lfw,4965,int8pc,0.982728
lfw,4966,int8pc,0.971414
lfw,4967,int8pc,0.975893
lfw,4968,int8pc,0.977244
lfw,4969,int8pc,0.981038
lfw,4970,int8pc,0.975177
lfw,4971,int8pc,0.979379
lfw,4972,int8pc,0.971420
lfw,4973,int8pc,0.981643
lfw,4974,int8pc,0.955527
lfw,4975,int8pc,0.979227
lfw,4976,int8pc,0.983527
lfw,4977,int8pc,0.964058
lfw,4978,int8pc,0.985370
lfw,4979,int8pc,0.975815
lfw,4980,int8pc,0.976860
lfw,4981,int8pc,0.971966
lfw,4982,int8pc,0.980460
lfw,4983,int8pc,0.977145
lfw,4984,int8pc,0.963156
lfw,4985,int8pc,0.968108
lfw,4986,int8pc,0.966991
lfw,4987,int8pc,0.977241
lfw,4988,int8pc,0.985036
lfw,4989,int8pc,0.982838
lfw,4990,int8pc,0.979963
lfw,4991,int8pc,0.973981
lfw,4992,int8pc,0.973861
lfw,4993,int8pc,0.981685
lfw,4994,int8pc,0.972259
lfw,4995,int8pc,0.973509
lfw,4996,int8pc,0.955997
lfw,4997,int8pc,0.966267
lfw,4998,int8pc,0.970242
lfw,4999,int8pc,0.985460
lfw,5000,int8pc,0.975069
lfw,5001,int8pc,0.980406
lfw,5002,int8pc,0.973557
lfw,5003,int8pc,0.977993
lfw,5004,int8pc,0.977275
lfw,5005,int8pc,0.983471
lfw,5006,int8pc,0.966535
lfw,5007,int8pc,0.953170
lfw,5008,int8pc,0.973751
lfw,5009,int8pc,0.981341
lfw,5010,int8pc,0.974419
lfw,5011,int8pc,0.969307
lfw,5012,int8pc,0.970455
lfw,5013,int8pc,0.981609
lfw,5014,int8pc,0.969584
lfw,5015,int8pc,0.982695
lfw,5016,int8pc,0.978259
lfw,5017,int8pc,0.978873
lfw,5018,int8pc,0.981444
lfw,5019,int8pc,0.968707
lfw,5020,int8pc,0.985822
lfw,5021,int8pc,0.980633
lfw,5022,int8pc,0.988438
lfw,5023,int8pc,0.979959
lfw,5024,int8pc,0.983481
lfw,5025,int8pc,0.977178
lfw,5026,int8pc,0.979069
lfw,5027,int8pc,0.974234
lfw,5028,int8pc,0.969101
lfw,5029,int8pc,0.978102
lfw,5030,int8pc,0.976235
lfw,5031,int8pc,0.975134
lfw,5032,int8pc,0.980156
lfw,5033,int8pc,0.978469
lfw,5034,int8pc,0.981189
lfw,5035,int8pc,0.980323
lfw,5036,int8pc,0.979482
lfw,5037,int8pc,0.976187
lfw,5038,int8pc,0.983664
lfw,5039,int8pc,0.973414
lfw,5040,int8pc,0.978083
lfw,5041,int8pc,0.979863
lfw,5042,int8pc,0.976686
lfw,5043,int8pc,0.984220
lfw,5044,int8pc,0.979911
lfw,5045,int8pc,0.979128
lfw,5046,int8pc,0.978026
lfw,5047,int8pc,0.980423
lfw,5048,int8pc,0.978116
lfw,5049,int8pc,0.964516
lfw,5050,int8pc,0.970451
lfw,5051,int8pc,0.978884
lfw,5052,int8pc,0.972964
lfw,5053,int8pc,0.977086
lfw,5054,int8pc,0.980303
lfw,5055,int8pc,0.980610
lfw,5056,int8pc,0.968451
lfw,5057,int8pc,0.973768
lfw,5058,int8pc,0.976585
lfw,5059,int8pc,0.974532
lfw,5060,int8pc,0.971085
lfw,5061,int8pc,0.983353
lfw,5062,int8pc,0.968861
lfw,5063,int8pc,0.971874
lfw,5064,int8pc,0.977883
lfw,5065,int8pc,0.968886
lfw,5066,int8pc,0.978936
lfw,5067,int8pc,0.983005
lfw,5068,int8pc,0.979782
lfw,5069,int8pc,0.978818
lfw,5070,int8pc,0.971958
lfw,5071,int8pc,0.978998
lfw,5072,int8pc,0.982033
lfw,5073,int8pc,0.969914
lfw,5074,int8pc,0.973564
lfw,5075,int8pc,0.978213
lfw,5076,int8pc,0.978669
lfw,5077,int8pc,0.976606
lfw,5078,int8pc,0.981753
lfw,5079,int8pc,0.989605
lfw,5080,int8pc,0.968873
lfw,5081,int8pc,0.979572
lfw,5082,int8pc,0.975351
lfw,5083,int8pc,0.973803
lfw,5084,int8pc,0.976203
lfw,5085,int8pc,0.973409
lfw,5086,int8pc,0.961889
lfw,5087,int8pc,0.985384
lfw,5088,int8pc,0.983495
lfw,5089,int8pc,0.953212
lfw,5090,int8pc,0.975433
lfw,5091,int8pc,0.970732
lfw,5092,int8pc,0.967386
lfw,5093,int8pc,0.972288
lfw,5094,int8pc,0.976681
lfw,5095,int8pc,0.953591
lfw,5096,int8pc,0.980880
lfw,5097,int8pc,0.969940
lfw,5098,int8pc,0.968199
lfw,5099,int8pc,0.978310
lfw,5100,int8pc,0.968517
lfw,5101,int8pc,0.967385
lfw,5102,int8pc,0.983612
lfw,5103,int8pc,0.976335
lfw,5104,int8pc,0.983036
lfw,5105,int8pc,0.982993
lfw,5106,int8pc,0.975884
lfw,5107,int8pc,0.984232
lfw,5108,int8pc,0.968733
lfw,5109,int8pc,0.980495
lfw,5110,int8pc,0.979207
lfw,5111,int8pc,0.968511
lfw,5112,int8pc,0.963948
lfw,5113,int8pc,0.967740
lfw,5114,int8pc,0.984280
lfw,5115,int8pc,0.973519
lfw,5116,int8pc,0.984680
lfw,5117,int8pc,0.971599
lfw,5118,int8pc,0.979995
lfw,5119,int8pc,0.974665
lfw,5120,int8pc,0.971659
lfw,5121,int8pc,0.965039
lfw,5122,int8pc,0.977488
lfw,5123,int8pc,0.967190
lfw,5124,int8pc,0.972288
lfw,5125,int8pc,0.972048
lfw,5126,int8pc,0.980968
lfw,5127,int8pc,0.975051
lfw,5128,int8pc,0.957624
lfw,5129,int8pc,0.974180
lfw,5130,int8pc,0.979173
lfw,5131,int8pc,0.981678
lfw,5132,int8pc,0.970461
lfw,5133,int8pc,0.983529
lfw,5134,int8pc,0.979169
lfw,5135,int8pc,0.979720
lfw,5136,int8pc,0.971972
lfw,5137,int8pc,0.979717
lfw,5138,int8pc,0.963309
lfw,5139,int8pc,0.976207
lfw,5140,int8pc,0.975027
lfw,5141,int8pc,0.968390
lfw,5142,int8pc,0.978658
lfw,5143,int8pc,0.973157
lfw,5144,int8pc,0.983118
lfw,5145,int8pc,0.976292
lfw,5146,int8pc,0.978218
lfw,5147,int8pc,0.984954
lfw,5148,int8pc,0.971458
lfw,5149,int8pc,0.981640
lfw,5150,int8pc,0.971360
lfw,5151,int8pc,0.971317
lfw,5152,int8pc,0.974482
lfw,5153,int8pc,0.981569
lfw,5154,int8pc,0.975096
lfw,5155,int8pc,0.980403
lfw,5156,int8pc,0.970141
lfw,5157,int8pc,0.969017
lfw,5158,int8pc,0.969235
lfw,5159,int8pc,0.980787
lfw,5160,int8pc,0.986340
lfw,5161,int8pc,0.985370
lfw,5162,int8pc,0.978929
lfw,5163,int8pc,0.975118
lfw,5164,int8pc,0.963032
lfw,5165,int8pc,0.964179
lfw,5166,int8pc,0.955976
lfw,5167,int8pc,0.979168
lfw,5168,int8pc,0.968077
lfw,5169,int8pc,0.982312
lfw,5170,int8pc,0.974581
lfw,5171,int8pc,0.977136
lfw,5172,int8pc,0.974941
lfw,5173,int8pc,0.968739
lfw,5174,int8pc,0.970371
lfw,5175,int8pc,0.984731
lfw,5176,int8pc,0.975265
lfw,5177,int8pc,0.976871
lfw,5178,int8pc,0.964319
lfw,5179,int8pc,0.981920
lfw,5180,int8pc,0.979807
lfw,5181,int8pc,0.979496
lfw,5182,int8pc,0.950958
lfw,5183,int8pc,0.975266
lfw,5184,int8pc,0.973609
lfw,5185,int8pc,0.964392
lfw,5186,int8pc,0.961318
lfw,5187,int8pc,0.977357
lfw,5188,int8pc,0.973080
lfw,5189,int8pc,0.959782
lfw,5190,int8pc,0.970256
lfw,5191,int8pc,0.984162
lfw,5192,int8pc,0.974049
lfw,5193,int8pc,0.982077
lfw,5194,int8pc,0.965221
lfw,5195,int8pc,0.970587
lfw,5196,int8pc,0.966022
lfw,5197,int8pc,0.975323
lfw,5198,int8pc,0.981444
lfw,5199,int8pc,0.977642
lfw,5200,int8pc,0.970396
lfw,5201,int8pc,0.968631
lfw,5202,int8pc,0.978104
lfw,5203,int8pc,0.973685
lfw,5204,int8pc,0.981678
lfw,5205,int8pc,0.951548
lfw,5206,int8pc,0.964711
lfw,5207,int8pc,0.977183
lfw,5208,int8pc,0.976364
lfw,5209,int8pc,0.965187
lfw,5210,int8pc,0.982305
lfw,5211,int8pc,0.980263
lfw,5212,int8pc,0.981216
lfw,5213,int8pc,0.980192
lfw,5214,int8pc,0.980215
lfw,5215,int8pc,0.985427
lfw,5216,int8pc,0.958257
lfw,5217,int8pc,0.974932
lfw,5218,int8pc,0.972744
lfw,5219,int8pc,0.962531
lfw,5220,int8pc,0.971743
lfw,5221,int8pc,0.984045
lfw,5222,int8pc,0.981948
lfw,5223,int8pc,0.986492
lfw,5224,int8pc,0.980518
lfw,5225,int8pc,0.987745
lfw,5226,int8pc,0.982249
lfw,5227,int8pc,0.972255
lfw,5228,int8pc,0.985836
lfw,5229,int8pc,0.975076
lfw,5230,int8pc,0.980739
lfw,5231,int8pc,0.982279
lfw,5232,int8pc,0.977977
lfw,5233,int8pc,0.979863
lfw,5234,int8pc,0.981191
lfw,5235,int8pc,0.977895
lfw,5236,int8pc,0.978605
lfw,5237,int8pc,0.973282
lfw,5238,int8pc,0.978052
lfw,5239,int8pc,0.981170
lfw,5240,int8pc,0.981994
lfw,5241,int8pc,0.970250
lfw,5242,int8pc,0.976859
lfw,5243,int8pc,0.985237
lfw,5244,int8pc,0.982278
lfw,5245,int8pc,0.982585
lfw,5246,int8pc,0.972820
lfw,5247,int8pc,0.979421
lfw,5248,int8pc,0.981525
lfw,5249,int8pc,0.984028
lfw,5250,int8pc,0.975679
lfw,5251,int8pc,0.968208
lfw,5252,int8pc,0.974202
lfw,5253,int8pc,0.967804
lfw,5254,int8pc,0.970775
lfw,5255,int8pc,0.966306
lfw,5256,int8pc,0.981565
lfw,5257,int8pc,0.973508
lfw,5258,int8pc,0.980346
lfw,5259,int8pc,0.985325
lfw,5260,int8pc,0.980338
lfw,5261,int8pc,0.979516
lfw,5262,int8pc,0.988431
lfw,5263,int8pc,0.981689
lfw,5264,int8pc,0.983223
lfw,5265,int8pc,0.978752
lfw,5266,int8pc,0.973906
lfw,5267,int8pc,0.980952
lfw,5268,int8pc,0.981597
lfw,5269,int8pc,0.978066
lfw,5270,int8pc,0.980398
lfw,5271,int8pc,0.984185
lfw,5272,int8pc,0.967057
lfw,5273,int8pc,0.944811
lfw,5274,int8pc,0.974911
lfw,5275,int8pc,0.971003
lfw,5276,int8pc,0.975989
lfw,5277,int8pc,0.973588
lfw,5278,int8pc,0.983809
lfw,5279,int8pc,0.985829
lfw,5280,int8pc,0.977512
lfw,5281,int8pc,0.972464
lfw,5282,int8pc,0.983734
lfw,5283,int8pc,0.981161
lfw,5284,int8pc,0.987046
lfw,5285,int8pc,0.982899
lfw,5286,int8pc,0.983355
lfw,5287,int8pc,0.979255
lfw,5288,int8pc,0.976108
lfw,5289,int8pc,0.972481
lfw,5290,int8pc,0.978060
lfw,5291,int8pc,0.982950
lfw,5292,int8pc,0.980830
lfw,5293,int8pc,0.986374
lfw,5294,int8pc,0.987260
lfw,5295,int8pc,0.983980
lfw,5296,int8pc,0.980886
lfw,5297,int8pc,0.977671
lfw,5298,int8pc,0.979638
lfw,5299,int8pc,0.962780
lfw,5300,int8pc,0.958639
lfw,5301,int8pc,0.986290
lfw,5302,int8pc,0.974641
lfw,5303,int8pc,0.973892
lfw,5304,int8pc,0.973937
lfw,5305,int8pc,0.973862
lfw,5306,int8pc,0.967697
lfw,5307,int8pc,0.980627
lfw,5308,int8pc,0.965302
lfw,5309,int8pc,0.977370
lfw,5310,int8pc,0.972639
lfw,5311,int8pc,0.976808
lfw,5312,int8pc,0.977657
lfw,5313,int8pc,0.963350
lfw,5314,int8pc,0.980670
lfw,5315,int8pc,0.979266
lfw,5316,int8pc,0.980490
lfw,5317,int8pc,0.980405
lfw,5318,int8pc,0.979412
lfw,5319,int8pc,0.974750
lfw,5320,int8pc,0.949557
lfw,5321,int8pc,0.971547
lfw,5322,int8pc,0.976868
lfw,5323,int8pc,0.979065
lfw,5324,int8pc,0.969589
lfw,5325,int8pc,0.973956
lfw,5326,int8pc,0.968684
lfw,5327,int8pc,0.985355
lfw,5328,int8pc,0.986686
lfw,5329,int8pc,0.988306
lfw,5330,int8pc,0.982247
lfw,5331,int8pc,0.984669
lfw,5332,int8pc,0.976322
lfw,5333,int8pc,0.981577
lfw,5334,int8pc,0.971940
lfw,5335,int8pc,0.970637
lfw,5336,int8pc,0.969281
lfw,5337,int8pc,0.978268
lfw,5338,int8pc,0.974223
lfw,5339,int8pc,0.981557
lfw,5340,int8pc,0.980011
lfw,5341,int8pc,0.969380
lfw,5342,int8pc,0.966896
lfw,5343,int8pc,0.968730
lfw,5344,int8pc,0.963135
lfw,5345,int8pc,0.969283
lfw,5346,int8pc,0.975109
lfw,5347,int8pc,0.975736
lfw,5348,int8pc,0.976762
lfw,5349,int8pc,0.980002
lfw,5350,int8pc,0.981550
lfw,5351,int8pc,0.978648
lfw,5352,int8pc,0.978414
lfw,5353,int8pc,0.975506
lfw,5354,int8pc,0.957725
lfw,5355,int8pc,0.962917
lfw,5356,int8pc,0.962633
lfw,5357,int8pc,0.980702
lfw,5358,int8pc,0.985652
lfw,5359,int8pc,0.973073
lfw,5360,int8pc,0.973883
lfw,5361,int8pc,0.964327
lfw,5362,int8pc,0.977149
lfw,5363,int8pc,0.977556
lfw,5364,int8pc,0.966985
lfw,5365,int8pc,0.968752
lfw,5366,int8pc,0.972242
lfw,5367,int8pc,0.978740
lfw,5368,int8pc,0.974700
lfw,5369,int8pc,0.975060
lfw,5370,int8pc,0.970882
lfw,5371,int8pc,0.975551
lfw,5372,int8pc,0.973251
lfw,5373,int8pc,0.985384
lfw,5374,int8pc,0.966382
lfw,5375,int8pc,0.975347
lfw,5376,int8pc,0.962802
lfw,5377,int8pc,0.980970
lfw,5378,int8pc,0.981867
lfw,5379,int8pc,0.973849
lfw,5380,int8pc,0.982835
lfw,5381,int8pc,0.982196
lfw,5382,int8pc,0.955646
lfw,5383,int8pc,0.981294
lfw,5384,int8pc,0.978028
lfw,5385,int8pc,0.977315
lfw,5386,int8pc,0.974757
lfw,5387,int8pc,0.976164
lfw,5388,int8pc,0.978376
lfw,5389,int8pc,0.976822
lfw,5390,int8pc,0.982279
lfw,5391,int8pc,0.974293
lfw,5392,int8pc,0.982957
lfw,5393,int8pc,0.972906
lfw,5394,int8pc,0.977127
lfw,5395,int8pc,0.970974
lfw,5396,int8pc,0.978060
lfw,5397,int8pc,0.955701
lfw,5398,int8pc,0.977046
lfw,5399,int8pc,0.975770
lfw,5400,int8pc,0.980683
lfw,5401,int8pc,0.976008
lfw,5402,int8pc,0.979151
lfw,5403,int8pc,0.979749
lfw,5404,int8pc,0.981481
lfw,5405,int8pc,0.974550
lfw,5406,int8pc,0.964196
lfw,5407,int8pc,0.982759
lfw,5408,int8pc,0.976250
lfw,5409,int8pc,0.983405
lfw,5410,int8pc,0.979047
lfw,5411,int8pc,0.980920
lfw,5412,int8pc,0.980419
lfw,5413,int8pc,0.979146
lfw,5414,int8pc,0.969140
lfw,5415,int8pc,0.976834
lfw,5416,int8pc,0.964657
lfw,5417,int8pc,0.976837
lfw,5418,int8pc,0.976136
lfw,5419,int8pc,0.974090
lfw,5420,int8pc,0.977379
lfw,5421,int8pc,0.980937
lfw,5422,int8pc,0.981134
lfw,5423,int8pc,0.982225
lfw,5424,int8pc,0.972851
lfw,5425,int8pc,0.965436
lfw,5426,int8pc,0.977112
lfw,5427,int8pc,0.983134
lfw,5428,int8pc,0.977670
lfw,5429,int8pc,0.977259
lfw,5430,int8pc,0.986707
lfw,5431,int8pc,0.963977
lfw,5432,int8pc,0.980561
lfw,5433,int8pc,0.959403
lfw,5434,int8pc,0.979710
lfw,5435,int8pc,0.961292
lfw,5436,int8pc,0.979876
lfw,5437,int8pc,0.979384
lfw,5438,int8pc,0.962397
lfw,5439,int8pc,0.976940
lfw,5440,int8pc,0.985663
lfw,5441,int8pc,0.986966
lfw,5442,int8pc,0.982759
lfw,5443,int8pc,0.979355
lfw,5444,int8pc,0.978003
lfw,5445,int8pc,0.964107
lfw,5446,int8pc,0.980010
lfw,5447,int8pc,0.981125
lfw,5448,int8pc,0.975934
lfw,5449,int8pc,0.962378
lfw,5450,int8pc,0.960232
lfw,5451,int8pc,0.976969
lfw,5452,int8pc,0.980613
lfw,5453,int8pc,0.975077
lfw,5454,int8pc,0.979010
lfw,5455,int8pc,0.975458
lfw,5456,int8pc,0.964562
lfw,5457,int8pc,0.967179
lfw,5458,int8pc,0.981156
lfw,5459,int8pc,0.976017
lfw,5460,int8pc,0.971904
lfw,5461,int8pc,0.971412
lfw,5462,int8pc,0.978746
lfw,5463,int8pc,0.976266
lfw,5464,int8pc,0.976639
lfw,5465,int8pc,0.973877
lfw,5466,int8pc,0.981037
lfw,5467,int8pc,0.950173
lfw,5468,int8pc,0.975042
lfw,5469,int8pc,0.974861
lfw,5470,int8pc,0.966001
lfw,5471,int8pc,0.963099
lfw,5472,int8pc,0.978303
lfw,5473,int8pc,0.969411
lfw,5474,int8pc,0.980110
lfw,5475,int8pc,0.978237
lfw,5476,int8pc,0.978738
lfw,5477,int8pc,0.976750
lfw,5478,int8pc,0.978490
lfw,5479,int8pc,0.964108
lfw,5480,int8pc,0.966194
lfw,5481,int8pc,0.981066
lfw,5482,int8pc,0.983260
lfw,5483,int8pc,0.975816
lfw,5484,int8pc,0.980080
lfw,5485,int8pc,0.967294
lfw,5486,int8pc,0.983632
lfw,5487,int8pc,0.983577
lfw,5488,int8pc,0.977033
lfw,5489,int8pc,0.976898
lfw,5490,int8pc,0.979624
lfw,5491,int8pc,0.968584
lfw,5492,int8pc,0.978160
lfw,5493,int8pc,0.978351
lfw,5494,int8pc,0.976980
lfw,5495,int8pc,0.979492
lfw,5496,int8pc,0.977961
lfw,5497,int8pc,0.982246
lfw,5498,int8pc,0.976413
lfw,5499,int8pc,0.971500
lfw,5500,int8pc,0.968845
lfw,5501,int8pc,0.988951
lfw,5502,int8pc,0.983547
lfw,5503,int8pc,0.978042
lfw,5504,int8pc,0.967588
lfw,5505,int8pc,0.971357
lfw,5506,int8pc,0.981821
lfw,5507,int8pc,0.979735
lfw,5508,int8pc,0.979564
lfw,5509,int8pc,0.973409
lfw,5510,int8pc,0.973992
lfw,5511,int8pc,0.984110
lfw,5512,int8pc,0.986511
lfw,5513,int8pc,0.983011
lfw,5514,int8pc,0.978445
lfw,5515,int8pc,0.979831
lfw,5516,int8pc,0.980422
lfw,5517,int8pc,0.974605
lfw,5518,int8pc,0.985682
lfw,5519,int8pc,0.967445
lfw,5520,int8pc,0.972818
lfw,5521,int8pc,0.982147
lfw,5522,int8pc,0.965035
lfw,5523,int8pc,0.976638
lfw,5524,int8pc,0.978518
lfw,5525,int8pc,0.982229
lfw,5526,int8pc,0.976338
lfw,5527,int8pc,0.980506
lfw,5528,int8pc,0.985586
lfw,5529,int8pc,0.981113
lfw,5530,int8pc,0.977126
lfw,5531,int8pc,0.963414
lfw,5532,int8pc,0.977129
lfw,5533,int8pc,0.969777
lfw,5534,int8pc,0.973277
lfw,5535,int8pc,0.972780
lfw,5536,int8pc,0.974745
lfw,5537,int8pc,0.959613
lfw,5538,int8pc,0.975574
lfw,5539,int8pc,0.970039
lfw,5540,int8pc,0.973982
lfw,5541,int8pc,0.959283
lfw,5542,int8pc,0.982984
lfw,5543,int8pc,0.985925
lfw,5544,int8pc,0.980933
lfw,5545,int8pc,0.985881
lfw,5546,int8pc,0.981928
lfw,5547,int8pc,0.973609
lfw,5548,int8pc,0.981857
lfw,5549,int8pc,0.977493
lfw,5550,int8pc,0.979499
lfw,5551,int8pc,0.972718
lfw,5552,int8pc,0.978078
lfw,5553,int8pc,0.972228
lfw,5554,int8pc,0.980020
lfw,5555,int8pc,0.962778
lfw,5556,int8pc,0.966604
lfw,5557,int8pc,0.963548
lfw,5558,int8pc,0.978526
lfw,5559,int8pc,0.974023
lfw,5560,int8pc,0.985889
lfw,5561,int8pc,0.968875
lfw,5562,int8pc,0.983620
lfw,5563,int8pc,0.969541
lfw,5564,int8pc,0.969534
lfw,5565,int8pc,0.967900
lfw,5566,int8pc,0.984177
lfw,5567,int8pc,0.979276
lfw,5568,int8pc,0.977557
lfw,5569,int8pc,0.972744
lfw,5570,int8pc,0.972233
lfw,5571,int8pc,0.983833
lfw,5572,int8pc,0.970922
lfw,5573,int8pc,0.974730
lfw,5574,int8pc,0.969572
lfw,5575,int8pc,0.971753
lfw,5576,int8pc,0.967834
lfw,5577,int8pc,0.960623
lfw,5578,int8pc,0.974705
lfw,5579,int8pc,0.963778
lfw,5580,int8pc,0.963264
lfw,5581,int8pc,0.981290
lfw,5582,int8pc,0.979195
lfw,5583,int8pc,0.982482
lfw,5584,int8pc,0.973475
lfw,5585,int8pc,0.976478
lfw,5586,int8pc,0.973909
lfw,5587,int8pc,0.978663
lfw,5588,int8pc,0.984975
lfw,5589,int8pc,0.979424
lfw,5590,int8pc,0.978340
lfw,5591,int8pc,0.977129
lfw,5592,int8pc,0.966600
lfw,5593,int8pc,0.977164
lfw,5594,int8pc,0.978444
lfw,5595,int8pc,0.978730
lfw,5596,int8pc,0.977751
lfw,5597,int8pc,0.979860
lfw,5598,int8pc,0.966810
lfw,5599,int8pc,0.982322
lfw,5600,int8pc,0.970206
lfw,5601,int8pc,0.969808
lfw,5602,int8pc,0.967986
lfw,5603,int8pc,0.984328
lfw,5604,int8pc,0.974655
lfw,5605,int8pc,0.981177
lfw,5606,int8pc,0.981295
lfw,5607,int8pc,0.974549
lfw,5608,int8pc,0.979587
lfw,5609,int8pc,0.984391
lfw,5610,int8pc,0.947082
lfw,5611,int8pc,0.977775
lfw,5612,int8pc,0.960478
lfw,5613,int8pc,0.970096
lfw,5614,int8pc,0.978001
lfw,5615,int8pc,0.972573
lfw,5616,int8pc,0.961524
lfw,5617,int8pc,0.976510
lfw,5618,int8pc,0.972918
lfw,5619,int8pc,0.969943
lfw,5620,int8pc,0.968444
lfw,5621,int8pc,0.979348
lfw,5622,int8pc,0.969191
lfw,5623,int8pc,0.983704
lfw,5624,int8pc,0.963256
lfw,5625,int8pc,0.962034
lfw,5626,int8pc,0.976027
lfw,5627,int8pc,0.966132
lfw,5628,int8pc,0.969443
lfw,5629,int8pc,0.966424
lfw,5630,int8pc,0.979998
lfw,5631,int8pc,0.980382
lfw,5632,int8pc,0.964581
lfw,5633,int8pc,0.982387
lfw,5634,int8pc,0.976339
lfw,5635,int8pc,0.965605
lfw,5636,int8pc,0.984140
lfw,5637,int8pc,0.971556
lfw,5638,int8pc,0.980128
lfw,5639,int8pc,0.981037
lfw,5640,int8pc,0.985986
lfw,5641,int8pc,0.956874
lfw,5642,int8pc,0.977865
lfw,5643,int8pc,0.976368
lfw,5644,int8pc,0.971452
lfw,5645,int8pc,0.962493
lfw,5646,int8pc,0.967695
lfw,5647,int8pc,0.972766
lfw,5648,int8pc,0.977492
lfw,5649,int8pc,0.966166
lfw,5650,int8pc,0.960832
lfw,5651,int8pc,0.977225
lfw,5652,int8pc,0.971960
lfw,5653,int8pc,0.972296
lfw,5654,int8pc,0.980315
lfw,5655,int8pc,0.969542
lfw,5656,int8pc,0.984208
lfw,5657,int8pc,0.980156
lfw,5658,int8pc,0.980741
lfw,5659,int8pc,0.973431
lfw,5660,int8pc,0.977621
lfw,5661,int8pc,0.973445
lfw,5662,int8pc,0.976337
lfw,5663,int8pc,0.982780
lfw,5664,int8pc,0.976376
lfw,5665,int8pc,0.978590
lfw,5666,int8pc,0.972283
lfw,5667,int8pc,0.976847
lfw,5668,int8pc,0.976133
lfw,5669,int8pc,0.967014
lfw,5670,int8pc,0.975693
lfw,5671,int8pc,0.983357
lfw,5672,int8pc,0.973300
lfw,5673,int8pc,0.969808
lfw,5674,int8pc,0.973863
lfw,5675,int8pc,0.972371
lfw,5676,int8pc,0.980700
lfw,5677,int8pc,0.978320
lfw,5678,int8pc,0.977455
lfw,5679,int8pc,0.977188
lfw,5680,int8pc,0.979620
lfw,5681,int8pc,0.987948
lfw,5682,int8pc,0.976590
lfw,5683,int8pc,0.959596
lfw,5684,int8pc,0.968031
lfw,5685,int8pc,0.963073
lfw,5686,int8pc,0.978428
lfw,5687,int8pc,0.983764
lfw,5688,int8pc,0.977849
lfw,5689,int8pc,0.984545
lfw,5690,int8pc,0.974539
lfw,5691,int8pc,0.969935
lfw,5692,int8pc,0.979723
lfw,5693,int8pc,0.976744
lfw,5694,int8pc,0.979265
lfw,5695,int8pc,0.968875
lfw,5696,int8pc,0.974001
lfw,5697,int8pc,0.979069
lfw,5698,int8pc,0.974656
lfw,5699,int8pc,0.974897
lfw,5700,int8pc,0.978108
lfw,5701,int8pc,0.975441
lfw,5702,int8pc,0.978732
lfw,5703,int8pc,0.976924
lfw,5704,int8pc,0.974956
lfw,5705,int8pc,0.976291
lfw,5706,int8pc,0.982946
lfw,5707,int8pc,0.975445
lfw,5708,int8pc,0.972739
lfw,5709,int8pc,0.977111
lfw,5710,int8pc,0.979120
lfw,5711,int8pc,0.976619
lfw,5712,int8pc,0.986003
lfw,5713,int8pc,0.974697
lfw,5714,int8pc,0.977132
lfw,5715,int8pc,0.980580
lfw,5716,int8pc,0.983734
lfw,5717,int8pc,0.974739
lfw,5718,int8pc,0.984221
lfw,5719,int8pc,0.973097
lfw,5720,int8pc,0.974435
lfw,5721,int8pc,0.982645
lfw,5722,int8pc,0.986561
lfw,5723,int8pc,0.985081
lfw,5724,int8pc,0.974230
lfw,5725,int8pc,0.968281
lfw,5726,int8pc,0.972382
lfw,5727,int8pc,0.968341
lfw,5728,int8pc,0.976696
lfw,5729,int8pc,0.971695
lfw,5730,int8pc,0.966248
lfw,5731,int8pc,0.949740
lfw,5732,int8pc,0.961349
lfw,5733,int8pc,0.972345
lfw,5734,int8pc,0.980758
lfw,5735,int8pc,0.978829
lfw,5736,int8pc,0.984051
lfw,5737,int8pc,0.964693
lfw,5738,int8pc,0.971044
lfw,5739,int8pc,0.979476
lfw,5740,int8pc,0.982357
lfw,5741,int8pc,0.986573
lfw,5742,int8pc,0.976302
lfw,5743,int8pc,0.948769
lfw,5744,int8pc,0.974133
lfw,5745,int8pc,0.970593
lfw,5746,int8pc,0.971899
lfw,5747,int8pc,0.984654
lfw,5748,int8pc,0.978423
lfw,5749,int8pc,0.972270
lfw,5750,int8pc,0.975717
lfw,5751,int8pc,0.976042
lfw,5752,int8pc,0.981257
lfw,5753,int8pc,0.974326
lfw,5754,int8pc,0.980553
lfw,5755,int8pc,0.979443
lfw,5756,int8pc,0.982947
lfw,5757,int8pc,0.970137
lfw,5758,int8pc,0.971915
lfw,5759,int8pc,0.978913
lfw,5760,int8pc,0.971271
lfw,5761,int8pc,0.968055
lfw,5762,int8pc,0.965994
lfw,5763,int8pc,0.969656
lfw,5764,int8pc,0.974853
lfw,5765,int8pc,0.967944
lfw,5766,int8pc,0.980572
lfw,5767,int8pc,0.982553
lfw,5768,int8pc,0.974005
lfw,5769,int8pc,0.982937
lfw,5770,int8pc,0.982898
lfw,5771,int8pc,0.983490
lfw,5772,int8pc,0.981388
lfw,5773,int8pc,0.981035
lfw,5774,int8pc,0.985135
lfw,5775,int8pc,0.987411
lfw,5776,int8pc,0.984369
lfw,5777,int8pc,0.985003
lfw,5778,int8pc,0.980425
lfw,5779,int8pc,0.977203
lfw,5780,int8pc,0.978449
lfw,5781,int8pc,0.988457
lfw,5782,int8pc,0.978297
lfw,5783,int8pc,0.977777
lfw,5784,int8pc,0.982700
lfw,5785,int8pc,0.984481
lfw,5786,int8pc,0.975740
lfw,5787,int8pc,0.967741
lfw,5788,int8pc,0.980323
lfw,5789,int8pc,0.972237
lfw,5790,int8pc,0.978318
lfw,5791,int8pc,0.976684
lfw,5792,int8pc,0.981066
lfw,5793,int8pc,0.978233
lfw,5794,int8pc,0.980046
lfw,5795,int8pc,0.976398
lfw,5796,int8pc,0.982143
lfw,5797,int8pc,0.976349
lfw,5798,int8pc,0.959406
lfw,5799,int8pc,0.974447
lfw,5800,int8pc,0.984522
lfw,5801,int8pc,0.971314
lfw,5802,int8pc,0.972834
lfw,5803,int8pc,0.976085
lfw,5804,int8pc,0.971124
lfw,5805,int8pc,0.968203
lfw,5806,int8pc,0.984761
lfw,5807,int8pc,0.974949
lfw,5808,int8pc,0.978637
lfw,5809,int8pc,0.973087
lfw,5810,int8pc,0.978603
lfw,5811,int8pc,0.973371
lfw,5812,int8pc,0.984872
lfw,5813,int8pc,0.971729
lfw,5814,int8pc,0.982861
lfw,5815,int8pc,0.982149
lfw,5816,int8pc,0.973838
lfw,5817,int8pc,0.980571
lfw,5818,int8pc,0.983084
lfw,5819,int8pc,0.981329
lfw,5820,int8pc,0.974715
lfw,5821,int8pc,0.976964
lfw,5822,int8pc,0.979628
lfw,5823,int8pc,0.954191
lfw,5824,int8pc,0.980009
lfw,5825,int8pc,0.971008
lfw,5826,int8pc,0.973368
lfw,5827,int8pc,0.978157
lfw,5828,int8pc,0.979294
lfw,5829,int8pc,0.973910
lfw,5830,int8pc,0.968096
lfw,5831,int8pc,0.972777
lfw,5832,int8pc,0.971677
lfw,5833,int8pc,0.974272
lfw,5834,int8pc,0.973059
lfw,5835,int8pc,0.976032
lfw,5836,int8pc,0.978810
lfw,5837,int8pc,0.980399
lfw,5838,int8pc,0.982827
lfw,5839,int8pc,0.982321
lfw,5840,int8pc,0.976865
lfw,5841,int8pc,0.969823
lfw,5842,int8pc,0.983264
lfw,5843,int8pc,0.984615
lfw,5844,int8pc,0.981659
lfw,5845,int8pc,0.978543
lfw,5846,int8pc,0.982826
lfw,5847,int8pc,0.969144
lfw,5848,int8pc,0.975762
lfw,5849,int8pc,0.965516
lfw,5850,int8pc,0.972998
lfw,5851,int8pc,0.980623
lfw,5852,int8pc,0.984989
lfw,5853,int8pc,0.981033
lfw,5854,int8pc,0.981624
lfw,5855,int8pc,0.974829
lfw,5856,int8pc,0.978253
lfw,5857,int8pc,0.975173
lfw,5858,int8pc,0.967761
lfw,5859,int8pc,0.966210
lfw,5860,int8pc,0.976217
lfw,5861,int8pc,0.982298
lfw,5862,int8pc,0.982969
lfw,5863,int8pc,0.977348
lfw,5864,int8pc,0.967133
lfw,5865,int8pc,0.966628
lfw,5866,int8pc,0.973396
lfw,5867,int8pc,0.966142
lfw,5868,int8pc,0.979288
lfw,5869,int8pc,0.972377
lfw,5870,int8pc,0.973693
lfw,5871,int8pc,0.974519
lfw,5872,int8pc,0.975818
lfw,5873,int8pc,0.986054
lfw,5874,int8pc,0.978874
lfw,5875,int8pc,0.976275
lfw,5876,int8pc,0.981547
lfw,5877,int8pc,0.970869
lfw,5878,int8pc,0.965584
lfw,5879,int8pc,0.977451
lfw,5880,int8pc,0.974327
lfw,5881,int8pc,0.971537
lfw,5882,int8pc,0.980991
lfw,5883,int8pc,0.975053
lfw,5884,int8pc,0.983749
lfw,5885,int8pc,0.975396
lfw,5886,int8pc,0.959885
lfw,5887,int8pc,0.984617
lfw,5888,int8pc,0.974915
lfw,5889,int8pc,0.957525
lfw,5890,int8pc,0.968464
lfw,5891,int8pc,0.969883
lfw,5892,int8pc,0.965643
lfw,5893,int8pc,0.986756
lfw,5894,int8pc,0.982814
lfw,5895,int8pc,0.988297
lfw,5896,int8pc,0.981284
lfw,5897,int8pc,0.969583
lfw,5898,int8pc,0.968716
lfw,5899,int8pc,0.963021
lfw,5900,int8pc,0.986712
lfw,5901,int8pc,0.980527
lfw,5902,int8pc,0.970008
lfw,5903,int8pc,0.983903
lfw,5904,int8pc,0.980047
lfw,5905,int8pc,0.971784
lfw,5906,int8pc,0.970066
lfw,5907,int8pc,0.975040
lfw,5908,int8pc,0.975106
lfw,5909,int8pc,0.982809
lfw,5910,int8pc,0.983910
lfw,5911,int8pc,0.977388
lfw,5912,int8pc,0.964816
lfw,5913,int8pc,0.979214
lfw,5914,int8pc,0.967486
lfw,5915,int8pc,0.976141
lfw,5916,int8pc,0.979430
lfw,5917,int8pc,0.976387
lfw,5918,int8pc,0.971440
lfw,5919,int8pc,0.970209
lfw,5920,int8pc,0.973518
lfw,5921,int8pc,0.958380
lfw,5922,int8pc,0.971808
lfw,5923,int8pc,0.972681
lfw,5924,int8pc,0.975962
lfw,5925,int8pc,0.978092
lfw,5926,int8pc,0.982504
lfw,5927,int8pc,0.970288
lfw,5928,int8pc,0.970547
lfw,5929,int8pc,0.973122
lfw,5930,int8pc,0.982739
lfw,5931,int8pc,0.983806
lfw,5932,int8pc,0.982079
lfw,5933,int8pc,0.984887
lfw,5934,int8pc,0.977815
lfw,5935,int8pc,0.975474
lfw,5936,int8pc,0.977701
lfw,5937,int8pc,0.979104
lfw,5938,int8pc,0.981470
lfw,5939,int8pc,0.984194
lfw,5940,int8pc,0.978410
lfw,5941,int8pc,0.981587
lfw,5942,int8pc,0.955101
lfw,5943,int8pc,0.980724
lfw,5944,int8pc,0.972696
lfw,5945,int8pc,0.972147
lfw,5946,int8pc,0.971011
lfw,5947,int8pc,0.968395
lfw,5948,int8pc,0.981300
lfw,5949,int8pc,0.979482
lfw,5950,int8pc,0.974680
lfw,5951,int8pc,0.950239
lfw,5952,int8pc,0.968753
lfw,5953,int8pc,0.981682
lfw,5954,int8pc,0.974129
lfw,5955,int8pc,0.977206
lfw,5956,int8pc,0.978726
lfw,5957,int8pc,0.978102
lfw,5958,int8pc,0.986681
lfw,5959,int8pc,0.976608
lfw,5960,int8pc,0.978509
lfw,5961,int8pc,0.983935
lfw,5962,int8pc,0.968508
lfw,5963,int8pc,0.963104
lfw,5964,int8pc,0.978336
lfw,5965,int8pc,0.980784
lfw,5966,int8pc,0.980247
lfw,5967,int8pc,0.975689
lfw,5968,int8pc,0.979402
lfw,5969,int8pc,0.971808
lfw,5970,int8pc,0.976803
lfw,5971,int8pc,0.968969
lfw,5972,int8pc,0.974453
lfw,5973,int8pc,0.983606
lfw,5974,int8pc,0.981520
lfw,5975,int8pc,0.980971
lfw,5976,int8pc,0.964786
lfw,5977,int8pc,0.984444
lfw,5978,int8pc,0.981948
lfw,5979,int8pc,0.973419
lfw,5980,int8pc,0.981252
lfw,5981,int8pc,0.966390
lfw,5982,int8pc,0.980728
lfw,5983,int8pc,0.981597
lfw,5984,int8pc,0.978901
lfw,5985,int8pc,0.972324
lfw,5986,int8pc,0.977349
lfw,5987,int8pc,0.975886
lfw,5988,int8pc,0.968895
lfw,5989,int8pc,0.968140
lfw,5990,int8pc,0.983136
lfw,5991,int8pc,0.975988
lfw,5992,int8pc,0.976403
lfw,5993,int8pc,0.983202
lfw,5994,int8pc,0.973964
lfw,5995,int8pc,0.968540
lfw,5996,int8pc,0.976566
lfw,5997,int8pc,0.981758
lfw,5998,int8pc,0.982722
lfw,5999,int8pc,0.970291
lfw,6000,int8pc,0.979475
lfw,6001,int8pc,0.981542
lfw,6002,int8pc,0.977858
lfw,6003,int8pc,0.983229
lfw,6004,int8pc,0.976426
lfw,6005,int8pc,0.976401
lfw,6006,int8pc,0.980639
lfw,6007,int8pc,0.981558
lfw,6008,int8pc,0.976167
lfw,6009,int8pc,0.951477
lfw,6010,int8pc,0.976640
lfw,6011,int8pc,0.977077
lfw,6012,int8pc,0.980345
lfw,6013,int8pc,0.975425
lfw,6014,int8pc,0.980767
lfw,6015,int8pc,0.974934
lfw,6016,int8pc,0.979666
lfw,6017,int8pc,0.976150
lfw,6018,int8pc,0.978618
lfw,6019,int8pc,0.982893
lfw,6020,int8pc,0.980905
lfw,6021,int8pc,0.984144
lfw,6022,int8pc,0.982403
lfw,6023,int8pc,0.985809
lfw,6024,int8pc,0.974450
lfw,6025,int8pc,0.979236
lfw,6026,int8pc,0.983003
lfw,6027,int8pc,0.970243
lfw,6028,int8pc,0.980315
lfw,6029,int8pc,0.974887
lfw,6030,int8pc,0.976161
lfw,6031,int8pc,0.984258
lfw,6032,int8pc,0.977350
lfw,6033,int8pc,0.981302
lfw,6034,int8pc,0.970985
lfw,6035,int8pc,0.977258
lfw,6036,int8pc,0.979125
lfw,6037,int8pc,0.984785
lfw,6038,int8pc,0.981440
lfw,6039,int8pc,0.970360
lfw,6040,int8pc,0.980481
lfw,6041,int8pc,0.980172
lfw,6042,int8pc,0.978343
lfw,6043,int8pc,0.972549
lfw,6044,int8pc,0.984533
lfw,6045,int8pc,0.978554
lfw,6046,int8pc,0.972881
lfw,6047,int8pc,0.971756
lfw,6048,int8pc,0.969004
lfw,6049,int8pc,0.978181
lfw,6050,int8pc,0.985425
lfw,6051,int8pc,0.981440
lfw,6052,int8pc,0.980217
lfw,6053,int8pc,0.981265
lfw,6054,int8pc,0.982045
lfw,6055,int8pc,0.952147
lfw,6056,int8pc,0.972699
lfw,6057,int8pc,0.963250
lfw,6058,int8pc,0.965660
lfw,6059,int8pc,0.977335
lfw,6060,int8pc,0.981384
lfw,6061,int8pc,0.964462
lfw,6062,int8pc,0.980040
lfw,6063,int8pc,0.965880
lfw,6064,int8pc,0.971673
lfw,6065,int8pc,0.983646
lfw,6066,int8pc,0.954907
lfw,6067,int8pc,0.978839
lfw,6068,int8pc,0.973866
lfw,6069,int8pc,0.969503
lfw,6070,int8pc,0.964649
lfw,6071,int8pc,0.980090
lfw,6072,int8pc,0.952498
lfw,6073,int8pc,0.984462
lfw,6074,int8pc,0.975280
lfw,6075,int8pc,0.971411
lfw,6076,int8pc,0.973781
lfw,6077,int8pc,0.975056
lfw,6078,int8pc,0.976965
lfw,6079,int8pc,0.969871
lfw,6080,int8pc,0.968556
lfw,6081,int8pc,0.974647
lfw,6082,int8pc,0.979561
lfw,6083,int8pc,0.967884
lfw,6084,int8pc,0.984731
lfw,6085,int8pc,0.978730
lfw,6086,int8pc,0.979599
lfw,6087,int8pc,0.986955
lfw,6088,int8pc,0.983752
lfw,6089,int8pc,0.976540
lfw,6090,int8pc,0.981414
lfw,6091,int8pc,0.977947
lfw,6092,int8pc,0.978697
lfw,6093,int8pc,0.974507
lfw,6094,int8pc,0.961617
lfw,6095,int8pc,0.979935
lfw,6096,int8pc,0.981362
lfw,6097,int8pc,0.971084
lfw,6098,int8pc,0.982457
lfw,6099,int8pc,0.980915
lfw,6100,int8pc,0.982853
lfw,6101,int8pc,0.972344
lfw,6102,int8pc,0.977967
lfw,6103,int8pc,0.983700
lfw,6104,int8pc,0.968672
lfw,6105,int8pc,0.983173
lfw,6106,int8pc,0.972124
lfw,6107,int8pc,0.985905
lfw,6108,int8pc,0.961639
lfw,6109,int8pc,0.978578
lfw,6110,int8pc,0.976384
lfw,6111,int8pc,0.983616
lfw,6112,int8pc,0.982646
lfw,6113,int8pc,0.977133
lfw,6114,int8pc,0.975793
lfw,6115,int8pc,0.967730
lfw,6116,int8pc,0.964969
lfw,6117,int8pc,0.974992
lfw,6118,int8pc,0.973519
lfw,6119,int8pc,0.964429
lfw,6120,int8pc,0.971251
lfw,6121,int8pc,0.973449
lfw,6122,int8pc,0.966261
lfw,6123,int8pc,0.977066
lfw,6124,int8pc,0.974569
lfw,6125,int8pc,0.980681
lfw,6126,int8pc,0.971792
lfw,6127,int8pc,0.981515
lfw,6128,int8pc,0.980636
lfw,6129,int8pc,0.977329
lfw,6130,int8pc,0.984272
lfw,6131,int8pc,0.972810
lfw,6132,int8pc,0.981813
lfw,6133,int8pc,0.969580
lfw,6134,int8pc,0.976835
lfw,6135,int8pc,0.979275
lfw,6136,int8pc,0.979302
lfw,6137,int8pc,0.972137
lfw,6138,int8pc,0.986734
lfw,6139,int8pc,0.975144
lfw,6140,int8pc,0.969810
lfw,6141,int8pc,0.967307
lfw,6142,int8pc,0.984938
lfw,6143,int8pc,0.976651
lfw,6144,int8pc,0.959142
lfw,6145,int8pc,0.977946
lfw,6146,int8pc,0.978168
lfw,6147,int8pc,0.969758
lfw,6148,int8pc,0.959745
lfw,6149,int8pc,0.975033
lfw,6150,int8pc,0.978445
lfw,6151,int8pc,0.973971
lfw,6152,int8pc,0.978276
lfw,6153,int8pc,0.985964
lfw,6154,int8pc,0.990704
lfw,6155,int8pc,0.985139
lfw,6156,int8pc,0.972064
lfw,6157,int8pc,0.951087
lfw,6158,int8pc,0.974844
lfw,6159,int8pc,0.979097
lfw,6160,int8pc,0.976238
lfw,6161,int8pc,0.982354
lfw,6162,int8pc,0.983179
lfw,6163,int8pc,0.982654
lfw,6164,int8pc,0.978182
lfw,6165,int8pc,0.979238
lfw,6166,int8pc,0.975956
lfw,6167,int8pc,0.978663
lfw,6168,int8pc,0.976208
lfw,6169,int8pc,0.974931
lfw,6170,int8pc,0.964088
lfw,6171,int8pc,0.977047
lfw,6172,int8pc,0.974440
lfw,6173,int8pc,0.978940
lfw,6174,int8pc,0.972082
lfw,6175,int8pc,0.975465
lfw,6176,int8pc,0.980406
lfw,6177,int8pc,0.972299
lfw,6178,int8pc,0.977090
lfw,6179,int8pc,0.975683
lfw,6180,int8pc,0.971116
lfw,6181,int8pc,0.977819
lfw,6182,int8pc,0.980803
lfw,6183,int8pc,0.970419
lfw,6184,int8pc,0.982432
lfw,6185,int8pc,0.954625
lfw,6186,int8pc,0.974713
lfw,6187,int8pc,0.981830
lfw,6188,int8pc,0.975801
lfw,6189,int8pc,0.971075
lfw,6190,int8pc,0.976165
lfw,6191,int8pc,0.979501
lfw,6192,int8pc,0.977443
lfw,6193,int8pc,0.984756
lfw,6194,int8pc,0.976769
lfw,6195,int8pc,0.974927
lfw,6196,int8pc,0.975518
lfw,6197,int8pc,0.983644
lfw,6198,int8pc,0.971097
lfw,6199,int8pc,0.987050
lfw,6200,int8pc,0.968308
lfw,6201,int8pc,0.972416
lfw,6202,int8pc,0.974029
lfw,6203,int8pc,0.979809
lfw,6204,int8pc,0.974675
lfw,6205,int8pc,0.980685
lfw,6206,int8pc,0.980757
lfw,6207,int8pc,0.972132
lfw,6208,int8pc,0.960996
lfw,6209,int8pc,0.977435
lfw,6210,int8pc,0.973816
lfw,6211,int8pc,0.972245
lfw,6212,int8pc,0.963880
lfw,6213,int8pc,0.983705
lfw,6214,int8pc,0.979417
lfw,6215,int8pc,0.978304
lfw,6216,int8pc,0.976999
lfw,6217,int8pc,0.979919
lfw,6218,int8pc,0.971203
lfw,6219,int8pc,0.982575
lfw,6220,int8pc,0.979385
lfw,6221,int8pc,0.972633
lfw,6222,int8pc,0.973602
lfw,6223,int8pc,0.977589
lfw,6224,int8pc,0.965891
lfw,6225,int8pc,0.960255
lfw,6226,int8pc,0.982595
lfw,6227,int8pc,0.977095
lfw,6228,int8pc,0.984022
lfw,6229,int8pc,0.980254
lfw,6230,int8pc,0.973087
lfw,6231,int8pc,0.968499
lfw,6232,int8pc,0.983906
lfw,6233,int8pc,0.975124
lfw,6234,int8pc,0.983484
lfw,6235,int8pc,0.991022
lfw,6236,int8pc,0.979857
lfw,6237,int8pc,0.983080
lfw,6238,int8pc,0.982840
lfw,6239,int8pc,0.980951
lfw,6240,int8pc,0.984881
lfw,6241,int8pc,0.978410
lfw,6242,int8pc,0.969444
lfw,6243,int8pc,0.972364
lfw,6244,int8pc,0.970874
lfw,6245,int8pc,0.987796
lfw,6246,int8pc,0.977178
lfw,6247,int8pc,0.962988
lfw,6248,int8pc,0.978049
lfw,6249,int8pc,0.979598
lfw,6250,int8pc,0.983559
lfw,6251,int8pc,0.965406
lfw,6252,int8pc,0.975135
lfw,6253,int8pc,0.971764
lfw,6254,int8pc,0.963682
lfw,6255,int8pc,0.980751
lfw,6256,int8pc,0.982022
lfw,6257,int8pc,0.981644
lfw,6258,int8pc,0.985156
lfw,6259,int8pc,0.981033
lfw,6260,int8pc,0.980541
lfw,6261,int8pc,0.978681
lfw,6262,int8pc,0.978002
lfw,6263,int8pc,0.980101
lfw,6264,int8pc,0.979325
lfw,6265,int8pc,0.984832
lfw,6266,int8pc,0.981369
lfw,6267,int8pc,0.978407
lfw,6268,int8pc,0.978772
lfw,6269,int8pc,0.979584
lfw,6270,int8pc,0.970200
lfw,6271,int8pc,0.967732
lfw,6272,int8pc,0.967604
lfw,6273,int8pc,0.975842
lfw,6274,int8pc,0.979976
lfw,6275,int8pc,0.986355
lfw,6276,int8pc,0.981952
lfw,6277,int8pc,0.984892
lfw,6278,int8pc,0.978879
lfw,6279,int8pc,0.966792
lfw,6280,int8pc,0.968575
lfw,6281,int8pc,0.983097
lfw,6282,int8pc,0.982967
lfw,6283,int8pc,0.978813
lfw,6284,int8pc,0.969822
lfw,6285,int8pc,0.972720
lfw,6286,int8pc,0.972801
lfw,6287,int8pc,0.978320
lfw,6288,int8pc,0.973295
lfw,6289,int8pc,0.971162
lfw,6290,int8pc,0.961086
lfw,6291,int8pc,0.977357
lfw,6292,int8pc,0.979178
lfw,6293,int8pc,0.966548
lfw,6294,int8pc,0.978468
lfw,6295,int8pc,0.985808
lfw,6296,int8pc,0.979961
lfw,6297,int8pc,0.964280
lfw,6298,int8pc,0.966226
lfw,6299,int8pc,0.974146
lfw,6300,int8pc,0.984731
lfw,6301,int8pc,0.971462
lfw,6302,int8pc,0.980525
lfw,6303,int8pc,0.973954
lfw,6304,int8pc,0.978686
lfw,6305,int8pc,0.973683
lfw,6306,int8pc,0.975651
lfw,6307,int8pc,0.970958
lfw,6308,int8pc,0.977964
lfw,6309,int8pc,0.971631
lfw,6310,int8pc,0.978597
lfw,6311,int8pc,0.983563
lfw,6312,int8pc,0.973178
lfw,6313,int8pc,0.972837
lfw,6314,int8pc,0.979799
lfw,6315,int8pc,0.983685
lfw,6316,int8pc,0.977060
lfw,6317,int8pc,0.976982
lfw,6318,int8pc,0.979911
lfw,6319,int8pc,0.976534
lfw,6320,int8pc,0.975511
lfw,6321,int8pc,0.974585
lfw,6322,int8pc,0.971204
lfw,6323,int8pc,0.971419
lfw,6324,int8pc,0.964455
lfw,6325,int8pc,0.984331
lfw,6326,int8pc,0.986502
lfw,6327,int8pc,0.977358
lfw,6328,int8pc,0.986274
lfw,6329,int8pc,0.971931
lfw,6330,int8pc,0.971532
lfw,6331,int8pc,0.983322
lfw,6332,int8pc,0.978052
lfw,6333,int8pc,0.985184
lfw,6334,int8pc,0.975320
lfw,6335,int8pc,0.984096
lfw,6336,int8pc,0.965159
lfw,6337,int8pc,0.982703
lfw,6338,int8pc,0.976417
lfw,6339,int8pc,0.969225
lfw,6340,int8pc,0.976797
lfw,6341,int8pc,0.976602
lfw,6342,int8pc,0.979478
lfw,6343,int8pc,0.982925
lfw,6344,int8pc,0.973973
lfw,6345,int8pc,0.984747
lfw,6346,int8pc,0.966797
lfw,6347,int8pc,0.974959
lfw,6348,int8pc,0.970636
lfw,6349,int8pc,0.979113
lfw,6350,int8pc,0.978450
lfw,6351,int8pc,0.986052
lfw,6352,int8pc,0.963516
lfw,6353,int8pc,0.977872
lfw,6354,int8pc,0.980283
lfw,6355,int8pc,0.977474
lfw,6356,int8pc,0.983181
lfw,6357,int8pc,0.979595
lfw,6358,int8pc,0.975833
lfw,6359,int8pc,0.977693
lfw,6360,int8pc,0.970206
lfw,6361,int8pc,0.975679
lfw,6362,int8pc,0.981717
lfw,6363,int8pc,0.984413
lfw,6364,int8pc,0.986752
lfw,6365,int8pc,0.980591
lfw,6366,int8pc,0.983963
lfw,6367,int8pc,0.985936
lfw,6368,int8pc,0.972131
lfw,6369,int8pc,0.980879
lfw,6370,int8pc,0.981416
lfw,6371,int8pc,0.973748
lfw,6372,int8pc,0.981247
lfw,6373,int8pc,0.978759
lfw,6374,int8pc,0.981596
lfw,6375,int8pc,0.983382
lfw,6376,int8pc,0.982390
lfw,6377,int8pc,0.979814
lfw,6378,int8pc,0.973617
lfw,6379,int8pc,0.967033
lfw,6380,int8pc,0.972484
lfw,6381,int8pc,0.968806
lfw,6382,int8pc,0.974750
lfw,6383,int8pc,0.981164
lfw,6384,int8pc,0.958483
lfw,6385,int8pc,0.969926
lfw,6386,int8pc,0.967291
lfw,6387,int8pc,0.971550
lfw,6388,int8pc,0.978493
lfw,6389,int8pc,0.974623
lfw,6390,int8pc,0.979645
lfw,6391,int8pc,0.981009
lfw,6392,int8pc,0.980427
lfw,6393,int8pc,0.971799
lfw,6394,int8pc,0.971718
lfw,6395,int8pc,0.979350
lfw,6396,int8pc,0.979100
lfw,6397,int8pc,0.977110
lfw,6398,int8pc,0.979205
lfw,6399,int8pc,0.973948
lfw,6400,int8pc,0.973423
lfw,6401,int8pc,0.968307
lfw,6402,int8pc,0.987161
lfw,6403,int8pc,0.977143
lfw,6404,int8pc,0.975416
lfw,6405,int8pc,0.977085
lfw,6406,int8pc,0.969732
lfw,6407,int8pc,0.984483
lfw,6408,int8pc,0.977612
lfw,6409,int8pc,0.973796
lfw,6410,int8pc,0.977947
lfw,6411,int8pc,0.981036
lfw,6412,int8pc,0.977544
lfw,6413,int8pc,0.974895
lfw,6414,int8pc,0.984199
lfw,6415,int8pc,0.981500
lfw,6416,int8pc,0.982805
lfw,6417,int8pc,0.974982
lfw,6418,int8pc,0.963964
lfw,6419,int8pc,0.979093
lfw,6420,int8pc,0.976663
lfw,6421,int8pc,0.971423
lfw,6422,int8pc,0.973987
lfw,6423,int8pc,0.973496
lfw,6424,int8pc,0.970110
lfw,6425,int8pc,0.971994
lfw,6426,int8pc,0.978568
lfw,6427,int8pc,0.975464
lfw,6428,int8pc,0.984896
lfw,6429,int8pc,0.975953
lfw,6430,int8pc,0.971905
lfw,6431,int8pc,0.969906
lfw,6432,int8pc,0.973367
lfw,6433,int8pc,0.976913
lfw,6434,int8pc,0.978751
lfw,6435,int8pc,0.980066
lfw,6436,int8pc,0.973465
lfw,6437,int8pc,0.975278
lfw,6438,int8pc,0.980806
lfw,6439,int8pc,0.973730
lfw,6440,int8pc,0.981888
lfw,6441,int8pc,0.970132
lfw,6442,int8pc,0.968918
lfw,6443,int8pc,0.966587
lfw,6444,int8pc,0.963730
lfw,6445,int8pc,0.964551
lfw,6446,int8pc,0.980705
lfw,6447,int8pc,0.974968
lfw,6448,int8pc,0.978373
lfw,6449,int8pc,0.977948
lfw,6450,int8pc,0.981176
lfw,6451,int8pc,0.979455
lfw,6452,int8pc,0.981133
lfw,6453,int8pc,0.972326
lfw,6454,int8pc,0.981316
lfw,6455,int8pc,0.986781
lfw,6456,int8pc,0.976790
lfw,6457,int8pc,0.985111
lfw,6458,int8pc,0.980582
lfw,6459,int8pc,0.983963
lfw,6460,int8pc,0.975562
lfw,6461,int8pc,0.982723
lfw,6462,int8pc,0.979587
lfw,6463,int8pc,0.977335
lfw,6464,int8pc,0.976480
lfw,6465,int8pc,0.982268
lfw,6466,int8pc,0.975232
lfw,6467,int8pc,0.975675
lfw,6468,int8pc,0.977964
lfw,6469,int8pc,0.969169
lfw,6470,int8pc,0.973084
lfw,6471,int8pc,0.974017
lfw,6472,int8pc,0.983264
lfw,6473,int8pc,0.976748
lfw,6474,int8pc,0.981128
lfw,6475,int8pc,0.976038
lfw,6476,int8pc,0.979445
lfw,6477,int8pc,0.967093
lfw,6478,int8pc,0.962274
lfw,6479,int8pc,0.967941
lfw,6480,int8pc,0.959491
lfw,6481,int8pc,0.976132
lfw,6482,int8pc,0.975051
lfw,6483,int8pc,0.977796
lfw,6484,int8pc,0.982402
lfw,6485,int8pc,0.980369
lfw,6486,int8pc,0.978585
lfw,6487,int8pc,0.984675
lfw,6488,int8pc,0.974206
lfw,6489,int8pc,0.983560
lfw,6490,int8pc,0.975052
lfw,6491,int8pc,0.964055
lfw,6492,int8pc,0.970442
lfw,6493,int8pc,0.978869
lfw,6494,int8pc,0.978920
lfw,6495,int8pc,0.967194
lfw,6496,int8pc,0.981266
lfw,6497,int8pc,0.983872
lfw,6498,int8pc,0.988456
lfw,6499,int8pc,0.981538
lfw,6500,int8pc,0.970373
lfw,6501,int8pc,0.978634
lfw,6502,int8pc,0.972809
lfw,6503,int8pc,0.975086
lfw,6504,int8pc,0.971189
lfw,6505,int8pc,0.978123
lfw,6506,int8pc,0.974434
lfw,6507,int8pc,0.960173
lfw,6508,int8pc,0.972994
lfw,6509,int8pc,0.970928
lfw,6510,int8pc,0.979802
lfw,6511,int8pc,0.970903
lfw,6512,int8pc,0.980570
lfw,6513,int8pc,0.978631
lfw,6514,int8pc,0.974592
lfw,6515,int8pc,0.984222
lfw,6516,int8pc,0.982904
lfw,6517,int8pc,0.974784
lfw,6518,int8pc,0.962717
lfw,6519,int8pc,0.968313
lfw,6520,int8pc,0.979022
lfw,6521,int8pc,0.979525
lfw,6522,int8pc,0.978523
lfw,6523,int8pc,0.978927
lfw,6524,int8pc,0.971686
lfw,6525,int8pc,0.978207
lfw,6526,int8pc,0.976808
lfw,6527,int8pc,0.969189
lfw,6528,int8pc,0.958825
lfw,6529,int8pc,0.968517
lfw,6530,int8pc,0.980278
lfw,6531,int8pc,0.978576
lfw,6532,int8pc,0.984316
lfw,6533,int8pc,0.978515
lfw,6534,int8pc,0.976868
lfw,6535,int8pc,0.982723
lfw,6536,int8pc,0.977871
lfw,6537,int8pc,0.976105
lfw,6538,int8pc,0.984459
lfw,6539,int8pc,0.978432
lfw,6540,int8pc,0.983291
lfw,6541,int8pc,0.968323
lfw,6542,int8pc,0.978067
lfw,6543,int8pc,0.961292
lfw,6544,int8pc,0.975662
lfw,6545,int8pc,0.961437
lfw,6546,int8pc,0.983286
lfw,6547,int8pc,0.979550
lfw,6548,int8pc,0.981177
lfw,6549,int8pc,0.985296
lfw,6550,int8pc,0.982291
lfw,6551,int8pc,0.980221
lfw,6552,int8pc,0.975234
lfw,6553,int8pc,0.967105
lfw,6554,int8pc,0.971411
lfw,6555,int8pc,0.965676
lfw,6556,int8pc,0.976936
lfw,6557,int8pc,0.981395
lfw,6558,int8pc,0.978688
lfw,6559,int8pc,0.967221
lfw,6560,int8pc,0.954497
lfw,6561,int8pc,0.973916
lfw,6562,int8pc,0.977595
lfw,6563,int8pc,0.966301
lfw,6564,int8pc,0.976798
lfw,6565,int8pc,0.969159
lfw,6566,int8pc,0.980039
lfw,6567,int8pc,0.976572
lfw,6568,int8pc,0.956884
lfw,6569,int8pc,0.966653
lfw,6570,int8pc,0.971724
lfw,6571,int8pc,0.959546
lfw,6572,int8pc,0.980330
lfw,6573,int8pc,0.976356
lfw,6574,int8pc,0.973757
lfw,6575,int8pc,0.960903
lfw,6576,int8pc,0.977396
lfw,6577,int8pc,0.981948
lfw,6578,int8pc,0.966733
lfw,6579,int8pc,0.977007
lfw,6580,int8pc,0.988073
lfw,6581,int8pc,0.981912
lfw,6582,int8pc,0.957992
lfw,6583,int8pc,0.973126
lfw,6584,int8pc,0.977374
lfw,6585,int8pc,0.973886
lfw,6586,int8pc,0.960877
lfw,6587,int8pc,0.981318
lfw,6588,int8pc,0.982551
lfw,6589,int8pc,0.974748
lfw,6590,int8pc,0.982732
lfw,6591,int8pc,0.975310
lfw,6592,int8pc,0.978112
lfw,6593,int8pc,0.968577
lfw,6594,int8pc,0.978880
lfw,6595,int8pc,0.982244
lfw,6596,int8pc,0.986474
lfw,6597,int8pc,0.960942
lfw,6598,int8pc,0.981622
lfw,6599,int8pc,0.984887
lfw,6600,int8pc,0.980811
lfw,6601,int8pc,0.976702
lfw,6602,int8pc,0.977322
lfw,6603,int8pc,0.978440
lfw,6604,int8pc,0.973147
lfw,6605,int8pc,0.966931
lfw,6606,int8pc,0.974855
lfw,6607,int8pc,0.975320
lfw,6608,int8pc,0.968987
lfw,6609,int8pc,0.959597
lfw,6610,int8pc,0.961467
lfw,6611,int8pc,0.978893
lfw,6612,int8pc,0.982198
lfw,6613,int8pc,0.980615
lfw,6614,int8pc,0.965450
lfw,6615,int8pc,0.959973
lfw,6616,int8pc,0.969767
lfw,6617,int8pc,0.975736
lfw,6618,int8pc,0.969564
lfw,6619,int8pc,0.970399
lfw,6620,int8pc,0.977750
lfw,6621,int8pc,0.961015
lfw,6622,int8pc,0.984837
lfw,6623,int8pc,0.977457
lfw,6624,int8pc,0.969775
lfw,6625,int8pc,0.973538
lfw,6626,int8pc,0.968428
lfw,6627,int8pc,0.977490
lfw,6628,int8pc,0.976335
lfw,6629,int8pc,0.963513
lfw,6630,int8pc,0.979685
lfw,6631,int8pc,0.979483
lfw,6632,int8pc,0.980518
lfw,6633,int8pc,0.977892
lfw,6634,int8pc,0.978934
lfw,6635,int8pc,0.975128
lfw,6636,int8pc,0.984320
lfw,6637,int8pc,0.982072
lfw,6638,int8pc,0.982267
lfw,6639,int8pc,0.973601
lfw,6640,int8pc,0.977594
lfw,6641,int8pc,0.977450
lfw,6642,int8pc,0.980947
lfw,6643,int8pc,0.979731
lfw,6644,int8pc,0.977471
lfw,6645,int8pc,0.982817
lfw,6646,int8pc,0.982406
lfw,6647,int8pc,0.983024
lfw,6648,int8pc,0.981407
lfw,6649,int8pc,0.989634
lfw,6650,int8pc,0.967679
lfw,6651,int8pc,0.967633
lfw,6652,int8pc,0.981028
lfw,6653,int8pc,0.973616
lfw,6654,int8pc,0.980212
lfw,6655,int8pc,0.982054
lfw,6656,int8pc,0.981693
lfw,6657,int8pc,0.982060
lfw,6658,int8pc,0.975894
lfw,6659,int8pc,0.975371
lfw,6660,int8pc,0.979259
lfw,6661,int8pc,0.984035
lfw,6662,int8pc,0.958127
lfw,6663,int8pc,0.962794
lfw,6664,int8pc,0.970295
lfw,6665,int8pc,0.973094
lfw,6666,int8pc,0.983658
lfw,6667,int8pc,0.966389
lfw,6668,int8pc,0.973917
lfw,6669,int8pc,0.976064
lfw,6670,int8pc,0.972158
lfw,6671,int8pc,0.980399
lfw,6672,int8pc,0.977386
lfw,6673,int8pc,0.971787
lfw,6674,int8pc,0.981375
lfw,6675,int8pc,0.978747
lfw,6676,int8pc,0.980020
lfw,6677,int8pc,0.971259
lfw,6678,int8pc,0.973195
lfw,6679,int8pc,0.964238
lfw,6680,int8pc,0.966276
lfw,6681,int8pc,0.977040
lfw,6682,int8pc,0.970255
lfw,6683,int8pc,0.962894
lfw,6684,int8pc,0.958908
lfw,6685,int8pc,0.953888
lfw,6686,int8pc,0.972858
lfw,6687,int8pc,0.976141
lfw,6688,int8pc,0.975804
lfw,6689,int8pc,0.981339
lfw,6690,int8pc,0.978048
lfw,6691,int8pc,0.979702
lfw,6692,int8pc,0.981006
lfw,6693,int8pc,0.978323
lfw,6694,int8pc,0.977195
lfw,6695,int8pc,0.983474
lfw,6696,int8pc,0.976918
lfw,6697,int8pc,0.981707
lfw,6698,int8pc,0.977643
lfw,6699,int8pc,0.980187
lfw,6700,int8pc,0.976972
lfw,6701,int8pc,0.975376
lfw,6702,int8pc,0.975463
lfw,6703,int8pc,0.977980
lfw,6704,int8pc,0.976918
lfw,6705,int8pc,0.963772
lfw,6706,int8pc,0.976566
lfw,6707,int8pc,0.969152
lfw,6708,int8pc,0.980057
lfw,6709,int8pc,0.979562
lfw,6710,int8pc,0.979956
lfw,6711,int8pc,0.979867
lfw,6712,int8pc,0.968074
lfw,6713,int8pc,0.956645
lfw,6714,int8pc,0.983965
lfw,6715,int8pc,0.987746
lfw,6716,int8pc,0.975717
lfw,6717,int8pc,0.970331
lfw,6718,int8pc,0.975341
lfw,6719,int8pc,0.972572
lfw,6720,int8pc,0.978508
lfw,6721,int8pc,0.976259
lfw,6722,int8pc,0.981422
lfw,6723,int8pc,0.977165
lfw,6724,int8pc,0.979232
lfw,6725,int8pc,0.980169
lfw,6726,int8pc,0.979465
lfw,6727,int8pc,0.984921
lfw,6728,int8pc,0.976349
lfw,6729,int8pc,0.977120
lfw,6730,int8pc,0.969972
lfw,6731,int8pc,0.979232
lfw,6732,int8pc,0.980045
lfw,6733,int8pc,0.973856
lfw,6734,int8pc,0.982109
lfw,6735,int8pc,0.966529
lfw,6736,int8pc,0.959401
lfw,6737,int8pc,0.970796
lfw,6738,int8pc,0.972761
lfw,6739,int8pc,0.976282
lfw,6740,int8pc,0.973148
lfw,6741,int8pc,0.961661
lfw,6742,int8pc,0.980964
lfw,6743,int8pc,0.959950
lfw,6744,int8pc,0.978532
lfw,6745,int8pc,0.980301
lfw,6746,int8pc,0.965917
lfw,6747,int8pc,0.972179
lfw,6748,int8pc,0.970862
lfw,6749,int8pc,0.973118
lfw,6750,int8pc,0.973498
lfw,6751,int8pc,0.975048
lfw,6752,int8pc,0.965661
lfw,6753,int8pc,0.980493
lfw,6754,int8pc,0.980682
lfw,6755,int8pc,0.962710
lfw,6756,int8pc,0.978772
lfw,6757,int8pc,0.982706
lfw,6758,int8pc,0.978066
lfw,6759,int8pc,0.978087
lfw,6760,int8pc,0.964839
lfw,6761,int8pc,0.978589
lfw,6762,int8pc,0.978609
lfw,6763,int8pc,0.965822
lfw,6764,int8pc,0.973495
lfw,6765,int8pc,0.976869
lfw,6766,int8pc,0.981826
lfw,6767,int8pc,0.977112
lfw,6768,int8pc,0.970499
lfw,6769,int8pc,0.972904
lfw,6770,int8pc,0.974740
lfw,6771,int8pc,0.985622
lfw,6772,int8pc,0.978575
lfw,6773,int8pc,0.963929
lfw,6774,int8pc,0.984854
lfw,6775,int8pc,0.968451
lfw,6776,int8pc,0.978922
lfw,6777,int8pc,0.978745
lfw,6778,int8pc,0.965687
lfw,6779,int8pc,0.981186
lfw,6780,int8pc,0.978320
lfw,6781,int8pc,0.976954
lfw,6782,int8pc,0.982768
lfw,6783,int8pc,0.978562
lfw,6784,int8pc,0.977977
lfw,6785,int8pc,0.967442
lfw,6786,int8pc,0.980326
lfw,6787,int8pc,0.967865
lfw,6788,int8pc,0.983834
lfw,6789,int8pc,0.985527
lfw,6790,int8pc,0.975971
lfw,6791,int8pc,0.969542
lfw,6792,int8pc,0.978648
lfw,6793,int8pc,0.983056
lfw,6794,int8pc,0.976812
lfw,6795,int8pc,0.977908
lfw,6796,int8pc,0.973905
lfw,6797,int8pc,0.979153
lfw,6798,int8pc,0.980707
lfw,6799,int8pc,0.978556
lfw,6800,int8pc,0.964736
lfw,6801,int8pc,0.974334
lfw,6802,int8pc,0.965817
lfw,6803,int8pc,0.978444
lfw,6804,int8pc,0.967183
lfw,6805,int8pc,0.966741
lfw,6806,int8pc,0.976748
lfw,6807,int8pc,0.967775
lfw,6808,int8pc,0.978911
lfw,6809,int8pc,0.979137
lfw,6810,int8pc,0.976195
lfw,6811,int8pc,0.976397
lfw,6812,int8pc,0.964140
lfw,6813,int8pc,0.969416
lfw,6814,int8pc,0.978520
lfw,6815,int8pc,0.974929
lfw,6816,int8pc,0.975001
lfw,6817,int8pc,0.970709
lfw,6818,int8pc,0.972316
lfw,6819,int8pc,0.984459
lfw,6820,int8pc,0.960420
lfw,6821,int8pc,0.965074
lfw,6822,int8pc,0.979634
lfw,6823,int8pc,0.981476
lfw,6824,int8pc,0.981914
lfw,6825,int8pc,0.964281
lfw,6826,int8pc,0.960548
lfw,6827,int8pc,0.967707
lfw,6828,int8pc,0.979680
lfw,6829,int8pc,0.964992
lfw,6830,int8pc,0.974134
lfw,6831,int8pc,0.972530
lfw,6832,int8pc,0.984863
lfw,6833,int8pc,0.978911
lfw,6834,int8pc,0.984353
lfw,6835,int8pc,0.982386
lfw,6836,int8pc,0.969493
lfw,6837,int8pc,0.971938
lfw,6838,int8pc,0.975164
lfw,6839,int8pc,0.978991
lfw,6840,int8pc,0.958822
lfw,6841,int8pc,0.974960
lfw,6842,int8pc,0.982813
lfw,6843,int8pc,0.979961
lfw,6844,int8pc,0.976960
lfw,6845,int8pc,0.962839
lfw,6846,int8pc,0.979685
lfw,6847,int8pc,0.970470
lfw,6848,int8pc,0.984941
lfw,6849,int8pc,0.976797
lfw,6850,int8pc,0.975168
lfw,6851,int8pc,0.977064
lfw,6852,int8pc,0.975646
lfw,6853,int8pc,0.981354
lfw,6854,int8pc,0.971404
lfw,6855,int8pc,0.971082
lfw,6856,int8pc,0.981060
lfw,6857,int8pc,0.977689
lfw,6858,int8pc,0.982700
lfw,6859,int8pc,0.981673
lfw,6860,int8pc,0.984231
lfw,6861,int8pc,0.971628
lfw,6862,int8pc,0.972966
lfw,6863,int8pc,0.977433
lfw,6864,int8pc,0.972581
lfw,6865,int8pc,0.967147
lfw,6866,int8pc,0.980024
lfw,6867,int8pc,0.973803
lfw,6868,int8pc,0.982236
lfw,6869,int8pc,0.973299
lfw,6870,int8pc,0.980782
lfw,6871,int8pc,0.968168
lfw,6872,int8pc,0.959573
lfw,6873,int8pc,0.955274
lfw,6874,int8pc,0.977621
lfw,6875,int8pc,0.980843
lfw,6876,int8pc,0.977709
lfw,6877,int8pc,0.983876
lfw,6878,int8pc,0.972959
lfw,6879,int8pc,0.978575
lfw,6880,int8pc,0.965815
lfw,6881,int8pc,0.975608
lfw,6882,int8pc,0.973601
lfw,6883,int8pc,0.970515
lfw,6884,int8pc,0.985825
lfw,6885,int8pc,0.977731
lfw,6886,int8pc,0.959419
lfw,6887,int8pc,0.974706
lfw,6888,int8pc,0.971577
lfw,6889,int8pc,0.979450
lfw,6890,int8pc,0.980350
lfw,6891,int8pc,0.978155
lfw,6892,int8pc,0.975670
lfw,6893,int8pc,0.975192
lfw,6894,int8pc,0.977830
lfw,6895,int8pc,0.975502
lfw,6896,int8pc,0.989438
lfw,6897,int8pc,0.973940
lfw,6898,int8pc,0.987223
lfw,6899,int8pc,0.967750
lfw,6900,int8pc,0.982150
lfw,6901,int8pc,0.983155
lfw,6902,int8pc,0.982206
lfw,6903,int8pc,0.978321
lfw,6904,int8pc,0.966768
lfw,6905,int8pc,0.971482
lfw,6906,int8pc,0.980743
lfw,6907,int8pc,0.979686
lfw,6908,int8pc,0.971352
lfw,6909,int8pc,0.983755
lfw,6910,int8pc,0.978027
lfw,6911,int8pc,0.979404
lfw,6912,int8pc,0.974874
lfw,6913,int8pc,0.982466
lfw,6914,int8pc,0.969387
lfw,6915,int8pc,0.960521
lfw,6916,int8pc,0.979269
lfw,6917,int8pc,0.972867
lfw,6918,int8pc,0.978462
lfw,6919,int8pc,0.974424
lfw,6920,int8pc,0.975773
lfw,6921,int8pc,0.978298
lfw,6922,int8pc,0.974501
lfw,6923,int8pc,0.982787
lfw,6924,int8pc,0.974158
lfw,6925,int8pc,0.982611
lfw,6926,int8pc,0.972205
lfw,6927,int8pc,0.934010
lfw,6928,int8pc,0.978575
lfw,6929,int8pc,0.977416
lfw,6930,int8pc,0.963474
lfw,6931,int8pc,0.975374
lfw,6932,int8pc,0.973640
lfw,6933,int8pc,0.981340
lfw,6934,int8pc,0.984840
lfw,6935,int8pc,0.981924
lfw,6936,int8pc,0.977402
lfw,6937,int8pc,0.968855
lfw,6938,int8pc,0.963388
lfw,6939,int8pc,0.980741
lfw,6940,int8pc,0.971587
lfw,6941,int8pc,0.977991
lfw,6942,int8pc,0.980194
lfw,6943,int8pc,0.983141
lfw,6944,int8pc,0.964994
lfw,6945,int8pc,0.987551
lfw,6946,int8pc,0.971609
lfw,6947,int8pc,0.970015
lfw,6948,int8pc,0.980749
lfw,6949,int8pc,0.978375
lfw,6950,int8pc,0.956162
lfw,6951,int8pc,0.976421
lfw,6952,int8pc,0.979103
lfw,6953,int8pc,0.971799
lfw,6954,int8pc,0.982595
lfw,6955,int8pc,0.986333
lfw,6956,int8pc,0.975375
lfw,6957,int8pc,0.983344
lfw,6958,int8pc,0.981630
lfw,6959,int8pc,0.980101
lfw,6960,int8pc,0.976757
lfw,6961,int8pc,0.956086
lfw,6962,int8pc,0.979905
lfw,6963,int8pc,0.968613
lfw,6964,int8pc,0.977301
lfw,6965,int8pc,0.972918
lfw,6966,int8pc,0.975037
lfw,6967,int8pc,0.977051
lfw,6968,int8pc,0.984088
lfw,6969,int8pc,0.983697
lfw,6970,int8pc,0.985135
lfw,6971,int8pc,0.976056
lfw,6972,int8pc,0.967548
lfw,6973,int8pc,0.930193
lfw,6974,int8pc,0.968200
lfw,6975,int8pc,0.957633
lfw,6976,int8pc,0.974948
lfw,6977,int8pc,0.977666
lfw,6978,int8pc,0.973497
lfw,6979,int8pc,0.976509
lfw,6980,int8pc,0.982163
lfw,6981,int8pc,0.970644
lfw,6982,int8pc,0.981802
lfw,6983,int8pc,0.983028
lfw,6984,int8pc,0.978880
lfw,6985,int8pc,0.970301
lfw,6986,int8pc,0.971737
lfw,6987,int8pc,0.973655
lfw,6988,int8pc,0.963364
lfw,6989,int8pc,0.979762
lfw,6990,int8pc,0.980656
lfw,6991,int8pc,0.974880
lfw,6992,int8pc,0.978082
lfw,6993,int8pc,0.976584
lfw,6994,int8pc,0.976254
lfw,6995,int8pc,0.980353
lfw,6996,int8pc,0.973776
lfw,6997,int8pc,0.981852
lfw,6998,int8pc,0.977659
lfw,6999,int8pc,0.974700
lfw,7000,int8pc,0.983736
lfw,7001,int8pc,0.965114
lfw,7002,int8pc,0.968566
lfw,7003,int8pc,0.977126
lfw,7004,int8pc,0.985060
lfw,7005,int8pc,0.981620
lfw,7006,int8pc,0.976417
lfw,7007,int8pc,0.978925
lfw,7008,int8pc,0.969838
lfw,7009,int8pc,0.970606
lfw,7010,int8pc,0.978762
lfw,7011,int8pc,0.952119
lfw,7012,int8pc,0.978756
lfw,7013,int8pc,0.975863
lfw,7014,int8pc,0.975943
lfw,7015,int8pc,0.981090
lfw,7016,int8pc,0.971592
lfw,7017,int8pc,0.974906
lfw,7018,int8pc,0.981134
lfw,7019,int8pc,0.964849
lfw,7020,int8pc,0.968899
lfw,7021,int8pc,0.979557
lfw,7022,int8pc,0.977923
lfw,7023,int8pc,0.966900
lfw,7024,int8pc,0.976367
lfw,7025,int8pc,0.974742
lfw,7026,int8pc,0.980666
lfw,7027,int8pc,0.985829
lfw,7028,int8pc,0.977028
lfw,7029,int8pc,0.971595
lfw,7030,int8pc,0.974107
lfw,7031,int8pc,0.969562
lfw,7032,int8pc,0.982124
lfw,7033,int8pc,0.962727
lfw,7034,int8pc,0.964135
lfw,7035,int8pc,0.978478
lfw,7036,int8pc,0.982578
lfw,7037,int8pc,0.973669
lfw,7038,int8pc,0.979246
lfw,7039,int8pc,0.967333
lfw,7040,int8pc,0.964292
lfw,7041,int8pc,0.975438
lfw,7042,int8pc,0.983563
lfw,7043,int8pc,0.976471
lfw,7044,int8pc,0.979393
lfw,7045,int8pc,0.978209
lfw,7046,int8pc,0.978861
lfw,7047,int8pc,0.977881
lfw,7048,int8pc,0.981283
lfw,7049,int8pc,0.971949
lfw,7050,int8pc,0.976760
lfw,7051,int8pc,0.976099
lfw,7052,int8pc,0.969364
lfw,7053,int8pc,0.975950
lfw,7054,int8pc,0.978457
lfw,7055,int8pc,0.974574
lfw,7056,int8pc,0.975233
lfw,7057,int8pc,0.982205
lfw,7058,int8pc,0.978868
lfw,7059,int8pc,0.982472
lfw,7060,int8pc,0.986118
lfw,7061,int8pc,0.978942
lfw,7062,int8pc,0.980194
lfw,7063,int8pc,0.971418
lfw,7064,int8pc,0.969890
lfw,7065,int8pc,0.975190
lfw,7066,int8pc,0.980502
lfw,7067,int8pc,0.982555
lfw,7068,int8pc,0.978808
lfw,7069,int8pc,0.981012
lfw,7070,int8pc,0.978251
lfw,7071,int8pc,0.973334
lfw,7072,int8pc,0.988690
lfw,7073,int8pc,0.972195
lfw,7074,int8pc,0.981152
lfw,7075,int8pc,0.974556
lfw,7076,int8pc,0.979242
lfw,7077,int8pc,0.980498
lfw,7078,int8pc,0.976103
lfw,7079,int8pc,0.984717
lfw,7080,int8pc,0.979069
lfw,7081,int8pc,0.974462
lfw,7082,int8pc,0.977544
lfw,7083,int8pc,0.978770
lfw,7084,int8pc,0.967796
lfw,7085,int8pc,0.976544
lfw,7086,int8pc,0.978713
lfw,7087,int8pc,0.979709
lfw,7088,int8pc,0.971647
lfw,7089,int8pc,0.979572
lfw,7090,int8pc,0.978355
lfw,7091,int8pc,0.978989
lfw,7092,int8pc,0.980498
lfw,7093,int8pc,0.976551
lfw,7094,int8pc,0.980096
lfw,7095,int8pc,0.984420
lfw,7096,int8pc,0.976640
lfw,7097,int8pc,0.978241
lfw,7098,int8pc,0.982782
lfw,7099,int8pc,0.982315
lfw,7100,int8pc,0.985810
lfw,7101,int8pc,0.975749
lfw,7102,int8pc,0.967760
lfw,7103,int8pc,0.972596
lfw,7104,int8pc,0.988184
lfw,7105,int8pc,0.975474
lfw,7106,int8pc,0.979228
lfw,7107,int8pc,0.970999
lfw,7108,int8pc,0.966616
lfw,7109,int8pc,0.971641
lfw,7110,int8pc,0.976359
lfw,7111,int8pc,0.974075
lfw,7112,int8pc,0.983405
lfw,7113,int8pc,0.979841
lfw,7114,int8pc,0.973782
lfw,7115,int8pc,0.956548
lfw,7116,int8pc,0.976397
lfw,7117,int8pc,0.970233
lfw,7118,int8pc,0.960827
lfw,7119,int8pc,0.963133
lfw,7120,int8pc,0.975292
lfw,7121,int8pc,0.970516
lfw,7122,int8pc,0.973421
lfw,7123,int8pc,0.977942
lfw,7124,int8pc,0.978124
lfw,7125,int8pc,0.977159
lfw,7126,int8pc,0.977551
lfw,7127,int8pc,0.978048
lfw,7128,int8pc,0.977477
lfw,7129,int8pc,0.977682
lfw,7130,int8pc,0.976145
lfw,7131,int8pc,0.979369
lfw,7132,int8pc,0.972526
lfw,7133,int8pc,0.982903
lfw,7134,int8pc,0.962813
lfw,7135,int8pc,0.976394
lfw,7136,int8pc,0.970249
lfw,7137,int8pc,0.984133
lfw,7138,int8pc,0.975828
lfw,7139,int8pc,0.970645
lfw,7140,int8pc,0.977797
lfw,7141,int8pc,0.972865
lfw,7142,int8pc,0.978652
lfw,7143,int8pc,0.979194
lfw,7144,int8pc,0.971927
lfw,7145,int8pc,0.981089
lfw,7146,int8pc,0.977579
lfw,7147,int8pc,0.972763
lfw,7148,int8pc,0.978466
lfw,7149,int8pc,0.980323
lfw,7150,int8pc,0.976763
lfw,7151,int8pc,0.978364
lfw,7152,int8pc,0.975368
lfw,7153,int8pc,0.976784
lfw,7154,int8pc,0.973993
lfw,7155,int8pc,0.977908
lfw,7156,int8pc,0.972924
lfw,7157,int8pc,0.977590
lfw,7158,int8pc,0.977816
lfw,7159,int8pc,0.966542
lfw,7160,int8pc,0.974804
lfw,7161,int8pc,0.978245
lfw,7162,int8pc,0.979634
lfw,7163,int8pc,0.983519
lfw,7164,int8pc,0.975874
lfw,7165,int8pc,0.976331
lfw,7166,int8pc,0.976210
lfw,7167,int8pc,0.979872
lfw,7168,int8pc,0.976619
lfw,7169,int8pc,0.978821
lfw,7170,int8pc,0.980735
lfw,7171,int8pc,0.985947
lfw,7172,int8pc,0.969977
lfw,7173,int8pc,0.966844
lfw,7174,int8pc,0.981286
lfw,7175,int8pc,0.974478
lfw,7176,int8pc,0.970087
lfw,7177,int8pc,0.981336
lfw,7178,int8pc,0.974732
lfw,7179,int8pc,0.965450
lfw,7180,int8pc,0.958982
lfw,7181,int8pc,0.977371
lfw,7182,int8pc,0.969454
lfw,7183,int8pc,0.974028
lfw,7184,int8pc,0.977076
lfw,7185,int8pc,0.950075
lfw,7186,int8pc,0.973459
lfw,7187,int8pc,0.976743
lfw,7188,int8pc,0.976994
lfw,7189,int8pc,0.972067
lfw,7190,int8pc,0.969514
lfw,7191,int8pc,0.979868
lfw,7192,int8pc,0.973695
lfw,7193,int8pc,0.973271
lfw,7194,int8pc,0.981529
lfw,7195,int8pc,0.982066
lfw,7196,int8pc,0.969775
lfw,7197,int8pc,0.971064
lfw,7198,int8pc,0.977356
lfw,7199,int8pc,0.980150
lfw,7200,int8pc,0.978191
lfw,7201,int8pc,0.975406
lfw,7202,int8pc,0.966137
lfw,7203,int8pc,0.973457
lfw,7204,int8pc,0.979596
lfw,7205,int8pc,0.971584
lfw,7206,int8pc,0.966108
lfw,7207,int8pc,0.970233
lfw,7208,int8pc,0.977300
lfw,7209,int8pc,0.968079
lfw,7210,int8pc,0.983134
lfw,7211,int8pc,0.983151
lfw,7212,int8pc,0.973573
lfw,7213,int8pc,0.981596
lfw,7214,int8pc,0.984929
lfw,7215,int8pc,0.970950
lfw,7216,int8pc,0.982683
lfw,7217,int8pc,0.961564
lfw,7218,int8pc,0.980298
lfw,7219,int8pc,0.981018
lfw,7220,int8pc,0.979388
lfw,7221,int8pc,0.976992
lfw,7222,int8pc,0.978174
lfw,7223,int8pc,0.975457
lfw,7224,int8pc,0.977837
lfw,7225,int8pc,0.979149
lfw,7226,int8pc,0.974986
lfw,7227,int8pc,0.972887
lfw,7228,int8pc,0.966320
lfw,7229,int8pc,0.981279
lfw,7230,int8pc,0.984631
lfw,7231,int8pc,0.979559
lfw,7232,int8pc,0.969868
lfw,7233,int8pc,0.985157
lfw,7234,int8pc,0.983550
lfw,7235,int8pc,0.977521
lfw,7236,int8pc,0.979436
lfw,7237,int8pc,0.979191
lfw,7238,int8pc,0.976852
lfw,7239,int8pc,0.974118
lfw,7240,int8pc,0.974556
lfw,7241,int8pc,0.976221
lfw,7242,int8pc,0.971952
lfw,7243,int8pc,0.977823
lfw,7244,int8pc,0.983030
lfw,7245,int8pc,0.977606
lfw,7246,int8pc,0.986582
lfw,7247,int8pc,0.983873
lfw,7248,int8pc,0.984527
lfw,7249,int8pc,0.982659
lfw,7250,int8pc,0.972051
lfw,7251,int8pc,0.981944
lfw,7252,int8pc,0.972769
lfw,7253,int8pc,0.973024
lfw,7254,int8pc,0.970382
lfw,7255,int8pc,0.968538
lfw,7256,int8pc,0.973261
lfw,7257,int8pc,0.974211
lfw,7258,int8pc,0.973976
lfw,7259,int8pc,0.971339
lfw,7260,int8pc,0.974036
lfw,7261,int8pc,0.981619
lfw,7262,int8pc,0.975206
lfw,7263,int8pc,0.973806
lfw,7264,int8pc,0.976557
lfw,7265,int8pc,0.983745
lfw,7266,int8pc,0.984456
lfw,7267,int8pc,0.979269
lfw,7268,int8pc,0.978106
lfw,7269,int8pc,0.960822
lfw,7270,int8pc,0.981699
lfw,7271,int8pc,0.977462
lfw,7272,int8pc,0.977663
lfw,7273,int8pc,0.968927
lfw,7274,int8pc,0.969499
lfw,7275,int8pc,0.966166
lfw,7276,int8pc,0.968564
lfw,7277,int8pc,0.973063
lfw,7278,int8pc,0.973689
lfw,7279,int8pc,0.971978
lfw,7280,int8pc,0.973139
lfw,7281,int8pc,0.975499
lfw,7282,int8pc,0.982691
lfw,7283,int8pc,0.983833
lfw,7284,int8pc,0.986862
lfw,7285,int8pc,0.986215
lfw,7286,int8pc,0.974424
lfw,7287,int8pc,0.980365
lfw,7288,int8pc,0.976423
lfw,7289,int8pc,0.979711
lfw,7290,int8pc,0.972336
lfw,7291,int8pc,0.971014
lfw,7292,int8pc,0.976330
lfw,7293,int8pc,0.969825
lfw,7294,int8pc,0.972053
lfw,7295,int8pc,0.980574
lfw,7296,int8pc,0.972003
lfw,7297,int8pc,0.969998
lfw,7298,int8pc,0.981030
lfw,7299,int8pc,0.982214
lfw,7300,int8pc,0.977302
lfw,7301,int8pc,0.982862
lfw,7302,int8pc,0.977918
lfw,7303,int8pc,0.983477
lfw,7304,int8pc,0.980566
lfw,7305,int8pc,0.977658
lfw,7306,int8pc,0.962416
lfw,7307,int8pc,0.979552
lfw,7308,int8pc,0.980385
lfw,7309,int8pc,0.984289
lfw,7310,int8pc,0.968004
lfw,7311,int8pc,0.976286
lfw,7312,int8pc,0.969842
lfw,7313,int8pc,0.979590
lfw,7314,int8pc,0.974866
lfw,7315,int8pc,0.974772
lfw,7316,int8pc,0.980545
lfw,7317,int8pc,0.975792
lfw,7318,int8pc,0.982603
lfw,7319,int8pc,0.983452
lfw,7320,int8pc,0.973860
lfw,7321,int8pc,0.976004
lfw,7322,int8pc,0.978078
lfw,7323,int8pc,0.974369
lfw,7324,int8pc,0.982144
lfw,7325,int8pc,0.981489
lfw,7326,int8pc,0.967331
lfw,7327,int8pc,0.978775
lfw,7328,int8pc,0.984942
lfw,7329,int8pc,0.980545
lfw,7330,int8pc,0.983836
lfw,7331,int8pc,0.980171
lfw,7332,int8pc,0.964253
lfw,7333,int8pc,0.979498
lfw,7334,int8pc,0.977288
lfw,7335,int8pc,0.983011
lfw,7336,int8pc,0.972083
lfw,7337,int8pc,0.982986
lfw,7338,int8pc,0.980382
lfw,7339,int8pc,0.979982
lfw,7340,int8pc,0.982099
lfw,7341,int8pc,0.978057
lfw,7342,int8pc,0.971364
lfw,7343,int8pc,0.974313
lfw,7344,int8pc,0.979733
lfw,7345,int8pc,0.973882
lfw,7346,int8pc,0.971362
lfw,7347,int8pc,0.972035
lfw,7348,int8pc,0.968354
lfw,7349,int8pc,0.983129
lfw,7350,int8pc,0.984784
lfw,7351,int8pc,0.972789
lfw,7352,int8pc,0.981247
lfw,7353,int8pc,0.978703
lfw,7354,int8pc,0.979050
lfw,7355,int8pc,0.967691
lfw,7356,int8pc,0.971980
lfw,7357,int8pc,0.976482
lfw,7358,int8pc,0.976579
lfw,7359,int8pc,0.980409
lfw,7360,int8pc,0.980688
lfw,7361,int8pc,0.970618
lfw,7362,int8pc,0.986083
lfw,7363,int8pc,0.986457
lfw,7364,int8pc,0.968008
lfw,7365,int8pc,0.968967
lfw,7366,int8pc,0.975118
lfw,7367,int8pc,0.975138
lfw,7368,int8pc,0.953547
lfw,7369,int8pc,0.983917
lfw,7370,int8pc,0.975910
lfw,7371,int8pc,0.985397
lfw,7372,int8pc,0.980294
lfw,7373,int8pc,0.981911
lfw,7374,int8pc,0.979429
lfw,7375,int8pc,0.967261
lfw,7376,int8pc,0.983283
lfw,7377,int8pc,0.978563
lfw,7378,int8pc,0.975203
lfw,7379,int8pc,0.978003
lfw,7380,int8pc,0.977595
lfw,7381,int8pc,0.972567
lfw,7382,int8pc,0.978346
lfw,7383,int8pc,0.981986
lfw,7384,int8pc,0.982665
lfw,7385,int8pc,0.982611
lfw,7386,int8pc,0.982320
lfw,7387,int8pc,0.983804
lfw,7388,int8pc,0.982217
lfw,7389,int8pc,0.981543
lfw,7390,int8pc,0.987505
lfw,7391,int8pc,0.983014
lfw,7392,int8pc,0.982351
lfw,7393,int8pc,0.971188
lfw,7394,int8pc,0.986138
lfw,7395,int8pc,0.973443
lfw,7396,int8pc,0.973055
lfw,7397,int8pc,0.977091
lfw,7398,int8pc,0.974778
lfw,7399,int8pc,0.978394
lfw,7400,int8pc,0.980495
lfw,7401,int8pc,0.966137
lfw,7402,int8pc,0.972834
lfw,7403,int8pc,0.969735
lfw,7404,int8pc,0.972965
lfw,7405,int8pc,0.971912
lfw,7406,int8pc,0.972798
lfw,7407,int8pc,0.978773
lfw,7408,int8pc,0.979564
lfw,7409,int8pc,0.974435
lfw,7410,int8pc,0.960631
lfw,7411,int8pc,0.982602
lfw,7412,int8pc,0.981687
lfw,7413,int8pc,0.985026
lfw,7414,int8pc,0.990297
lfw,7415,int8pc,0.985611
lfw,7416,int8pc,0.982483
lfw,7417,int8pc,0.985221
lfw,7418,int8pc,0.980376
lfw,7419,int8pc,0.974408
lfw,7420,int8pc,0.977628
lfw,7421,int8pc,0.966236
lfw,7422,int8pc,0.974333
lfw,7423,int8pc,0.969539
lfw,7424,int8pc,0.976183
lfw,7425,int8pc,0.966939
lfw,7426,int8pc,0.979407
lfw,7427,int8pc,0.977111
lfw,7428,int8pc,0.970396
lfw,7429,int8pc,0.980255
lfw,7430,int8pc,0.972302
lfw,7431,int8pc,0.965201
lfw,7432,int8pc,0.964158
lfw,7433,int8pc,0.974348
lfw,7434,int8pc,0.969048
lfw,7435,int8pc,0.971594
lfw,7436,int8pc,0.961181
lfw,7437,int8pc,0.969209
lfw,7438,int8pc,0.970994
lfw,7439,int8pc,0.960201
lfw,7440,int8pc,0.975571
lfw,7441,int8pc,0.967364
lfw,7442,int8pc,0.976059
lfw,7443,int8pc,0.979738
lfw,7444,int8pc,0.979871
lfw,7445,int8pc,0.985327
lfw,7446,int8pc,0.977546
lfw,7447,int8pc,0.980020
lfw,7448,int8pc,0.976988
lfw,7449,int8pc,0.970428
lfw,7450,int8pc,0.965719
lfw,7451,int8pc,0.972869
lfw,7452,int8pc,0.975302
lfw,7453,int8pc,0.975897
lfw,7454,int8pc,0.982653
lfw,7455,int8pc,0.976457
lfw,7456,int8pc,0.976308
lfw,7457,int8pc,0.968592
lfw,7458,int8pc,0.972730
lfw,7459,int8pc,0.977676
lfw,7460,int8pc,0.978189
lfw,7461,int8pc,0.983103
lfw,7462,int8pc,0.978435
lfw,7463,int8pc,0.974330
lfw,7464,int8pc,0.980288
lfw,7465,int8pc,0.978817
lfw,7466,int8pc,0.985687
lfw,7467,int8pc,0.976641
lfw,7468,int8pc,0.978490
lfw,7469,int8pc,0.978398
lfw,7470,int8pc,0.975533
lfw,7471,int8pc,0.978353
lfw,7472,int8pc,0.979686
lfw,7473,int8pc,0.971066
lfw,7474,int8pc,0.977938
lfw,7475,int8pc,0.972656
lfw,7476,int8pc,0.974583
lfw,7477,int8pc,0.976507
lfw,7478,int8pc,0.980577
lfw,7479,int8pc,0.981982
lfw,7480,int8pc,0.975840
lfw,7481,int8pc,0.986278
lfw,7482,int8pc,0.971671
lfw,7483,int8pc,0.972240
lfw,7484,int8pc,0.980630
lfw,7485,int8pc,0.976504
lfw,7486,int8pc,0.975095
lfw,7487,int8pc,0.974167
lfw,7488,int8pc,0.972984
lfw,7489,int8pc,0.982946
lfw,7490,int8pc,0.982882
lfw,7491,int8pc,0.982264
lfw,7492,int8pc,0.977470
lfw,7493,int8pc,0.984393
lfw,7494,int8pc,0.985533
lfw,7495,int8pc,0.978291
lfw,7496,int8pc,0.980303
lfw,7497,int8pc,0.976795
lfw,7498,int8pc,0.977907
lfw,7499,int8pc,0.978114
lfw,7500,int8pc,0.978428
lfw,7501,int8pc,0.976195
lfw,7502,int8pc,0.981790
lfw,7503,int8pc,0.968166
lfw,7504,int8pc,0.979678
lfw,7505,int8pc,0.979373
lfw,7506,int8pc,0.974905
lfw,7507,int8pc,0.983128
lfw,7508,int8pc,0.973067
lfw,7509,int8pc,0.977539
lfw,7510,int8pc,0.974374
lfw,7511,int8pc,0.979820
lfw,7512,int8pc,0.965093
lfw,7513,int8pc,0.972974
lfw,7514,int8pc,0.976413
lfw,7515,int8pc,0.971667
lfw,7516,int8pc,0.981440
lfw,7517,int8pc,0.981719
lfw,7518,int8pc,0.966442
lfw,7519,int8pc,0.980409
lfw,7520,int8pc,0.975704
lfw,7521,int8pc,0.974965
lfw,7522,int8pc,0.975772
lfw,7523,int8pc,0.976949
lfw,7524,int8pc,0.964553
lfw,7525,int8pc,0.973062
lfw,7526,int8pc,0.975985
lfw,7527,int8pc,0.979373
lfw,7528,int8pc,0.966421
lfw,7529,int8pc,0.978684
lfw,7530,int8pc,0.968548
lfw,7531,int8pc,0.974462
lfw,7532,int8pc,0.975259
lfw,7533,int8pc,0.980067
lfw,7534,int8pc,0.975844
lfw,7535,int8pc,0.984799
lfw,7536,int8pc,0.980702
lfw,7537,int8pc,0.979397
lfw,7538,int8pc,0.969005
lfw,7539,int8pc,0.977179
lfw,7540,int8pc,0.976342
lfw,7541,int8pc,0.979191
lfw,7542,int8pc,0.978290
lfw,7543,int8pc,0.977239
lfw,7544,int8pc,0.977316
lfw,7545,int8pc,0.979879
lfw,7546,int8pc,0.976299
lfw,7547,int8pc,0.976965
lfw,7548,int8pc,0.981746
lfw,7549,int8pc,0.979505
lfw,7550,int8pc,0.970778
lfw,7551,int8pc,0.978555
lfw,7552,int8pc,0.982566
lfw,7553,int8pc,0.981010
lfw,7554,int8pc,0.983748
lfw,7555,int8pc,0.982781
lfw,7556,int8pc,0.980306
lfw,7557,int8pc,0.974032
lfw,7558,int8pc,0.964352
lfw,7559,int8pc,0.967051
lfw,7560,int8pc,0.969817
lfw,7561,int8pc,0.949776
lfw,7562,int8pc,0.962507
lfw,7563,int8pc,0.964832
lfw,7564,int8pc,0.974056
lfw,7565,int8pc,0.974049
lfw,7566,int8pc,0.977222
lfw,7567,int8pc,0.968817
lfw,7568,int8pc,0.977905
lfw,7569,int8pc,0.968017
lfw,7570,int8pc,0.980064
lfw,7571,int8pc,0.978079
lfw,7572,int8pc,0.966817
lfw,7573,int8pc,0.971357
lfw,7574,int8pc,0.986227
lfw,7575,int8pc,0.985209
lfw,7576,int8pc,0.980568
lfw,7577,int8pc,0.974141
lfw,7578,int8pc,0.978772
lfw,7579,int8pc,0.979627
lfw,7580,int8pc,0.980961
lfw,7581,int8pc,0.978349
lfw,7582,int8pc,0.960017
lfw,7583,int8pc,0.977389
lfw,7584,int8pc,0.981989
lfw,7585,int8pc,0.962357
lfw,7586,int8pc,0.975680
lfw,7587,int8pc,0.957926
lfw,7588,int8pc,0.978982
lfw,7589,int8pc,0.977076
lfw,7590,int8pc,0.978999
lfw,7591,int8pc,0.981692
lfw,7592,int8pc,0.975267
lfw,7593,int8pc,0.979676
lfw,7594,int8pc,0.977140
lfw,7595,int8pc,0.971051
lfw,7596,int8pc,0.977738
lfw,7597,int8pc,0.981953
lfw,7598,int8pc,0.987450
lfw,7599,int8pc,0.988875
lfw,7600,int8pc,0.968805
lfw,7601,int8pc,0.960744
lfw,7602,int8pc,0.967492
lfw,7603,int8pc,0.976257
lfw,7604,int8pc,0.968404
lfw,7605,int8pc,0.974209
lfw,7606,int8pc,0.972202
lfw,7607,int8pc,0.982194
lfw,7608,int8pc,0.981058
lfw,7609,int8pc,0.981384
lfw,7610,int8pc,0.979590
lfw,7611,int8pc,0.984842
lfw,7612,int8pc,0.986363
lfw,7613,int8pc,0.983044
lfw,7614,int8pc,0.975196
lfw,7615,int8pc,0.982615
lfw,7616,int8pc,0.980251
lfw,7617,int8pc,0.966550
lfw,7618,int8pc,0.978502
lfw,7619,int8pc,0.966156
lfw,7620,int8pc,0.977005
lfw,7621,int8pc,0.983908
lfw,7622,int8pc,0.972598
lfw,7623,int8pc,0.985418
lfw,7624,int8pc,0.980744
lfw,7625,int8pc,0.982433
lfw,7626,int8pc,0.977911
lfw,7627,int8pc,0.984903
lfw,7628,int8pc,0.963900
lfw,7629,int8pc,0.972256
lfw,7630,int8pc,0.979176
lfw,7631,int8pc,0.980457
lfw,7632,int8pc,0.978006
lfw,7633,int8pc,0.981596
lfw,7634,int8pc,0.974941
lfw,7635,int8pc,0.973440
lfw,7636,int8pc,0.980545
lfw,7637,int8pc,0.982222
lfw,7638,int8pc,0.977917
lfw,7639,int8pc,0.980105
lfw,7640,int8pc,0.973501
lfw,7641,int8pc,0.978920
lfw,7642,int8pc,0.983228
lfw,7643,int8pc,0.980166
lfw,7644,int8pc,0.984390
lfw,7645,int8pc,0.979877
lfw,7646,int8pc,0.987337
lfw,7647,int8pc,0.975198
lfw,7648,int8pc,0.981156
lfw,7649,int8pc,0.974264
lfw,7650,int8pc,0.974890
lfw,7651,int8pc,0.982151
lfw,7652,int8pc,0.979840
lfw,7653,int8pc,0.971457
lfw,7654,int8pc,0.959478
lfw,7655,int8pc,0.976588
lfw,7656,int8pc,0.980550
lfw,7657,int8pc,0.976871
lfw,7658,int8pc,0.979142
lfw,7659,int8pc,0.976584
lfw,7660,int8pc,0.942159
lfw,7661,int8pc,0.966879
lfw,7662,int8pc,0.981509
lfw,7663,int8pc,0.977841
lfw,7664,int8pc,0.984193
lfw,7665,int8pc,0.983445
lfw,7666,int8pc,0.984309
lfw,7667,int8pc,0.969854
lfw,7668,int8pc,0.974395
lfw,7669,int8pc,0.974487
lfw,7670,int8pc,0.974943
lfw,7671,int8pc,0.978602
lfw,7672,int8pc,0.977644
lfw,7673,int8pc,0.966901
lfw,7674,int8pc,0.981930
lfw,7675,int8pc,0.984907
lfw,7676,int8pc,0.978889
lfw,7677,int8pc,0.969420
lfw,7678,int8pc,0.982033
lfw,7679,int8pc,0.984768
lfw,7680,int8pc,0.983023
lfw,7681,int8pc,0.966545
own,0,int8pt,0.946207
own,1,int8pt,0.959939
own,2,int8pt,0.963557
own,3,int8pt,0.956412
own,4,int8pt,0.951142
own,5,int8pt,0.951872
own,6,int8pt,0.950182
own,7,int8pt,0.951276
own,8,int8pt,0.953635
own,9,int8pt,0.953584
own,10,int8pt,0.959173
own,11,int8pt,0.957721
own,12,int8pt,0.960287
own,13,int8pt,0.963946
own,14,int8pt,0.961949
own,15,int8pt,0.955072
own,16,int8pt,0.963241
own,17,int8pt,0.960524
own,18,int8pt,0.948938
own,19,int8pt,0.970343
own,20,int8pt,0.962343
own,21,int8pt,0.959813
own,22,int8pt,0.958853
own,23,int8pt,0.960785
own,24,int8pt,0.944212
own,25,int8pt,0.946628
own,26,int8pt,0.950567
own,27,int8pt,0.953439
own,28,int8pt,0.961697
own,29,int8pt,0.957488
own,30,int8pt,0.958602
own,31,int8pt,0.962705
own,32,int8pt,0.950843
own,33,int8pt,0.957096
own,34,int8pt,0.954382
own,35,int8pt,0.958575
own,36,int8pt,0.965255
own,37,int8pt,0.962594
own,38,int8pt,0.940157
own,39,int8pt,0.958728
own,40,int8pt,0.968104
own,41,int8pt,0.948462
own,42,int8pt,0.956062
own,43,int8pt,0.944432
own,44,int8pt,0.956610
own,45,int8pt,0.953423
own,46,int8pt,0.959460
own,47,int8pt,0.964951
own,48,int8pt,0.966132
own,49,int8pt,0.959095
own,50,int8pt,0.960328
own,51,int8pt,0.963360
own,52,int8pt,0.939937
own,53,int8pt,0.964224
own,54,int8pt,0.944173
own,55,int8pt,0.937140
own,56,int8pt,0.945855
own,57,int8pt,0.966016
own,58,int8pt,0.953125
own,59,int8pt,0.938954
own,60,int8pt,0.941234
own,61,int8pt,0.946720
own,62,int8pt,0.941707
own,63,int8pt,0.936503
own,64,int8pt,0.946748
own,65,int8pt,0.938480
own,66,int8pt,0.942156
own,67,int8pt,0.937163
own,68,int8pt,0.940601
own,69,int8pt,0.922324
own,70,int8pt,0.927841
own,71,int8pt,0.911534
own,72,int8pt,0.898187
own,73,int8pt,0.908500
own,74,int8pt,0.935311
own,75,int8pt,0.933476
own,76,int8pt,0.949875
own,77,int8pt,0.931824
own,78,int8pt,0.930385
own,79,int8pt,0.919434
own,80,int8pt,0.949295
own,81,int8pt,0.928371
own,82,int8pt,0.939329
own,83,int8pt,0.935286
own,84,int8pt,0.932588
own,85,int8pt,0.948460
own,86,int8pt,0.949749
own,87,int8pt,0.943270
own,88,int8pt,0.944847
own,89,int8pt,0.942106
own,90,int8pt,0.927798
own,91,int8pt,0.928437
own,92,int8pt,0.946842
own,93,int8pt,0.939956
own,94,int8pt,0.937479
own,95,int8pt,0.941701
own,96,int8pt,0.950230
own,97,int8pt,0.943406
own,98,int8pt,0.929266
own,99,int8pt,0.918300
own,100,int8pt,0.922917
own,101,int8pt,0.947042
own,102,int8pt,0.926377
own,103,int8pt,0.954872
own,104,int8pt,0.971557
own,105,int8pt,0.966598
own,106,int8pt,0.957431
own,107,int8pt,0.940149
own,108,int8pt,0.956351
own,109,int8pt,0.957940
own,110,int8pt,0.970226
own,111,int8pt,0.960824
own,112,int8pt,0.970125
own,113,int8pt,0.964375
own,114,int8pt,0.866997
own,115,int8pt,0.884269
own,116,int8pt,0.926003
own,117,int8pt,0.943409
own,118,int8pt,0.938609
own,119,int8pt,0.959339
own,120,int8pt,0.952837
own,121,int8pt,0.950180
own,122,int8pt,0.956954
own,123,int8pt,0.962163
own,124,int8pt,0.960815
own,125,int8pt,0.968058
own,126,int8pt,0.971252
own,127,int8pt,0.968487
own,128,int8pt,0.958035
own,129,int8pt,0.958854
own,130,int8pt,0.963470
own,131,int8pt,0.965158
own,132,int8pt,0.956927
own,133,int8pt,0.956281
own,134,int8pt,0.944238
own,135,int8pt,0.945541
own,136,int8pt,0.933161
own,137,int8pt,0.945993
own,138,int8pt,0.963073
own,139,int8pt,0.968935
own,140,int8pt,0.968370
own,141,int8pt,0.940611
own,142,int8pt,0.945299
own,143,int8pt,0.956602
own,144,int8pt,0.958819
own,145,int8pt,0.873382
own,146,int8pt,0.962670
own,147,int8pt,0.964478
own,148,int8pt,0.964026
own,149,int8pt,0.956644
own,150,int8pt,0.951173
own,151,int8pt,0.955518
own,152,int8pt,0.952394
own,153,int8pt,0.962782
own,154,int8pt,0.965969
own,155,int8pt,0.966935
own,156,int8pt,0.957307
own,157,int8pt,0.948938
own,158,int8pt,0.952187
own,159,int8pt,0.960414
own,160,int8pt,0.949969
own,161,int8pt,0.942316
own,162,int8pt,0.941382
own,163,int8pt,0.932060
own,164,int8pt,0.941989
own,165,int8pt,0.939694
own,166,int8pt,0.963301
own,167,int8pt,0.960473
own,168,int8pt,0.956141
own,169,int8pt,0.957028
own,170,int8pt,0.947503
own,171,int8pt,0.960427
own,172,int8pt,0.963840
own,173,int8pt,0.962824
own,174,int8pt,0.954734
own,175,int8pt,0.956551
own,176,int8pt,0.963730
own,177,int8pt,0.951764
own,178,int8pt,0.962013
own,179,int8pt,0.953176
own,180,int8pt,0.938461
own,181,int8pt,0.950768
own,182,int8pt,0.961162
own,183,int8pt,0.958478
own,184,int8pt,0.954426
own,185,int8pt,0.961063
own,186,int8pt,0.946389
own,187,int8pt,0.939657
own,188,int8pt,0.952485
own,189,int8pt,0.962637
own,190,int8pt,0.954723
own,191,int8pt,0.961170
own,192,int8pt,0.953069
own,193,int8pt,0.954721
own,194,int8pt,0.963559
own,195,int8pt,0.961008
own,196,int8pt,0.945634
own,197,int8pt,0.946675
own,198,int8pt,0.890443
own,199,int8pt,0.902951
own,200,int8pt,0.891333
own,201,int8pt,0.900931
own,202,int8pt,0.927984
own,203,int8pt,0.901871
own,204,int8pt,0.905847
own,205,int8pt,0.900388
own,206,int8pt,0.895613
own,207,int8pt,0.898806
own,208,int8pt,0.912752
own,209,int8pt,0.893335
own,210,int8pt,0.912246
own,211,int8pt,0.914478
own,212,int8pt,0.918954
own,213,int8pt,0.896422
own,214,int8pt,0.905593
own,215,int8pt,0.901555
own,216,int8pt,0.894686
own,217,int8pt,0.901242
own,218,int8pt,0.890943
own,219,int8pt,0.899115
own,220,int8pt,0.909988
own,221,int8pt,0.895485
own,222,int8pt,0.917222
own,223,int8pt,0.918849
own,224,int8pt,0.885555
own,225,int8pt,0.891050
own,226,int8pt,0.895618
own,227,int8pt,0.912197
own,228,int8pt,0.908418
own,229,int8pt,0.906805
own,230,int8pt,0.891172
own,231,int8pt,0.909308
own,232,int8pt,0.899042
own,233,int8pt,0.900004
own,234,int8pt,0.889850
own,235,int8pt,0.895117
own,236,int8pt,0.898263
own,237,int8pt,0.901473
own,238,int8pt,0.907296
own,239,int8pt,0.878606
own,240,int8pt,0.881699
own,241,int8pt,0.910736
own,242,int8pt,0.900862
own,243,int8pt,0.900879
own,244,int8pt,0.918502
own,245,int8pt,0.914912
own,246,int8pt,0.906784
own,247,int8pt,0.899127
own,248,int8pt,0.887981
own,249,int8pt,0.893306
own,250,int8pt,0.914881
own,251,int8pt,0.917134
own,252,int8pt,0.918301
own,253,int8pt,0.892114
own,254,int8pt,0.896821
own,255,int8pt,0.909618
own,256,int8pt,0.809885
own,257,int8pt,0.652181
own,258,int8pt,0.732286
own,259,int8pt,0.788210
own,260,int8pt,0.720408
own,261,int8pt,0.770611
own,262,int8pt,0.835482
own,263,int8pt,0.850352
own,264,int8pt,0.878592
own,265,int8pt,0.858011
own,266,int8pt,0.808716
own,267,int8pt,0.817942
own,268,int8pt,0.866722
own,269,int8pt,0.859706
own,270,int8pt,0.840387
own,271,int8pt,0.822501
own,272,int8pt,0.818161
own,273,int8pt,0.785991
own,274,int8pt,0.839089
own,275,int8pt,0.831251
own,276,int8pt,0.815253
own,277,int8pt,0.832181
own,278,int8pt,0.768382
own,279,int8pt,0.832646
own,280,int8pt,0.773921
own,281,int8pt,0.807875
own,282,int8pt,0.795706
own,283,int8pt,0.802308
own,284,int8pt,0.848199
own,285,int8pt,0.852974
own,286,int8pt,0.771220
own,287,int8pt,0.837835
own,288,int8pt,0.830878
own,289,int8pt,0.806462
own,290,int8pt,0.821325
own,291,int8pt,0.782351
own,292,int8pt,0.803815
own,293,int8pt,0.721604
own,294,int8pt,0.805598
own,295,int8pt,0.786949
own,296,int8pt,0.783159
own,297,int8pt,0.778272
own,298,int8pt,0.837455
own,299,int8pt,0.839053
own,300,int8pt,0.805035
own,301,int8pt,0.784539
own,302,int8pt,0.959314
own,303,int8pt,0.969385
own,304,int8pt,0.966233
own,305,int8pt,0.970248
own,306,int8pt,0.966644
own,307,int8pt,0.964809
own,308,int8pt,0.963320
own,309,int8pt,0.969863
own,310,int8pt,0.966826
own,311,int8pt,0.967078
own,312,int8pt,0.965689
own,313,int8pt,0.968635
own,314,int8pt,0.965140
own,315,int8pt,0.962589
own,316,int8pt,0.965763
own,317,int8pt,0.969526
own,318,int8pt,0.955716
own,319,int8pt,0.966117
own,320,int8pt,0.962453
own,321,int8pt,0.961491
own,322,int8pt,0.961920
own,323,int8pt,0.967244
own,324,int8pt,0.962911
own,325,int8pt,0.967919
own,326,int8pt,0.965365
own,327,int8pt,0.968042
own,328,int8pt,0.963045
own,329,int8pt,0.960286
own,330,int8pt,0.964401
own,331,int8pt,0.966610
own,332,int8pt,0.962926
own,333,int8pt,0.969623
own,334,int8pt,0.968339
own,335,int8pt,0.960416
own,336,int8pt,0.957871
own,337,int8pt,0.970535
own,338,int8pt,0.963886
own,339,int8pt,0.960199
own,340,int8pt,0.959994
own,341,int8pt,0.962329
own,342,int8pt,0.967820
own,343,int8pt,0.956818
own,344,int8pt,0.961241
own,345,int8pt,0.962939
own,346,int8pt,0.953049
own,347,int8pt,0.963615
own,348,int8pt,0.964739
own,349,int8pt,0.962753
own,350,int8pt,0.957844
own,351,int8pt,0.959555
own,352,int8pt,0.962911
own,353,int8pt,0.968060
own,354,int8pt,0.961732
own,355,int8pt,0.961273
own,356,int8pt,0.957549
own,357,int8pt,0.966887
own,358,int8pt,0.964405
own,359,int8pt,0.950628
own,360,int8pt,0.929403
own,361,int8pt,0.916400
own,362,int8pt,0.921135
own,363,int8pt,0.931625
own,364,int8pt,0.918006
own,365,int8pt,0.910346
own,366,int8pt,0.924986
own,367,int8pt,0.906319
own,368,int8pt,0.900580
own,369,int8pt,0.901570
own,370,int8pt,0.937326
own,371,int8pt,0.931510
own,372,int8pt,0.935726
own,373,int8pt,0.903052
own,374,int8pt,0.904489
own,375,int8pt,0.916335
own,376,int8pt,0.908274
own,377,int8pt,0.887127
own,378,int8pt,0.910444
own,379,int8pt,0.881701
own,380,int8pt,0.902794
own,381,int8pt,0.877234
own,382,int8pt,0.898740
own,383,int8pt,0.905066
own,384,int8pt,0.919205
own,385,int8pt,0.914879
own,386,int8pt,0.909114
own,387,int8pt,0.889862
own,388,int8pt,0.894882
own,389,int8pt,0.895914
own,390,int8pt,0.887256
own,391,int8pt,0.897647
own,392,int8pt,0.913328
own,393,int8pt,0.922481
own,394,int8pt,0.903600
own,395,int8pt,0.890212
own,396,int8pt,0.890180
own,397,int8pt,0.889911
own,398,int8pt,0.879451
own,399,int8pt,0.907142
own,400,int8pt,0.882523
own,401,int8pt,0.901860
own,402,int8pt,0.883329
own,403,int8pt,0.881086
own,404,int8pt,0.913007
own,405,int8pt,0.897615
own,406,int8pt,0.897923
own,407,int8pt,0.898193
own,408,int8pt,0.888760
own,409,int8pt,0.872071
own,410,int8pt,0.862260
own,411,int8pt,0.935916
own,412,int8pt,0.951643
own,413,int8pt,0.946192
own,414,int8pt,0.944754
own,415,int8pt,0.949099
own,416,int8pt,0.946329
own,417,int8pt,0.952370
own,418,int8pt,0.952096
own,419,int8pt,0.946421
own,420,int8pt,0.953724
own,421,int8pt,0.954199
own,422,int8pt,0.954861
own,423,int8pt,0.943616
own,424,int8pt,0.952734
own,425,int8pt,0.950488
own,426,int8pt,0.951258
own,427,int8pt,0.951255
own,428,int8pt,0.959424
own,429,int8pt,0.953553
own,430,int8pt,0.960158
own,431,int8pt,0.950680
own,432,int8pt,0.955320
own,433,int8pt,0.962656
own,434,int8pt,0.961321
own,435,int8pt,0.966764
own,436,int8pt,0.962139
own,437,int8pt,0.960388
own,438,int8pt,0.958291
own,439,int8pt,0.936397
own,440,int8pt,0.955333
own,441,int8pt,0.956501
own,442,int8pt,0.955023
own,443,int8pt,0.949818
own,444,int8pt,0.953496
own,445,int8pt,0.959993
own,446,int8pt,0.952980
own,447,int8pt,0.951413
own,448,int8pt,0.959459
own,449,int8pt,0.957653
own,450,int8pt,0.947318
own,451,int8pt,0.963839
own,452,int8pt,0.958287
own,453,int8pt,0.955806
own,454,int8pt,0.957388
own,455,int8pt,0.945828
own,456,int8pt,0.955686
own,457,int8pt,0.962532
own,458,int8pt,0.951282
own,459,int8pt,0.951021
own,460,int8pt,0.954353
own,461,int8pt,0.951916
own,462,int8pt,0.960204
own,463,int8pt,0.951095
own,464,int8pt,0.944588
own,465,int8pt,0.955215
own,466,int8pt,0.956675
own,467,int8pt,0.933371
own,468,int8pt,0.926736
own,469,int8pt,0.937145
own,470,int8pt,0.950131
own,471,int8pt,0.935872
own,472,int8pt,0.939339
own,473,int8pt,0.926858
own,474,int8pt,0.932319
own,475,int8pt,0.923100
own,476,int8pt,0.936571
own,477,int8pt,0.918377
own,478,int8pt,0.910714
own,479,int8pt,0.926380
own,480,int8pt,0.911319
own,481,int8pt,0.929064
own,482,int8pt,0.922227
own,483,int8pt,0.914917
own,484,int8pt,0.918572
own,485,int8pt,0.920890
own,486,int8pt,0.908535
own,487,int8pt,0.914616
own,488,int8pt,0.901968
own,489,int8pt,0.909234
own,490,int8pt,0.914914
own,491,int8pt,0.914588
own,492,int8pt,0.937017
own,493,int8pt,0.923439
own,494,int8pt,0.929236
own,495,int8pt,0.930964
own,496,int8pt,0.950865
own,497,int8pt,0.940583
own,498,int8pt,0.898056
own,499,int8pt,0.919336
own,500,int8pt,0.936824
own,501,int8pt,0.942010
own,502,int8pt,0.942416
own,503,int8pt,0.934264
own,504,int8pt,0.934932
own,505,int8pt,0.945365
own,506,int8pt,0.928732
own,507,int8pt,0.930049
own,508,int8pt,0.940677
own,509,int8pt,0.938887
own,510,int8pt,0.934520
own,511,int8pt,0.924913
own,512,int8pt,0.931196
own,513,int8pt,0.923070
own,514,int8pt,0.921152
own,515,int8pt,0.918463
own,516,int8pt,0.914095
own,517,int8pt,0.931511
own,518,int8pt,0.940507
own,519,int8pt,0.934947
own,520,int8pt,0.936019
own,521,int8pt,0.930420
own,522,int8pt,0.957224
own,523,int8pt,0.943687
own,524,int8pt,0.935741
own,525,int8pt,0.926495
own,526,int8pt,0.943220
own,527,int8pt,0.937860
own,528,int8pt,0.943770
own,529,int8pt,0.950628
own,530,int8pt,0.949489
own,531,int8pt,0.949697
own,532,int8pt,0.946480
own,533,int8pt,0.940614
own,534,int8pt,0.947463
own,535,int8pt,0.954078
own,536,int8pt,0.943578
own,537,int8pt,0.938035
own,538,int8pt,0.950712
own,539,int8pt,0.936998
own,540,int8pt,0.942862
own,541,int8pt,0.951125
own,542,int8pt,0.940146
own,543,int8pt,0.943834
own,544,int8pt,0.935836
own,545,int8pt,0.945697
own,546,int8pt,0.952279
own,547,int8pt,0.950290
own,548,int8pt,0.915234
own,549,int8pt,0.934443
own,550,int8pt,0.953296
own,551,int8pt,0.950123
own,552,int8pt,0.958176
own,553,int8pt,0.947181
own,554,int8pt,0.943462
own,555,int8pt,0.951346
own,556,int8pt,0.951091
own,557,int8pt,0.949956
own,558,int8pt,0.957793
own,559,int8pt,0.953172
own,560,int8pt,0.950054
own,561,int8pt,0.952516
own,562,int8pt,0.965209
own,563,int8pt,0.953664
own,564,int8pt,0.960203
own,565,int8pt,0.949106
own,566,int8pt,0.955201
own,567,int8pt,0.950108
own,568,int8pt,0.954849
own,569,int8pt,0.945406
own,570,int8pt,0.935960
own,571,int8pt,0.945794
own,572,int8pt,0.952902
own,573,int8pt,0.950014
own,574,int8pt,0.954397
own,575,int8pt,0.958834
own,576,int8pt,0.949573
own,577,int8pt,0.941972
own,578,int8pt,0.950296
own,579,int8pt,0.959287
own,580,int8pt,0.953142
own,581,int8pt,0.950015
own,582,int8pt,0.957029
own,583,int8pt,0.937117
own,584,int8pt,0.947980
own,585,int8pt,0.941826
own,586,int8pt,0.942807
own,587,int8pt,0.951593
own,588,int8pt,0.942542
own,589,int8pt,0.943178
own,590,int8pt,0.944948
own,591,int8pt,0.935915
own,592,int8pt,0.949586
own,593,int8pt,0.952487
own,594,int8pt,0.947127
own,595,int8pt,0.947233
own,596,int8pt,0.942499
own,597,int8pt,0.935147
own,598,int8pt,0.934601
own,599,int8pt,0.943916
own,600,int8pt,0.923390
own,601,int8pt,0.930604
own,602,int8pt,0.924898
own,603,int8pt,0.929590
own,604,int8pt,0.894086
own,605,int8pt,0.902903
own,606,int8pt,0.943774
own,607,int8pt,0.938725
own,608,int8pt,0.904059
own,609,int8pt,0.931270
own,610,int8pt,0.923036
own,611,int8pt,0.933998
own,612,int8pt,0.926699
own,613,int8pt,0.920416
own,614,int8pt,0.935853
own,615,int8pt,0.931139
own,616,int8pt,0.928580
own,617,int8pt,0.938771
own,618,int8pt,0.934496
own,619,int8pt,0.931939
own,620,int8pt,0.934046
own,621,int8pt,0.932008
own,622,int8pt,0.930641
own,623,int8pt,0.933926
own,624,int8pt,0.924095
own,625,int8pt,0.921577
own,626,int8pt,0.932300
own,627,int8pt,0.942556
own,628,int8pt,0.933612
own,629,int8pt,0.928472
own,630,int8pt,0.932202
own,0,int8pc,0.975003
own,1,int8pc,0.980939
own,2,int8pc,0.975398
own,3,int8pc,0.978038
own,4,int8pc,0.978246
own,5,int8pc,0.981196
own,6,int8pc,0.966142
own,7,int8pc,0.974323
own,8,int8pc,0.976945
own,9,int8pc,0.977491
own,10,int8pc,0.976042
own,11,int8pc,0.978592
own,12,int8pc,0.977317
own,13,int8pc,0.981866
own,14,int8pc,0.980249
own,15,int8pc,0.974919
own,16,int8pc,0.976915
own,17,int8pc,0.980456
own,18,int8pc,0.968703
own,19,int8pc,0.979591
own,20,int8pc,0.977116
own,21,int8pc,0.980450
own,22,int8pc,0.968415
own,23,int8pc,0.977389
own,24,int8pc,0.972036
own,25,int8pc,0.976777
own,26,int8pc,0.981483
own,27,int8pc,0.982093
own,28,int8pc,0.975654
own,29,int8pc,0.978968
own,30,int8pc,0.977831
own,31,int8pc,0.977017
own,32,int8pc,0.979554
own,33,int8pc,0.980432
own,34,int8pc,0.978614
own,35,int8pc,0.981313
own,36,int8pc,0.972328
own,37,int8pc,0.975399
own,38,int8pc,0.972851
own,39,int8pc,0.979467
own,40,int8pc,0.976886
own,41,int8pc,0.970893
own,42,int8pc,0.974840
own,43,int8pc,0.977385
own,44,int8pc,0.979178
own,45,int8pc,0.974634
own,46,int8pc,0.971675
own,47,int8pc,0.984633
own,48,int8pc,0.983709
own,49,int8pc,0.980297
own,50,int8pc,0.981791
own,51,int8pc,0.973351
own,52,int8pc,0.972491
own,53,int8pc,0.972723
own,54,int8pc,0.976370
own,55,int8pc,0.959954
own,56,int8pc,0.958454
own,57,int8pc,0.975632
own,58,int8pc,0.974923
own,59,int8pc,0.959791
own,60,int8pc,0.966543
own,61,int8pc,0.959818
own,62,int8pc,0.961958
own,63,int8pc,0.951303
own,64,int8pc,0.969591
own,65,int8pc,0.957836
own,66,int8pc,0.959925
own,67,int8pc,0.957810
own,68,int8pc,0.940796
own,69,int8pc,0.943809
own,70,int8pc,0.942205
own,71,int8pc,0.934108
own,72,int8pc,0.944171
own,73,int8pc,0.935171
own,74,int8pc,0.943952
own,75,int8pc,0.955339
own,76,int8pc,0.964569
own,77,int8pc,0.958197
own,78,int8pc,0.947669
own,79,int8pc,0.947868
own,80,int8pc,0.964392
own,81,int8pc,0.944064
own,82,int8pc,0.947431
own,83,int8pc,0.958751
own,84,int8pc,0.941530
own,85,int8pc,0.961688
own,86,int8pc,0.959176
own,87,int8pc,0.947871
own,88,int8pc,0.964129
own,89,int8pc,0.957372
own,90,int8pc,0.951149
own,91,int8pc,0.963695
own,92,int8pc,0.959172
own,93,int8pc,0.956841
own,94,int8pc,0.952382
own,95,int8pc,0.951428
own,96,int8pc,0.954618
own,97,int8pc,0.965806
own,98,int8pc,0.948660
own,99,int8pc,0.924847
own,100,int8pc,0.936384
own,101,int8pc,0.961883
own,102,int8pc,0.960004
own,103,int8pc,0.976258
own,104,int8pc,0.982150
own,105,int8pc,0.980573
own,106,int8pc,0.979731
own,107,int8pc,0.976076
own,108,int8pc,0.978102
own,109,int8pc,0.983356
own,110,int8pc,0.982241
own,111,int8pc,0.976623
own,112,int8pc,0.985564
own,113,int8pc,0.974758
own,114,int8pc,0.962601
own,115,int8pc,0.953081
own,116,int8pc,0.968607
own,117,int8pc,0.971623
own,118,int8pc,0.973708
own,119,int8pc,0.972321
own,120,int8pc,0.975321
own,121,int8pc,0.977156
own,122,int8pc,0.977570
own,123,int8pc,0.977274
own,124,int8pc,0.976766
own,125,int8pc,0.981678
own,126,int8pc,0.975290
own,127,int8pc,0.977565
own,128,int8pc,0.973534
own,129,int8pc,0.977517
own,130,int8pc,0.981229
own,131,int8pc,0.978100
own,132,int8pc,0.972071
own,133,int8pc,0.978299
own,134,int8pc,0.975211
own,135,int8pc,0.982211
own,136,int8pc,0.972013
own,137,int8pc,0.978085
own,138,int8pc,0.985406
own,139,int8pc,0.972680
own,140,int8pc,0.979204
own,141,int8pc,0.972599
own,142,int8pc,0.977035
own,143,int8pc,0.981524
own,144,int8pc,0.983254
own,145,int8pc,0.959441
own,146,int8pc,0.977620
own,147,int8pc,0.979340
own,148,int8pc,0.983619
own,149,int8pc,0.978836
own,150,int8pc,0.980784
own,151,int8pc,0.986985
own,152,int8pc,0.965192
own,153,int8pc,0.979909
own,154,int8pc,0.979481
own,155,int8pc,0.980850
own,156,int8pc,0.976873
own,157,int8pc,0.961641
own,158,int8pc,0.962115
own,159,int8pc,0.968389
own,160,int8pc,0.958790
own,161,int8pc,0.968940
own,162,int8pc,0.964580
own,163,int8pc,0.968391
own,164,int8pc,0.970315
own,165,int8pc,0.973615
own,166,int8pc,0.973768
own,167,int8pc,0.977424
own,168,int8pc,0.979465
own,169,int8pc,0.979506
own,170,int8pc,0.976070
own,171,int8pc,0.977600
own,172,int8pc,0.974757
own,173,int8pc,0.979629
own,174,int8pc,0.981106
own,175,int8pc,0.978986
own,176,int8pc,0.974545
own,177,int8pc,0.972156
own,178,int8pc,0.969514
own,179,int8pc,0.967175
own,180,int8pc,0.974243
own,181,int8pc,0.974562
own,182,int8pc,0.970014
own,183,int8pc,0.976529
own,184,int8pc,0.976397
own,185,int8pc,0.971262
own,186,int8pc,0.977040
own,187,int8pc,0.970895
own,188,int8pc,0.969382
own,189,int8pc,0.975739
own,190,int8pc,0.979089
own,191,int8pc,0.980892
own,192,int8pc,0.976206
own,193,int8pc,0.970117
own,194,int8pc,0.975381
own,195,int8pc,0.977024
own,196,int8pc,0.962811
own,197,int8pc,0.957268
own,198,int8pc,0.953590
own,199,int8pc,0.966320
own,200,int8pc,0.953483
own,201,int8pc,0.963338
own,202,int8pc,0.966783
own,203,int8pc,0.955375
own,204,int8pc,0.966969
own,205,int8pc,0.959891
own,206,int8pc,0.954881
own,207,int8pc,0.962888
own,208,int8pc,0.949092
own,209,int8pc,0.947727
own,210,int8pc,0.954861
own,211,int8pc,0.952865
own,212,int8pc,0.945300
own,213,int8pc,0.948509
own,214,int8pc,0.954062
own,215,int8pc,0.950682
own,216,int8pc,0.946854
own,217,int8pc,0.963589
own,218,int8pc,0.960601
own,219,int8pc,0.963473
own,220,int8pc,0.969306
own,221,int8pc,0.964253
own,222,int8pc,0.957436
own,223,int8pc,0.955260
own,224,int8pc,0.957495
own,225,int8pc,0.964529
own,226,int8pc,0.951572
own,227,int8pc,0.949343
own,228,int8pc,0.942016
own,229,int8pc,0.942236
own,230,int8pc,0.952077
own,231,int8pc,0.944313
own,232,int8pc,0.953606
own,233,int8pc,0.949249
own,234,int8pc,0.958029
own,235,int8pc,0.962611
own,236,int8pc,0.960007
own,237,int8pc,0.964762
own,238,int8pc,0.957980
own,239,int8pc,0.943607
own,240,int8pc,0.949045
own,241,int8pc,0.963655
own,242,int8pc,0.958625
own,243,int8pc,0.952735
own,244,int8pc,0.949432
own,245,int8pc,0.958882
own,246,int8pc,0.959430
own,247,int8pc,0.954060
own,248,int8pc,0.947975
own,249,int8pc,0.954663
own,250,int8pc,0.969234
own,251,int8pc,0.962423
own,252,int8pc,0.953623
own,253,int8pc,0.955092
own,254,int8pc,0.949129
own,255,int8pc,0.946827
own,256,int8pc,0.905303
own,257,int8pc,0.758342
own,258,int8pc,0.827301
own,259,int8pc,0.821938
own,260,int8pc,0.850119
own,261,int8pc,0.907869
own,262,int8pc,0.913496
own,263,int8pc,0.930268
own,264,int8pc,0.942829
own,265,int8pc,0.947357
own,266,int8pc,0.875055
own,267,int8pc,0.917015
own,268,int8pc,0.925164
own,269,int8pc,0.925717
own,270,int8pc,0.914211
own,271,int8pc,0.900670
own,272,int8pc,0.918517
own,273,int8pc,0.874136
own,274,int8pc,0.887819
own,275,int8pc,0.896354
own,276,int8pc,0.909479
own,277,int8pc,0.854153
own,278,int8pc,0.871117
own,279,int8pc,0.882867
own,280,int8pc,0.878619
own,281,int8pc,0.878522
own,282,int8pc,0.891500
own,283,int8pc,0.885306
own,284,int8pc,0.876536
own,285,int8pc,0.852077
own,286,int8pc,0.805090
own,287,int8pc,0.897629
own,288,int8pc,0.882640
own,289,int8pc,0.878551
own,290,int8pc,0.901229
own,291,int8pc,0.862150
own,292,int8pc,0.866976
own,293,int8pc,0.827382
own,294,int8pc,0.884580
own,295,int8pc,0.850839
own,296,int8pc,0.865031
own,297,int8pc,0.872420
own,298,int8pc,0.792594
own,299,int8pc,0.866211
own,300,int8pc,0.866212
own,301,int8pc,0.843295
own,302,int8pc,0.978870
own,303,int8pc,0.981622
own,304,int8pc,0.982011
own,305,int8pc,0.979993
own,306,int8pc,0.974828
own,307,int8pc,0.978137
own,308,int8pc,0.979118
own,309,int8pc,0.978087
own,310,int8pc,0.974064
own,311,int8pc,0.981596
own,312,int8pc,0.977153
own,313,int8pc,0.976843
own,314,int8pc,0.982081
own,315,int8pc,0.984426
own,316,int8pc,0.983178
own,317,int8pc,0.981965
own,318,int8pc,0.979211
own,319,int8pc,0.979654
own,320,int8pc,0.967835
own,321,int8pc,0.976846
own,322,int8pc,0.976328
own,323,int8pc,0.971839
own,324,int8pc,0.978928
own,325,int8pc,0.977186
own,326,int8pc,0.980090
own,327,int8pc,0.979175
own,328,int8pc,0.980487
own,329,int8pc,0.977311
own,330,int8pc,0.976459
own,331,int8pc,0.981197
own,332,int8pc,0.974462
own,333,int8pc,0.982722
own,334,int8pc,0.976116
own,335,int8pc,0.978202
own,336,int8pc,0.977468
own,337,int8pc,0.969425
own,338,int8pc,0.971841
own,339,int8pc,0.962905
own,340,int8pc,0.983044
own,341,int8pc,0.972690
own,342,int8pc,0.972110
own,343,int8pc,0.979799
own,344,int8pc,0.966466
own,345,int8pc,0.976855
own,346,int8pc,0.977191
own,347,int8pc,0.980107
own,348,int8pc,0.978843
own,349,int8pc,0.977849
own,350,int8pc,0.978715
own,351,int8pc,0.975584
own,352,int8pc,0.976602
own,353,int8pc,0.981107
own,354,int8pc,0.979621
own,355,int8pc,0.978969
own,356,int8pc,0.977034
own,357,int8pc,0.973977
own,358,int8pc,0.974525
own,359,int8pc,0.969831
own,360,int8pc,0.950430
own,361,int8pc,0.946622
own,362,int8pc,0.965810
own,363,int8pc,0.958818
own,364,int8pc,0.954297
own,365,int8pc,0.948889
own,366,int8pc,0.961782
own,367,int8pc,0.959570
own,368,int8pc,0.950104
own,369,int8pc,0.957919
own,370,int8pc,0.954162
own,371,int8pc,0.962228
own,372,int8pc,0.967307
own,373,int8pc,0.951963
own,374,int8pc,0.953045
own,375,int8pc,0.957789
own,376,int8pc,0.951360
own,377,int8pc,0.953691
own,378,int8pc,0.959682
own,379,int8pc,0.938685
own,380,int8pc,0.948989
own,381,int8pc,0.942474
own,382,int8pc,0.951750
own,383,int8pc,0.950556
own,384,int8pc,0.965480
own,385,int8pc,0.952274
own,386,int8pc,0.954106
own,387,int8pc,0.958986
own,388,int8pc,0.963154
own,389,int8pc,0.953041
own,390,int8pc,0.956521
own,391,int8pc,0.958106
own,392,int8pc,0.947242
own,393,int8pc,0.962886
own,394,int8pc,0.952399
own,395,int8pc,0.930229
own,396,int8pc,0.958570
own,397,int8pc,0.959334
own,398,int8pc,0.945228
own,399,int8pc,0.954519
own,400,int8pc,0.947619
own,401,int8pc,0.955247
own,402,int8pc,0.934473
own,403,int8pc,0.949203
own,404,int8pc,0.954968
own,405,int8pc,0.951321
own,406,int8pc,0.944426
own,407,int8pc,0.954891
own,408,int8pc,0.952340
own,409,int8pc,0.955653
own,410,int8pc,0.949486
own,411,int8pc,0.968997
own,412,int8pc,0.973046
own,413,int8pc,0.974964
own,414,int8pc,0.973709
own,415,int8pc,0.978538
own,416,int8pc,0.974813
own,417,int8pc,0.973989
own,418,int8pc,0.975450
own,419,int8pc,0.965639
own,420,int8pc,0.975533
own,421,int8pc,0.972542
own,422,int8pc,0.977772
own,423,int8pc,0.969893
own,424,int8pc,0.969932
own,425,int8pc,0.970942
own,426,int8pc,0.974796
own,427,int8pc,0.977197
own,428,int8pc,0.977052
own,429,int8pc,0.971687
own,430,int8pc,0.976016
own,431,int8pc,0.976738
own,432,int8pc,0.975561
own,433,int8pc,0.976893
own,434,int8pc,0.976295
own,435,int8pc,0.980649
own,436,int8pc,0.977419
own,437,int8pc,0.980004
own,438,int8pc,0.980807
own,439,int8pc,0.968833
own,440,int8pc,0.972983
own,441,int8pc,0.976064
own,442,int8pc,0.976704
own,443,int8pc,0.971456
own,444,int8pc,0.976999
own,445,int8pc,0.978747
own,446,int8pc,0.975316
own,447,int8pc,0.977344
own,448,int8pc,0.976124
own,449,int8pc,0.973533
own,450,int8pc,0.974664
own,451,int8pc,0.974781
own,452,int8pc,0.974796
own,453,int8pc,0.972211
own,454,int8pc,0.973783
own,455,int8pc,0.973500
own,456,int8pc,0.973467
own,457,int8pc,0.977819
own,458,int8pc,0.976724
own,459,int8pc,0.968405
own,460,int8pc,0.973168
own,461,int8pc,0.968815
own,462,int8pc,0.970789
own,463,int8pc,0.974744
own,464,int8pc,0.970166
own,465,int8pc,0.972007
own,466,int8pc,0.972335
own,467,int8pc,0.956094
own,468,int8pc,0.962067
own,469,int8pc,0.966585
own,470,int8pc,0.960686
own,471,int8pc,0.965102
own,472,int8pc,0.961837
own,473,int8pc,0.958054
own,474,int8pc,0.960805
own,475,int8pc,0.954924
own,476,int8pc,0.951201
own,477,int8pc,0.958013
own,478,int8pc,0.947188
own,479,int8pc,0.958998
own,480,int8pc,0.945193
own,481,int8pc,0.958731
own,482,int8pc,0.954305
own,483,int8pc,0.958195
own,484,int8pc,0.952723
own,485,int8pc,0.961237
own,486,int8pc,0.962966
own,487,int8pc,0.953508
own,488,int8pc,0.959471
own,489,int8pc,0.946209
own,490,int8pc,0.956279
own,491,int8pc,0.949535
own,492,int8pc,0.957059
own,493,int8pc,0.958263
own,494,int8pc,0.958302
own,495,int8pc,0.961847
own,496,int8pc,0.966712
own,497,int8pc,0.956513
own,498,int8pc,0.937726
own,499,int8pc,0.954756
own,500,int8pc,0.960141
own,501,int8pc,0.968667
own,502,int8pc,0.969869
own,503,int8pc,0.969435
own,504,int8pc,0.967940
own,505,int8pc,0.964908
own,506,int8pc,0.961078
own,507,int8pc,0.966762
own,508,int8pc,0.970518
own,509,int8pc,0.968637
own,510,int8pc,0.970834
own,511,int8pc,0.959311
own,512,int8pc,0.959418
own,513,int8pc,0.956816
own,514,int8pc,0.960839
own,515,int8pc,0.954375
own,516,int8pc,0.964378
own,517,int8pc,0.967095
own,518,int8pc,0.958732
own,519,int8pc,0.966613
own,520,int8pc,0.965284
own,521,int8pc,0.963537
own,522,int8pc,0.969831
own,523,int8pc,0.972750
own,524,int8pc,0.964852
own,525,int8pc,0.963173
own,526,int8pc,0.970207
own,527,int8pc,0.970547
own,528,int8pc,0.967371
own,529,int8pc,0.971395
own,530,int8pc,0.965452
own,531,int8pc,0.970137
own,532,int8pc,0.973052
own,533,int8pc,0.966947
own,534,int8pc,0.965864
own,535,int8pc,0.973837
own,536,int8pc,0.971598
own,537,int8pc,0.964441
own,538,int8pc,0.963025
own,539,int8pc,0.963455
own,540,int8pc,0.970120
own,541,int8pc,0.973063
own,542,int8pc,0.967630
own,543,int8pc,0.966871
own,544,int8pc,0.970972
own,545,int8pc,0.969413
own,546,int8pc,0.976069
own,547,int8pc,0.974411
own,548,int8pc,0.949811
own,549,int8pc,0.960710
own,550,int8pc,0.976038
own,551,int8pc,0.972203
own,552,int8pc,0.976133
own,553,int8pc,0.973744
own,554,int8pc,0.968513
own,555,int8pc,0.966568
own,556,int8pc,0.973110
own,557,int8pc,0.975771
own,558,int8pc,0.975315
own,559,int8pc,0.977058
own,560,int8pc,0.974503
own,561,int8pc,0.972168
own,562,int8pc,0.975779
own,563,int8pc,0.977719
own,564,int8pc,0.976983
own,565,int8pc,0.970891
own,566,int8pc,0.975655
own,567,int8pc,0.975542
own,568,int8pc,0.974194
own,569,int8pc,0.976916
own,570,int8pc,0.963977
own,571,int8pc,0.970676
own,572,int8pc,0.972965
own,573,int8pc,0.974429
own,574,int8pc,0.978551
own,575,int8pc,0.980132
own,576,int8pc,0.977283
own,577,int8pc,0.974525
own,578,int8pc,0.972371
own,579,int8pc,0.976792
own,580,int8pc,0.967268
own,581,int8pc,0.979225
own,582,int8pc,0.973083
own,583,int8pc,0.967771
own,584,int8pc,0.972630
own,585,int8pc,0.969560
own,586,int8pc,0.967193
own,587,int8pc,0.972055
own,588,int8pc,0.974305
own,589,int8pc,0.966115
own,590,int8pc,0.967404
own,591,int8pc,0.968313
own,592,int8pc,0.967701
own,593,int8pc,0.968336
own,594,int8pc,0.968134
own,595,int8pc,0.969241
own,596,int8pc,0.966456
own,597,int8pc,0.962787
own,598,int8pc,0.956510
own,599,int8pc,0.966560
own,600,int8pc,0.965961
own,601,int8pc,0.961645
own,602,int8pc,0.960953
own,603,int8pc,0.960997
own,604,int8pc,0.943997
own,605,int8pc,0.940091
own,606,int8pc,0.963998
own,607,int8pc,0.971816
own,608,int8pc,0.954485
own,609,int8pc,0.968330
own,610,int8pc,0.946698
own,611,int8pc,0.955845
own,612,int8pc,0.959269
own,613,int8pc,0.961689
own,614,int8pc,0.965199
own,615,int8pc,0.958768
own,616,int8pc,0.956693
own,617,int8pc,0.970648
own,618,int8pc,0.962658
own,619,int8pc,0.964928
own,620,int8pc,0.972091
own,621,int8pc,0.962725
own,622,int8pc,0.964236
own,623,int8pc,0.970983
own,624,int8pc,0.966319
own,625,int8pc,0.951596
own,626,int8pc,0.953928
own,627,int8pc,0.961638
own,628,int8pc,0.956952
own,629,int8pc,0.955437
own,630,int8pc,0.956823
kaggle,0,int8pt,0.917357
kaggle,1,int8pt,0.922816
kaggle,2,int8pt,0.927637
kaggle,3,int8pt,0.935637
kaggle,4,int8pt,0.944041
kaggle,5,int8pt,0.942724
kaggle,6,int8pt,0.936510
kaggle,7,int8pt,0.945486
kaggle,8,int8pt,0.937477
kaggle,9,int8pt,0.945513
kaggle,10,int8pt,0.951326
kaggle,11,int8pt,0.948219
kaggle,12,int8pt,0.939254
kaggle,13,int8pt,0.947865
kaggle,14,int8pt,0.948243
kaggle,15,int8pt,0.952334
kaggle,16,int8pt,0.954049
kaggle,17,int8pt,0.915419
kaggle,18,int8pt,0.905919
kaggle,19,int8pt,0.924842
kaggle,20,int8pt,0.917098
kaggle,21,int8pt,0.922738
kaggle,22,int8pt,0.924587
kaggle,23,int8pt,0.912803
kaggle,24,int8pt,0.922895
kaggle,25,int8pt,0.922210
kaggle,26,int8pt,0.915945
kaggle,27,int8pt,0.943069
kaggle,28,int8pt,0.955127
kaggle,29,int8pt,0.954039
kaggle,30,int8pt,0.957899
kaggle,31,int8pt,0.962507
kaggle,32,int8pt,0.961590
kaggle,33,int8pt,0.958906
kaggle,34,int8pt,0.963602
kaggle,35,int8pt,0.944910
kaggle,36,int8pt,0.938588
kaggle,37,int8pt,0.938211
kaggle,38,int8pt,0.946772
kaggle,39,int8pt,0.945529
kaggle,40,int8pt,0.945095
kaggle,41,int8pt,0.946531
kaggle,42,int8pt,0.949505
kaggle,43,int8pt,0.933459
kaggle,44,int8pt,0.935981
kaggle,45,int8pt,0.949078
kaggle,46,int8pt,0.945685
kaggle,47,int8pt,0.943255
kaggle,48,int8pt,0.948491
kaggle,49,int8pt,0.937582
kaggle,50,int8pt,0.947617
kaggle,51,int8pt,0.932576
kaggle,52,int8pt,0.941218
kaggle,53,int8pt,0.932356
kaggle,54,int8pt,0.929550
kaggle,55,int8pt,0.950485
kaggle,56,int8pt,0.951616
kaggle,57,int8pt,0.948229
kaggle,58,int8pt,0.952434
kaggle,59,int8pt,0.950609
kaggle,60,int8pt,0.949379
kaggle,61,int8pt,0.957160
kaggle,62,int8pt,0.952622
kaggle,63,int8pt,0.939923
kaggle,64,int8pt,0.964196
kaggle,65,int8pt,0.960320
kaggle,66,int8pt,0.947989
kaggle,67,int8pt,0.966093
kaggle,68,int8pt,0.959477
kaggle,69,int8pt,0.967449
kaggle,70,int8pt,0.957583
kaggle,71,int8pt,0.964944
kaggle,72,int8pt,0.960351
kaggle,73,int8pt,0.967117
kaggle,74,int8pt,0.964871
kaggle,75,int8pt,0.969473
kaggle,76,int8pt,0.971675
kaggle,77,int8pt,0.966706
kaggle,78,int8pt,0.970772
kaggle,79,int8pt,0.966453
kaggle,80,int8pt,0.967072
kaggle,81,int8pt,0.968937
kaggle,82,int8pt,0.949307
kaggle,83,int8pt,0.958926
kaggle,84,int8pt,0.952792
kaggle,85,int8pt,0.970221
kaggle,86,int8pt,0.947301
kaggle,87,int8pt,0.952487
kaggle,88,int8pt,0.964557
kaggle,89,int8pt,0.971541
kaggle,90,int8pt,0.956295
kaggle,91,int8pt,0.940658
kaggle,92,int8pt,0.924136
kaggle,93,int8pt,0.912208
kaggle,94,int8pt,0.938740
kaggle,95,int8pt,0.938800
kaggle,96,int8pt,0.938252
kaggle,97,int8pt,0.933861
kaggle,98,int8pt,0.927340
kaggle,99,int8pt,0.938447
kaggle,100,int8pt,0.932689
kaggle,101,int8pt,0.932370
kaggle,102,int8pt,0.950847
kaggle,103,int8pt,0.945193
kaggle,104,int8pt,0.954991
kaggle,105,int8pt,0.957409
kaggle,106,int8pt,0.948819
kaggle,107,int8pt,0.946420
kaggle,108,int8pt,0.949958
kaggle,109,int8pt,0.944888
kaggle,110,int8pt,0.956653
kaggle,111,int8pt,0.957708
kaggle,112,int8pt,0.960764
kaggle,113,int8pt,0.947820
kaggle,114,int8pt,0.951946
kaggle,115,int8pt,0.948055
kaggle,116,int8pt,0.947941
kaggle,117,int8pt,0.926759
kaggle,118,int8pt,0.933302
kaggle,119,int8pt,0.947172
kaggle,120,int8pt,0.931431
kaggle,121,int8pt,0.934122
kaggle,122,int8pt,0.936138
kaggle,123,int8pt,0.948459
kaggle,124,int8pt,0.939576
kaggle,125,int8pt,0.936092
kaggle,126,int8pt,0.955775
kaggle,127,int8pt,0.970097
kaggle,128,int8pt,0.967388
kaggle,129,int8pt,0.959890
kaggle,130,int8pt,0.968354
kaggle,131,int8pt,0.967428
kaggle,132,int8pt,0.969758
kaggle,133,int8pt,0.963994
kaggle,134,int8pt,0.966107
kaggle,135,int8pt,0.967096
kaggle,136,int8pt,0.965263
kaggle,137,int8pt,0.966693
kaggle,138,int8pt,0.969189
kaggle,139,int8pt,0.956201
kaggle,140,int8pt,0.953774
kaggle,141,int8pt,0.945073
kaggle,142,int8pt,0.943245
kaggle,143,int8pt,0.931000
kaggle,144,int8pt,0.948075
kaggle,145,int8pt,0.938114
kaggle,146,int8pt,0.932758
kaggle,147,int8pt,0.948917
kaggle,148,int8pt,0.948215
kaggle,149,int8pt,0.947018
kaggle,150,int8pt,0.953718
kaggle,151,int8pt,0.918507
kaggle,152,int8pt,0.927849
kaggle,153,int8pt,0.928012
kaggle,154,int8pt,0.934988
kaggle,155,int8pt,0.930447
kaggle,156,int8pt,0.942043
kaggle,157,int8pt,0.857739
kaggle,158,int8pt,0.963307
kaggle,159,int8pt,0.965664
kaggle,160,int8pt,0.964748
kaggle,161,int8pt,0.965453
kaggle,162,int8pt,0.966551
kaggle,163,int8pt,0.962653
kaggle,164,int8pt,0.964321
kaggle,165,int8pt,0.966174
kaggle,166,int8pt,0.955306
kaggle,167,int8pt,0.963178
kaggle,168,int8pt,0.961233
kaggle,169,int8pt,0.971501
kaggle,170,int8pt,0.967125
kaggle,171,int8pt,0.971134
kaggle,172,int8pt,0.973027
kaggle,173,int8pt,0.958214
kaggle,174,int8pt,0.966125
kaggle,175,int8pt,0.963904
kaggle,176,int8pt,0.969708
kaggle,177,int8pt,0.973389
kaggle,178,int8pt,0.968584
kaggle,179,int8pt,0.971877
kaggle,180,int8pt,0.971738
kaggle,181,int8pt,0.971720
kaggle,182,int8pt,0.967860
kaggle,183,int8pt,0.957161
kaggle,184,int8pt,0.944185
kaggle,185,int8pt,0.956921
kaggle,186,int8pt,0.961161
kaggle,187,int8pt,0.949906
kaggle,188,int8pt,0.955884
kaggle,189,int8pt,0.965392
kaggle,190,int8pt,0.955565
kaggle,191,int8pt,0.946093
kaggle,192,int8pt,0.952239
kaggle,193,int8pt,0.954248
kaggle,194,int8pt,0.965959
kaggle,195,int8pt,0.952812
kaggle,196,int8pt,0.955759
kaggle,197,int8pt,0.925597
kaggle,198,int8pt,0.923125
kaggle,199,int8pt,0.909284
kaggle,200,int8pt,0.918595
kaggle,201,int8pt,0.911549
kaggle,202,int8pt,0.898449
kaggle,203,int8pt,0.908457
kaggle,204,int8pt,0.912136
kaggle,205,int8pt,0.918307
kaggle,206,int8pt,0.911401
kaggle,207,int8pt,0.917994
kaggle,208,int8pt,0.924413
kaggle,209,int8pt,0.941855
kaggle,210,int8pt,0.952694
kaggle,211,int8pt,0.952208
kaggle,212,int8pt,0.952350
kaggle,213,int8pt,0.951569
kaggle,214,int8pt,0.906943
kaggle,215,int8pt,0.926144
kaggle,216,int8pt,0.917435
kaggle,217,int8pt,0.891042
kaggle,218,int8pt,0.899798
kaggle,219,int8pt,0.904304
kaggle,220,int8pt,0.884899
kaggle,221,int8pt,0.913314
kaggle,222,int8pt,0.927215
kaggle,223,int8pt,0.921002
kaggle,224,int8pt,0.936095
kaggle,225,int8pt,0.939266
kaggle,226,int8pt,0.942163
kaggle,227,int8pt,0.937275
kaggle,228,int8pt,0.951821
kaggle,229,int8pt,0.949777
kaggle,230,int8pt,0.952522
kaggle,231,int8pt,0.956910
kaggle,232,int8pt,0.963879
kaggle,233,int8pt,0.966276
kaggle,234,int8pt,0.955453
kaggle,235,int8pt,0.956516
kaggle,236,int8pt,0.951396
kaggle,237,int8pt,0.960447
kaggle,238,int8pt,0.953109
kaggle,239,int8pt,0.901282
kaggle,240,int8pt,0.910491
kaggle,241,int8pt,0.879399
kaggle,242,int8pt,0.920215
kaggle,243,int8pt,0.937880
kaggle,244,int8pt,0.938268
kaggle,245,int8pt,0.948220
kaggle,246,int8pt,0.947154
kaggle,247,int8pt,0.947874
kaggle,248,int8pt,0.945352
kaggle,249,int8pt,0.949127
kaggle,250,int8pt,0.954452
kaggle,251,int8pt,0.926910
kaggle,252,int8pt,0.915561
kaggle,253,int8pt,0.923760
kaggle,254,int8pt,0.941034
kaggle,255,int8pt,0.941427
kaggle,256,int8pt,0.927763
kaggle,257,int8pt,0.948259
kaggle,258,int8pt,0.940377
kaggle,259,int8pt,0.954106
kaggle,260,int8pt,0.944389
kaggle,261,int8pt,0.941437
kaggle,262,int8pt,0.951794
kaggle,263,int8pt,0.949344
kaggle,264,int8pt,0.938994
kaggle,265,int8pt,0.947664
kaggle,266,int8pt,0.955835
kaggle,267,int8pt,0.957942
kaggle,268,int8pt,0.948968
kaggle,269,int8pt,0.963083
kaggle,270,int8pt,0.950526
kaggle,271,int8pt,0.959338
kaggle,272,int8pt,0.966744
kaggle,273,int8pt,0.964854
kaggle,274,int8pt,0.956961
kaggle,275,int8pt,0.961483
kaggle,276,int8pt,0.958709
kaggle,277,int8pt,0.965294
kaggle,278,int8pt,0.972515
kaggle,279,int8pt,0.964925
kaggle,280,int8pt,0.964543
kaggle,281,int8pt,0.933577
kaggle,282,int8pt,0.941819
kaggle,283,int8pt,0.936837
kaggle,284,int8pt,0.944966
kaggle,285,int8pt,0.942126
kaggle,286,int8pt,0.944171
kaggle,287,int8pt,0.957647
kaggle,288,int8pt,0.959684
kaggle,289,int8pt,0.962663
kaggle,290,int8pt,0.965388
kaggle,291,int8pt,0.968228
kaggle,292,int8pt,0.971650
kaggle,293,int8pt,0.961799
kaggle,294,int8pt,0.962467
kaggle,295,int8pt,0.962071
kaggle,296,int8pt,0.954508
kaggle,297,int8pt,0.955847
kaggle,298,int8pt,0.963735
kaggle,299,int8pt,0.943448
kaggle,300,int8pt,0.966654
kaggle,301,int8pt,0.940278
kaggle,302,int8pt,0.965403
kaggle,303,int8pt,0.962779
kaggle,304,int8pt,0.962578
kaggle,305,int8pt,0.960906
kaggle,306,int8pt,0.835429
kaggle,307,int8pt,0.843633
kaggle,308,int8pt,0.711780
kaggle,309,int8pt,0.717710
kaggle,310,int8pt,0.879749
kaggle,311,int8pt,0.876296
kaggle,312,int8pt,0.885498
kaggle,313,int8pt,0.842456
kaggle,314,int8pt,0.819242
kaggle,315,int8pt,0.878336
kaggle,316,int8pt,0.878884
kaggle,317,int8pt,0.865851
kaggle,318,int8pt,0.894026
kaggle,319,int8pt,0.965996
kaggle,320,int8pt,0.962375
kaggle,321,int8pt,0.926258
kaggle,322,int8pt,0.958222
kaggle,323,int8pt,0.948085
kaggle,324,int8pt,0.965904
kaggle,325,int8pt,0.959972
kaggle,326,int8pt,0.944879
kaggle,327,int8pt,0.960014
kaggle,328,int8pt,0.960759
kaggle,329,int8pt,0.956936
kaggle,330,int8pt,0.960512
kaggle,331,int8pt,0.951823
kaggle,332,int8pt,0.971480
kaggle,333,int8pt,0.961557
kaggle,334,int8pt,0.978030
kaggle,335,int8pt,0.967614
kaggle,336,int8pt,0.970123
kaggle,337,int8pt,0.962183
kaggle,338,int8pt,0.973487
kaggle,339,int8pt,0.971280
kaggle,340,int8pt,0.965864
kaggle,341,int8pt,0.975491
kaggle,342,int8pt,0.969866
kaggle,343,int8pt,0.972032
kaggle,344,int8pt,0.963746
kaggle,345,int8pt,0.975550
kaggle,346,int8pt,0.966978
kaggle,347,int8pt,0.961394
kaggle,348,int8pt,0.975119
kaggle,349,int8pt,0.967537
kaggle,350,int8pt,0.955267
kaggle,351,int8pt,0.962545
kaggle,352,int8pt,0.967816
kaggle,353,int8pt,0.968430
kaggle,354,int8pt,0.964790
kaggle,355,int8pt,0.968983
kaggle,356,int8pt,0.945518
kaggle,357,int8pt,0.941112
kaggle,358,int8pt,0.940242
kaggle,359,int8pt,0.944062
kaggle,360,int8pt,0.928498
kaggle,361,int8pt,0.936781
kaggle,362,int8pt,0.942217
kaggle,363,int8pt,0.942854
kaggle,364,int8pt,0.950637
kaggle,365,int8pt,0.955695
kaggle,366,int8pt,0.940708
kaggle,367,int8pt,0.945674
kaggle,368,int8pt,0.949919
kaggle,369,int8pt,0.946542
kaggle,370,int8pt,0.941058
kaggle,371,int8pt,0.943796
kaggle,372,int8pt,0.952179
kaggle,373,int8pt,0.938310
kaggle,374,int8pt,0.943579
kaggle,375,int8pt,0.935786
kaggle,376,int8pt,0.939016
kaggle,377,int8pt,0.934652
kaggle,378,int8pt,0.929599
kaggle,379,int8pt,0.944753
kaggle,380,int8pt,0.913092
kaggle,381,int8pt,0.940334
kaggle,382,int8pt,0.944663
kaggle,383,int8pt,0.950125
kaggle,384,int8pt,0.961515
kaggle,385,int8pt,0.937703
kaggle,386,int8pt,0.952660
kaggle,387,int8pt,0.947896
kaggle,388,int8pt,0.936238
kaggle,389,int8pt,0.941584
kaggle,390,int8pt,0.952305
kaggle,391,int8pt,0.933602
kaggle,392,int8pt,0.930716
kaggle,393,int8pt,0.964588
kaggle,394,int8pt,0.969173
kaggle,395,int8pt,0.971453
kaggle,396,int8pt,0.961555
kaggle,397,int8pt,0.952384
kaggle,398,int8pt,0.958508
kaggle,399,int8pt,0.959586
kaggle,400,int8pt,0.972568
kaggle,401,int8pt,0.970492
kaggle,402,int8pt,0.972309
kaggle,403,int8pt,0.968270
kaggle,404,int8pt,0.974951
kaggle,405,int8pt,0.970085
kaggle,0,int8pc,0.954572
kaggle,1,int8pc,0.959007
kaggle,2,int8pc,0.959499
kaggle,3,int8pc,0.966400
kaggle,4,int8pc,0.967629
kaggle,5,int8pc,0.964580
kaggle,6,int8pc,0.972739
kaggle,7,int8pc,0.965693
kaggle,8,int8pc,0.970674
kaggle,9,int8pc,0.967757
kaggle,10,int8pc,0.969858
kaggle,11,int8pc,0.974152
kaggle,12,int8pc,0.972374
kaggle,13,int8pc,0.970810
kaggle,14,int8pc,0.967263
kaggle,15,int8pc,0.973091
kaggle,16,int8pc,0.971156
kaggle,17,int8pc,0.944394
kaggle,18,int8pc,0.948220
kaggle,19,int8pc,0.954636
kaggle,20,int8pc,0.957670
kaggle,21,int8pc,0.958165
kaggle,22,int8pc,0.958388
kaggle,23,int8pc,0.956759
kaggle,24,int8pc,0.955868
kaggle,25,int8pc,0.961124
kaggle,26,int8pc,0.961628
kaggle,27,int8pc,0.968317
kaggle,28,int8pc,0.977033
kaggle,29,int8pc,0.974704
kaggle,30,int8pc,0.977590
kaggle,31,int8pc,0.977687
kaggle,32,int8pc,0.977776
kaggle,33,int8pc,0.978497
kaggle,34,int8pc,0.980226
kaggle,35,int8pc,0.966061
kaggle,36,int8pc,0.960329
kaggle,37,int8pc,0.967374
kaggle,38,int8pc,0.967228
kaggle,39,int8pc,0.974050
kaggle,40,int8pc,0.964918
kaggle,41,int8pc,0.959928
kaggle,42,int8pc,0.973204
kaggle,43,int8pc,0.955881
kaggle,44,int8pc,0.946974
kaggle,45,int8pc,0.958456
kaggle,46,int8pc,0.964255
kaggle,47,int8pc,0.967863
kaggle,48,int8pc,0.964341
kaggle,49,int8pc,0.962127
kaggle,50,int8pc,0.965955
kaggle,51,int8pc,0.953656
kaggle,52,int8pc,0.966407
kaggle,53,int8pc,0.967462
kaggle,54,int8pc,0.965482
kaggle,55,int8pc,0.972638
kaggle,56,int8pc,0.974307
kaggle,57,int8pc,0.972988
kaggle,58,int8pc,0.974330
kaggle,59,int8pc,0.972015
kaggle,60,int8pc,0.969351
kaggle,61,int8pc,0.975545
kaggle,62,int8pc,0.967029
kaggle,63,int8pc,0.975314
kaggle,64,int8pc,0.977906
kaggle,65,int8pc,0.979275
kaggle,66,int8pc,0.975373
kaggle,67,int8pc,0.976658
kaggle,68,int8pc,0.975275
kaggle,69,int8pc,0.976372
kaggle,70,int8pc,0.977288
kaggle,71,int8pc,0.978495
kaggle,72,int8pc,0.976524
kaggle,73,int8pc,0.980257
kaggle,74,int8pc,0.980016
kaggle,75,int8pc,0.979020
kaggle,76,int8pc,0.979859
kaggle,77,int8pc,0.980379
kaggle,78,int8pc,0.980644
kaggle,79,int8pc,0.984098
kaggle,80,int8pc,0.983462
kaggle,81,int8pc,0.980588
kaggle,82,int8pc,0.961286
kaggle,83,int8pc,0.971918
kaggle,84,int8pc,0.969076
kaggle,85,int8pc,0.980204
kaggle,86,int8pc,0.974712
kaggle,87,int8pc,0.975306
kaggle,88,int8pc,0.982018
kaggle,89,int8pc,0.986775
kaggle,90,int8pc,0.979812
kaggle,91,int8pc,0.962800
kaggle,92,int8pc,0.956183
kaggle,93,int8pc,0.947016
kaggle,94,int8pc,0.958036
kaggle,95,int8pc,0.950531
kaggle,96,int8pc,0.958679
kaggle,97,int8pc,0.949965
kaggle,98,int8pc,0.956885
kaggle,99,int8pc,0.960951
kaggle,100,int8pc,0.957147
kaggle,101,int8pc,0.953013
kaggle,102,int8pc,0.966724
kaggle,103,int8pc,0.970253
kaggle,104,int8pc,0.967732
kaggle,105,int8pc,0.977694
kaggle,106,int8pc,0.966516
kaggle,107,int8pc,0.972260
kaggle,108,int8pc,0.972265
kaggle,109,int8pc,0.968307
kaggle,110,int8pc,0.974924
kaggle,111,int8pc,0.964884
kaggle,112,int8pc,0.969304
kaggle,113,int8pc,0.964063
kaggle,114,int8pc,0.972368
kaggle,115,int8pc,0.964735
kaggle,116,int8pc,0.959389
kaggle,117,int8pc,0.964169
kaggle,118,int8pc,0.969729
kaggle,119,int8pc,0.966367
kaggle,120,int8pc,0.960133
kaggle,121,int8pc,0.964536
kaggle,122,int8pc,0.960182
kaggle,123,int8pc,0.964955
kaggle,124,int8pc,0.959460
kaggle,125,int8pc,0.952844
kaggle,126,int8pc,0.963211
kaggle,127,int8pc,0.983733
kaggle,128,int8pc,0.983983
kaggle,129,int8pc,0.978970
kaggle,130,int8pc,0.980332
kaggle,131,int8pc,0.982831
kaggle,132,int8pc,0.983864
kaggle,133,int8pc,0.978037
kaggle,134,int8pc,0.980176
kaggle,135,int8pc,0.982623
kaggle,136,int8pc,0.984096
kaggle,137,int8pc,0.979983
kaggle,138,int8pc,0.980058
kaggle,139,int8pc,0.970281
kaggle,140,int8pc,0.969940
kaggle,141,int8pc,0.963074
kaggle,142,int8pc,0.964010
kaggle,143,int8pc,0.963401
kaggle,144,int8pc,0.964291
kaggle,145,int8pc,0.959122
kaggle,146,int8pc,0.956593
kaggle,147,int8pc,0.969870
kaggle,148,int8pc,0.967355
kaggle,149,int8pc,0.974409
kaggle,150,int8pc,0.975040
kaggle,151,int8pc,0.942618
kaggle,152,int8pc,0.953633
kaggle,153,int8pc,0.957445
kaggle,154,int8pc,0.961072
kaggle,155,int8pc,0.941400
kaggle,156,int8pc,0.964237
kaggle,157,int8pc,0.910859
kaggle,158,int8pc,0.980256
kaggle,159,int8pc,0.976152
kaggle,160,int8pc,0.977746
kaggle,161,int8pc,0.976820
kaggle,162,int8pc,0.975501
kaggle,163,int8pc,0.977298
kaggle,164,int8pc,0.979424
kaggle,165,int8pc,0.977725
kaggle,166,int8pc,0.974209
kaggle,167,int8pc,0.975612
kaggle,168,int8pc,0.981143
kaggle,169,int8pc,0.986439
kaggle,170,int8pc,0.981111
kaggle,171,int8pc,0.986412
kaggle,172,int8pc,0.985423
kaggle,173,int8pc,0.973622
kaggle,174,int8pc,0.984153
kaggle,175,int8pc,0.979868
kaggle,176,int8pc,0.987019
kaggle,177,int8pc,0.984149
kaggle,178,int8pc,0.984080
kaggle,179,int8pc,0.985481
kaggle,180,int8pc,0.988326
kaggle,181,int8pc,0.987152
kaggle,182,int8pc,0.982033
kaggle,183,int8pc,0.977906
kaggle,184,int8pc,0.970686
kaggle,185,int8pc,0.974995
kaggle,186,int8pc,0.980981
kaggle,187,int8pc,0.969783
kaggle,188,int8pc,0.965098
kaggle,189,int8pc,0.981207
kaggle,190,int8pc,0.978323
kaggle,191,int8pc,0.972511
kaggle,192,int8pc,0.967604
kaggle,193,int8pc,0.972185
kaggle,194,int8pc,0.979495
kaggle,195,int8pc,0.973389
kaggle,196,int8pc,0.979986
kaggle,197,int8pc,0.955731
kaggle,198,int8pc,0.945994
kaggle,199,int8pc,0.946200
kaggle,200,int8pc,0.946132
kaggle,201,int8pc,0.942912
kaggle,202,int8pc,0.939174
kaggle,203,int8pc,0.942867
kaggle,204,int8pc,0.950157
kaggle,205,int8pc,0.962938
kaggle,206,int8pc,0.936256
kaggle,207,int8pc,0.946566
kaggle,208,int8pc,0.961298
kaggle,209,int8pc,0.969019
kaggle,210,int8pc,0.970394
kaggle,211,int8pc,0.967479
kaggle,212,int8pc,0.972830
kaggle,213,int8pc,0.978123
kaggle,214,int8pc,0.955356
kaggle,215,int8pc,0.952009
kaggle,216,int8pc,0.948704
kaggle,217,int8pc,0.941690
kaggle,218,int8pc,0.940175
kaggle,219,int8pc,0.946750
kaggle,220,int8pc,0.960569
kaggle,221,int8pc,0.950617
kaggle,222,int8pc,0.951535
kaggle,223,int8pc,0.951709
kaggle,224,int8pc,0.965554
kaggle,225,int8pc,0.967179
kaggle,226,int8pc,0.964791
kaggle,227,int8pc,0.969214
kaggle,228,int8pc,0.971555
kaggle,229,int8pc,0.966211
kaggle,230,int8pc,0.969886
kaggle,231,int8pc,0.974782
kaggle,232,int8pc,0.977934
kaggle,233,int8pc,0.978734
kaggle,234,int8pc,0.977475
kaggle,235,int8pc,0.975047
kaggle,236,int8pc,0.971972
kaggle,237,int8pc,0.974947
kaggle,238,int8pc,0.971030
kaggle,239,int8pc,0.934585
kaggle,240,int8pc,0.954528
kaggle,241,int8pc,0.932814
kaggle,242,int8pc,0.950396
kaggle,243,int8pc,0.945148
kaggle,244,int8pc,0.967372
kaggle,245,int8pc,0.968863
kaggle,246,int8pc,0.967315
kaggle,247,int8pc,0.961278
kaggle,248,int8pc,0.960003
kaggle,249,int8pc,0.963702
kaggle,250,int8pc,0.965535
kaggle,251,int8pc,0.950496
kaggle,252,int8pc,0.944931
kaggle,253,int8pc,0.955548
kaggle,254,int8pc,0.958124
kaggle,255,int8pc,0.961289
kaggle,256,int8pc,0.953267
kaggle,257,int8pc,0.958208
kaggle,258,int8pc,0.966680
kaggle,259,int8pc,0.967937
kaggle,260,int8pc,0.961262
kaggle,261,int8pc,0.953821
kaggle,262,int8pc,0.962665
kaggle,263,int8pc,0.965899
kaggle,264,int8pc,0.968044
kaggle,265,int8pc,0.960129
kaggle,266,int8pc,0.972270
kaggle,267,int8pc,0.966198
kaggle,268,int8pc,0.968309
kaggle,269,int8pc,0.973850
kaggle,270,int8pc,0.971243
kaggle,271,int8pc,0.976770
kaggle,272,int8pc,0.977093
kaggle,273,int8pc,0.980138
kaggle,274,int8pc,0.978402
kaggle,275,int8pc,0.973899
kaggle,276,int8pc,0.979792
kaggle,277,int8pc,0.980693
kaggle,278,int8pc,0.985440
kaggle,279,int8pc,0.981903
kaggle,280,int8pc,0.981716
kaggle,281,int8pc,0.957726
kaggle,282,int8pc,0.963154
kaggle,283,int8pc,0.965694
kaggle,284,int8pc,0.971418
kaggle,285,int8pc,0.965990
kaggle,286,int8pc,0.975559
kaggle,287,int8pc,0.979647
kaggle,288,int8pc,0.978004
kaggle,289,int8pc,0.974014
kaggle,290,int8pc,0.979643
kaggle,291,int8pc,0.982445
kaggle,292,int8pc,0.977596
kaggle,293,int8pc,0.971881
kaggle,294,int8pc,0.976333
kaggle,295,int8pc,0.969361
kaggle,296,int8pc,0.973259
kaggle,297,int8pc,0.969333
kaggle,298,int8pc,0.975275
kaggle,299,int8pc,0.973260
kaggle,300,int8pc,0.979574
kaggle,301,int8pc,0.971224
kaggle,302,int8pc,0.982450
kaggle,303,int8pc,0.981004
kaggle,304,int8pc,0.976645
kaggle,305,int8pc,0.977512
kaggle,306,int8pc,0.871117
kaggle,307,int8pc,0.897486
kaggle,308,int8pc,0.818739
kaggle,309,int8pc,0.803104
kaggle,310,int8pc,0.901153
kaggle,311,int8pc,0.907102
kaggle,312,int8pc,0.923783
kaggle,313,int8pc,0.889387
kaggle,314,int8pc,0.910064
kaggle,315,int8pc,0.915198
kaggle,316,int8pc,0.882294
kaggle,317,int8pc,0.910199
kaggle,318,int8pc,0.931195
kaggle,319,int8pc,0.976946
kaggle,320,int8pc,0.981431
kaggle,321,int8pc,0.957477
kaggle,322,int8pc,0.975817
kaggle,323,int8pc,0.966911
kaggle,324,int8pc,0.977832
kaggle,325,int8pc,0.980107
kaggle,326,int8pc,0.971486
kaggle,327,int8pc,0.971568
kaggle,328,int8pc,0.975437
kaggle,329,int8pc,0.971565
kaggle,330,int8pc,0.978454
kaggle,331,int8pc,0.973488
kaggle,332,int8pc,0.983388
kaggle,333,int8pc,0.977219
kaggle,334,int8pc,0.984779
kaggle,335,int8pc,0.984865
kaggle,336,int8pc,0.985621
kaggle,337,int8pc,0.978946
kaggle,338,int8pc,0.984386
kaggle,339,int8pc,0.984413
kaggle,340,int8pc,0.981141
kaggle,341,int8pc,0.985354
kaggle,342,int8pc,0.987018
kaggle,343,int8pc,0.985296
kaggle,344,int8pc,0.982015
kaggle,345,int8pc,0.985539
kaggle,346,int8pc,0.982848
kaggle,347,int8pc,0.981081
kaggle,348,int8pc,0.979230
kaggle,349,int8pc,0.980179
kaggle,350,int8pc,0.972581
kaggle,351,int8pc,0.981741
kaggle,352,int8pc,0.982529
kaggle,353,int8pc,0.980474
kaggle,354,int8pc,0.981535
kaggle,355,int8pc,0.985625
kaggle,356,int8pc,0.957628
kaggle,357,int8pc,0.932902
kaggle,358,int8pc,0.955572
kaggle,359,int8pc,0.964442
kaggle,360,int8pc,0.955123
kaggle,361,int8pc,0.965087
kaggle,362,int8pc,0.964636
kaggle,363,int8pc,0.967806
kaggle,364,int8pc,0.968724
kaggle,365,int8pc,0.969140
kaggle,366,int8pc,0.966706
kaggle,367,int8pc,0.968795
kaggle,368,int8pc,0.959906
kaggle,369,int8pc,0.966625
kaggle,370,int8pc,0.961014
kaggle,371,int8pc,0.967207
kaggle,372,int8pc,0.965998
kaggle,373,int8pc,0.967186
kaggle,374,int8pc,0.966107
kaggle,375,int8pc,0.967035
kaggle,376,int8pc,0.968113
kaggle,377,int8pc,0.959185
kaggle,378,int8pc,0.956106
kaggle,379,int8pc,0.960100
kaggle,380,int8pc,0.939853
kaggle,381,int8pc,0.967457
kaggle,382,int8pc,0.968165
kaggle,383,int8pc,0.973204
kaggle,384,int8pc,0.982388
kaggle,385,int8pc,0.967787
kaggle,386,int8pc,0.969797
kaggle,387,int8pc,0.964825
kaggle,388,int8pc,0.958865
kaggle,389,int8pc,0.975004
kaggle,390,int8pc,0.975651
kaggle,391,int8pc,0.967249
kaggle,392,int8pc,0.962693
kaggle,393,int8pc,0.980759
kaggle,394,int8pc,0.982694
kaggle,395,int8pc,0.985391
kaggle,396,int8pc,0.981373
kaggle,397,int8pc,0.980049
kaggle,398,int8pc,0.981806
kaggle,399,int8pc,0.982565
kaggle,400,int8pc,0.982355
kaggle,401,int8pc,0.981431
kaggle,402,int8pc,0.983232
kaggle,403,int8pc,0.984018
kaggle,404,int8pc,0.983526
kaggle,405,int8pc,0.983488
