pair,same,sim_fp32,sim_int8pt,sim_int8pc
Abel_Pacheco_0001|Abel_Pacheco_0004,1,0.564596,0.549598,0.569218
Akhmed_Zakayev_0001|Akhmed_Zakayev_0003,1,0.820562,0.794472,0.812147
Akhmed_Zakayev_0002|Akhmed_Zakayev_0003,1,0.740614,0.720829,0.721807
Amber_Tamblyn_0001|Amber_Tamblyn_0002,1,0.677875,0.634599,0.649858
Anders_Fogh_Rasmussen_0001|Anders_Fogh_Rasmussen_0003,1,0.649512,0.669795,0.643620
Anders_Fogh_Rasmussen_0001|Anders_Fogh_Rasmussen_0004,1,0.537129,0.532146,0.505339
Angela_Bassett_0001|Angela_Bassett_0005,1,0.675171,0.664993,0.665448
Angela_Bassett_0002|Angela_Bassett_0005,1,0.476511,0.460155,0.441990
Angela_Bassett_0003|Angela_Bassett_0004,1,0.446663,0.438279,0.441814
Ann_Veneman_0003|Ann_Veneman_0005,1,0.768403,0.765821,0.765307
Ann_Veneman_0006|Ann_Veneman_0010,1,0.604230,0.587542,0.594781
Ann_Veneman_0010|Ann_Veneman_0011,1,0.489783,0.508063,0.490087
Anthony_Fauci_0001|Anthony_Fauci_0002,1,0.722693,0.723486,0.702627
Antony_Leung_0001|Antony_Leung_0002,1,0.597431,0.612593,0.567187
Antony_Leung_0002|Antony_Leung_0003,1,0.596237,0.583570,0.569316
Anwar_Ibrahim_0001|Anwar_Ibrahim_0002,1,0.562039,0.575198,0.558104
Augusto_Pinochet_0001|Augusto_Pinochet_0002,1,0.841986,0.831004,0.821105
Barbara_Brezigar_0001|Barbara_Brezigar_0002,1,0.588701,0.514371,0.529230
Benjamin_Netanyahu_0001|Benjamin_Netanyahu_0004,1,0.696390,0.666493,0.642467
Benjamin_Netanyahu_0004|Benjamin_Netanyahu_0005,1,0.688959,0.641412,0.658345
Bernard_Law_0002|Bernard_Law_0003,1,0.491700,0.534362,0.533671
Bernard_Law_0003|Bernard_Law_0004,1,0.677727,0.701233,0.652787
Bertrand_Bonello_0001|Bertrand_Bonello_0002,1,0.659153,0.606632,0.616877
Bill_Frist_0002|Bill_Frist_0009,1,0.587093,0.575119,0.557433
Bill_Frist_0004|Bill_Frist_0005,1,0.501114,0.469321,0.467956
Bob_Graham_0002|Bob_Graham_0004,1,0.562434,0.601086,0.584967
Bob_Graham_0003|Bob_Graham_0006,1,0.549118,0.549155,0.558612
Bob_Graham_0004|Bob_Graham_0006,1,0.560911,0.576051,0.558672
Bob_Graham_0005|Bob_Graham_0006,1,0.566719,0.550147,0.556738
Boris_Becker_0002|Boris_Becker_0006,1,0.601313,0.580684,0.598955
Brad_Johnson_0001|Brad_Johnson_0003,1,0.551945,0.539349,0.535793
Brad_Johnson_0002|Brad_Johnson_0003,1,0.661308,0.686773,0.663186
Brad_Johnson_0002|Brad_Johnson_0004,1,0.558055,0.554652,0.574380
Brian_Griese_0001|Brian_Griese_0002,1,0.751194,0.713099,0.735121
Candice_Bergen_0001|Candice_Bergen_0002,1,0.548196,0.528118,0.545629
Candice_Bergen_0002|Candice_Bergen_0003,1,0.543278,0.558735,0.558640
Carla_Myers_0001|Carla_Myers_0002,1,0.500928,0.448347,0.494906
Cathy_Freeman_0001|Cathy_Freeman_0002,1,0.574783,0.538413,0.534878
Chang_Dae-whan_0001|Chang_Dae-whan_0002,1,0.647294,0.641037,0.629545
Charles_Grassley_0001|Charles_Grassley_0002,1,0.566111,0.549471,0.520572
Clare_Short_0001|Clare_Short_0003,1,0.522407,0.490620,0.513903
Clare_Short_0001|Clare_Short_0004,1,0.531075,0.512103,0.519827
Corinne_Coman_0001|Corinne_Coman_0002,1,0.746529,0.693819,0.718627
Dai_Bachtiar_0001|Dai_Bachtiar_0002,1,0.720265,0.693999,0.706011
Dale_Earnhardt_Jr_0001|Dale_Earnhardt_Jr_0003,1,0.392611,0.350940,0.388544
David_Caruso_0001|David_Caruso_0002,1,0.523268,0.482376,0.500722
Demi_Moore_0001|Demi_Moore_0003,1,0.488649,0.467777,0.477557
Dick_Vermeil_0001|Dick_Vermeil_0002,1,0.430473,0.429439,0.399105
Doris_Roberts_0001|Doris_Roberts_0002,1,0.645478,0.649730,0.625089
Doris_Roberts_0001|Doris_Roberts_0003,1,0.605764,0.601907,0.581556
Drew_Barrymore_0001|Drew_Barrymore_0002,1,0.367399,0.379239,0.373123
Edmund_Stoiber_0004|Edmund_Stoiber_0007,1,0.538727,0.552920,0.549592
Edmund_Stoiber_0005|Edmund_Stoiber_0007,1,0.516722,0.466224,0.506438
Edmund_Stoiber_0007|Edmund_Stoiber_0012,1,0.417438,0.433682,0.428710
Edmund_Stoiber_0009|Edmund_Stoiber_0011,1,0.615319,0.608225,0.579444
Elinor_Caplan_0001|Elinor_Caplan_0002,1,0.694152,0.666944,0.681096
Emmanuelle_Beart_0001|Emmanuelle_Beart_0002,1,0.620559,0.630725,0.598336
Emmanuelle_Beart_0001|Emmanuelle_Beart_0003,1,0.824316,0.811305,0.784695
Federico_Trillo_0001|Federico_Trillo_0002,1,0.540393,0.544137,0.554520
Federico_Trillo_0001|Federico_Trillo_0003,1,0.516521,0.466021,0.472696
Federico_Trillo_0002|Federico_Trillo_0003,1,0.781852,0.754190,0.753427
Francis_Ford_Coppola_0001|Francis_Ford_Coppola_0002,1,0.594333,0.568501,0.560984
Fred_Thompson_0001|Fred_Thompson_0002,1,0.593013,0.584488,0.588424
Fred_Thompson_0001|Fred_Thompson_0003,1,0.615717,0.558743,0.572649
Fred_Thompson_0002|Fred_Thompson_0003,1,0.721488,0.698260,0.698648
Garry_Trudeau_0001|Garry_Trudeau_0002,1,0.676850,0.617773,0.640212
Gary_Williams_0001|Gary_Williams_0002,1,0.551853,0.508238,0.533871
Gene_Robinson_0001|Gene_Robinson_0002,1,0.647067,0.603068,0.631439
Gene_Robinson_0001|Gene_Robinson_0003,1,0.562810,0.541733,0.525213
Gene_Robinson_0002|Gene_Robinson_0003,1,0.557108,0.512172,0.515318
George_Galloway_0001|George_Galloway_0003,1,0.518227,0.525307,0.522123
George_Galloway_0002|George_Galloway_0003,1,0.830858,0.820381,0.826065
George_Galloway_0002|George_Galloway_0004,1,0.471025,0.437562,0.468157
Geraldine_Chaplin_0001|Geraldine_Chaplin_0002,1,0.751706,0.684821,0.735897
Geraldine_Chaplin_0001|Geraldine_Chaplin_0004,1,0.605148,0.596626,0.612630
Geraldine_Chaplin_0003|Geraldine_Chaplin_0004,1,0.842886,0.801076,0.808784
Gerardo_Gambala_0001|Gerardo_Gambala_0002,1,0.659742,0.651435,0.649903
Gian_Marco_0001|Gian_Marco_0002,1,0.685660,0.670427,0.670993
Gian_Marco_0002|Gian_Marco_0003,1,0.533661,0.534773,0.472034
Gillian_Anderson_0001|Gillian_Anderson_0002,1,0.401837,0.352306,0.371352
Gordon_Brown_0006|Gordon_Brown_0009,1,0.657423,0.597229,0.617474
Gordon_Brown_0010|Gordon_Brown_0013,1,0.660488,0.660878,0.628884
Grant_Hackett_0001|Grant_Hackett_0002,1,0.778860,0.760118,0.761006
Grant_Hackett_0001|Grant_Hackett_0003,1,0.755385,0.759784,0.738480
Grant_Hackett_0001|Grant_Hackett_0005,1,0.729868,0.731803,0.714933
Gray_Davis_0007|Gray_Davis_0022,1,0.638289,0.600722,0.595227
Gray_Davis_0021|Gray_Davis_0026,1,0.660840,0.663812,0.648002
Gregg_Popovich_0001|Gregg_Popovich_0005,1,0.586057,0.531794,0.577261
Gregg_Popovich_0003|Gregg_Popovich_0004,1,0.542849,0.558971,0.536673
Guy_Ritchie_0001|Guy_Ritchie_0002,1,0.481252,0.478505,0.470237
Hamzah_Haz_0001|Hamzah_Haz_0002,1,0.576378,0.570407,0.562125
Harbhajan_Singh_0001|Harbhajan_Singh_0002,1,0.687290,0.670799,0.655050
Hootie_Johnson_0001|Hootie_Johnson_0002,1,0.366798,0.342778,0.354155
Hugo_Chavez_0002|Hugo_Chavez_0027,1,0.556368,0.533291,0.537720
Hugo_Chavez_0027|Hugo_Chavez_0053,1,0.574450,0.556861,0.563865
Hugo_Chavez_0036|Hugo_Chavez_0051,1,0.660055,0.668136,0.644950
Hugo_Chavez_0041|Hugo_Chavez_0050,1,0.646801,0.629785,0.629357
Hugo_Chavez_0045|Hugo_Chavez_0056,1,0.620538,0.602927,0.602450
Isaiah_Washington_0001|Isaiah_Washington_0002,1,0.296472,0.281634,0.309733
Jack_Grubman_0001|Jack_Grubman_0002,1,0.800263,0.763359,0.765885
Jacques_Rogge_0001|Jacques_Rogge_0009,1,0.659655,0.642513,0.648687
Jacques_Rogge_0003|Jacques_Rogge_0007,1,0.681120,0.667505,0.650065
Jacques_Rogge_0003|Jacques_Rogge_0010,1,0.743751,0.716560,0.724817
Jacques_Rogge_0004|Jacques_Rogge_0006,1,0.673834,0.677074,0.650269
Jacques_Rogge_0004|Jacques_Rogge_0009,1,0.700656,0.665083,0.673751
Jacques_Rogge_0005|Jacques_Rogge_0008,1,0.593197,0.532593,0.549380
Jacques_Rogge_0006|Jacques_Rogge_0008,1,0.558024,0.530286,0.527436
James_Caan_0001|James_Caan_0002,1,0.701091,0.668855,0.692445
James_Caan_0001|James_Caan_0003,1,0.699722,0.677600,0.693371
James_Caan_0002|James_Caan_0003,1,0.782651,0.761464,0.781270
James_Jones_0001|James_Jones_0002,1,0.496240,0.507201,0.487524
Jamling_Norgay_0001|Jamling_Norgay_0002,1,0.697389,0.660126,0.658098
Janica_Kostelic_0001|Janica_Kostelic_0002,1,0.217848,0.248480,0.216950
Jeanne_Moreau_0001|Jeanne_Moreau_0002,1,0.607894,0.608532,0.581651
Jeffrey_Archer_0001|Jeffrey_Archer_0002,1,0.666686,0.667253,0.657227
Jennifer_Garner_0001|Jennifer_Garner_0003,1,0.439020,0.510491,0.424048
Jennifer_Garner_0004|Jennifer_Garner_0009,1,0.621599,0.571861,0.590162
Jennifer_Garner_0005|Jennifer_Garner_0006,1,0.568119,0.587310,0.539512
Jennifer_Garner_0005|Jennifer_Garner_0009,1,0.660912,0.687109,0.656842
Jennifer_Garner_0007|Jennifer_Garner_0012,1,0.610235,0.567237,0.594569
Jennifer_Garner_0008|Jennifer_Garner_0011,1,0.552568,0.490229,0.526924
Jeremy_Greenstock_0002|Jeremy_Greenstock_0024,1,0.580129,0.584991,0.593615
Jeremy_Greenstock_0003|Jeremy_Greenstock_0022,1,0.466366,0.476009,0.447802
Jeremy_Greenstock_0005|Jeremy_Greenstock_0011,1,0.580308,0.574390,0.535313
Jeremy_Greenstock_0010|Jeremy_Greenstock_0014,1,0.591227,0.587591,0.570606
Jeremy_Greenstock_0017|Jeremy_Greenstock_0021,1,0.614359,0.635231,0.634454
Jessica_Lange_0001|Jessica_Lange_0002,1,0.463761,0.447380,0.446490
Jimmy_Carter_0001|Jimmy_Carter_0007,1,0.598222,0.577291,0.578981
Jimmy_Carter_0004|Jimmy_Carter_0006,1,0.730656,0.722287,0.716370
Jimmy_Carter_0005|Jimmy_Carter_0008,1,0.695114,0.677401,0.662621
Jimmy_Carter_0006|Jimmy_Carter_0007,1,0.603594,0.583091,0.572470
Jodie_Foster_0001|Jodie_Foster_0002,1,0.548390,0.561381,0.523249
John_Manley_0001|John_Manley_0006,1,0.455051,0.407871,0.455596
John_Manley_0002|John_Manley_0005,1,0.755088,0.762168,0.736260
John_McCain_0002|John_McCain_0003,1,0.599738,0.586459,0.606053
John_McCain_0003|John_McCain_0007,1,0.648706,0.599343,0.639796
John_McCain_0006|John_McCain_0007,1,0.632529,0.615245,0.602511
John_Snow_0003|John_Snow_0015,1,0.588357,0.593857,0.577414
John_Snow_0004|John_Snow_0016,1,0.637503,0.639532,0.651303
John_Snow_0009|John_Snow_0011,1,0.689980,0.651294,0.676143
Johnson_Panjaitan_0001|Johnson_Panjaitan_0002,1,0.808800,0.790992,0.797536
Jorge_Castaneda_0001|Jorge_Castaneda_0002,1,0.591158,0.601755,0.585316
Jose_Serra_0001|Jose_Serra_0009,1,0.699896,0.652047,0.667677
Jose_Serra_0002|Jose_Serra_0008,1,0.772878,0.751261,0.763604
Jose_Serra_0003|Jose_Serra_0005,1,0.456099,0.469934,0.451867
Jose_Serra_0003|Jose_Serra_0007,1,0.571906,0.568325,0.548769
Jose_Serra_0006|Jose_Serra_0009,1,0.721172,0.697073,0.711066
Jose_Theodore_0001|Jose_Theodore_0002,1,0.542759,0.489349,0.484864
Joseph_Blatter_0001|Joseph_Blatter_0002,1,0.640554,0.610553,0.625705
Joseph_Ralston_0001|Joseph_Ralston_0002,1,0.610239,0.568269,0.611059
Juan_Pablo_Montoya_0001|Juan_Pablo_Montoya_0008,1,0.344772,0.347616,0.351683
Juan_Pablo_Montoya_0002|Juan_Pablo_Montoya_0004,1,0.572883,0.541332,0.554777
Juan_Pablo_Montoya_0004|Juan_Pablo_Montoya_0005,1,0.408305,0.421395,0.423550
Julianna_Margulies_0001|Julianna_Margulies_0002,1,0.742118,0.698064,0.722502
Justin_Guarini_0001|Justin_Guarini_0002,1,0.464788,0.398994,0.438357
Justin_Guarini_0002|Justin_Guarini_0003,1,0.713646,0.720471,0.668753
Justine_Henin_0002|Justine_Henin_0003,1,0.533508,0.530956,0.489630
Kate_Winslet_0001|Kate_Winslet_0002,1,0.694980,0.677492,0.703464
Kate_Winslet_0001|Kate_Winslet_0004,1,0.484793,0.474516,0.446869
Kate_Winslet_0002|Kate_Winslet_0003,1,0.741514,0.714376,0.713772
Kate_Winslet_0002|Kate_Winslet_0004,1,0.590507,0.586482,0.576041
Kathy_Winters_0001|Kathy_Winters_0002,1,0.867997,0.838682,0.846507
Kelvin_Sampson_0001|Kelvin_Sampson_0002,1,0.716988,0.687149,0.675389
Kevin_Stallings_0001|Kevin_Stallings_0002,1,0.624246,0.607681,0.597482
Kim_Jong-Il_0002|Kim_Jong-Il_0003,1,0.746013,0.717924,0.739381
Kristin_Davis_0001|Kristin_Davis_0002,1,0.837174,0.816575,0.827626
Kristin_Davis_0002|Kristin_Davis_0003,1,0.736241,0.703857,0.704474
Lance_Armstrong_0001|Lance_Armstrong_0017,1,0.557791,0.570713,0.553538
Lance_Armstrong_0005|Lance_Armstrong_0010,1,0.457321,0.441851,0.431409
Lance_Armstrong_0007|Lance_Armstrong_0011,1,0.537582,0.526631,0.532044
Lance_Armstrong_0010|Lance_Armstrong_0018,1,0.537176,0.547105,0.523903
Lance_Armstrong_0014|Lance_Armstrong_0017,1,0.372558,0.355112,0.354082
Laurent_Jalabert_0001|Laurent_Jalabert_0002,1,0.722656,0.698085,0.692420
Lindsey_Graham_0001|Lindsey_Graham_0002,1,0.630949,0.624507,0.615577
Lisa_Gottsegen_0001|Lisa_Gottsegen_0002,1,0.726694,0.758974,0.734188
Lleyton_Hewitt_0001|Lleyton_Hewitt_0013,1,0.676391,0.682471,0.661707
Lleyton_Hewitt_0016|Lleyton_Hewitt_0027,1,0.712389,0.722828,0.703834
Lleyton_Hewitt_0018|Lleyton_Hewitt_0037,1,0.591484,0.612743,0.564548
Lleyton_Hewitt_0024|Lleyton_Hewitt_0036,1,0.669837,0.661406,0.635397
Luis_Ernesto_Derbez_Bautista_0003|Luis_Ernesto_Derbez_Bautista_0006,1,0.444556,0.395053,0.421638
Mario_Dumont_0001|Mario_Dumont_0002,1,0.501709,0.489624,0.512755
Mark_Wahlberg_0001|Mark_Wahlberg_0003,1,0.318681,0.355087,0.334643
Mark_Wahlberg_0002|Mark_Wahlberg_0003,1,0.585712,0.567561,0.565255
Mark_Wahlberg_0002|Mark_Wahlberg_0004,1,0.667782,0.643157,0.668310
Marlene_Weingartner_0001|Marlene_Weingartner_0002,1,0.394847,0.366623,0.378876
Martha_Bowen_0001|Martha_Bowen_0002,1,0.150537,0.196415,0.162933
Martin_Cauchon_0001|Martin_Cauchon_0002,1,0.774826,0.773590,0.770214
Martin_Hoellwarth_0001|Martin_Hoellwarth_0002,1,0.462112,0.453264,0.454193
Martin_Sheen_0001|Martin_Sheen_0002,1,0.639259,0.593561,0.609428
Matthew_Broderick_0001|Matthew_Broderick_0004,1,0.436673,0.427085,0.434223
Matthew_Broderick_0002|Matthew_Broderick_0003,1,0.536952,0.509123,0.491769
Mike_Krzyzewski_0001|Mike_Krzyzewski_0006,1,0.605983,0.565993,0.594375
Mikhail_Gorbachev_0001|Mikhail_Gorbachev_0002,1,0.588213,0.594477,0.593961
Monica_Bellucci_0001|Monica_Bellucci_0004,1,0.557782,0.515435,0.570073
Monica_Bellucci_0002|Monica_Bellucci_0004,1,0.526377,0.528771,0.532663
Naomi_Campbell_0001|Naomi_Campbell_0002,1,0.618007,0.609239,0.606578
Nestor_Kirchner_0003|Nestor_Kirchner_0030,1,0.632015,0.630701,0.617212
Nestor_Kirchner_0012|Nestor_Kirchner_0021,1,0.730459,0.704064,0.697321
Nestor_Kirchner_0017|Nestor_Kirchner_0025,1,0.705225,0.716698,0.712217
Nicolas_Lapentti_0001|Nicolas_Lapentti_0002,1,0.705373,0.669497,0.650791
Noah_Wyle_0002|Noah_Wyle_0003,1,0.645995,0.623893,0.622726
Nora_Bendijo_0001|Nora_Bendijo_0002,1,0.242361,0.258910,0.252758
Nursultan_Nazarbayev_0001|Nursultan_Nazarbayev_0002,1,0.460257,0.449320,0.445139
Pamela_Anderson_0001|Pamela_Anderson_0002,1,0.513154,0.493191,0.451553
Pamela_Anderson_0001|Pamela_Anderson_0005,1,0.485657,0.456583,0.437862
Patricia_Heaton_0001|Patricia_Heaton_0002,1,0.568552,0.531046,0.543048
Patty_Schnyder_0001|Patty_Schnyder_0002,1,0.453788,0.425200,0.435798
Patty_Schnyder_0002|Patty_Schnyder_0003,1,0.499235,0.461380,0.514991
Patty_Schnyder_0002|Patty_Schnyder_0004,1,0.665272,0.630246,0.664615
Patty_Schnyder_0003|Patty_Schnyder_0004,1,0.561150,0.498346,0.581920
Paul_Bremer_0006|Paul_Bremer_0017,1,0.631115,0.584855,0.630790
Paul_Bremer_0007|Paul_Bremer_0010,1,0.746150,0.743903,0.707572
Paul_Bremer_0009|Paul_Bremer_0015,1,0.652202,0.631205,0.630007
Paul_Bremer_0014|Paul_Bremer_0016,1,0.642707,0.664966,0.638036
Paul_Sarbanes_0001|Paul_Sarbanes_0003,1,0.591285,0.571016,0.571903
Paul_Sarbanes_0002|Paul_Sarbanes_0003,1,0.665750,0.645588,0.676898
Paul_William_Hurley_0001|Paul_William_Hurley_0002,1,0.760230,0.723678,0.758072
Pervez_Musharraf_0001|Pervez_Musharraf_0006,1,0.654469,0.624645,0.651279
Pervez_Musharraf_0002|Pervez_Musharraf_0016,1,0.663285,0.644138,0.641286
Pervez_Musharraf_0003|Pervez_Musharraf_0010,1,0.716335,0.695355,0.698665
Pervez_Musharraf_0004|Pervez_Musharraf_0014,1,0.731978,0.722825,0.721184
Pervez_Musharraf_0005|Pervez_Musharraf_0007,1,0.533085,0.545001,0.517153
Pervez_Musharraf_0005|Pervez_Musharraf_0015,1,0.623603,0.643452,0.629173
Phil_Gramm_0001|Phil_Gramm_0002,1,0.544887,0.544582,0.538001
Prince_Edward_0001|Prince_Edward_0002,1,0.549231,0.516632,0.518946
Ricardo_Lagos_0003|Ricardo_Lagos_0012,1,0.708375,0.721547,0.683464
Ricardo_Lagos_0023|Ricardo_Lagos_0027,1,0.687922,0.666978,0.676216
Ricardo_Monasterio_0001|Ricardo_Monasterio_0002,1,0.760854,0.718631,0.727744
Rich_Gannon_0001|Rich_Gannon_0002,1,0.723603,0.727335,0.703719
Rick_Perry_0001|Rick_Perry_0004,1,0.631476,0.605027,0.600965
Rick_Perry_0001|Rick_Perry_0005,1,0.575777,0.552038,0.565582
Rick_Perry_0002|Rick_Perry_0004,1,0.620479,0.599244,0.580248
Rick_Perry_0003|Rick_Perry_0004,1,0.759633,0.722232,0.733507
Robert_Bonner_0002|Robert_Bonner_0003,1,0.639565,0.620628,0.654888
Robert_Evans_0002|Robert_Evans_0003,1,0.598077,0.572061,0.595176
Robert_Fico_0001|Robert_Fico_0002,1,0.670714,0.636894,0.637955
Romano_Prodi_0003|Romano_Prodi_0005,1,0.436681,0.419094,0.399126
Roy_Moore_0002|Roy_Moore_0005,1,0.605792,0.574371,0.593375
Roy_Moore_0003|Roy_Moore_0006,1,0.522821,0.528530,0.528316
Sachiko_Yamada_0001|Sachiko_Yamada_0002,1,0.685374,0.661611,0.660085
Sachiko_Yamada_0001|Sachiko_Yamada_0004,1,0.461763,0.497928,0.449965
Sachiko_Yamada_0002|Sachiko_Yamada_0003,1,0.686712,0.709656,0.684573
Sachiko_Yamada_0002|Sachiko_Yamada_0004,1,0.410230,0.478167,0.422377
Saeb_Erekat_0001|Saeb_Erekat_0002,1,0.481390,0.481514,0.451447
Sam_Bith_0001|Sam_Bith_0002,1,0.700009,0.703868,0.684356
Sam_Bith_0001|Sam_Bith_0003,1,0.593294,0.570744,0.591773
Sam_Bith_0002|Sam_Bith_0003,1,0.547678,0.535013,0.537345
Sean_Hayes_0001|Sean_Hayes_0002,1,0.764174,0.733602,0.726497
Sergio_Garcia_0001|Sergio_Garcia_0002,1,0.656908,0.663155,0.637694
Silvia_Farina_Elia_0001|Silvia_Farina_Elia_0002,1,0.648569,0.622273,0.632629
Steve_Ballmer_0001|Steve_Ballmer_0002,1,0.614334,0.591379,0.632859
Steve_Ballmer_0001|Steve_Ballmer_0003,1,0.600343,0.587790,0.612280
Stockard_Channing_0001|Stockard_Channing_0003,1,0.561367,0.553067,0.548275
Stockard_Channing_0002|Stockard_Channing_0003,1,0.528422,0.540259,0.529524
Terry_McAuliffe_0001|Terry_McAuliffe_0002,1,0.509799,0.491122,0.500068
Terry_McAuliffe_0001|Terry_McAuliffe_0003,1,0.599862,0.612670,0.581055
Thomas_Rupprath_0001|Thomas_Rupprath_0003,1,0.509428,0.503810,0.517971
Thomas_Rupprath_0002|Thomas_Rupprath_0003,1,0.598490,0.603561,0.568240
Tom_Ridge_0006|Tom_Ridge_0016,1,0.580315,0.594950,0.610450
Tom_Ridge_0008|Tom_Ridge_0025,1,0.618541,0.615120,0.620220
Tom_Ridge_0009|Tom_Ridge_0026,1,0.604801,0.584904,0.583750
Tom_Ridge_0018|Tom_Ridge_0022,1,0.713690,0.686537,0.707051
Tommy_Haas_0004|Tommy_Haas_0005,1,0.506679,0.524596,0.477528
Tommy_Thompson_0001|Tommy_Thompson_0002,1,0.529044,0.512144,0.536597
Tommy_Thompson_0001|Tommy_Thompson_0007,1,0.552501,0.528847,0.558347
Tommy_Thompson_0002|Tommy_Thompson_0008,1,0.704712,0.669419,0.683711
Tommy_Thompson_0004|Tommy_Thompson_0008,1,0.723566,0.706572,0.696716
Tommy_Thompson_0006|Tommy_Thompson_0009,1,0.610395,0.602130,0.592158
Tomoko_Hagiwara_0001|Tomoko_Hagiwara_0002,1,0.550967,0.544844,0.557910
Trent_Lott_0001|Trent_Lott_0002,1,0.590936,0.553101,0.540452
Trent_Lott_0002|Trent_Lott_0003,1,0.567809,0.573895,0.542158
Trent_Lott_0002|Trent_Lott_0008,1,0.601592,0.603121,0.574281
Trent_Lott_0006|Trent_Lott_0011,1,0.634397,0.608094,0.619033
Trent_Lott_0007|Trent_Lott_0010,1,0.604859,0.614050,0.598135
Trent_Lott_0008|Trent_Lott_0016,1,0.682074,0.656936,0.669404
Tsutomu_Takebe_0001|Tsutomu_Takebe_0002,1,0.788079,0.772949,0.783361
Tyler_Hamilton_0001|Tyler_Hamilton_0002,1,0.479174,0.464740,0.498935
Tyra_Banks_0001|Tyra_Banks_0002,1,0.650837,0.641742,0.618188
Vaclav_Havel_0002|Vaclav_Havel_0004,1,0.618794,0.622686,0.618983
Vaclav_Havel_0002|Vaclav_Havel_0005,1,0.548743,0.543478,0.529129
Vaclav_Havel_0002|Vaclav_Havel_0006,1,0.590621,0.594424,0.599942
Vaclav_Havel_0004|Vaclav_Havel_0009,1,0.727555,0.722637,0.736573
Vaclav_Havel_0005|Vaclav_Havel_0007,1,0.717481,0.715727,0.711775
Valerie_Harper_0001|Valerie_Harper_0002,1,0.633536,0.597613,0.599152
Vince_Carter_0003|Vince_Carter_0004,1,0.632484,0.641966,0.604409
Vincent_Brooks_0002|Vincent_Brooks_0003,1,0.773892,0.724254,0.772465
Vincent_Brooks_0002|Vincent_Brooks_0007,1,0.792256,0.772149,0.783231
Vincent_Brooks_0004|Vincent_Brooks_0005,1,0.734971,0.701355,0.711528
Vincent_Brooks_0004|Vincent_Brooks_0007,1,0.664824,0.669907,0.670130
Vincent_Gallo_0001|Vincent_Gallo_0002,1,0.789664,0.767899,0.748180
Vitali_Klitschko_0001|Vitali_Klitschko_0002,1,0.520831,0.492331,0.482615
Vitali_Klitschko_0003|Vitali_Klitschko_0004,1,0.527992,0.517226,0.544559
William_Macy_0001|William_Macy_0004,1,0.704874,0.685580,0.705871
William_Macy_0002|William_Macy_0004,1,0.513435,0.524380,0.522126
William_Macy_0003|William_Macy_0004,1,0.900090,0.884068,0.897442
Woody_Allen_0002|Woody_Allen_0004,1,0.455432,0.439740,0.453769
Woody_Allen_0003|Woody_Allen_0005,1,0.597468,0.611307,0.595070
Yukiko_Okudo_0001|Yukiko_Okudo_0002,1,0.366708,0.361365,0.356647
Zico_0001|Zico_0002,1,0.780635,0.779139,0.756876
Zico_0002|Zico_0003,1,0.770460,0.757022,0.751917
Abdel_Madi_Shabneh_0001|Dean_Barker_0001,0,-0.014342,0.020908,-0.008884
Abdel_Madi_Shabneh_0001|Giancarlo_Fisichella_0001,0,-0.061393,-0.002442,-0.064587
Abdel_Madi_Shabneh_0001|Mikhail_Gorbachev_0001,0,-0.064449,-0.034417,-0.087770
Abdul_Rahman_0001|Portia_de_Rossi_0001,0,-0.062344,-0.071355,-0.061949
Abel_Pacheco_0001|Jong_Thae_Hwa_0002,0,0.050142,0.037179,0.041632
Abel_Pacheco_0002|Jean-Francois_Lemounier_0001,0,-0.176241,-0.155306,-0.145010
Afton_Smith_0001|Dwayne_Wade_0001,0,0.063730,0.051951,0.052514
Ahmad_Jbarah_0001|James_Comey_0001,0,-0.058402,-0.025315,-0.084094
Akhmed_Zakayev_0002|Donna_Morrissey_0001,0,-0.080283,-0.051265,-0.068483
Alan_Dershowitz_0001|Bertrand_Bonello_0001,0,0.083283,0.055526,0.088324
Alanis_Morissette_0001|Martin_Cauchon_0001,0,-0.082723,-0.069973,-0.086920
Alexander_Lukashenko_0001|Heather_Chinnock_0001,0,-0.029928,0.013349,-0.012809
Alfonso_Cuaron_0001|Jason_Priestley_0001,0,0.139241,0.146320,0.119812
Alfonso_Cuaron_0001|Patty_Schnyder_0002,0,-0.145187,-0.114546,-0.100977
Alfonso_Soriano_0001|Bill_Nelson_0002,0,-0.079690,-0.058056,-0.079271
Alfonso_Soriano_0001|Julio_De_Brun_0001,0,0.087232,0.112437,0.103941
Alfonso_Soriano_0001|Patty_Schnyder_0003,0,0.030069,0.011357,0.021243
Alonzo_Mourning_0001|Cecilia_Cheung_0001,0,0.075638,0.068569,0.068005
Amber_Tamblyn_0002|Benjamin_Netanyahu_0001,0,0.061771,0.061418,0.075251
Amporn_Falise_0001|Joe_Pantoliano_0001,0,-0.078862,-0.099414,-0.077134
Anders_Fogh_Rasmussen_0002|Johnson_Panjaitan_0002,0,0.157651,0.156500,0.160236
Andre_Bucher_0001|Joseph_Ralston_0001,0,-0.022409,-0.045110,-0.054464
Andre_Bucher_0001|Maria_Garcia_0001,0,0.039086,0.019397,0.024215
Andrew_Gilligan_0001|Henry_Castellanos_0001,0,0.057038,0.065477,0.074209
Andrew_Shutley_0001|Edmund_Stoiber_0005,0,-0.100687,-0.045510,-0.073980
Andrew_Shutley_0001|Mitchell_Swartz_0001,0,0.030903,0.050725,0.046040
Andrew_Shutley_0001|Saeb_Erekat_0002,0,0.056040,0.063663,0.057065
Andy_Dick_0001|Simon_Yam_0001,0,0.025326,0.010730,0.025267
Andy_Griffith_0001|Osrat_Iosef_0001,0,-0.066608,0.016950,-0.018896
Andy_Wisecarver_0001|Dimitar_Berbatov_0001,0,0.031792,0.006892,0.032066
Angela_Lansbury_0001|Steven_Van_Zandt_0001,0,-0.053290,-0.055723,-0.037170
Angela_Lansbury_0002|John_Coomber_0001,0,-0.031845,-0.040308,-0.019245
Ann_Veneman_0006|Sergio_Garcia_0002,0,-0.042866,-0.023339,-0.047409
Ann_Veneman_0008|Ted_Williams_0001,0,-0.028783,0.006654,-0.003734
Annie-Jeanne_Reynaud_0001|SJ_Twu_0001,0,0.020360,0.043925,0.047749
Anthony_Carter_0001|Eliza_Dushku_0001,0,-0.011378,0.007783,0.009336
Antonio_Cassano_0001|Paul_Celluci_0001,0,-0.036593,0.039918,-0.015648
Anwar_Ibrahim_0001|David_Alpay_0001,0,-0.139067,-0.119261,-0.140537
Armand_Sargen_0001|Daryl_Sabara_0001,0,0.010414,-0.035019,0.007276
Armand_Sargen_0001|Kelvin_Sampson_0003,0,0.002762,0.017582,-0.011205
Armand_Sargen_0001|Lisa_Gottsegen_0002,0,-0.051313,-0.030793,-0.065856
Atom_Egoyan_0001|Bill_Stapleton_0001,0,-0.064406,-0.069614,-0.086415
Atom_Egoyan_0001|Janis_Ruth_Coulter_0001,0,0.046143,0.060166,0.053553
Barbara_Brezigar_0002|Doris_Roberts_0002,0,-0.039612,-0.029726,-0.032985
Barbara_Felt-Miller_0001|Leticia_Dolera_0001,0,0.155113,0.125079,0.193994
Bart_Freundlich_0001|Ernie_Grunfeld_0001,0,0.024791,0.068065,0.031441
Bart_Freundlich_0001|Kirsten_Gilham_0001,0,0.048972,0.033294,0.043573
Benjamin_Martinez_0001|Garry_McCoy_0001,0,0.084611,0.081285,0.072078
Benjamin_Netanyahu_0001|Maria_Callas_0001,0,-0.028307,0.033064,-0.017648
Benjamin_Netanyahu_0005|Frank_Beamer_0001,0,-0.048480,-0.039956,-0.060953
Bernard_Law_0001|Liu_Xiaoqing_0001,0,-0.072414,-0.060719,-0.062966
Bernard_Law_0003|Valerie_Harper_0002,0,0.021758,0.028748,0.032934
Bertrand_Bonello_0001|Jong_Thae_Hwa_0002,0,0.056835,0.069101,0.065269
Bill_Bradley_0001|Chen_Tsai-chin_0001,0,0.011328,0.030049,-0.006542
Bill_Bradley_0001|Helen_Alvare_0001,0,-0.039194,0.030009,-0.028033
Bill_Elliott_0001|Mary_Anne_Souza_0001,0,-0.008211,0.039453,0.004627
Bill_Frist_0005|Jimmy_Kimmel_0002,0,-0.100324,-0.114867,-0.117241
Bill_Maher_0001|Brad_Russ_0001,0,0.071868,0.099350,0.066304
Bill_Maher_0001|Juliette_Binoche_0001,0,0.008323,0.006119,-0.001016
Bill_Nelson_0001|Kim_Jong-Il_0003,0,-0.084069,-0.063362,-0.079607
Bill_Nelson_0002|Gillian_Anderson_0001,0,0.028552,0.028642,0.043274
Bill_Stapleton_0001|Sedigh_Barmak_0001,0,0.107383,0.119705,0.094916
Bill_Stapleton_0001|Valerie_Harper_0001,0,-0.042051,-0.013890,-0.036830
Billy_Bob_Thornton_0001|Herb_Dhaliwal_0001,0,0.084573,0.088434,0.059426
Billy_Bob_Thornton_0001|Nong_Duc_Manh_0001,0,0.174609,0.199290,0.178892
Bob_Alper_0001|Kevin_Millwood_0001,0,-0.012610,0.024122,-0.003338
Bob_Graham_0002|Dwayne_Wade_0001,0,-0.008589,0.016685,-0.002944
Bob_Petrino_0001|Geraldine_Chaplin_0004,0,0.023916,0.036452,0.029930
Bob_Petrino_0001|Jorge_Castaneda_0001,0,-0.120378,-0.082217,-0.110087
Boris_Becker_0004|Julianna_Margulies_0002,0,-0.026736,-0.031595,-0.041599
Brad_Russ_0001|Hana_Urushima_0001,0,-0.015399,-0.033093,-0.049238
Brad_Russ_0001|Romeo_Gigli_0001,0,-0.121595,-0.111099,-0.139266
Brawley_King_0001|Tom_Glavine_0002,0,-0.011306,0.021663,-0.024846
Brian_Griese_0002|Jeffrey_Archer_0002,0,0.017412,0.058713,-0.002573
Brian_Griese_0002|Laura_Elena_Harring_0001,0,-0.015610,0.030282,0.022743
Brian_Griese_0002|Nicolas_Lapentti_0002,0,0.006416,0.033817,0.043737
Bryan_Adams_0001|Michael_Kors_0001,0,-0.116680,-0.094721,-0.086492
Bryan_Adams_0001|Mohamed_Seineldin_0001,0,-0.014091,-0.007586,0.001466
Calbert_Cheaney_0001|Ian_Smith_0001,0,-0.067544,-0.063654,-0.074314
Calbert_Cheaney_0001|Robert_Downey_Jr_0001,0,0.011442,0.049652,-0.001735
Carl_Reiner_0001|Hamid_Efendi_0001,0,-0.005313,0.035646,0.018413
Carl_Reiner_0002|John_Engler_0001,0,0.024312,0.041673,0.023876
Carl_Reiner_0002|Prince_Rainier_III_0001,0,0.002402,0.008219,0.013704
Carl_Reiner_0002|Tom_Glavine_0002,0,-0.019488,-0.034736,-0.038469
Carlo_Azeglio_Ciampi_0001|Francis_Ford_Coppola_0001,0,-0.018974,-0.027814,-0.029236
Carlos_Arroyo_0001|Shane_Phillips_0001,0,-0.104888,-0.027853,-0.057688
Carlos_Paternina_0001|Emily_Stevens_0001,0,-0.061773,-0.033979,-0.066720
Carlos_Paternina_0001|Paul_Sarbanes_0001,0,0.062480,0.070247,0.065836
Casey_Mears_0001|Mike_Davis_0001,0,0.100511,0.113189,0.109593
Casey_Mears_0001|Yukiko_Okudo_0001,0,0.029212,0.013509,-0.008710
Cathy_Freeman_0002|William_Martin_0002,0,0.038811,0.057093,0.003977
Cecilia_Cheung_0001|Daryl_Parks_0001,0,0.105443,0.119464,0.125477
Cecilia_Cheung_0001|Pascal_Affi_Nguessan_0001,0,0.051486,0.054479,0.019484
Chen_Tsai-chin_0001|Dereck_Whittenburg_0001,0,-0.031121,0.011679,-0.004039
Chen_Tsai-chin_0001|Mamdouh_Habib_0001,0,-0.121228,-0.079992,-0.111979
Cho_Myung-kyun_0001|David_Bell_0001,0,0.040714,0.076235,0.057757
Cho_Myung-kyun_0001|Fernando_Sanz_0001,0,-0.057205,-0.020134,-0.064137
Cho_Myung-kyun_0001|Georgia_Giddings_0001,0,0.030648,0.051841,0.034832
Cho_Myung-kyun_0001|Richard_Fine_0001,0,0.010576,0.034671,0.013280
Choi_Yun-yong_0001|Chuck_Eidson_0001,0,-0.047813,0.003493,-0.046387
Chris_Dodd_0001|Taylor_Twellman_0001,0,-0.018288,0.033416,-0.010060
Chris_Swecker_0001|Tom_Vilsack_0001,0,0.080510,0.051353,0.056367
Christian_Lacroix_0001|Laura_Elena_Harring_0001,0,-0.006987,0.023639,-0.007758
Christian_Lacroix_0001|Ornella_Muti_0001,0,-0.045967,-0.021650,-0.041900
Chuck_Eidson_0001|Sigourney_Weaver_0001,0,0.117248,0.117453,0.124572
Clare_Short_0004|Don_Carcieri_0001,0,0.107747,0.119145,0.112446
Coco_dEste_0001|Darvis_Patton_0001,0,0.019818,0.062104,0.015044
Coco_dEste_0001|Melina_Kanakaredes_0001,0,0.119272,0.110524,0.125204
Coco_dEste_0001|Tom_Rouen_0001,0,0.055282,0.108760,0.069769
Coleen_Rowley_0001|Nong_Duc_Manh_0001,0,0.015318,0.034028,0.014615
Corinne_Coman_0002|Frank_Beamer_0001,0,0.055753,0.009710,0.061720
Dale_Earnhardt_Jr_0001|Nick_Reilly_0001,0,-0.004697,0.018270,0.028312
Dario_Franchitti_0001|Henry_Castellanos_0001,0,-0.053576,-0.020235,-0.052453
Darren_Campel_0001|Hilary_McKay_0001,0,-0.057501,-0.061902,-0.055428
Darvis_Patton_0001|Gerard_Tronche_0001,0,-0.052560,-0.038521,-0.038108
Darvis_Patton_0001|William_Macy_0004,0,0.046448,0.047011,0.042804
Daryl_Parks_0001|Guus_Hiddink_0001,0,0.137880,0.136684,0.117209
Daryl_Sabara_0001|Nick_Reilly_0001,0,-0.023436,-0.001755,-0.001515
Daryl_Sabara_0001|Valentina_Tereshkova_0001,0,0.034530,0.040157,0.030785
Dave_Johnson_0001|Howard_Stern_0001,0,-0.055459,-0.018329,-0.033384
Dave_Tucker_0001|Gary_Gitnick_0001,0,-0.023381,-0.010088,-0.006130
David_Collenette_0001|Salman_Khan_0001,0,-0.141313,-0.177368,-0.175031
David_Westerfield_0001|Stan_Kroenke_0001,0,0.119064,0.133265,0.106474
Dean_Jacek_0001|Larry_Wilmore_0001,0,-0.122692,-0.092830,-0.118155
Demi_Moore_0002|Fred_Thompson_0001,0,0.123456,0.148486,0.114755
Demi_Moore_0002|Linus_Roache_0001,0,0.117763,0.174371,0.141028
Dereck_Whittenburg_0001|Lindsey_Graham_0002,0,-0.042831,-0.038884,-0.075910
Dianne_Reeves_0001|Larry_Wilmore_0001,0,0.066322,0.069913,0.021284
Dianne_Reeves_0001|Romeo_Gigli_0001,0,-0.101946,-0.115474,-0.120874
Don_Carcieri_0001|Janica_Kostelic_0001,0,0.027092,0.110354,0.040710
Dora_Bakoyianni_0001|Richard_Sambrook_0002,0,-0.054831,-0.051385,-0.038847
Dora_Bakoyianni_0001|Saeb_Erekat_0002,0,0.099655,0.108227,0.115591
Doris_Roberts_0001|Nong_Duc_Manh_0001,0,-0.087163,-0.078933,-0.105617
Doug_Wilson_0001|Szu_Yu_Chen_0001,0,-0.004395,0.035048,0.000054
Douglas_Gansler_0001|Martin_Brooke_0001,0,0.084188,0.104612,0.097887
Douglas_Gansler_0001|Ronald_Kadish_0001,0,0.091574,0.137063,0.091125
Dwayne_Wade_0001|Mike_Farrar_0001,0,0.044155,0.032685,0.031879
Edward_Arsenault_0001|Jim_Hardin_0001,0,0.173353,0.142822,0.183022
Einars_Repse_0001|Minnie_Mendoza_0001,0,0.028950,0.063135,0.065618
Einars_Repse_0001|Tim_Blake_Nelson_0001,0,0.095497,0.107580,0.115528
Elinor_Caplan_0001|Hilary_McKay_0001,0,-0.036464,-0.036735,-0.031441
Eliza_Dushku_0001|George_Lucas_0001,0,-0.013113,-0.007580,-0.011449
Eliza_Dushku_0001|Itzhak_Perlman_0001,0,-0.062178,0.009036,-0.051076
Emily_Stevens_0001|Janez_Drnovsek_0001,0,-0.039935,0.014691,-0.030279
Emmanuelle_Beart_0002|Phil_Jackson_0001,0,0.005009,0.037094,0.022253
Eric_Daze_0001|Sterling_Hitchcock_0001,0,0.047765,0.080151,0.073220
Erika_Christensen_0002|Michael_Dell_0001,0,0.109598,0.166879,0.114877
Erika_Christensen_0002|Woody_Allen_0002,0,0.047195,0.099965,0.064207
Eriko_Tamura_0001|Georgia_Giddings_0001,0,0.013709,0.042939,-0.025985
Ernie_Grunfeld_0001|Frank_Coraci_0001,0,0.046390,0.067608,0.031272
Eugene_Melnyk_0001|Mahima_Chaudhari_0001,0,-0.079934,-0.018141,-0.050762
Fatma_Kusibeh_0001|Lee_Baca_0001,0,0.005887,0.042157,0.004841
Federico_Trillo_0001|Jonathan_Woodgate_0001,0,-0.112283,-0.104332,-0.117162
Fernando_Alonso_0001|Sam_Brownback_0001,0,0.010859,-0.018681,-0.005995
Fernando_Sanz_0001|Miranda_Otto_0001,0,0.119862,0.164686,0.128834
Fernando_Sanz_0001|Roy_Moore_0001,0,0.067347,0.092613,0.067089
Flor_Montulo_0002|Juan_Pablo_Montoya_0001,0,-0.066629,-0.030607,-0.054634
Francisco_Garcia_0001|Marsha_Sharp_0001,0,0.063789,0.064380,0.041565
Francois_Ozon_0001|Makiya_Ali_Hassan_0001,0,-0.048279,-0.044546,-0.050136
Frank_Coraci_0001|Tomoko_Hagiwara_0002,0,0.052667,0.083318,0.042779
Frank_Van_Ecke_0001|Tsutomu_Takebe_0001,0,0.076766,0.081834,0.055486
Fred_Thompson_0002|Helen_Alvare_0001,0,0.047017,0.027318,0.021153
Fred_Thompson_0002|Sterling_Hitchcock_0001,0,0.097432,0.092345,0.080028
Fred_Thompson_0003|Magda_Kertasz_0001,0,0.055447,0.037706,0.041242
Garry_Trudeau_0001|Pat_Riley_0001,0,-0.060695,-0.032433,-0.103467
Garry_Witherall_0001|Howard_Stern_0001,0,-0.012779,-0.016337,-0.020781
Garry_Witherall_0001|Ingrid_Betancourt_0001,0,-0.000844,0.039519,0.004626
Garry_Witherall_0001|Martin_Keown_0001,0,0.051609,0.056580,0.025736
Gary_Gero_0001|Kim_Hong-gul_0001,0,-0.022957,-0.001324,-0.043196
Gary_Gero_0001|Phil_Gramm_0001,0,-0.093351,-0.090825,-0.060322
Gavin_Degraw_0001|Jeffrey_Archer_0001,0,-0.069780,-0.055796,-0.061368
Gene_Robinson_0003|Martha_Bowen_0002,0,0.086139,0.114430,0.093358
Georgia_Giddings_0001|Mahima_Chaudhari_0001,0,0.005882,0.034605,0.005125
Geovani_Lapentti_0001|Rodney_Rempt_0001,0,0.002143,0.058284,0.009534
Geovani_Lapentti_0001|Sam_Brownback_0001,0,0.026680,-0.005183,-0.011301
Gerard_de_Cortanze_0001|Mark_Wahlberg_0001,0,0.035997,0.047991,0.017628
Gian_Marco_0002|Kevin_Stallings_0002,0,0.232292,0.226674,0.212310
Giancarlo_Fisichella_0001|Maria_Callas_0001,0,-0.008957,0.000842,-0.029669
Gideon_Yago_0001|Natalie_Williams_0001,0,-0.019493,-0.037857,-0.007364
Gideon_Yago_0001|Paul_William_Hurley_0001,0,0.057683,0.033423,0.035728
Glenn_Plummer_0001|Maria_Garcia_0001,0,-0.043742,-0.000646,-0.017625
Grant_Hackett_0001|Todd_Robbins_0001,0,0.116302,0.111331,0.118089
Grant_Hackett_0003|Milo_Djukanovic_0003,0,-0.072775,-0.012766,-0.057253
Gray_Davis_0026|Karen_Lynn_Gorney_0001,0,-0.018968,-0.015475,-0.005410
Gregg_Popovich_0003|Vernon_Forrest_0001,0,0.136525,0.156113,0.144477
Gregor_Gysi_0001|Tomoko_Hagiwara_0001,0,0.068147,0.065389,0.053897
Guy_Ritchie_0002|Herb_Dhaliwal_0001,0,-0.044193,-0.052351,-0.022359
Guy_Ritchie_0002|William_Macy_0001,0,0.108427,0.093848,0.104533
Hamid_Efendi_0001|Jimmy_Carter_0008,0,-0.080650,-0.070908,-0.113521
Hamzah_Haz_0002|Hilary_McKay_0001,0,0.042484,0.105284,0.051620
Harald_Ringstorff_0001|Pat_Riley_0001,0,-0.052206,-0.042777,-0.082691
Harald_Ringstorff_0001|Romano_Prodi_0006,0,0.052765,0.056813,0.035204
Heather_Chinnock_0001|Jean-Francois_Lemounier_0001,0,-0.090997,-0.049394,-0.066018
Helen_Alvare_0001|Milo_Djukanovic_0001,0,0.062536,0.067808,0.072414
Henry_Castellanos_0001|Pamela_Anderson_0004,0,-0.010595,0.006646,-0.018344
Henry_Castellanos_0001|Tommy_Shane_Steiner_0001,0,-0.051888,-0.034745,-0.060670
Herb_Dhaliwal_0001|Hung_Wan-ting_0001,0,-0.121306,-0.061766,-0.090072
Hilary_McKay_0001|Kevin_Millwood_0001,0,0.034004,0.061937,0.041188
Howard_Stern_0001|Maria_Callas_0001,0,0.113955,0.104124,0.118348
Hugo_Chavez_0033|Karen_Lynn_Gorney_0001,0,0.045128,0.069012,0.029377
Hugo_Chavez_0060|Steve_Shiver_0001,0,-0.002877,0.006004,0.011304
Imam_Samudra_0001|Ivana_Trump_0001,0,0.084898,0.102444,0.096559
Imelda_Marcos_0001|Patty_Schnyder_0004,0,0.074782,0.092257,0.090421
Jack_Smith_0001|Mary_Jo_Myers_0001,0,-0.035130,-0.011501,-0.005539
James_Caan_0002|Paul_Sarbanes_0002,0,0.038628,-0.004971,0.039066
James_Comey_0001|Juan_Carlos_Morales_0001,0,0.041623,0.080644,0.080570
James_Comey_0001|Paul_William_Hurley_0001,0,0.026467,0.108980,0.057720
Jamling_Norgay_0001|Zico_0002,0,-0.060639,-0.011968,-0.077017
Jan_Pronk_0001|Kim_Dong-hwa_0001,0,0.048122,0.058856,0.033087
Janez_Drnovsek_0001|Sterling_Hitchcock_0001,0,-0.072922,-0.040729,-0.078313
Janica_Kostelic_0002|Yasushi_Akashi_0001,0,-0.065697,-0.028076,-0.067974
Janice_Abreu_0001|Kevin_Sorbo_0001,0,0.064583,0.090817,0.038604
Jeffrey_Ashby_0001|Michael_Dell_0001,0,-0.000371,-0.001707,-0.001254
Jennifer_Garner_0006|Mike_Duke_0001,0,-0.049914,-0.028517,-0.050831
Jennifer_Renee_Short_0001|Taylor_Twellman_0001,0,0.027758,0.090637,0.053136
Jerry_Seinfeld_0001|Tim_Blake_Nelson_0001,0,0.025397,0.032449,0.010713
Jerry_Tarkanian_0001|Thomas_Rupprath_0001,0,-0.048501,-0.023862,-0.044867
Jessica_Lange_0002|Sedigh_Barmak_0001,0,-0.012506,0.005590,-0.010563
Jim_Freudenberg_0001|Nigel_Redden_0001,0,-0.055954,0.001688,-0.046916
Jim_Freudenberg_0001|Tina_Pisnik_0001,0,0.119895,0.168691,0.137199
Jim_Haslett_0001|Tsutomu_Takebe_0001,0,0.010200,0.056963,0.034046
Jim_Otto_0001|Rafiq_Hariri_0001,0,-0.006150,0.007697,-0.004873
Jimmy_Gurule_0001|Terry_McAuliffe_0001,0,-0.106698,-0.056501,-0.079595
Jodie_Foster_0003|Joe_Pantoliano_0001,0,-0.092170,-0.075893,-0.069620
John_Herrington_0001|Luis_Ernesto_Derbez_Bautista_0002,0,0.022031,-0.000427,-0.018592
John_Richardson_0001|Yasushi_Akashi_0001,0,-0.074562,-0.040275,-0.042396
John_Snow_0017|Se_Hyuk_Joo_0001,0,0.026861,0.065607,0.026736
Jonathan_Arden_0001|Joseph_Ralston_0001,0,-0.012945,-0.017102,-0.022094
Jorge_Castaneda_0001|Robert_Fico_0001,0,0.097629,0.142499,0.087886
Jose_Rosado_0001|Micky_Arison_0001,0,0.065942,0.134035,0.041709
Joseph_Blatter_0001|Ronald_Kadish_0001,0,-0.003554,0.034659,0.011428
Joseph_Ralston_0002|Juan_Pablo_Montoya_0005,0,0.083744,0.101103,0.079789
Joseph_Ralston_0002|Yoshiyuki_Kamei_0001,0,0.057155,0.090602,0.051182
Juliette_Binoche_0001|Matthew_Broderick_0003,0,0.013763,0.094960,0.012481
Julio_De_Brun_0001|Patty_Schnyder_0001,0,-0.011535,0.073955,-0.009868
Julio_De_Brun_0001|Vernon_Forrest_0001,0,-0.006996,0.015106,0.010854
Justin_Guarini_0002|Prince_Edward_0001,0,-0.047568,-0.007296,-0.037143
Kate_Winslet_0002|Mike_Duke_0001,0,-0.037300,-0.076100,-0.031105
Katie_Wagner_0001|Stan_Kroenke_0001,0,-0.058161,-0.009929,-0.058893
Keith_Lowen_0001|Robert_Evans_0002,0,-0.118573,-0.063024,-0.103536
Keith_Lowen_0001|Silvia_Farina_Elia_0002,0,0.084544,0.117764,0.111671
Ken_Loach_0001|Taku_Yamasaki_0001,0,-0.056431,-0.028220,-0.049647
Kevin_Crane_0001|Mike_Krzyzewski_0002,0,0.081830,0.042345,0.058618
Kevin_Millwood_0001|Mitchell_Crooks_0001,0,-0.011642,0.003663,0.034404
Kim_Clijsters_0004|Martin_Short_0001,0,-0.064649,-0.022988,-0.093826
Kim_Hong-gul_0001|Milo_Djukanovic_0003,0,0.116148,0.107771,0.107321
Kim_Jong-Il_0003|Rick_Reed_0001,0,0.032333,0.064502,0.031264
Lance_Armstrong_0009|Maria_Garcia_0001,0,0.105220,0.087560,0.089973
Laurent_Jalabert_0002|Vincent_Gallo_0001,0,0.015835,0.024857,-0.019159
Leon_LaPorte_0001|Ted_Williams_0001,0,0.036110,0.036677,0.005193
Leon_LaPorte_0001|Tommy_Thompson_0005,0,0.165354,0.186800,0.164793
Leonardo_Fernandez_0001|Romano_Prodi_0007,0,0.048793,0.061245,0.027942
Leticia_Dolera_0001|Tom_Glavine_0001,0,-0.064756,-0.051292,-0.063331
Lorraine_Bracco_0001|Momcilo_Perisic_0001,0,0.104392,0.092469,0.082545
Luis_Ernesto_Derbez_Bautista_0001|Tyra_Banks_0001,0,0.061346,0.059611,0.053543
Maria_Burks_0001|Todd_Parrott_0001,0,0.046432,0.077388,0.038761
Mario_Lemieux_0001|Stan_Kroenke_0001,0,0.039918,0.046396,0.065824
Mark_Everson_0001|Martin_Sheen_0002,0,0.044221,0.045058,0.009160
Marquier_Montano_Contreras_0001|SJ_Twu_0001,0,-0.127563,-0.113554,-0.124860
Marsha_Sharp_0001|Steve_Shiver_0001,0,0.108212,0.130893,0.103326
Martin_Cauchon_0002|Vitali_Klitschko_0003,0,0.066555,0.026156,0.059647
Martin_Hoellwarth_0002|Mary_Katherine_Smart_0001,0,0.047179,0.082403,0.064449
Martina_Hingis_0001|Terry_McAuliffe_0002,0,-0.027296,-0.039066,-0.061117
Melina_Kanakaredes_0001|Ornella_Muti_0001,0,-0.082592,-0.034104,-0.083397
Michael_Dell_0001|Mike_Duke_0001,0,0.019129,0.017021,0.000473
Michael_Dell_0001|Nigel_Redden_0001,0,-0.058794,-0.023274,-0.055317
Michael_Richards_0001|Silvia_Farina_Elia_0003,0,-0.010138,0.014151,-0.008848
Milan_Kucan_0001|Salman_Khan_0001,0,0.084333,0.147155,0.106537
Nancy_Kerrigan_0001|Sam_Brownback_0001,0,0.068553,0.041238,0.050487
Naomi_Campbell_0001|Tom_Ridge_0016,0,0.002728,-0.021504,0.000693
Nina_Jacobson_0001|Portia_de_Rossi_0001,0,0.074477,0.075904,0.056355
Noah_Wyle_0003|Robbie_Coltrane_0001,0,0.021577,0.015721,0.022631
Nora_Bendijo_0001|William_Martin_0002,0,-0.018527,0.003091,-0.029120
Nursultan_Nazarbayev_0001|Robert_Bonner_0001,0,0.130405,0.144098,0.133320
Pascal_Affi_Nguessan_0001|Tom_Moss_0001,0,0.067706,0.028659,0.034563
Pat_Summitt_0001|Paul_Celluci_0001,0,0.107676,0.113159,0.133432
Patty_Schnyder_0003|Pernilla_Bjorn_0001,0,-0.007306,-0.050345,0.012313
Patty_Schnyder_0003|Prince_Philippe_0001,0,0.013481,0.013540,0.013191
Patty_Schnyder_0004|Ricardo_Lagos_0025,0,-0.006199,0.030212,-0.026868
Pervez_Musharraf_0003|Richard_Rodriguez_0001,0,0.011565,0.064768,0.024833
Phil_Gramm_0002|Stefan_Tafrov_0001,0,0.011324,-0.000686,-0.010566
Rachel_Kempson_0001|Zorica_Radovic_0001,0,-0.051647,-0.076003,-0.048532
Rachel_Roy_0001|Steve_Shiver_0001,0,-0.054728,-0.067938,-0.076423
Richard_Fine_0001|Richard_Rodriguez_0001,0,0.024472,0.047656,0.018062
Rick_Reed_0001|Ruth_Bader_Ginsburg_0001,0,0.128502,0.123529,0.114567
Robbie_Naish_0001|Zhong_Nanshan_0001,0,0.072089,0.097774,0.058352
Robert_Bonner_0002|Vincent_Brooks_0002,0,-0.030214,-0.004355,-0.010279
Robert_Downey_Jr_0001|Tommy_Shane_Steiner_0001,0,-0.009356,0.030883,0.017577
Robert_Evans_0001|Todd_Robbins_0001,0,-0.054644,0.007348,-0.060420
Romeo_Gigli_0001|Tom_Harkin_0004,0,-0.065185,-0.008188,-0.081296
Saeb_Erekat_0001|Tom_Coverdale_0002,0,-0.100591,-0.110627,-0.106929
Se_Hyuk_Joo_0001|Tom_Rouen_0001,0,-0.033872,-0.032708,-0.042271
Sergio_Garcia_0002|Thomas_Watjen_0001,0,-0.031607,-0.025605,-0.055790
Simon_Yam_0001|Terry_McAuliffe_0003,0,-0.019065,0.016625,-0.027827
Simon_Yam_0001|Tommy_Haas_0005,0,0.019773,0.068162,0.032987
Stan_Kroenke_0001|William_Hyde_0001,0,-0.053954,0.014674,-0.040298
Steve_Ballmer_0001|Tina_Pisnik_0001,0,0.076892,0.082971,0.075586
Steve_Ballmer_0002|Vincent_Gallo_0003,0,-0.007800,-0.017194,-0.012148
Steve_Shiver_0001|Thomas_Rupprath_0003,0,-0.060575,-0.028989,-0.046037
Tina_Fey_0001|Todd_Parrott_0001,0,-0.047411,-0.036116,-0.044782
Abdullah_Gul_0001|Abdullah_Gul_0006,1,0.715173,0.678421,0.704810
Abdullah_Gul_0001|Abdullah_Gul_0008,1,0.683500,0.652695,0.662356
Abdullah_Gul_0007|Abdullah_Gul_0014,1,0.749674,0.741295,0.733543
Abdullah_Gul_0009|Abdullah_Gul_0012,1,0.759720,0.767814,0.733011
Abdullah_Gul_0009|Abdullah_Gul_0015,1,0.643321,0.634284,0.616826
Adolfo_Rodriguez_Saa_0001|Adolfo_Rodriguez_Saa_0002,1,0.521974,0.492911,0.497968
Adrien_Brody_0002|Adrien_Brody_0003,1,0.720971,0.677850,0.689775
Adrien_Brody_0002|Adrien_Brody_0012,1,0.465516,0.486561,0.460922
Adrien_Brody_0005|Adrien_Brody_0010,1,0.543112,0.489057,0.511117
Adrien_Brody_0007|Adrien_Brody_0008,1,0.658832,0.613512,0.615649
Al_Sharpton_0001|Al_Sharpton_0004,1,0.629763,0.618356,0.617358
Al_Sharpton_0002|Al_Sharpton_0004,1,0.723948,0.703017,0.712113
Al_Sharpton_0002|Al_Sharpton_0007,1,0.788025,0.790807,0.793754
Al_Sharpton_0003|Al_Sharpton_0004,1,0.634245,0.609898,0.603226
Alexandra_Stevenson_0001|Alexandra_Stevenson_0002,1,0.673567,0.658286,0.671603
Alexandra_Stevenson_0001|Alexandra_Stevenson_0003,1,0.685235,0.671103,0.676422
Alexandra_Vodjanikova_0001|Alexandra_Vodjanikova_0002,1,0.509252,0.494588,0.443485
Alicia_Silverstone_0001|Alicia_Silverstone_0002,1,0.521510,0.515223,0.504297
Ana_Palacio_0003|Ana_Palacio_0007,1,0.545313,0.523265,0.510107
Ana_Palacio_0006|Ana_Palacio_0008,1,0.501312,0.513692,0.503424
Andre_Agassi_0001|Andre_Agassi_0005,1,0.475379,0.508196,0.441806
Andre_Agassi_0002|Andre_Agassi_0016,1,0.601232,0.597372,0.588313
Andre_Agassi_0004|Andre_Agassi_0033,1,0.486931,0.467418,0.462473
Andre_Agassi_0009|Andre_Agassi_0025,1,0.504324,0.506120,0.481172
Andre_Agassi_0017|Andre_Agassi_0025,1,0.681067,0.654197,0.650309
Anna_Kournikova_0002|Anna_Kournikova_0003,1,0.340688,0.326703,0.318531
Anna_Kournikova_0002|Anna_Kournikova_0012,1,0.427177,0.415645,0.369033
Anna_Kournikova_0003|Anna_Kournikova_0008,1,0.475754,0.451830,0.445949
Anna_Kournikova_0007|Anna_Kournikova_0008,1,0.526134,0.550298,0.567080
Anna_Kournikova_0007|Anna_Kournikova_0011,1,0.227889,0.265303,0.253571
Annette_Lu_0001|Annette_Lu_0002,1,0.550857,0.546077,0.535835
Arnold_Palmer_0001|Arnold_Palmer_0003,1,0.573683,0.577825,0.571698
Arnold_Palmer_0002|Arnold_Palmer_0003,1,0.738729,0.720843,0.718077
Aron_Ralston_0001|Aron_Ralston_0002,1,0.477218,0.468925,0.498337
Arturo_Gatti_0002|Arturo_Gatti_0003,1,0.694599,0.698704,0.703201
Bashar_Assad_0001|Bashar_Assad_0003,1,0.641391,0.618444,0.627389
Bashar_Assad_0002|Bashar_Assad_0004,1,0.664581,0.629525,0.649009
Bernardo_Segura_0001|Bernardo_Segura_0002,1,0.520983,0.498793,0.468424
Bill_Gates_0003|Bill_Gates_0016,1,0.618634,0.623808,0.595306
Bill_Gates_0007|Bill_Gates_0015,1,0.647537,0.665400,0.640457
Bill_Gates_0011|Bill_Gates_0013,1,0.554131,0.552045,0.541893
Bill_Gates_0013|Bill_Gates_0017,1,0.649520,0.645793,0.654430
Bo_Pelini_0001|Bo_Pelini_0002,1,0.795591,0.793305,0.785142
Bob_Stoops_0002|Bob_Stoops_0004,1,0.653501,0.664861,0.652568
Bob_Stoops_0002|Bob_Stoops_0005,1,0.728262,0.712591,0.705110
Bobby_Robson_0001|Bobby_Robson_0002,1,0.637567,0.624538,0.615551
Bode_Miller_0001|Bode_Miller_0002,1,0.541587,0.550256,0.549669
Caroline_Kennedy_0001|Caroline_Kennedy_0003,1,0.754323,0.705864,0.714780
Caroline_Kennedy_0002|Caroline_Kennedy_0003,1,0.742136,0.712478,0.707775
Catherine_Zeta-Jones_0001|Catherine_Zeta-Jones_0011,1,0.442995,0.379304,0.461756
Catherine_Zeta-Jones_0004|Catherine_Zeta-Jones_0009,1,0.456765,0.390427,0.422579
Celso_Amorim_0001|Celso_Amorim_0002,1,0.555914,0.546133,0.551957
Chanda_Rubin_0002|Chanda_Rubin_0005,1,0.566140,0.512787,0.535536
Chanda_Rubin_0004|Chanda_Rubin_0005,1,0.647202,0.617278,0.618435
Charles_Bronson_0001|Charles_Bronson_0002,1,0.296688,0.313232,0.280357
Charles_Kartman_0001|Charles_Kartman_0002,1,0.669439,0.632894,0.638863
Charles_Schumer_0001|Charles_Schumer_0002,1,0.431513,0.452222,0.424527
Chris_Rock_0001|Chris_Rock_0002,1,0.692805,0.649808,0.656157
Christine_Baumgartner_0001|Christine_Baumgartner_0002,1,0.532164,0.520564,0.467132
Christine_Baumgartner_0002|Christine_Baumgartner_0004,1,0.465292,0.477179,0.433218
Colin_Farrell_0001|Colin_Farrell_0007,1,0.514445,0.498111,0.494126
Colin_Farrell_0002|Colin_Farrell_0007,1,0.582193,0.575204,0.564239
Colin_Farrell_0003|Colin_Farrell_0006,1,0.639817,0.614462,0.630138
Colin_Farrell_0004|Colin_Farrell_0008,1,0.521226,0.517478,0.506354
Dalai_Lama_0001|Dalai_Lama_0002,1,0.764150,0.779528,0.764136
Daniel_Radcliffe_0001|Daniel_Radcliffe_0004,1,0.566191,0.566737,0.552585
Daryl_Hannah_0001|Daryl_Hannah_0002,1,0.481495,0.469444,0.442958
David_Anderson_0001|David_Anderson_0002,1,0.619710,0.592097,0.607955
David_Anderson_0001|David_Anderson_0003,1,0.575653,0.531231,0.542880
David_Beckham_0001|David_Beckham_0015,1,0.535174,0.521797,0.484751
David_Beckham_0009|David_Beckham_0016,1,0.496078,0.486233,0.489942
David_Beckham_0011|David_Beckham_0029,1,0.490820,0.478604,0.452358
David_Beckham_0013|David_Beckham_0029,1,0.447990,0.456710,0.428472
David_Beckham_0015|David_Beckham_0024,1,0.548816,0.522277,0.539648
David_Beckham_0020|David_Beckham_0027,1,0.560010,0.528455,0.527314
David_Beckham_0027|David_Beckham_0031,1,0.454224,0.488008,0.445808
Denzel_Washington_0002|Denzel_Washington_0004,1,0.552422,0.549732,0.529821
Denzel_Washington_0003|Denzel_Washington_0005,1,0.675354,0.653782,0.660956
Dianne_Feinstein_0001|Dianne_Feinstein_0002,1,0.709773,0.655278,0.672606
Dianne_Feinstein_0001|Dianne_Feinstein_0003,1,0.669432,0.640337,0.631551
Dianne_Feinstein_0002|Dianne_Feinstein_0003,1,0.589922,0.567470,0.582500
Dick_Clark_0001|Dick_Clark_0002,1,0.531515,0.531658,0.524543
Dick_Clark_0001|Dick_Clark_0003,1,0.661130,0.645219,0.661832
Donald_Fehr_0001|Donald_Fehr_0003,1,0.533742,0.506993,0.534711
Donald_Fehr_0001|Donald_Fehr_0004,1,0.541766,0.535938,0.530092
Donald_Fehr_0002|Donald_Fehr_0003,1,0.547427,0.525023,0.528149
Donald_Fehr_0003|Donald_Fehr_0004,1,0.687540,0.666577,0.668993
Dwayne_Johnson_0001|Dwayne_Johnson_0002,1,0.858260,0.832605,0.839323
Ed_Rosenthal_0001|Ed_Rosenthal_0002,1,0.593551,0.556857,0.591144
Erik_Morales_0001|Erik_Morales_0002,1,0.685536,0.698537,0.673649
Erik_Morales_0002|Erik_Morales_0003,1,0.652646,0.651315,0.630483
Evan_Rachel_Wood_0002|Evan_Rachel_Wood_0003,1,0.626605,0.620465,0.617093
Evander_Holyfield_0001|Evander_Holyfield_0002,1,0.623550,0.595082,0.597971
Eve_Pelletier_0001|Eve_Pelletier_0002,1,0.686807,0.649531,0.653038
Farouk_al-Sharaa_0001|Farouk_al-Sharaa_0002,1,0.664462,0.651023,0.640564
Farouk_al-Sharaa_0001|Farouk_al-Sharaa_0003,1,0.762420,0.752978,0.738638
Farouk_al-Sharaa_0002|Farouk_al-Sharaa_0003,1,0.599608,0.582160,0.576657
Frank_Cassell_0001|Frank_Cassell_0002,1,0.607866,0.580081,0.604529
Frank_Cassell_0001|Frank_Cassell_0003,1,0.591508,0.609654,0.581054
Fujio_Cho_0001|Fujio_Cho_0004,1,0.600670,0.571427,0.585526
Fujio_Cho_0002|Fujio_Cho_0005,1,0.744896,0.763284,0.779315
Fujio_Cho_0003|Fujio_Cho_0005,1,0.866815,0.835833,0.855228
Fujio_Cho_0004|Fujio_Cho_0006,1,0.699234,0.709600,0.698971
Fujio_Cho_0005|Fujio_Cho_0006,1,0.629377,0.593290,0.621087
Gao_Qiang_0001|Gao_Qiang_0002,1,0.692147,0.675511,0.664227
Geoff_Hoon_0001|Geoff_Hoon_0002,1,0.623041,0.637811,0.613644
Geoff_Hoon_0003|Geoff_Hoon_0004,1,0.742284,0.678555,0.696566
Geoff_Hoon_0004|Geoff_Hoon_0005,1,0.672397,0.647119,0.637485
George_Brumley_0001|George_Brumley_0002,1,0.553408,0.534011,0.549609
George_Papandreou_0001|George_Papandreou_0002,1,0.506492,0.483003,0.477887
George_Papandreou_0001|George_Papandreou_0003,1,0.748209,0.708063,0.724240
George_Papandreou_0001|George_Papandreou_0004,1,0.724237,0.683879,0.704100
George_Papandreou_0003|George_Papandreou_0004,1,0.723728,0.686250,0.699484
Gloria_Allred_0001|Gloria_Allred_0002,1,0.649056,0.641596,0.669853
Greg_Ostertag_0001|Greg_Ostertag_0002,1,0.497884,0.473659,0.504249
Greg_Owen_0001|Greg_Owen_0002,1,0.694945,0.683226,0.676356
Hanan_Ashrawi_0001|Hanan_Ashrawi_0002,1,0.599113,0.557559,0.576164
Harry_Kalas_0001|Harry_Kalas_0002,1,0.571175,0.571965,0.570681
Hayley_Tullett_0001|Hayley_Tullett_0002,1,0.415150,0.415657,0.441650
Howard_Dean_0001|Howard_Dean_0003,1,0.775078,0.737100,0.729978
Howard_Dean_0001|Howard_Dean_0007,1,0.741107,0.707601,0.716785
Howard_Dean_0002|Howard_Dean_0008,1,0.555921,0.541176,0.537186
Howard_Dean_0004|Howard_Dean_0005,1,0.560884,0.541123,0.550169
Howard_Dean_0005|Howard_Dean_0012,1,0.635448,0.605140,0.588686
Hu_Jintao_0004|Hu_Jintao_0014,1,0.535117,0.516955,0.528603
Hu_Jintao_0005|Hu_Jintao_0012,1,0.584926,0.566429,0.560951
Hu_Jintao_0005|Hu_Jintao_0015,1,0.663658,0.658272,0.671943
Hu_Jintao_0011|Hu_Jintao_0013,1,0.555807,0.531675,0.551895
Ian_McKellen_0001|Ian_McKellen_0003,1,0.503574,0.462857,0.484940
Ibrahim_Jaafari_0001|Ibrahim_Jaafari_0002,1,0.694026,0.679633,0.675332
Isabella_Rossellini_0001|Isabella_Rossellini_0003,1,0.526446,0.531698,0.526895
Ishaq_Shahryar_0001|Ishaq_Shahryar_0002,1,0.629875,0.622406,0.587844
Ismail_Merchant_0001|Ismail_Merchant_0002,1,0.601976,0.576336,0.588168
Jacques_Chirac_0002|Jacques_Chirac_0043,1,0.667552,0.688662,0.678122
Jacques_Chirac_0019|Jacques_Chirac_0028,1,0.668224,0.670641,0.665124
James_Cameron_0001|James_Cameron_0003,1,0.612247,0.595587,0.602813
James_McGreevey_0001|James_McGreevey_0003,1,0.650976,0.610444,0.597345
James_McGreevey_0001|James_McGreevey_0004,1,0.667562,0.639895,0.634389
Jason_Alexander_0001|Jason_Alexander_0002,1,0.583099,0.599180,0.570312
Jason_Kidd_0002|Jason_Kidd_0008,1,0.542152,0.514535,0.541353
Jason_Kidd_0003|Jason_Kidd_0008,1,0.778912,0.761212,0.771202
Jason_Kidd_0006|Jason_Kidd_0008,1,0.741876,0.690208,0.727555
Jelena_Dokic_0001|Jelena_Dokic_0002,1,0.611478,0.598948,0.578706
Jelena_Dokic_0002|Jelena_Dokic_0008,1,0.580585,0.553470,0.545388
Jelena_Dokic_0005|Jelena_Dokic_0006,1,0.519364,0.470005,0.490661
Jelena_Dokic_0007|Jelena_Dokic_0008,1,0.480229,0.476795,0.483500
Jennifer_Connelly_0001|Jennifer_Connelly_0003,1,0.700914,0.651612,0.670235
Jennifer_Connelly_0001|Jennifer_Connelly_0004,1,0.669260,0.612267,0.626081
Jennifer_Connelly_0002|Jennifer_Connelly_0004,1,0.635424,0.599671,0.582179
Jennifer_Connelly_0003|Jennifer_Connelly_0004,1,0.809418,0.783921,0.774627
Jennifer_Keller_0001|Jennifer_Keller_0004,1,0.606333,0.579556,0.606510
Jennifer_Keller_0003|Jennifer_Keller_0004,1,0.583314,0.532662,0.555768
Jennifer_Reilly_0001|Jennifer_Reilly_0002,1,0.824879,0.783099,0.799706
Jennifer_Thompson_0001|Jennifer_Thompson_0002,1,0.671277,0.686643,0.677839
Jim_Hahn_0001|Jim_Hahn_0003,1,0.722817,0.700789,0.700415
Jim_Hahn_0001|Jim_Hahn_0004,1,0.559283,0.534005,0.570514
Jim_Hahn_0003|Jim_Hahn_0004,1,0.643396,0.599564,0.639003
Johnny_Carson_0001|Johnny_Carson_0002,1,0.569660,0.546846,0.525075
Jorge_Batlle_0001|Jorge_Batlle_0002,1,0.543721,0.471835,0.499130
Jorge_Batlle_0001|Jorge_Batlle_0003,1,0.444809,0.384935,0.411690
Jorge_Rodolfo_Canicoba_Corral_0001|Jorge_Rodolfo_Canicoba_Corral_0002,1,0.686442,0.670650,0.678472
Juan_Ignacio_Chela_0001|Juan_Ignacio_Chela_0002,1,0.554080,0.510875,0.546812
Juan_Ignacio_Chela_0001|Juan_Ignacio_Chela_0003,1,0.701753,0.666808,0.686797
Juan_Ignacio_Chela_0002|Juan_Ignacio_Chela_0003,1,0.484994,0.463358,0.467950
Justin_Gatlin_0001|Justin_Gatlin_0002,1,0.584263,0.604655,0.595029
Karen_Mok_0001|Karen_Mok_0002,1,0.734083,0.687773,0.694030
Katie_Harman_0001|Katie_Harman_0002,1,0.587485,0.591219,0.561904
Katie_Harman_0001|Katie_Harman_0003,1,0.418672,0.396421,0.357174
Katie_Harman_0002|Katie_Harman_0003,1,0.484689,0.491359,0.448159
Kenneth_Branagh_0001|Kenneth_Branagh_0002,1,0.740497,0.725217,0.738685
Kevin_Costner_0001|Kevin_Costner_0003,1,0.805243,0.760381,0.783647
Kevin_Costner_0002|Kevin_Costner_0006,1,0.428362,0.429821,0.395044
Kevin_Costner_0002|Kevin_Costner_0008,1,0.368987,0.388143,0.352132
Kevin_Costner_0006|Kevin_Costner_0008,1,0.746005,0.747359,0.728960
Larry_Lindsey_0001|Larry_Lindsey_0002,1,0.527029,0.525910,0.480739
Leonardo_DiCaprio_0003|Leonardo_DiCaprio_0007,1,0.644843,0.651671,0.640119
Leonardo_DiCaprio_0005|Leonardo_DiCaprio_0006,1,0.779232,0.764986,0.757485
Leonardo_DiCaprio_0006|Leonardo_DiCaprio_0008,1,0.811262,0.821383,0.805729
Lindsay_Davenport_0002|Lindsay_Davenport_0010,1,0.552399,0.545026,0.538915
Lindsay_Davenport_0005|Lindsay_Davenport_0009,1,0.559953,0.543945,0.529835
Lisa_Ling_0001|Lisa_Ling_0002,1,0.481848,0.453344,0.475107
Lucy_Liu_0002|Lucy_Liu_0004,1,0.391469,0.419877,0.394075
Lucy_Liu_0002|Lucy_Liu_0005,1,0.565833,0.568139,0.597260
Lucy_Liu_0003|Lucy_Liu_0005,1,0.699307,0.684206,0.682749
Manfred_Stolpe_0001|Manfred_Stolpe_0002,1,0.835848,0.790230,0.777858
Maria_Luisa_Mendonca_0001|Maria_Luisa_Mendonca_0002,1,0.630559,0.647073,0.621101
Mario_Kreutzberger_0001|Mario_Kreutzberger_0002,1,0.565793,0.517751,0.559395
Melissa_Etheridge_0001|Melissa_Etheridge_0002,1,0.711787,0.718493,0.673954
Michael_Jordan_0001|Michael_Jordan_0002,1,0.495248,0.521249,0.504526
Michael_Jordan_0001|Michael_Jordan_0003,1,0.460957,0.508294,0.450336
Michael_Jordan_0002|Michael_Jordan_0004,1,0.649241,0.657584,0.636751
Mikhail_Youzhny_0001|Mikhail_Youzhny_0002,1,0.749700,0.710526,0.711880
Mitchell_Daniels_0001|Mitchell_Daniels_0002,1,0.737145,0.709960,0.724602
Mitchell_Daniels_0001|Mitchell_Daniels_0004,1,0.728606,0.677609,0.709394
Mitchell_Daniels_0003|Mitchell_Daniels_0004,1,0.702180,0.680059,0.687545
Mohammad_Khatami_0001|Mohammad_Khatami_0005,1,0.611818,0.599935,0.606202
Mohammad_Khatami_0003|Mohammad_Khatami_0009,1,0.543410,0.552509,0.518132
Mohammad_Khatami_0008|Mohammad_Khatami_0010,1,0.584150,0.609045,0.566637
Monique_Garbrecht-Enfeldt_0001|Monique_Garbrecht-Enfeldt_0003,1,0.652675,0.667507,0.647671
Natalie_Maines_0002|Natalie_Maines_0005,1,0.564954,0.515270,0.549715
Natalie_Maines_0004|Natalie_Maines_0005,1,0.583915,0.538213,0.573949
Nelson_Mandela_0001|Nelson_Mandela_0003,1,0.632824,0.568541,0.589947
Norodom_Sihanouk_0001|Norodom_Sihanouk_0003,1,0.610150,0.615803,0.586317
Norodom_Sihanouk_0002|Norodom_Sihanouk_0003,1,0.574747,0.584592,0.560261
Osama_bin_Laden_0002|Osama_bin_Laden_0004,1,0.641206,0.614391,0.616408
Osama_bin_Laden_0003|Osama_bin_Laden_0004,1,0.770768,0.745897,0.741771
Oxana_Fedorova_0001|Oxana_Fedorova_0002,1,0.568781,0.540494,0.528186
Peter_Bacanovic_0001|Peter_Bacanovic_0002,1,0.739760,0.720144,0.715282
Philippe_Noiret_0001|Philippe_Noiret_0002,1,0.488617,0.497577,0.479936
Placido_Domingo_0001|Placido_Domingo_0002,1,0.514723,0.492749,0.490365
Placido_Domingo_0002|Placido_Domingo_0003,1,0.785290,0.766338,0.788970
Prince_William_0001|Prince_William_0002,1,0.574128,0.526399,0.553741
Princess_Aiko_0001|Princess_Aiko_0002,1,0.592012,0.621181,0.595039
Priscilla_Presley_0001|Priscilla_Presley_0002,1,0.671685,0.650955,0.654821
Richard_Haass_0001|Richard_Haass_0002,1,0.589827,0.579356,0.581294
Richard_Shelby_0001|Richard_Shelby_0002,1,0.615194,0.584278,0.603594
Rick_Barnes_0001|Rick_Barnes_0002,1,0.571040,0.570547,0.572552
Rick_Barnes_0001|Rick_Barnes_0003,1,0.723478,0.686906,0.693010
Rick_Dinse_0001|Rick_Dinse_0003,1,0.701386,0.710392,0.694353
Rick_Dinse_0002|Rick_Dinse_0003,1,0.687706,0.712124,0.693883
Rio_Ferdinand_0001|Rio_Ferdinand_0002,1,0.437881,0.397658,0.384348
Rita_Grande_0001|Rita_Grande_0002,1,0.563602,0.527611,0.542591
Rita_Grande_0002|Rita_Grande_0003,1,0.710123,0.673476,0.674778
Robin_McLaurin_Williams_0001|Robin_McLaurin_Williams_0002,1,0.443983,0.401481,0.432953
Saddam_Hussein_0002|Saddam_Hussein_0004,1,0.670583,0.658011,0.645113
Saddam_Hussein_0002|Saddam_Hussein_0010,1,0.289366,0.273664,0.274707
Saddam_Hussein_0003|Saddam_Hussein_0011,1,0.611659,0.566319,0.599090
Saddam_Hussein_0006|Saddam_Hussein_0009,1,0.704456,0.706102,0.691869
Sally_Field_0001|Sally_Field_0002,1,0.721096,0.728606,0.701113
Salma_Hayek_0001|Salma_Hayek_0010,1,0.621556,0.560774,0.571543
Salma_Hayek_0001|Salma_Hayek_0011,1,0.575999,0.585378,0.576849
Sandra_Bullock_0001|Sandra_Bullock_0003,1,0.642866,0.650768,0.625189
Sandra_Bullock_0001|Sandra_Bullock_0004,1,0.463575,0.441045,0.444078
Sandra_Bullock_0002|Sandra_Bullock_0004,1,0.433118,0.408764,0.423764
Sandra_Bullock_0003|Sandra_Bullock_0004,1,0.534623,0.515596,0.532990
Sarah_Hughes_0001|Sarah_Hughes_0006,1,0.347843,0.362090,0.360741
Sarah_Hughes_0002|Sarah_Hughes_0005,1,0.605498,0.596040,0.587056
Sarah_Hughes_0003|Sarah_Hughes_0005,1,0.577431,0.509165,0.535653
Sarah_Hughes_0004|Sarah_Hughes_0006,1,0.299562,0.254875,0.295847
Sharon_Frey_0001|Sharon_Frey_0002,1,0.721264,0.697037,0.687114
Silvio_Berlusconi_0006|Silvio_Berlusconi_0030,1,0.443470,0.449262,0.424077
Silvio_Berlusconi_0008|Silvio_Berlusconi_0023,1,0.571072,0.551571,0.566518
Silvio_Berlusconi_0013|Silvio_Berlusconi_0021,1,0.556971,0.480995,0.509881
Silvio_Berlusconi_0017|Silvio_Berlusconi_0029,1,0.605036,0.625764,0.588334
Silvio_Berlusconi_0018|Silvio_Berlusconi_0025,1,0.549096,0.524352,0.524615
Silvio_Berlusconi_0023|Silvio_Berlusconi_0028,1,0.565010,0.559421,0.576549
Silvio_Berlusconi_0024|Silvio_Berlusconi_0030,1,0.630526,0.637861,0.598607
Silvio_Berlusconi_0026|Silvio_Berlusconi_0032,1,0.717352,0.697688,0.694221
Spencer_Abraham_0003|Spencer_Abraham_0017,1,0.644431,0.643018,0.644868
Steffi_Graf_0002|Steffi_Graf_0005,1,0.611088,0.613881,0.595985
Steffi_Graf_0003|Steffi_Graf_0004,1,0.497801,0.474482,0.495784
Steven_Spielberg_0001|Steven_Spielberg_0005,1,0.588189,0.571336,0.577292
Steven_Spielberg_0001|Steven_Spielberg_0006,1,0.705202,0.670241,0.697571
Steven_Spielberg_0003|Steven_Spielberg_0006,1,0.521923,0.498361,0.513040
Steven_Spielberg_0004|Steven_Spielberg_0006,1,0.673455,0.646182,0.648344
Steven_Spielberg_0004|Steven_Spielberg_0007,1,0.409923,0.363412,0.401039
Steven_Spielberg_0006|Steven_Spielberg_0007,1,0.423327,0.373792,0.423734
Theresa_May_0001|Theresa_May_0002,1,0.806646,0.763380,0.768199
Theresa_May_0002|Theresa_May_0003,1,0.635087,0.616948,0.619361
Tippi_Hedren_0001|Tippi_Hedren_0002,1,0.758709,0.735945,0.741467
Todd_Haynes_0001|Todd_Haynes_0002,1,0.681515,0.668992,0.675581
Todd_Haynes_0001|Todd_Haynes_0003,1,0.453182,0.451472,0.440101
Todd_Haynes_0001|Todd_Haynes_0004,1,0.585992,0.578499,0.589291
Todd_Haynes_0002|Todd_Haynes_0004,1,0.623932,0.621696,0.593383
Tony_Blair_0018|Tony_Blair_0086,1,0.492453,0.449560,0.473914
Tony_Blair_0032|Tony_Blair_0048,1,0.654203,0.640106,0.636994
Tony_Blair_0032|Tony_Blair_0110,1,0.530826,0.476697,0.497792
Tony_Blair_0053|Tony_Blair_0102,1,0.650772,0.650895,0.640143
Tony_Blair_0091|Tony_Blair_0134,1,0.673309,0.666318,0.682001
Tony_Blair_0092|Tony_Blair_0133,1,0.626867,0.619697,0.627317
Tony_Blair_0105|Tony_Blair_0121,1,0.769428,0.757829,0.742752
Vicente_Fox_0004|Vicente_Fox_0030,1,0.636689,0.615890,0.618703
Vicente_Fox_0009|Vicente_Fox_0016,1,0.633198,0.578467,0.598742
Vicente_Fox_0011|Vicente_Fox_0017,1,0.543019,0.474350,0.523052
Vicente_Fox_0015|Vicente_Fox_0030,1,0.597761,0.600722,0.594899
Vojislav_Kostunica_0001|Vojislav_Kostunica_0003,1,0.449982,0.413972,0.423920
Vojislav_Kostunica_0002|Vojislav_Kostunica_0004,1,0.592825,0.606144,0.597792
Vojislav_Kostunica_0004|Vojislav_Kostunica_0007,1,0.774859,0.757257,0.740381
Vojislav_Kostunica_0005|Vojislav_Kostunica_0007,1,0.731166,0.731286,0.691660
Walter_Mondale_0001|Walter_Mondale_0006,1,0.447602,0.435935,0.417597
Walter_Mondale_0001|Walter_Mondale_0007,1,0.374650,0.316495,0.338885
Walter_Mondale_0005|Walter_Mondale_0007,1,0.622105,0.577997,0.610507
Walter_Mondale_0006|Walter_Mondale_0008,1,0.440011,0.455049,0.425171
Walter_Mondale_0007|Walter_Mondale_0009,1,0.602422,0.577462,0.588883
Wang_Yingfan_0002|Wang_Yingfan_0003,1,0.630246,0.605264,0.627868
William_Bratton_0001|William_Bratton_0003,1,0.670027,0.632988,0.638864
William_Donaldson_0001|William_Donaldson_0005,1,0.610334,0.614233,0.586733
William_Donaldson_0003|William_Donaldson_0005,1,0.715187,0.702611,0.703859
William_Donaldson_0004|William_Donaldson_0006,1,0.597179,0.560147,0.575600
Xavier_Malisse_0001|Xavier_Malisse_0003,1,0.697641,0.655186,0.650827
Xavier_Malisse_0003|Xavier_Malisse_0004,1,0.704398,0.670404,0.663768
Xavier_Malisse_0003|Xavier_Malisse_0005,1,0.660383,0.647656,0.632116
Yevgeny_Kafelnikov_0001|Yevgeny_Kafelnikov_0004,1,0.629353,0.643263,0.588651
Zarai_Toledo_0001|Zarai_Toledo_0002,1,0.480666,0.468984,0.452604
Adolfo_Rodriguez_Saa_0001|Dave_Odom_0001,0,0.060584,0.115961,0.035161
Adolfo_Rodriguez_Saa_0001|Nancy_Powell_0001,0,0.027022,0.029064,0.035323
Adrien_Brody_0003|Damon_Dash_0001,0,0.135323,0.147872,0.106571
Ahmed_Ahmed_0001|Mike_Smith_0001,0,0.092565,0.115224,0.090686
Al_Sharpton_0005|Cole_Chapman_0001,0,-0.039826,-0.044676,-0.041016
Alberto_Sordi_0001|James_Cameron_0002,0,0.061153,0.078447,0.046025
Alejandro_Lerner_0001|Jesper_Parnevik_0001,0,-0.080851,-0.081312,-0.096595
Alejandro_Lerner_0001|TA_McLendon_0001,0,0.004492,0.030148,-0.002753
Alex_Penelas_0001|Robin_Johansen_0001,0,-0.053633,-0.004141,-0.022854
Alex_Penelas_0002|Gretchen_Mol_0001,0,-0.024476,-0.025209,-0.035240
Alexandra_Stevenson_0003|Ronde_Barber_0001,0,0.043463,0.071681,0.055233
Ali_Adbul_Karim_Madani_0001|Carey_Lowell_0001,0,0.019317,0.046748,0.013540
Ali_Mohammed_Maher_0001|Isabela_Moraes_0001,0,-0.006487,0.023891,-0.013410
Ali_Mohammed_Maher_0001|Isidro_Pastor_0001,0,0.108340,0.121211,0.114841
Alicia_Silverstone_0002|Jennifer_Thompson_0001,0,0.081274,0.165955,0.147398
Alicia_Silverstone_0002|Jonathan_Tiomkin_0001,0,0.048913,0.102330,0.045222
Alicia_Silverstone_0002|Serge_Tchuruk_0001,0,-0.051568,-0.025206,-0.032437
Andre_Agassi_0031|Boris_Jordan_0001,0,0.109840,0.112317,0.118493
Andre_Techine_0001|Lloyd_Richards_0001,0,-0.086628,-0.064082,-0.084850
Andy_Benes_0001|Doug_Moe_0001,0,0.070380,0.124242,0.105925
Andy_Benes_0001|Mitar_Rasevic_0001,0,0.110591,0.121944,0.104171
Andy_Bryant_0001|Mike_Slive_0001,0,0.012310,0.014837,0.008577
Anna_Kournikova_0008|Colin_Farrell_0001,0,-0.028600,-0.008078,-0.010565
Anne_ONeil_0001|Sophie_0001,0,-0.116861,-0.116567,-0.107639
Anthony_Lee_Johnson_0001|Dave_Williams_0001,0,-0.089569,-0.067011,-0.078571
Arnold_Palmer_0001|Stephanie_Zimbalist_0001,0,0.056923,0.078469,0.093566
Arnold_Palmer_0003|Charles_Kartman_0001,0,-0.043816,0.033867,-0.010505
Aron_Ralston_0001|Bill_Fennelly_0001,0,-0.021040,-0.004233,-0.028764
Bart_Hendricks_0001|Philippe_Noiret_0001,0,-0.042464,-0.051461,-0.058877
Ben_Kingsley_0001|Daryl_Hannah_0001,0,0.005753,0.031669,0.009392
Ben_Kingsley_0001|Jean_Nagel_0001,0,-0.022284,0.036986,0.016025
Ben_Kingsley_0001|Perry_Farrell_0001,0,-0.080874,-0.060377,-0.016863
Benjamin_Neulander_0001|Robin_Tunney_0001,0,0.000321,0.026573,0.015559
Bernardo_Segura_0001|Debra_Shank_0001,0,0.088253,0.109218,0.080514
Bernardo_Segura_0002|Douglas_Paal_0001,0,0.079388,0.053373,0.091611
Bernardo_Segura_0002|Jeanette_Stauffer_0001,0,-0.068301,-0.062706,-0.067405
Bill_Pryor_0001|Ronde_Barber_0001,0,-0.017995,-0.044474,-0.060285
Bob_Melvin_0001|Richard_Hamilton_0001,0,0.000059,0.033020,-0.014488
Bob_Stoops_0003|Wayne_Allard_0001,0,0.008105,0.004259,0.016215
Bobby_Jackson_0001|Bruce_Gebhardt_0001,0,0.050125,0.066536,0.066201
Bobby_Jackson_0001|JP_Suarez_0001,0,-0.011244,-0.016264,0.010325
Bobby_Jackson_0001|Madge_Overhouse_0001,0,0.065650,0.068932,0.086104
Bobby_Jackson_0001|Nicola_Wells_0001,0,0.049691,0.081458,0.057806
Bobby_Robson_0001|Rollie_Massimino_0001,0,0.105879,0.112725,0.104262
Bode_Miller_0001|David_Howard_0001,0,-0.043220,-0.004819,-0.082652
Bode_Miller_0001|Steffi_Graf_0001,0,0.033444,0.064355,0.021159
Boris_Jordan_0001|Kim_Weeks_0001,0,0.056973,0.025411,0.059591
Boris_Jordan_0001|Vincent_Sombrotto_0001,0,-0.089623,-0.056574,-0.093191
Brad_Alexander_Smith_0001|Jason_Alexander_0002,0,-0.032932,0.012061,-0.006211
Brad_Alexander_Smith_0001|Kate_Lee_0001,0,0.102217,0.134887,0.131205
Brad_Alexander_Smith_0001|Tatiana_Gratcheva_0001,0,-0.012470,0.004277,-0.000811
Brandon_Webb_0001|Helmut_Panke_0001,0,0.026284,0.073141,0.023733
Brandon_Webb_0001|Larry_Hahn_0001,0,0.044287,0.004713,0.051325
Brandon_Webb_0001|Ryan_Leaf_0001,0,0.033193,0.051985,0.021068
Brennon_Leighton_0001|Laurel_Clark_0001,0,0.012655,0.031449,0.030245
Brett_Hawke_0001|Teri_Files_0001,0,-0.022668,-0.002523,-0.048801
Bruce_Gebhardt_0001|Jean-Luc_Bideau_0001,0,-0.025541,-0.004720,-0.005055
Bruce_Gebhardt_0001|Masao_Azuma_0001,0,0.006665,-0.010178,-0.007750
Bryan_Cooley_0001|Katie_Harman_0003,0,-0.016355,-0.015766,-0.017951
Bryan_Murray_0001|Eric_Schacht_0001,0,-0.058094,-0.024591,-0.068276
Bryan_Murray_0001|Mikhail_Youzhny_0001,0,0.112540,0.131976,0.113688
Bryan_Murray_0001|Mitchell_Daniels_0002,0,0.106164,0.148327,0.116920
Camille_Colvin_0001|Irina_Yatchenko_0001,0,0.102592,0.133733,0.128879
Carey_Lowell_0001|Charlie_Coles_0001,0,0.023786,0.018794,0.011784
Carl_Pope_0001|Larry_Hahn_0001,0,-0.037621,-0.041490,0.003587
Carolina_Barco_0001|Daryl_Hannah_0001,0,-0.031892,-0.019271,-0.024783
Carolina_Barco_0001|Lindsay_Davenport_0022,0,-0.005492,-0.018831,0.017288
Carolina_Barco_0001|Norodom_Sihanouk_0001,0,0.003040,-0.000211,-0.009552
Caroline_Kennedy_0003|Henry_Suazo_0001,0,-0.017056,-0.042341,-0.015556
Catherine_Bell_0001|Guillaume_Cannet_0001,0,0.123704,0.185604,0.153237
Catherine_Zeta-Jones_0010|Pier_Ferdinando_Casini_0001,0,0.097965,0.097543,0.089362
Catherine_Zeta-Jones_0011|Hayley_Tullett_0002,0,0.031711,0.007912,0.053129
Celso_Amorim_0002|Juljia_Vysotskij_0001,0,-0.100552,-0.069700,-0.084835
Celso_Amorim_0002|Kevin_Costner_0001,0,-0.052930,-0.017970,-0.056779
Celso_Amorim_0002|Thomas_Stewart_0001,0,0.225644,0.186173,0.197488
Chanda_Rubin_0003|Richard_Tubb_0001,0,-0.032847,-0.022804,-0.039006
Chante_Jawan_Mallard_0001|Stephen_Glassroth_0001,0,0.083767,0.093343,0.065001
Chante_Jawan_Mallard_0001|Vicente_Fox_0023,0,-0.025026,-0.014831,0.004345
Charles_Bronson_0002|Hu_Jintao_0004,0,-0.122958,-0.124944,-0.132563
Charles_Kartman_0001|Debra_Shank_0001,0,0.056308,0.060517,0.036273
Charles_Schumer_0002|James_Watt_0001,0,-0.012748,0.061417,-0.016742
Charles_Schumer_0002|Justin_Gatlin_0002,0,0.089182,0.100950,0.098919
Charles_Schumer_0002|Lionel_Chalmers_0001,0,0.049989,0.092791,0.058766
Chris_Rock_0002|Dalai_Lama_0001,0,0.015937,0.059958,0.021511
Christine_Baumgartner_0002|Vincent_Sombrotto_0001,0,-0.012256,-0.004820,-0.016157
Christine_Baumgartner_0003|Lars_Burgsmuller_0001,0,-0.089160,-0.095155,-0.097114
Chyung_Dai-chul_0001|Dan_Reeves_0001,0,0.060949,0.063189,0.060859
Cindy_Moll_0001|Daniel_Radcliffe_0003,0,0.099648,0.119987,0.116490
Cindy_Moll_0001|James_McPherson_0001,0,-0.060334,-0.039844,-0.026791
Cindy_Moll_0001|Robin_Johansen_0001,0,0.008839,-0.000558,-0.022593
Claire_De_Gryse_0001|Deb_Santos_0001,0,-0.049496,-0.024380,-0.005258
Claire_Tomalin_0001|Steve_Case_0001,0,0.012169,0.008571,0.015566
Clay_Campbell_0001|Leonardo_DiCaprio_0002,0,-0.047727,-0.028401,-0.013358
Cole_Chapman_0001|Marisol_Martinez_Sambran_0001,0,-0.057334,-0.034337,-0.047146
Colin_Phillips_0001|Ian_McKellen_0003,0,-0.018023,0.055195,-0.008944
Colin_Phillips_0001|Lloyd_Richards_0001,0,0.058436,0.124702,0.044502
Colin_Prescot_0001|Laurie_Hobbs_0001,0,-0.048692,-0.071927,-0.068378
Connie_Freydell_0001|Tommy_Maddox_0001,0,-0.012770,-0.049494,-0.030262
Craig_OClair_0001|Steve_Avery_0001,0,0.054277,0.035847,0.048368
Damarius_Bilbo_0001|Juljia_Vysotskij_0001,0,0.098372,0.113649,0.066141
Damon_Dash_0001|Henry_Suazo_0001,0,0.094524,0.103338,0.049152
Daniel_Comisso_Urdaneta_0001|Larry_Ralston_0001,0,0.016794,-0.002194,0.009917
Daniel_Radcliffe_0003|Diane_Green_0002,0,0.074484,0.122401,0.093171
Daniel_Radcliffe_0003|Rick_Barnes_0002,0,0.002018,0.051098,0.014215
Daniel_Radcliffe_0003|Vicente_Fox_0032,0,-0.071508,-0.046556,-0.060250
Dany_Heatley_0001|Richard_Parsons_0001,0,0.024550,0.036972,0.017919
Dany_Heatley_0001|Terry_Hoeppner_0001,0,-0.078808,0.001062,-0.051965
Dave_Odom_0001|Maritza_Macias_Furano_0001,0,0.016302,0.062296,0.043768
David_Beckham_0022|Laura_Morante_0001,0,0.009063,0.021948,0.027221
David_Duval_0001|Philippe_Noiret_0002,0,-0.117716,-0.070539,-0.086085
David_Ho_0001|Doug_Moe_0001,0,0.008460,0.067174,0.025571
David_Ho_0001|Erskine_Bowles_0001,0,-0.024049,-0.001194,-0.014574
David_Ho_0001|Evander_Holyfield_0001,0,-0.022006,-0.009677,-0.035993
David_Howard_0001|Hugo_Conte_0001,0,0.078024,0.061002,0.066065
Denzel_Washington_0004|Henry_Suazo_0001,0,-0.026632,0.003930,-0.001676
Des_Brown_0001|Eliott_Spitzer_0001,0,-0.134954,-0.116180,-0.134934
Des_Brown_0001|Svetislav_Pesic_0001,0,0.028688,0.038473,0.045023
Diana_Ross_0001|Rick_Rickert_0001,0,-0.082934,-0.065961,-0.084945
Dianne_Feinstein_0003|Dwayne_Johnson_0002,0,0.034355,0.031041,0.035223
Dick_Clark_0003|Manfred_Stolpe_0001,0,0.048261,0.050407,0.067830
Dino_Risi_0001|Gabriel_Farhi_0001,0,-0.064897,-0.015314,-0.042284
Doc_Rivers_0001|Melissa_Joan_Hart_0001,0,-0.014169,-0.002023,-0.020944
Dominick_Dunne_0001|Nicoletta_Braschi_0001,0,-0.012772,0.044864,0.000750
Don_Flanagan_0001|Ed_Sullivan_0001,0,-0.158861,-0.137484,-0.152927
Don_Flanagan_0001|Ratna_Sari_Dewi_Sukarno_0001,0,0.040982,0.043020,0.058491
Donald_Keyser_0001|Salma_Hayek_0002,0,0.034410,0.026642,0.039297
Douglas_Paal_0001|Ed_Sullivan_0001,0,-0.046748,-0.060903,-0.072834
Douglas_Paal_0001|Richard_Hamilton_0001,0,-0.026497,-0.053797,-0.036249
Dusty_Baker_0001|Saddam_Hussein_0002,0,-0.027158,-0.014495,-0.049942
Ed_Rendell_0001|Jamie_Dimon_0001,0,0.003582,-0.017458,-0.003473
Ed_Rendell_0001|Richard_Cohen_0001,0,-0.161777,-0.110056,-0.124428
Eddie_Murray_0001|Kevin_Costner_0007,0,-0.016683,-0.030342,-0.026184
Elaine_Stritch_0001|Richard_Parsons_0001,0,0.032413,0.043927,0.039939
Elena_Tihomirova_0001|Mike_Slive_0001,0,-0.102450,-0.058987,-0.092536
Elena_Tihomirova_0001|Mohammed_Abu_Sharia_0001,0,-0.089169,-0.050925,-0.054980
Eric_Schacht_0001|Jennifer_Keller_0002,0,-0.036552,-0.002935,-0.027875
Erik_Morales_0003|Werner_Schlager_0001,0,0.082809,0.107412,0.071926
Erin_Brockovich_0001|Henry_Suazo_0001,0,0.003023,0.000639,0.018178
Erin_Brockovich_0001|Mike_Carona_0001,0,-0.003612,0.032422,0.017788
Evan_Rachel_Wood_0001|Sharon_Frey_0001,0,0.057916,0.088700,0.059202
Evander_Holyfield_0001|Julio_Rossi_0001,0,-0.036586,0.005164,-0.022954
Evander_Holyfield_0001|Michael_Jordan_0003,0,0.069847,0.070910,0.068948
Evander_Holyfield_0001|Mike_Carona_0001,0,0.072989,0.096853,0.092385
Fatmir_Limaj_0001|Todd_Haynes_0004,0,0.105261,0.124367,0.096459
Felicity_Huffman_0001|Nelson_Acosta_0001,0,0.105684,0.137397,0.102204
Felipe_De_Borbon_0001|Jose_Bove_0001,0,0.034786,0.027770,0.050752
Frank_Cassell_0002|Jesper_Parnevik_0001,0,0.054702,0.070954,0.053629
Frank_Cassell_0003|Ronde_Barber_0001,0,0.010763,0.024995,-0.000134
Fred_Durst_0001|Marisol_Martinez_Sambran_0001,0,-0.009916,0.031479,-0.005344
Fred_Durst_0001|Shavon_Earp_0001,0,-0.010826,0.002740,-0.008045
Fujio_Cho_0001|Javier_Vargas_0001,0,-0.044806,-0.037631,-0.033445
Fujio_Cho_0002|Tatsuya_Fuji_0001,0,0.090468,0.131317,0.142396
Fujio_Cho_0003|Michael_Brandon_0001,0,-0.047972,-0.022090,-0.013100
Fujio_Cho_0006|Olene_Walker_0001,0,-0.088256,-0.110924,-0.091724
Gabriel_Farhi_0001|Lars_Burgsmuller_0001,0,0.049618,0.079595,0.072022
Gao_Qiang_0002|Kenneth_Brill_0001,0,-0.019364,0.030974,0.015443
Gary_Stevens_0001|Wanda_Ilene_Barzee_0001,0,0.001125,0.063350,0.018161
Geoff_Hoon_0001|Osama_bin_Laden_0003,0,-0.043489,-0.003230,-0.040537
Geoff_Hoon_0003|Richard_Tubb_0001,0,0.059675,0.101975,0.079865
Geoff_Hoon_0005|Thomas_Stewart_0001,0,0.068623,0.085054,0.051750
George_Brumley_0001|Manfred_Stolpe_0001,0,0.098037,0.050090,0.064666
George_Brumley_0001|Ryan_Leaf_0001,0,-0.045029,0.037046,-0.017620
George_Brumley_0002|Sergei_Yushenkov_0001,0,0.049157,0.004088,0.007545
George_Papandreou_0002|Tatiana_Panova_0001,0,0.021545,0.032156,0.051928
George_Papandreou_0004|Larry_Lindsey_0002,0,-0.006219,0.037781,0.032284
George_Papandreou_0004|Paul_LeClerc_0001,0,-0.137861,-0.142299,-0.157472
Ghassan_Elashi_0001|Rick_Rickert_0001,0,-0.000631,0.039685,-0.004832
Gloria_Allred_0002|Roman_Tam_0001,0,0.108362,0.124832,0.113908
Greg_Kinsey_0001|Priscilla_Presley_0001,0,-0.031998,-0.016319,-0.005467
Greg_Ostertag_0002|Kevin_Costner_0006,0,0.014582,0.007975,-0.013215
Greg_Owen_0001|Mark_Sisk_0001,0,0.116567,0.120751,0.103429
Greg_Owen_0002|Mike_Smith_0001,0,0.059883,0.047232,0.048248
Gretchen_Mol_0001|Isabella_Rossellini_0002,0,0.143389,0.130101,0.092473
Gunilla_Backman_0001|Kathleen_Abernathy_0001,0,-0.076729,-0.044275,-0.058847
Hanan_Ashrawi_0001|Mario_Kreutzberger_0002,0,0.063341,0.062282,0.061953
Hans_Leistritz_0001|Saddam_Hussein_0018,0,-0.104037,-0.104035,-0.118124
Hans_Leistritz_0001|Sue_Grafton_0001,0,-0.022262,-0.035341,-0.026518
Hans_Peter_Briegel_0001|Theresa_May_0002,0,-0.041908,-0.035943,-0.086284
Harriet_Lessy_0001|Mike_Carona_0001,0,0.075049,0.090259,0.054060
Harry_Kalas_0002|Joe_Strummer_0001,0,0.023481,0.062493,0.070964
Harry_Kalas_0002|Lewis_Booth_0001,0,0.042682,0.089025,0.059223
Hayley_Tullett_0001|Ian_McKellen_0001,0,0.002542,-0.003907,-0.020071
Henry_Suazo_0001|Ratna_Sari_Dewi_Sukarno_0001,0,-0.032031,-0.013976,-0.033987
Hernan_Crespo_0001|Ronde_Barber_0001,0,-0.085218,-0.091281,-0.069495
Hiroyuki_Yoshino_0001|Rollie_Massimino_0001,0,-0.015765,-0.021413,-0.024534
Hu_Jintao_0006|Jerome_Jenkins_0001,0,0.006349,0.010740,0.008368
Hugh_Jessiman_0001|Solomon_Passy_0001,0,-0.104549,-0.085332,-0.095340
Hugh_Jessiman_0001|TA_McLendon_0001,0,-0.075047,-0.046708,-0.049124
Hugo_Conte_0001|Laurent_Woulzy_0001,0,0.050372,0.018278,0.044890
Irina_Yatchenko_0001|Katie_Harman_0002,0,0.102498,0.117401,0.094762
Isidro_Pastor_0001|Mark_Butcher_0001,0,0.049407,0.042089,0.035732
Ismail_Merchant_0001|Mack_Brown_0002,0,-0.154219,-0.134308,-0.156839
Ismail_Merchant_0002|Kathleen_Abernathy_0001,0,0.042027,0.029761,0.057133
Ivan_Helguera_0001|William_Donaldson_0004,0,0.061957,0.076905,0.040880
Iveta_Benesova_0001|Jacques_Chirac_0050,0,0.034940,0.035288,0.037060
Jacques_Chirac_0020|Tzipora_Obziler_0001,0,-0.124973,-0.117915,-0.122850
Jacques_Chirac_0035|Richard_Shelby_0002,0,0.109205,0.100213,0.113229
James_Cameron_0001|Richard_Shelby_0002,0,0.074942,0.090786,0.079883
James_McGreevey_0001|Katie_Harman_0002,0,0.032343,0.111258,0.075209
James_McGreevey_0001|Tzipora_Obziler_0001,0,-0.003973,0.052746,0.047750
James_Sensenbrenner_0001|Jimmy_Smits_0001,0,-0.088453,-0.053516,-0.077889
James_Sensenbrenner_0001|Maria_Shkolnikova_0001,0,0.046909,0.096574,0.069484
James_Watt_0001|Priscilla_Presley_0002,0,-0.016427,-0.012778,-0.025917
Jamie_Dimon_0001|Robert_Korzeniowski_0001,0,-0.006791,0.028717,0.008470
Jason_Alexander_0001|Mike_Maroth_0001,0,-0.024427,0.003176,-0.036340
Jason_Alexander_0001|Wayne_Allard_0001,0,-0.021750,-0.016650,-0.017716
Jason_Kidd_0007|Louisa_Baileche_0001,0,0.004539,0.043858,0.037970
Javier_Vargas_0001|Jesse_Helms_0001,0,-0.022444,-0.076026,-0.036897
Jeanette_Gray_0001|Keith_Fotta_0001,0,0.014200,0.070785,0.056949
Jeanette_Stauffer_0001|Marie-Josee_Croze_0001,0,-0.017834,-0.019760,-0.026765
Jeffrey_Donaldson_0001|Leonardo_DiCaprio_0008,0,-0.078333,-0.076789,-0.083576
Jeffrey_Donaldson_0001|Peter_Bacanovic_0001,0,0.004600,0.008823,-0.007727
Jennifer_Connelly_0004|Martin_Bandier_0001,0,-0.055093,-0.041574,-0.065648
Jesper_Parnevik_0001|Justin_Gatlin_0002,0,-0.103868,-0.034665,-0.076530
Jimmy_Smits_0001|Robin_Johansen_0001,0,-0.177052,-0.133892,-0.157521
Jimmy_Smits_0001|Shane_Hmiel_0001,0,0.032649,0.053204,0.061053
Joe_Crede_0001|Tom_DeLay_0001,0,0.084443,0.088593,0.058634
John_Burkett_0001|Leonardo_DiCaprio_0002,0,0.054408,0.106043,0.093690
John_McKay_0001|Mary_Sue_Coleman_0001,0,0.035509,0.029787,0.036046
Johnny_Hallyday_0001|Olene_Walker_0001,0,-0.092941,-0.098129,-0.067665
Jonathan_Tiomkin_0001|Rita_Grande_0002,0,-0.043158,0.010347,-0.033779
Jorge_Rodolfo_Canicoba_Corral_0001|Wayne_Allard_0001,0,-0.131434,-0.093228,-0.150419
Jose_Bove_0001|Juergen_Trittin_0001,0,0.095933,0.102499,0.093053
Juljia_Vysotskij_0001|Patrick_Coleman_0001,0,-0.128445,-0.173970,-0.143841
Kate_Lee_0001|Toshimitsu_Motegi_0001,0,0.087430,0.091401,0.086375
Kathie_Louise_Saunders_0001|Roberto_Lavagna_0001,0,0.088690,0.057039,0.077611
Kathie_Louise_Saunders_0001|Rosalyn_Carter_0001,0,-0.097664,-0.070600,-0.105557
Kenneth_Branagh_0001|Pinar_del_Rio_0001,0,-0.112920,-0.060323,-0.105964
Kevin_Costner_0005|Stephen_Glassroth_0001,0,0.011493,0.049722,0.030085
Khader_Rashid_Rahim_0001|Richard_Cohen_0001,0,-0.046876,-0.006782,-0.014829
Khalid_Khannouchi_0001|Werner_Schlager_0001,0,0.096452,0.088750,0.066117
Kim_Su_Nam_0001|Todd_Haynes_0004,0,0.009118,0.059789,0.025652
Kim_Weeks_0001|Marie-Josee_Croze_0001,0,0.048887,0.023099,0.050960
Kimora_Lee_0001|Robin_Johansen_0001,0,-0.032252,-0.065631,-0.050841
Kurt_Suzuki_0001|Scott_Hoch_0001,0,0.113082,0.125939,0.110075
Larry_Lindsey_0001|Wanda_Ilene_Barzee_0001,0,0.034445,0.088592,0.036647
Larry_Ralston_0001|Richard_Carl_0001,0,0.068077,0.073064,0.087155
Larry_Ralston_0001|William_Donaldson_0006,0,-0.070311,-0.043377,-0.070572
Larry_Ralston_0001|Willie_Wilson_0001,0,-0.058797,-0.032006,-0.063374
Laurel_Clark_0001|Laurent_Woulzy_0001,0,0.066637,0.060457,0.059097
Laurel_Clark_0001|Priscilla_Presley_0001,0,-0.016468,-0.052941,-0.011115
Leandrinho_Barbosa_0001|Melissa_Joan_Hart_0001,0,0.035576,0.040441,0.026127
Leandrinho_Barbosa_0001|Olene_Walker_0001,0,-0.033488,0.001233,-0.016195
Leon_Barmore_0001|Sachin_Tendulkar_0001,0,-0.048524,0.015310,-0.053399
Leon_Barmore_0001|Yusaku_Miyazato_0001,0,-0.001038,0.023705,0.014600
Leonard_Schrank_0001|Marie_Haghal_0001,0,-0.007047,-0.013164,0.003618
Leonard_Schrank_0001|Rick_Rickert_0001,0,0.069086,0.162602,0.094533
Linda_Franklin_0001|Melissa_Joan_Hart_0001,0,0.080999,0.089106,0.069427
Lindsay_Davenport_0001|Martin_Burnham_0001,0,0.031350,0.032079,0.036553
Lindsay_Davenport_0017|Oxana_Fedorova_0003,0,0.042573,0.069027,0.030245
Lionel_Chalmers_0001|Mohammad_Fares_0001,0,-0.054469,-0.051288,-0.046509
Lisa_Ling_0002|Mike_Maroth_0001,0,0.041925,0.042751,0.042398
Lucy_Liu_0003|Prince_William_0001,0,0.025984,0.008855,0.032570
Maria_Luisa_Mendonca_0002|Stephane_Delajoux_0001,0,-0.025024,-0.023698,-0.045648
Maria_Luisa_Mendonca_0002|Terunobu_Maeda_0001,0,0.067755,0.130229,0.040586
Maria_Shkolnikova_0001|Martin_Rodriguez_0001,0,-0.067631,-0.050065,-0.101457
Mariana_Ohata_0001|Xavier_Malisse_0003,0,0.026842,0.044971,0.026702
Mario_Kreutzberger_0001|Shavon_Earp_0001,0,0.072084,0.060535,0.071166
Mario_Kreutzberger_0002|Raul_Cubas_0001,0,0.037700,0.062978,0.035906
Maritza_Macias_Furano_0001|Qusai_Hussein_0001,0,0.070234,0.055457,0.078056
Mark_Butcher_0001|Scott_Hoch_0001,0,-0.001006,0.014155,0.019476
Mark_Sisk_0001|Mehdi_Baala_0001,0,0.156738,0.135774,0.159175
Mark_Sisk_0001|Stephen_Swindal_0001,0,-0.056579,-0.027907,-0.043295
Masao_Azuma_0001|Mikhail_Kalashnikov_0001,0,0.040520,0.043335,0.041787
McGuire_Gibson_0001|Richard_Haass_0001,0,0.021190,0.040004,-0.004883
Mehdi_Baala_0001|Steve_Avery_0001,0,0.037879,0.042876,0.035613
Melissa_Joan_Hart_0001|Mikhail_Kalashnikov_0001,0,-0.196635,-0.177006,-0.210880
Melissa_Joan_Hart_0001|Sue_Grafton_0001,0,0.002520,0.001878,0.041034
Michael_Brandon_0001|Toshimitsu_Motegi_0001,0,0.018246,0.043892,0.014822
Michael_Shelby_0001|Olene_Walker_0001,0,-0.043611,-0.045052,-0.019027
Michel_Kratochvil_0001|Sheldon_Silver_0001,0,-0.002357,-0.016199,-0.016314
Mike_Eskew_0001|Zarai_Toledo_0001,0,0.035715,0.049648,0.034838
Mike_OConnell_0001|Roberto_Lavagna_0001,0,-0.000854,0.016002,-0.032992
Mike_Sherman_0001|Natalie_Maines_0003,0,0.029568,0.058256,0.040008
Mike_Sherman_0001|Paige_Fitzgerald_0001,0,-0.012875,0.036221,0.018465
Milt_Heflin_0001|Pier_Ferdinando_Casini_0001,0,0.014754,0.025336,0.017558
Nicholoas_DiMarzio_0001|Richard_Parsons_0001,0,0.053926,0.050122,0.079148
Nikki_McKibbin_0001|Stephen_Swindal_0001,0,0.058880,0.102544,0.084322
Nikki_McKibbin_0001|Steven_Tyler_0001,0,-0.094077,-0.111821,-0.088808
Osama_Al_Baz_0001|Patricia_Wartusch_0001,0,-0.030294,-0.035091,-0.043718
Osama_Al_Baz_0001|Sandra_Day_OConner_0001,0,-0.067641,-0.009312,-0.057939
Patricia_Phillips_0001|Thierry_Falise_0002,0,-0.005808,0.041008,0.010781
Paula_Locke_0001|Teri_Files_0001,0,0.111645,0.066535,0.058677
Peter_Bacanovic_0002|Robert_Korzeniowski_0001,0,0.131840,0.160651,0.124633
Pier_Ferdinando_Casini_0001|Ratna_Sari_Dewi_Sukarno_0001,0,0.041403,0.013279,0.038121
Priscilla_Presley_0002|Raul_Rivero_0001,0,0.059768,0.061125,0.071519
Raaf_Schefter_0001|Rick_Dinse_0002,0,-0.013563,-0.029504,-0.031144
Richard_Sterner_0001|Steven_Spielberg_0002,0,-0.037435,-0.017510,-0.058208
Rick_Dinse_0002|Shavon_Earp_0001,0,0.018247,0.039873,0.030779
Roberto_Lavagna_0001|Sandra_Bullock_0004,0,0.058715,0.038065,0.065698
Rod_Stewart_0001|Steffi_Graf_0002,0,0.080753,0.121885,0.102282
Rodolfo_Abalos_0001|Thierry_Falise_0003,0,0.042024,0.077198,0.034526
Roman_Tam_0001|Zalmay_Khalilzad_0001,0,-0.022999,0.017742,-0.008600
Scott_Hoch_0001|Thomas_Stewart_0001,0,0.095556,0.115987,0.090151
Seymour_Cassell_0001|Todd_Haynes_0004,0,-0.092106,-0.082542,-0.086617
Shaun_Rusling_0001|Vincent_Sombrotto_0001,0,-0.043644,-0.028338,-0.020754
Sheldon_Silver_0001|Xavier_Malisse_0003,0,-0.023969,0.008404,-0.006841
Stephane_Delajoux_0001|Tristan_Gretzky_0001,0,0.048578,0.045204,0.004562
Takahiro_Mori_0001|Tony_Blair_0064,0,0.035060,0.042609,0.031274
Thierry_Falise_0002|Werner_Schlager_0001,0,-0.027122,-0.003677,-0.022636
Aaron_Sorkin_0001|Aaron_Sorkin_0002,1,0.615987,0.609154,0.608504
Abdullah_0001|Abdullah_0003,1,0.724942,0.681012,0.671813
Abdullah_0002|Abdullah_0003,1,0.682446,0.640124,0.650447
Abdullah_0002|Abdullah_0004,1,0.668234,0.612867,0.654782
Abdullah_0003|Abdullah_0004,1,0.656056,0.641026,0.640381
Abid_Hamid_Mahmud_Al-Tikriti_0001|Abid_Hamid_Mahmud_Al-Tikriti_0002,1,0.498585,0.464294,0.468515
Abid_Hamid_Mahmud_Al-Tikriti_0001|Abid_Hamid_Mahmud_Al-Tikriti_0003,1,0.566961,0.550134,0.576302
Alan_Ball_0001|Alan_Ball_0002,1,0.897106,0.873045,0.874373
Albert_Costa_0003|Albert_Costa_0005,1,0.565634,0.567893,0.544279
Albert_Costa_0005|Albert_Costa_0006,1,0.742769,0.708911,0.697758
Ali_Khamenei_0001|Ali_Khamenei_0002,1,0.715883,0.672815,0.666018
Ali_Khamenei_0001|Ali_Khamenei_0003,1,0.661713,0.644359,0.644449
Amelia_Vega_0001|Amelia_Vega_0007,1,0.571150,0.537438,0.554402
Amelia_Vega_0002|Amelia_Vega_0007,1,0.564862,0.567337,0.534783
Amelia_Vega_0003|Amelia_Vega_0005,1,0.621706,0.572683,0.591274
Antonio_Banderas_0001|Antonio_Banderas_0005,1,0.540620,0.528662,0.530989
Antonio_Banderas_0002|Antonio_Banderas_0005,1,0.452756,0.454110,0.429902
Antonio_Banderas_0003|Antonio_Banderas_0005,1,0.623211,0.623210,0.614291
Arye_Mekel_0001|Arye_Mekel_0002,1,0.783118,0.746311,0.766189
Azra_Akin_0001|Azra_Akin_0003,1,0.797244,0.743426,0.776612
Azra_Akin_0001|Azra_Akin_0004,1,0.813093,0.766749,0.776001
Bernard_Landry_0002|Bernard_Landry_0003,1,0.563655,0.546306,0.540611
Bernard_Landry_0002|Bernard_Landry_0004,1,0.563002,0.550325,0.578948
Bernard_Landry_0003|Bernard_Landry_0004,1,0.449789,0.472932,0.465386
Biljana_Plavsic_0001|Biljana_Plavsic_0002,1,0.733221,0.705387,0.720350
Biljana_Plavsic_0001|Biljana_Plavsic_0003,1,0.682700,0.648713,0.649372
Biljana_Plavsic_0002|Biljana_Plavsic_0003,1,0.645344,0.615410,0.615199
Bob_Hope_0001|Bob_Hope_0005,1,0.332573,0.302527,0.314711
Bob_Hope_0003|Bob_Hope_0006,1,0.356191,0.323466,0.315822
Bob_Hope_0004|Bob_Hope_0005,1,0.237119,0.238867,0.214088
Bob_Hope_0004|Bob_Hope_0007,1,0.275957,0.309379,0.280667
Bridget_Fonda_0001|Bridget_Fonda_0003,1,0.606281,0.585927,0.569747
Bridget_Fonda_0002|Bridget_Fonda_0003,1,0.699718,0.646222,0.693778
Carlos_Ruiz_0001|Carlos_Ruiz_0003,1,0.341877,0.366979,0.328300
Carlos_Ruiz_0002|Carlos_Ruiz_0003,1,0.518636,0.486681,0.493679
Carly_Fiorina_0001|Carly_Fiorina_0002,1,0.434644,0.405670,0.410886
Carly_Fiorina_0001|Carly_Fiorina_0003,1,0.486330,0.488538,0.463925
Cherie_Blair_0001|Cherie_Blair_0003,1,0.541641,0.528126,0.557624
Cherie_Blair_0001|Cherie_Blair_0004,1,0.542217,0.541418,0.540437
Cherie_Blair_0002|Cherie_Blair_0004,1,0.565428,0.552132,0.552291
Cherie_Blair_0003|Cherie_Blair_0004,1,0.553668,0.540858,0.575457
Chuck_Yeager_0001|Chuck_Yeager_0002,1,0.736232,0.702128,0.736880
Chung_Mong-joon_0001|Chung_Mong-joon_0002,1,0.648678,0.633448,0.628248
Claire_Hentzen_0001|Claire_Hentzen_0002,1,0.809726,0.821736,0.792626
Claire_Leger_0001|Claire_Leger_0002,1,0.671252,0.651849,0.634302
Darren_Clarke_0001|Darren_Clarke_0002,1,0.394529,0.410805,0.398957
David_Caraway_0001|David_Caraway_0002,1,0.670160,0.618712,0.636003
David_Leahy_0001|David_Leahy_0002,1,0.590026,0.579108,0.586523
Dick_Cheney_0002|Dick_Cheney_0014,1,0.606112,0.588533,0.601978
Dick_Cheney_0003|Dick_Cheney_0011,1,0.651176,0.646701,0.646434
Dick_Cheney_0003|Dick_Cheney_0012,1,0.667735,0.660195,0.661891
Dick_Cheney_0008|Dick_Cheney_0010,1,0.615686,0.580800,0.586218
Dino_de_Laurentis_0001|Dino_de_Laurentis_0002,1,0.740467,0.689442,0.697441
Don_Nickles_0001|Don_Nickles_0002,1,0.012147,0.053891,-0.001718
Doris_Schroeder_0001|Doris_Schroeder_0003,1,0.456522,0.418366,0.417962
Doris_Schroeder_0002|Doris_Schroeder_0004,1,0.611971,0.628894,0.608638
Eduardo_Duhalde_0002|Eduardo_Duhalde_0003,1,0.599598,0.562920,0.574683
Eduardo_Duhalde_0002|Eduardo_Duhalde_0012,1,0.678413,0.668691,0.629236
Eduardo_Duhalde_0003|Eduardo_Duhalde_0004,1,0.643662,0.650281,0.654865
Eduardo_Duhalde_0006|Eduardo_Duhalde_0013,1,0.578573,0.532117,0.568621
Eduardo_Duhalde_0007|Eduardo_Duhalde_0010,1,0.575660,0.587146,0.564096
Eduardo_Duhalde_0010|Eduardo_Duhalde_0012,1,0.650080,0.630000,0.605248
Edwin_Edwards_0001|Edwin_Edwards_0003,1,0.618190,0.600690,0.581630
Eric_Rosser_0001|Eric_Rosser_0002,1,0.738857,0.729068,0.691761
Ernie_Eves_0001|Ernie_Eves_0002,1,0.693373,0.657022,0.653964
Ernie_Fletcher_0001|Ernie_Fletcher_0002,1,0.720494,0.676252,0.679023
Eva_Dimas_0001|Eva_Dimas_0002,1,0.565281,0.533370,0.577374
Fernando_Vargas_0001|Fernando_Vargas_0002,1,0.242198,0.243870,0.233787
Fernando_Vargas_0001|Fernando_Vargas_0003,1,0.288277,0.305852,0.258576
Fernando_Vargas_0001|Fernando_Vargas_0004,1,0.217608,0.263194,0.209639
Fernando_Vargas_0002|Fernando_Vargas_0003,1,0.324841,0.346253,0.312333
Fernando_Vargas_0003|Fernando_Vargas_0004,1,0.349753,0.380576,0.334378
Frank_Lautenberg_0001|Frank_Lautenberg_0002,1,0.508050,0.522534,0.490377
George_HW_Bush_0001|George_HW_Bush_0003,1,0.474216,0.487116,0.466273
George_HW_Bush_0002|George_HW_Bush_0013,1,0.469371,0.400247,0.461400
George_HW_Bush_0004|George_HW_Bush_0006,1,0.390852,0.355082,0.352569
George_HW_Bush_0005|George_HW_Bush_0008,1,0.629702,0.585145,0.614473
George_HW_Bush_0009|George_HW_Bush_0010,1,0.647028,0.623794,0.638544
Gisele_Bundchen_0001|Gisele_Bundchen_0002,1,0.538389,0.479617,0.487013
Glafcos_Clerides_0001|Glafcos_Clerides_0002,1,0.661130,0.652723,0.661300
Glafcos_Clerides_0001|Glafcos_Clerides_0003,1,0.702290,0.689850,0.674654
Glafcos_Clerides_0002|Glafcos_Clerides_0003,1,0.801163,0.786776,0.796296
Glafcos_Clerides_0002|Glafcos_Clerides_0004,1,0.603166,0.586949,0.592242
Greg_Gilbert_0001|Greg_Gilbert_0002,1,0.697444,0.667640,0.675040
Hashim_Thaci_0001|Hashim_Thaci_0002,1,0.681087,0.660299,0.656415
Hassan_Wirajuda_0001|Hassan_Wirajuda_0002,1,0.668127,0.660589,0.662863
Hector_Babenco_0001|Hector_Babenco_0003,1,0.640937,0.615719,0.619142
Hector_Babenco_0002|Hector_Babenco_0003,1,0.603100,0.585068,0.599859
Hideki_Matsui_0001|Hideki_Matsui_0002,1,0.508811,0.482369,0.473301
Hillary_Clinton_0001|Hillary_Clinton_0010,1,0.525705,0.501410,0.504901
Hillary_Clinton_0001|Hillary_Clinton_0014,1,0.500185,0.476950,0.476231
Hillary_Clinton_0004|Hillary_Clinton_0005,1,0.569540,0.598768,0.575549
Hillary_Clinton_0007|Hillary_Clinton_0010,1,0.613840,0.623658,0.597916
Hillary_Clinton_0011|Hillary_Clinton_0013,1,0.558661,0.560740,0.530975
Hisao_Oguchi_0001|Hisao_Oguchi_0002,1,0.669609,0.628788,0.631032
Hitomi_Soga_0001|Hitomi_Soga_0004,1,0.542523,0.542376,0.544774
Hitomi_Soga_0001|Hitomi_Soga_0005,1,0.511531,0.552620,0.532147
Hitomi_Soga_0002|Hitomi_Soga_0003,1,0.603662,0.585899,0.592640
Hitomi_Soga_0003|Hitomi_Soga_0004,1,0.662060,0.612773,0.653715
JJ_Redick_0001|JJ_Redick_0002,1,0.434391,0.419008,0.443498
Jean_Brumley_0001|Jean_Brumley_0002,1,0.766020,0.747376,0.736293
Jean_Carnahan_0001|Jean_Carnahan_0002,1,0.492605,0.513612,0.504434
Jeremy_Shockey_0001|Jeremy_Shockey_0002,1,0.841542,0.800871,0.828807
Jerry_Regier_0001|Jerry_Regier_0003,1,0.632508,0.609221,0.584744
Jerry_Regier_0002|Jerry_Regier_0003,1,0.643161,0.602898,0.598830
Jerry_Springer_0001|Jerry_Springer_0002,1,0.547806,0.553958,0.547811
Jerry_Springer_0001|Jerry_Springer_0004,1,0.629159,0.633214,0.624847
Jessica_Lynch_0001|Jessica_Lynch_0002,1,0.511655,0.492916,0.489699
Jiang_Zemin_0001|Jiang_Zemin_0017,1,0.687205,0.676734,0.673533
Jiang_Zemin_0002|Jiang_Zemin_0003,1,0.631060,0.644055,0.632692
Jiang_Zemin_0004|Jiang_Zemin_0010,1,0.405935,0.383094,0.374360
Jiang_Zemin_0007|Jiang_Zemin_0009,1,0.569528,0.571822,0.557725
Jiang_Zemin_0015|Jiang_Zemin_0018,1,0.734833,0.727019,0.731106
Jim_Harrick_0001|Jim_Harrick_0002,1,0.609016,0.563520,0.591314
Jiri_Novak_0003|Jiri_Novak_0004,1,0.793488,0.780729,0.782623
Jiri_Novak_0003|Jiri_Novak_0008,1,0.776268,0.756939,0.775586
Jiri_Novak_0003|Jiri_Novak_0009,1,0.743263,0.719188,0.724293
Jiri_Novak_0005|Jiri_Novak_0006,1,0.834287,0.806666,0.803361
Jiri_Novak_0005|Jiri_Novak_0010,1,0.802472,0.782994,0.789115
Jiri_Novak_0005|Jiri_Novak_0011,1,0.830561,0.803221,0.815045
Jiri_Novak_0007|Jiri_Novak_0010,1,0.768664,0.762779,0.769129
Joe_Torre_0001|Joe_Torre_0003,1,0.702251,0.693558,0.696787
Joe_Torre_0002|Joe_Torre_0004,1,0.590026,0.549533,0.533823
John_Wolf_0001|John_Wolf_0002,1,0.774083,0.763489,0.741213
Jonathan_Edwards_0001|Jonathan_Edwards_0006,1,0.559748,0.567875,0.560277
Jonathan_Edwards_0002|Jonathan_Edwards_0007,1,0.524045,0.525417,0.528848
Jonathan_Edwards_0003|Jonathan_Edwards_0006,1,0.600219,0.592522,0.589455
Jonathan_Edwards_0005|Jonathan_Edwards_0006,1,0.545810,0.528145,0.552138
Jonathan_Edwards_0005|Jonathan_Edwards_0007,1,0.524908,0.531593,0.531377
Jonathan_Edwards_0006|Jonathan_Edwards_0008,1,0.454627,0.444877,0.451349
Jose_Manuel_Durao_Barroso_0001|Jose_Manuel_Durao_Barroso_0002,1,0.502373,0.488302,0.497632
Jose_Manuel_Durao_Barroso_0001|Jose_Manuel_Durao_Barroso_0006,1,0.429599,0.414571,0.404762
Jose_Manuel_Durao_Barroso_0002|Jose_Manuel_Durao_Barroso_0005,1,0.693050,0.676009,0.638620
Jose_Manuel_Durao_Barroso_0003|Jose_Manuel_Durao_Barroso_0005,1,0.699727,0.654058,0.665576
Jose_Manuel_Durao_Barroso_0004|Jose_Manuel_Durao_Barroso_0005,1,0.731316,0.723928,0.711401
Joseph_Biden_0001|Joseph_Biden_0004,1,0.549922,0.505539,0.546075
Joseph_Biden_0002|Joseph_Biden_0003,1,0.483592,0.436985,0.469821
Joseph_Biden_0003|Joseph_Biden_0004,1,0.783142,0.752554,0.759894
Judi_Dench_0001|Judi_Dench_0002,1,0.573213,0.521179,0.546395
Judy_Genshaft_0001|Judy_Genshaft_0002,1,0.718490,0.679490,0.690116
Keanu_Reeves_0004|Keanu_Reeves_0007,1,0.510739,0.474925,0.475266
Keanu_Reeves_0006|Keanu_Reeves_0010,1,0.514594,0.461213,0.475652
Keanu_Reeves_0007|Keanu_Reeves_0012,1,0.374584,0.367006,0.362515
Keira_Knightley_0001|Keira_Knightley_0002,1,0.549787,0.551144,0.551607
Ken_Watanabe_0001|Ken_Watanabe_0002,1,0.509171,0.497973,0.532335
Kieran_Prendergast_0001|Kieran_Prendergast_0002,1,0.860349,0.838564,0.854664
King_Abdullah_II_0001|King_Abdullah_II_0003,1,0.687267,0.608615,0.641430
King_Abdullah_II_0001|King_Abdullah_II_0004,1,0.692211,0.645005,0.664375
King_Abdullah_II_0002|King_Abdullah_II_0005,1,0.536424,0.529530,0.547336
King_Abdullah_II_0003|King_Abdullah_II_0004,1,0.624878,0.586267,0.603388
Kirk_Ferentz_0001|Kirk_Ferentz_0002,1,0.442265,0.444875,0.413175
Kurt_Busch_0001|Kurt_Busch_0002,1,0.520781,0.499315,0.518534
Larry_Bowa_0001|Larry_Bowa_0002,1,0.664603,0.674270,0.665635
Larry_Thompson_0001|Larry_Thompson_0003,1,0.624841,0.608663,0.611639
Larry_Thompson_0001|Larry_Thompson_0004,1,0.675944,0.635132,0.625184
Larry_Thompson_0002|Larry_Thompson_0004,1,0.723555,0.671964,0.666112
Laura_Bush_0001|Laura_Bush_0011,1,0.470243,0.459294,0.466790
Laura_Bush_0021|Laura_Bush_0024,1,0.638324,0.622301,0.604907
Laura_Bush_0021|Laura_Bush_0039,1,0.592941,0.567369,0.582502
Laura_Bush_0026|Laura_Bush_0029,1,0.563406,0.558574,0.577939
Lauren_Hutton_0001|Lauren_Hutton_0002,1,0.534672,0.509167,0.511627
Leslie_Ann_Woodward_0001|Leslie_Ann_Woodward_0002,1,0.930483,0.877579,0.885136
Leslie_Moonves_0001|Leslie_Moonves_0002,1,0.677524,0.640265,0.656214
Lyle_Vanclief_0001|Lyle_Vanclief_0002,1,0.641111,0.648699,0.629755
Magui_Serna_0001|Magui_Serna_0002,1,0.690865,0.651512,0.663575
Makhdoom_Amin_Fahim_0001|Makhdoom_Amin_Fahim_0003,1,0.786489,0.774814,0.789119
Makhdoom_Amin_Fahim_0002|Makhdoom_Amin_Fahim_0003,1,0.777376,0.780059,0.780044
Marc-Andre_Fleury_0001|Marc-Andre_Fleury_0002,1,0.872911,0.865920,0.858232
Marco_Antonio_Barrera_0001|Marco_Antonio_Barrera_0005,1,0.531313,0.519958,0.507639
Marco_Antonio_Barrera_0005|Marco_Antonio_Barrera_0006,1,0.564853,0.550222,0.546439
Marie-Reine_Le_Gougne_0001|Marie-Reine_Le_Gougne_0002,1,0.428846,0.396771,0.404334
Marieta_Chrousala_0001|Marieta_Chrousala_0002,1,0.639633,0.643428,0.642453
Marieta_Chrousala_0001|Marieta_Chrousala_0003,1,0.680017,0.683755,0.662810
Marieta_Chrousala_0002|Marieta_Chrousala_0003,1,0.656728,0.628506,0.663729
Marina_Anissina_0001|Marina_Anissina_0002,1,0.801415,0.776354,0.790777
Mark_Hamister_0001|Mark_Hamister_0002,1,0.809240,0.798939,0.795646
Martha_Stewart_0001|Martha_Stewart_0003,1,0.510268,0.495495,0.504951
Martha_Stewart_0001|Martha_Stewart_0005,1,0.377056,0.352547,0.390107
Martha_Stewart_0002|Martha_Stewart_0003,1,0.772860,0.759189,0.756996
Martha_Stewart_0002|Martha_Stewart_0005,1,0.653020,0.612665,0.638364
Martha_Stewart_0003|Martha_Stewart_0004,1,0.886453,0.859901,0.869782
Martin_Brodeur_0001|Martin_Brodeur_0002,1,0.535446,0.495789,0.508847
Martin_McCauley_0001|Martin_McCauley_0002,1,0.682686,0.668890,0.635134
Martin_Verkerk_0001|Martin_Verkerk_0002,1,0.733425,0.668556,0.692837
Martin_Verkerk_0001|Martin_Verkerk_0003,1,0.775672,0.747020,0.739861
Martin_Verkerk_0002|Martin_Verkerk_0003,1,0.660771,0.631720,0.641250
Martina_McBride_0001|Martina_McBride_0003,1,0.454011,0.465151,0.445609
Martina_McBride_0002|Martina_McBride_0004,1,0.497710,0.494450,0.477016
Matt_Doherty_0001|Matt_Doherty_0002,1,0.667631,0.632997,0.646320
Matt_Doherty_0001|Matt_Doherty_0003,1,0.588787,0.574944,0.580742
Matt_Doherty_0002|Matt_Doherty_0003,1,0.630049,0.571665,0.607016
Matthew_Perry_0001|Matthew_Perry_0006,1,0.451609,0.461702,0.447759
Matthew_Perry_0002|Matthew_Perry_0007,1,0.587350,0.582806,0.593098
Matthew_Perry_0003|Matthew_Perry_0004,1,0.477008,0.452421,0.442856
Megawati_Sukarnoputri_0006|Megawati_Sukarnoputri_0023,1,0.684508,0.642460,0.653939
Megawati_Sukarnoputri_0007|Megawati_Sukarnoputri_0022,1,0.511218,0.472166,0.468191
Megawati_Sukarnoputri_0010|Megawati_Sukarnoputri_0015,1,0.545115,0.544228,0.552289
Megawati_Sukarnoputri_0011|Megawati_Sukarnoputri_0024,1,0.688577,0.640542,0.635368
Megawati_Sukarnoputri_0020|Megawati_Sukarnoputri_0024,1,0.537465,0.530510,0.523712
Megawati_Sukarnoputri_0020|Megawati_Sukarnoputri_0030,1,0.632627,0.572035,0.549793
Meghann_Shaughnessy_0001|Meghann_Shaughnessy_0002,1,0.500565,0.492723,0.476806
Michael_Capellas_0001|Michael_Capellas_0002,1,0.508217,0.515934,0.471023
Michael_Sullivan_0001|Michael_Sullivan_0002,1,0.682570,0.645971,0.670076
Mike_Brey_0001|Mike_Brey_0002,1,0.583868,0.539975,0.541769
Naji_Sabri_0001|Naji_Sabri_0006,1,0.607062,0.612536,0.576945
Naji_Sabri_0002|Naji_Sabri_0004,1,0.681852,0.648736,0.650094
Naji_Sabri_0002|Naji_Sabri_0007,1,0.555205,0.512374,0.530201
Naji_Sabri_0003|Naji_Sabri_0008,1,0.584773,0.546803,0.549038
Naji_Sabri_0006|Naji_Sabri_0007,1,0.415331,0.391807,0.389869
Nanni_Moretti_0001|Nanni_Moretti_0002,1,0.481297,0.469822,0.497061
Nastassia_Kinski_0001|Nastassia_Kinski_0002,1,0.758345,0.714354,0.740348
Natalie_Coughlin_0002|Natalie_Coughlin_0003,1,0.342218,0.350400,0.324368
Natalie_Coughlin_0004|Natalie_Coughlin_0006,1,0.733655,0.708802,0.702826
Natalie_Coughlin_0005|Natalie_Coughlin_0006,1,0.807823,0.807894,0.781690
Norah_Jones_0003|Norah_Jones_0015,1,0.488269,0.395757,0.467648
Norah_Jones_0004|Norah_Jones_0012,1,0.534512,0.523008,0.499286
Norah_Jones_0007|Norah_Jones_0015,1,0.718715,0.692293,0.722167
Norah_Jones_0009|Norah_Jones_0015,1,0.487934,0.424562,0.444512
Norah_Jones_0011|Norah_Jones_0012,1,0.384361,0.382914,0.379904
Norm_Coleman_0005|Norm_Coleman_0007,1,0.512766,0.499952,0.510827
Oscar_De_La_Hoya_0001|Oscar_De_La_Hoya_0003,1,0.618828,0.608961,0.597300
Oscar_De_La_Hoya_0002|Oscar_De_La_Hoya_0006,1,0.652768,0.643875,0.632473
Oscar_De_La_Hoya_0002|Oscar_De_La_Hoya_0007,1,0.631110,0.591173,0.580399
Pascal_Lamy_0001|Pascal_Lamy_0002,1,0.633935,0.641318,0.640828
Pat_Burns_0001|Pat_Burns_0002,1,0.620838,0.593517,0.615853
Paul_McCartney_0003|Paul_McCartney_0004,1,0.660081,0.588331,0.648424
Paul_McCartney_0003|Paul_McCartney_0005,1,0.646385,0.595535,0.643844
Paul_Wellstone_0001|Paul_Wellstone_0002,1,0.654828,0.658555,0.651854
Paul_Wellstone_0001|Paul_Wellstone_0003,1,0.498172,0.473398,0.506091
Paul_Wellstone_0002|Paul_Wellstone_0003,1,0.552753,0.538785,0.559610
Penelope_Cruz_0001|Penelope_Cruz_0002,1,0.518588,0.538060,0.539381
Penelope_Cruz_0001|Penelope_Cruz_0003,1,0.538652,0.541356,0.550515
Pete_Rose_0001|Pete_Rose_0002,1,0.426361,0.412676,0.405003
Prince_Harry_0001|Prince_Harry_0002,1,0.790768,0.757098,0.787778
Prince_Harry_0002|Prince_Harry_0003,1,0.686006,0.664408,0.654752
Princess_Caroline_0001|Princess_Caroline_0002,1,0.723444,0.695658,0.700502
Princess_Caroline_0002|Princess_Caroline_0005,1,0.392603,0.371793,0.361390
Raquel_Welch_0001|Raquel_Welch_0002,1,0.874129,0.849990,0.860568
Reggie_Miller_0001|Reggie_Miller_0002,1,0.666244,0.645016,0.672416
Renee_Zellweger_0002|Renee_Zellweger_0013,1,0.523377,0.541759,0.531556
Renee_Zellweger_0002|Renee_Zellweger_0016,1,0.530125,0.532679,0.504015
Renee_Zellweger_0003|Renee_Zellweger_0016,1,0.550091,0.509710,0.514791
Ricardo_Sanchez_0001|Ricardo_Sanchez_0006,1,0.551988,0.519776,0.526534
Ricardo_Sanchez_0002|Ricardo_Sanchez_0004,1,0.625472,0.616039,0.615920
Richard_Butler_0001|Richard_Butler_0002,1,0.643305,0.608194,0.636909
Rubens_Barrichello_0002|Rubens_Barrichello_0003,1,0.476435,0.456365,0.495126
Rubens_Barrichello_0004|Rubens_Barrichello_0005,1,0.539278,0.541408,0.528366
Rubens_Barrichello_0004|Rubens_Barrichello_0008,1,0.571740,0.540923,0.535325
Rubens_Barrichello_0006|Rubens_Barrichello_0011,1,0.470774,0.399006,0.441818
Rubens_Barrichello_0009|Rubens_Barrichello_0012,1,0.594063,0.607964,0.617574
Samira_Makhmalbaf_0001|Samira_Makhmalbaf_0002,1,0.609591,0.620314,0.614200
Samuel_Waksal_0001|Samuel_Waksal_0002,1,0.731529,0.719374,0.703411
Samuel_Waksal_0001|Samuel_Waksal_0003,1,0.691093,0.682816,0.689392
Samuel_Waksal_0001|Samuel_Waksal_0004,1,0.660473,0.670322,0.679089
Samuel_Waksal_0002|Samuel_Waksal_0004,1,0.568624,0.574260,0.561676
Scott_McClellan_0001|Scott_McClellan_0003,1,0.887574,0.874011,0.863166
Scott_McClellan_0002|Scott_McClellan_0004,1,0.683953,0.649936,0.648010
Scott_McClellan_0002|Scott_McClellan_0005,1,0.592835,0.591353,0.558981
Scott_Rudin_0001|Scott_Rudin_0002,1,0.774537,0.771799,0.770451
Shane_Warne_0001|Shane_Warne_0002,1,0.366211,0.372261,0.393736
Sheila_Wellstone_0001|Sheila_Wellstone_0002,1,0.656952,0.639732,0.644156
Sheryl_Crow_0001|Sheryl_Crow_0003,1,0.527303,0.493622,0.495444
Silvan_Shalom_0002|Silvan_Shalom_0003,1,0.426857,0.403254,0.440018
Silvan_Shalom_0002|Silvan_Shalom_0004,1,0.387383,0.400657,0.398090
Silvan_Shalom_0002|Silvan_Shalom_0006,1,0.533892,0.519851,0.506649
Silvan_Shalom_0003|Silvan_Shalom_0004,1,0.536432,0.512258,0.515985
Silvan_Shalom_0003|Silvan_Shalom_0006,1,0.497782,0.499939,0.454213
Steve_Mariucci_0001|Steve_Mariucci_0003,1,0.726365,0.700754,0.716492
Steve_Mariucci_0002|Steve_Mariucci_0003,1,0.573703,0.596421,0.567932
Steven_Seagal_0001|Steven_Seagal_0002,1,0.625123,0.620999,0.619376
Taha_Yassin_Ramadan_0003|Taha_Yassin_Ramadan_0012,1,0.747298,0.732222,0.732965
Taha_Yassin_Ramadan_0007|Taha_Yassin_Ramadan_0013,1,0.381381,0.394588,0.383861
Tammy_Lynn_Michaels_0001|Tammy_Lynn_Michaels_0002,1,0.643439,0.605578,0.594891
Theodore_Tweed_Roosevelt_0001|Theodore_Tweed_Roosevelt_0002,1,0.713393,0.683736,0.709379
Theodore_Tweed_Roosevelt_0001|Theodore_Tweed_Roosevelt_0003,1,0.688157,0.659826,0.681347
Theodore_Tweed_Roosevelt_0002|Theodore_Tweed_Roosevelt_0003,1,0.693762,0.651364,0.665691
Tom_Crean_0001|Tom_Crean_0002,1,0.589146,0.558427,0.565925
Tom_Crean_0003|Tom_Crean_0005,1,0.641461,0.611383,0.652663
Tom_Crean_0004|Tom_Crean_0005,1,0.432403,0.409923,0.436055
Tony_Bennett_0001|Tony_Bennett_0003,1,0.631880,0.610476,0.626569
Torri_Edwards_0001|Torri_Edwards_0002,1,0.668595,0.634016,0.660604
Tung_Chee-hwa_0001|Tung_Chee-hwa_0002,1,0.514170,0.528605,0.476305
Tung_Chee-hwa_0001|Tung_Chee-hwa_0008,1,0.404312,0.389565,0.362230
Tung_Chee-hwa_0002|Tung_Chee-hwa_0008,1,0.633713,0.607829,0.613618
Vidar_Helgesen_0001|Vidar_Helgesen_0002,1,0.510786,0.458183,0.479599
Warren_Buffett_0001|Warren_Buffett_0002,1,0.566781,0.558532,0.586000
Warren_Buffett_0001|Warren_Buffett_0003,1,0.738659,0.728856,0.735427
Wen_Jiabao_0001|Wen_Jiabao_0012,1,0.587186,0.584565,0.571063
Wen_Jiabao_0002|Wen_Jiabao_0011,1,0.620152,0.569935,0.630038
Wen_Jiabao_0004|Wen_Jiabao_0007,1,0.700786,0.678365,0.676151
Wen_Jiabao_0005|Wen_Jiabao_0006,1,0.518355,0.483495,0.491374
Wen_Jiabao_0007|Wen_Jiabao_0009,1,0.624580,0.582735,0.614985
Wen_Jiabao_0007|Wen_Jiabao_0012,1,0.629949,0.605552,0.597197
Wen_Jiabao_0008|Wen_Jiabao_0012,1,0.658488,0.643106,0.637373
Wen_Jiabao_0010|Wen_Jiabao_0011,1,0.768449,0.743978,0.753001
Wen_Jiabao_0011|Wen_Jiabao_0012,1,0.638041,0.585576,0.608853
Wesley_Clark_0001|Wesley_Clark_0002,1,0.641731,0.631864,0.626621
Yuri_Malenchenko_0001|Yuri_Malenchenko_0002,1,0.582706,0.540008,0.544135
Abbas_Kiarostami_0001|Fujio_Mitarai_0001,0,0.028637,0.024314,0.027376
Abdullah_0001|Teresa_Heinz_Kerry_0001,0,0.022891,0.056850,0.016714
Abdullah_0003|Samuel_Waksal_0001,0,-0.014493,0.019749,-0.029023
Abdullah_0004|Julio_Cesar_Franco_0001,0,0.003065,0.026214,0.025012
Abid_Hamid_Mahmud_Al-Tikriti_0001|Anjum_Hussain_0001,0,-0.004027,0.004885,-0.007740
Abid_Hamid_Mahmud_Al-Tikriti_0002|Doris_Schroeder_0001,0,-0.037761,-0.009610,-0.003095
Adam_Freier_0001|Hillary_Clinton_0003,0,-0.047277,-0.023980,-0.037871
Adam_Freier_0001|Princess_Caroline_0001,0,-0.002860,-0.014456,-0.003015
Adam_Freier_0001|Regina_Ip_0001,0,-0.021172,-0.033056,-0.021009
Alan_Ball_0001|Kristin_Scott_Thomas_0001,0,0.007461,-0.004864,-0.012238
Alan_Ball_0002|Yuri_Malenchenko_0001,0,-0.039436,-0.031366,-0.028878
Albert_Costa_0006|Gary_Barnett_0001,0,0.018488,0.042099,0.028509
Albert_Costa_0006|John_Marburger_0001,0,0.044658,0.059140,0.046686
Albert_Costa_0006|Wen_Jiabao_0007,0,-0.092196,-0.038696,-0.089987
Alberta_Lee_0001|Babe_Ruth_0001,0,-0.095849,-0.068621,-0.068987
Alex_Popov_0001|Kent_Rominger_0002,0,0.086014,0.075754,0.079139
Alex_Popov_0001|Matthew_During_0001,0,-0.064820,-0.085888,-0.070228
Ali_Khamenei_0002|Roberto_Canessa_0001,0,0.047461,0.014414,-0.016711
Amelia_Vega_0001|Gina_Lollobrigida_0001,0,-0.086899,-0.045902,-0.058745
Amelia_Vega_0005|Jim_Harrick_0001,0,0.023332,0.057099,0.035518
Amy_Pascal_0001|Eduardo_Duhalde_0007,0,0.024744,0.070107,0.014315
Amy_Pascal_0001|Hank_Azaria_0001,0,-0.065808,-0.043447,-0.057624
Amy_Pascal_0001|John_Marburger_0001,0,0.063707,0.079009,0.062875
Amy_Redford_0001|Roman_Coppola_0001,0,0.002088,-0.008428,-0.027954
Amy_Redford_0001|Victor_Kraatz_0001,0,-0.068591,-0.027170,-0.055607
Anderson_Varejao_0001|Dennis_Oswald_0001,0,-0.040947,-0.017988,-0.025826
Anderson_Varejao_0001|Garth_Drabinsky_0001,0,0.047161,0.067528,0.075727
Andrei_Nikolishin_0001|Angelica_Romero_0001,0,-0.026402,-0.009426,-0.028586
Andrew_Bernard_0001|Don_Nickles_0002,0,-0.014927,0.010993,0.007359
Andrew_Bernard_0001|Hassan_Wirajuda_0001,0,0.088085,0.108274,0.088377
Andrew_Bernard_0001|Mark_Broxmeyer_0001,0,-0.069129,-0.060391,-0.085596
Andrew_Fastow_0001|Luca_Cordero_di_Montezemolo_0001,0,-0.162735,-0.121732,-0.129097
Andrew_Fastow_0001|Meghann_Shaughnessy_0001,0,-0.058241,0.006573,-0.033139
Andrew_Fastow_0001|Tomas_Malik_0001,0,0.044887,0.098119,0.047803
Andrew_Luster_0001|Eric_Rosser_0001,0,0.031707,0.031312,0.021153
Andrew_Luster_0001|Jose_Manuel_Durao_Barroso_0006,0,-0.014219,0.001237,-0.032655
Andrew_Luster_0001|Lisa_Murkowski_0001,0,0.030760,0.071070,0.014924
Anita_DeFrantz_0001|Carla_Gay_Balingit_0001,0,0.066341,0.086708,0.082374
Anita_DeFrantz_0001|Penny_Lancaster_0001,0,-0.010032,0.035611,-0.000390
Anjum_Hussain_0001|David_Caraway_0002,0,0.030637,0.017959,0.025727
Anne_Cavers_0001|James_Barksdale_0001,0,0.095740,0.087574,0.081165
Anne_Cavers_0001|Stephen_Oake_0001,0,0.102817,0.082090,0.081234
Anthony_Hazen_0001|Debra_Yang_0001,0,-0.001842,0.002889,-0.002620
Antonio_Catania_0001|Barry_Bonds_0001,0,-0.039714,-0.043897,-0.060974
Antonio_Catania_0001|Taylyn_Solomon_0001,0,0.016192,0.030916,0.036841
Aretha_Franklin_0001|Jean_Brumley_0001,0,-0.010423,-0.012978,-0.016443
Aretha_Franklin_0001|Teruaki_Masumoto_0001,0,0.070999,0.098631,0.074869
Art_Lopez_0001|Diane_Lane_0001,0,0.003166,0.000259,0.000162
Arthur_Johnson_0001|Selma_Phoenix_0001,0,-0.071299,-0.046302,-0.046388
Arye_Mekel_0002|Chung_Mong-joon_0001,0,-0.078237,-0.040943,-0.049893
Arye_Mekel_0002|Georgina_Papin_0001,0,-0.070250,-0.061282,-0.083215
Babe_Ruth_0001|Jim_Harrick_0001,0,-0.096074,-0.081175,-0.076996
Babe_Ruth_0001|Pete_Aldridge_0001,0,-0.094972,-0.049587,-0.096420
Barry_Bonds_0001|James_Barksdale_0001,0,0.170132,0.143180,0.171640
Barry_Bonds_0001|Mickey_Sherman_0001,0,0.062172,0.066362,0.065933
Barry_Switzer_0001|Jiang_Zemin_0011,0,-0.039612,-0.040850,-0.032546
Barry_Switzer_0001|Kirk_Ferentz_0002,0,0.094391,0.085161,0.100029
Bernard_Giraudeau_0001|Keira_Knightley_0001,0,-0.090152,-0.009691,-0.056849
Bernard_Landry_0003|Stacey_Jones_0001,0,0.091937,0.123982,0.081583
Bernard_Landry_0004|Sylvia_Plachy_0001,0,-0.027604,0.011505,-0.021080
Biljana_Plavsic_0001|Kieran_Prendergast_0002,0,0.044639,0.032575,0.015662
Bill_Cartwright_0001|Claude_Jorda_0001,0,0.115046,0.140561,0.137266
Bill_Lerach_0001|Martin_Verkerk_0002,0,0.114412,0.097508,0.124275
Bob_Hope_0001|Stanley_Ho_0001,0,0.026105,0.018764,0.005215
Bob_Hope_0005|Micah_Knorr_0001,0,-0.040787,-0.005385,-0.038991
Bob_Hope_0005|Mitchell_Potter_0001,0,0.076031,0.120761,0.097702
Bob_Menendez_0001|David_Caraway_0002,0,0.027852,0.036731,0.047697
Bob_Menendez_0001|Lauren_Hutton_0001,0,0.096542,0.119897,0.107710
Bob_Riley_0001|Danny_Ainge_0001,0,0.078423,0.102622,0.081625
Bob_Riley_0001|Nastassia_Kinski_0002,0,0.053702,0.008446,0.016967
Bob_Riley_0001|Sheila_Wellstone_0002,0,-0.092282,-0.055154,-0.094829
Brad_Wilk_0001|Phil_Cline_0001,0,0.005072,0.022481,0.025367
Brad_Wilk_0001|Scott_Dalton_0001,0,0.044458,0.059953,0.059238
Brian_Grazier_0001|Tomas_Malik_0001,0,0.188194,0.196733,0.197700
Brian_StPierre_0001|Steve_Mariucci_0002,0,-0.051544,0.017146,-0.042360
Cari_Davis_0001|Don_Henley_0001,0,-0.096413,-0.089486,-0.099798
Cari_Davis_0001|Mark_Broxmeyer_0001,0,0.060198,0.045335,0.032235
Carin_Koch_0001|John_Banko_0002,0,0.039383,0.033371,-0.002024
Carla_Gay_Balingit_0001|Frank_Lautenberg_0002,0,-0.028141,-0.003698,-0.042029
Carla_Gay_Balingit_0001|Paula_Dobriansky_0001,0,0.034600,0.020814,0.018939
Carlos_Ruiz_0001|Peter_Schultz_0001,0,-0.006550,-0.016378,0.018029
Carlos_Ruiz_0003|Jennifer_Tilly_0001,0,-0.018385,-0.012865,0.009254
Carly_Fiorina_0002|Peter_Ueberroth_0001,0,0.073440,0.084931,0.078985
Catherine_Woodard_0001|Mike_Sweeney_0001,0,-0.076595,-0.099890,-0.077146
Chan_Ho_Park_0001|Xiang_Xu_0001,0,0.003936,-0.003605,-0.009615
Chance_Mock_0001|Herb_Ritts_0001,0,0.037360,0.053473,0.053036
Chance_Mock_0001|Shafal_Mosed_0001,0,0.021135,0.029803,-0.011205
Chance_Mock_0001|Simona_Hradil_0001,0,-0.061409,-0.026082,-0.069139
Chance_Mock_0001|Troy_Jenkins_0001,0,0.047986,0.063267,0.031972
Charles_Taylor_0007|Tom_Curley_0001,0,0.079203,0.100253,0.115375
Chea_Sophara_0001|John_Wolf_0001,0,0.085197,0.116465,0.070915
Chris_Cirino_0001|Jen_Bice_0001,0,0.016415,0.055703,-0.005286
Chris_Cirino_0001|Mary_Lou_Markakis_0001,0,-0.049722,0.017918,-0.054621
Chris_Cirino_0001|Peri_Gilpin_0001,0,0.012789,0.057691,0.044969
Christina_Sawaya_0001|Greg_Gilbert_0001,0,0.092151,0.056240,0.071553
Chung_Mong-joon_0001|David_Modell_0001,0,-0.009866,0.025444,0.013022
Chung_Mong-joon_0001|Luca_Cordero_di_Montezemolo_0001,0,0.003583,0.047664,-0.007158
Chung_Mong-joon_0001|Nick_Markakis_0001,0,0.014699,0.028917,-0.000571
Chung_Mong-joon_0002|John_Rusnak_0001,0,-0.053592,-0.055856,-0.105108
Claire_Leger_0001|David_Caraway_0002,0,0.019488,-0.001843,0.018924
Claire_Leger_0001|Jerry_Sexton_0001,0,0.095772,0.064079,0.085485
Clark_Randt_0001|Katie_Boone_0001,0,0.084589,0.132459,0.078782
Clark_Randt_0001|Marc-Andre_Fleury_0001,0,0.005257,0.069286,0.043101
Clemente_de_la_Vega_0001|Ron_Gonzales_0001,0,0.130913,0.154005,0.095187
Colin_Campbell_0001|Frank_Keating_0001,0,-0.074883,-0.027265,-0.041540
Colin_Campbell_0001|Jean_Carnahan_0002,0,0.008362,0.058880,-0.000276
Colin_Campbell_0001|Mitchell_Potter_0001,0,0.144221,0.180819,0.161538
Colleen_Atwood_0001|Penelope_Cruz_0002,0,-0.087849,-0.014212,-0.056110
Craig_Morgan_0001|Matthew_McConaughey_0001,0,0.042173,0.057268,0.034621
Dan_Duquette_0001|Paddy_Torsney_0001,0,-0.058264,-0.102973,-0.059577
Daniel_Ortega_0001|Norah_Jones_0006,0,0.006601,0.011468,0.015201
Daniel_Patrick_Moynihan_0001|Eglis_Yaima_Cruz_0001,0,-0.024466,0.020266,0.019451
Daniel_Patrick_Moynihan_0001|Newton_Carlton_Slawson_0001,0,-0.057336,-0.038032,-0.051317
Daniel_Rouse_0001|Doris_Schroeder_0001,0,-0.040639,0.048650,0.000882
Daniel_Rouse_0001|Mike_Johanns_0001,0,0.065940,0.079517,0.052533
Daniell_Sunjata_0001|Marc-Andre_Fleury_0002,0,-0.031168,0.004415,-0.017770
Danny_Ainge_0001|Lee_Ann_Terlaji_0001,0,0.113999,0.127037,0.141266
David_Leahy_0001|Jerry_Sexton_0001,0,0.168453,0.149564,0.148981
David_Scott_Morris_0001|Valerie_Thwaites_0001,0,0.196627,0.209716,0.222954
David_Zeplowitz_0001|Jerry_Springer_0001,0,0.098424,0.099754,0.082354
Dawn_Staley_0001|Hasan_Wirayuda_0001,0,-0.000057,0.029209,-0.006173
Debra_Rose_0001|Jonathan_Edwards_0002,0,-0.009186,-0.004775,-0.015323
Debra_Yang_0001|Hashim_Thaci_0002,0,-0.006973,-0.004686,-0.013800
Debra_Yang_0001|Yekaterina_Guseva_0001,0,0.019672,0.051591,0.036381
Denis_Fassou-Nguesso_0001|William_Overlin_0001,0,-0.040993,-0.059091,-0.048354
Derrick_Taylor_0001|Giuseppe_Morchio_0001,0,-0.092406,-0.040367,-0.075078
Derrick_Taylor_0001|William_Overlin_0001,0,0.067213,0.103008,0.083201
Dick_Cheney_0005|James_Murdoch_0001,0,0.089879,0.096433,0.090991
Dick_Smothers_0001|Yoon_Won-Sik_0001,0,0.104784,0.125453,0.084978
Dita_Von_Tesse_0001|Mohammed_Al-Douri_0012,0,0.132725,0.185400,0.102187
Don_Henley_0001|Ernie_Eves_0001,0,0.166808,0.141586,0.119130
Don_Henley_0001|Gil_Cates_0001,0,0.102622,0.081098,0.091547
Don_Henley_0001|Stephen_Frears_0001,0,0.038497,0.012254,0.035970
Don_Henley_0001|Ziwang_Xu_0001,0,-0.059949,-0.047524,-0.051837
Donald_Regan_0001|John_Gruden_0001,0,-0.014099,-0.004195,-0.016280
Doris_Schroeder_0002|Joe_Mantegna_0001,0,-0.024875,0.005257,-0.036136
Eduardo_Duhalde_0001|Paula_Dobriansky_0001,0,0.018218,-0.028970,-0.004765
Eduardo_Duhalde_0002|Tab_Turner_0001,0,0.054923,0.073558,0.042422
Eduardo_Duhalde_0013|James_Murdoch_0001,0,-0.059603,-0.025357,-0.075071
Edward_Egan_0001|Ernie_Fletcher_0002,0,-0.102841,-0.065537,-0.098672
Edward_Johnson_0001|Jessica_Capshaw_0001,0,0.081509,0.057757,0.043497
El_Hadji_Diouf_0001|Hitomi_Soga_0002,0,-0.090617,-0.073914,-0.082133
Emilio_Botin_0001|Luca_Cordero_di_Montezemolo_0001,0,0.019789,0.030857,0.034354
Emilio_Botin_0001|Robert_Hyatt_0001,0,-0.050925,-0.017119,-0.019564
Enrique_Iglesias_0001|Gisele_Bundchen_0002,0,0.069411,0.092205,0.047133
Eric_Bana_0001|Mike_Sweeney_0001,0,0.035695,0.032449,0.046536
Eric_Bana_0001|Tab_Turner_0001,0,0.034328,0.049890,0.028591
Eric_Benet_0001|Mohammad_Mustapha_Miro_0001,0,0.001807,-0.004342,0.019962
Eric_Rosser_0001|Marc-Andre_Fleury_0002,0,0.066123,0.079666,0.056487
Eric_Rosser_0001|Peter_Chan_0001,0,0.059082,0.072158,0.069431
Ernie_Eves_0002|Hana_Makhmalbaf_0001,0,0.020236,0.086601,0.059027
Fernando_Vargas_0001|Julio_Cesar_Franco_0001,0,-0.034023,0.007490,-0.013726
Fernando_Vargas_0003|Martin_Verkerk_0003,0,0.024497,0.023846,0.002868
Flavia_Pennetta_0001|Larry_Flynt_0001,0,-0.052513,-0.011535,-0.054559
Flavia_Pennetta_0001|Micah_Knorr_0001,0,0.020501,0.039951,-0.002745
Flavia_Pennetta_0001|Paul_Wellstone_0001,0,-0.094832,-0.059059,-0.083699
Frank_Keating_0001|Paul_McCartney_0007,0,0.001988,-0.014561,-0.012032
Frank_Lautenberg_0002|Michael_Capellas_0001,0,0.121091,0.147360,0.115336
Frank_Lautenberg_0002|Steve_Allee_0001,0,0.007884,0.043503,0.029755
Fujio_Mitarai_0001|Harvey_Weinstein_0001,0,0.019503,0.042531,-0.002032
Gabriella_Bo_0001|Jeremy_Shockey_0002,0,-0.103237,-0.048682,-0.108988
Gavyn_Arthur_0001|Kevin_Hearn_0001,0,0.099504,0.113458,0.101106
Gavyn_Arthur_0001|Lynne_Slepian_0001,0,-0.077614,-0.038443,-0.052221
Gavyn_Arthur_0001|Zahir_Shah_0001,0,-0.027136,-0.021168,-0.005511
George_HW_Bush_0007|George_Maxwell_Richards_0001,0,0.124183,0.126121,0.092286
George_HW_Bush_0013|Penny_Lancaster_0001,0,0.003305,0.039612,0.018039
George_Maxwell_Richards_0001|Reggie_Miller_0001,0,-0.037666,-0.028076,-0.073135
Georgina_Papin_0001|Mary_Lou_Retton_0001,0,-0.033358,-0.052486,-0.069852
Georgina_Papin_0001|Svend_Robinson_0001,0,0.093734,0.069325,0.092022
Gerry_Kelly_0001|Keira_Knightley_0001,0,0.034452,0.048015,0.041505
Giannina_Facio_0001|Peri_Gilpin_0001,0,-0.029146,-0.019957,-0.000164
Gideon_Black_0001|Kevin_Hearn_0001,0,-0.009470,-0.043508,-0.015016
Gideon_Black_0001|Shafal_Mosed_0001,0,-0.101130,-0.102321,-0.151223
Gisele_Bundchen_0002|Penny_Lancaster_0001,0,0.132151,0.158208,0.140639
Giuseppe_Morchio_0001|Penny_Lancaster_0001,0,0.069976,0.073277,0.090956
Greg_Frers_0001|Mohammed_Al-Douri_0004,0,-0.036383,-0.054529,-0.060823
Greg_Gilbert_0001|Mehmet_Ali_Sahin_0001,0,0.041127,0.039427,0.018529
Gregorio_Honasan_0001|Jim_Schwarz_0001,0,0.009671,0.034755,0.027892
Gregorio_Honasan_0001|Jonathan_Fine_0001,0,0.039465,0.084750,0.031055
Gregorio_Honasan_0001|Matt_Doherty_0001,0,-0.072675,-0.060215,-0.067249
Hama_Arba_Diallo_0001|Zhang_Yimou_0001,0,0.039462,0.014544,0.017213
Hana_Makhmalbaf_0001|Raquel_Welch_0001,0,0.025572,0.041666,0.054836
Hassan_Wirajuda_0001|Scott_Dalton_0001,0,0.015430,0.029051,0.043566
Hector_Babenco_0002|Talisa_Bratt_0001,0,-0.051042,-0.023779,-0.075624
Herb_Ritts_0001|Mark_Broxmeyer_0001,0,-0.044617,-0.041680,-0.052764
Hugh_Campbell_0001|Ken_Watanabe_0001,0,-0.018499,0.012311,-0.008338
Hugh_Campbell_0001|Masamori_Tokuyama_0001,0,0.033064,0.115567,0.064683
Hugh_Campbell_0001|Tom_Foy_0001,0,0.010621,0.029417,-0.001291
Imran_Khan_0001|Matt_Morris_0001,0,0.053354,0.047930,0.060258
Imran_Khan_0001|Nancy_Humbert_0001,0,0.047476,0.048872,0.024208
Ivan_Lee_0001|Jennifer_Furminger_0001,0,-0.077996,-0.063707,-0.085851
James_Hallock_0001|Robert_Beck_0001,0,0.079469,0.083473,0.060843
James_Murdoch_0001|Martina_McBride_0003,0,0.093458,0.072802,0.085446
Jamie_Kellner_0001|Tomas_Malik_0001,0,0.021174,0.018390,0.010399
Jamie_King_0001|Lauren_Hutton_0002,0,0.195132,0.180308,0.183441
Jane_Fonda_0002|Martha_Stewart_0004,0,0.013185,0.029660,0.025452
Janet_Leigh_0001|Marianne_Stanley_0001,0,-0.038102,-0.026459,-0.042293
Jaromir_Jagr_0001|Troy_Jenkins_0001,0,-0.026826,0.005386,-0.032184
Jean_Brumley_0002|Jim_Harrick_0001,0,-0.010188,0.041235,-0.014269
Jen_Bice_0001|Judi_Dench_0002,0,0.002595,0.049483,0.038497
Jennifer_Furminger_0001|Matthew_During_0001,0,0.008420,0.008306,0.008664
Jennifer_Tilly_0001|Serge_Klarsfeld_0001,0,0.026107,0.054993,0.024838
Jennifer_Tilly_0001|Stella_Tennant_0001,0,0.001742,-0.024491,0.007320
Jeremy_Shockey_0002|Robert_Beck_0001,0,0.041926,0.057962,0.067093
Jerry_Regier_0002|Paulina_Rodriguez_Davila_0001,0,0.007927,0.045895,0.025357
Jerry_Regier_0003|Lee_Hyung-taik_0001,0,0.056893,0.101349,0.077921
Jerry_Regier_0003|Pete_Rose_0002,0,-0.115934,-0.073321,-0.074702
Jessica_Capshaw_0001|Penelope_Cruz_0002,0,0.011568,0.047186,0.017499
Jiang_Zemin_0004|Michelangelo_Antonioni_0001,0,-0.043777,-0.057498,-0.018810
Jiang_Zemin_0013|Roman_Coppola_0001,0,-0.084324,-0.115439,-0.103071
Jim_Sterk_0001|Jonathan_Edwards_0003,0,-0.065485,-0.051439,-0.081249
Jim_Sterk_0001|Ken_Watanabe_0002,0,0.003443,0.000439,-0.005866
Joey_Harrington_0001|Nick_Price_0001,0,0.002752,0.004652,0.001234
John_Lynch_0001|Michael_Sullivan_0001,0,0.083065,0.116647,0.113428
John_Robbins_0001|Tom_Foy_0001,0,-0.056770,0.014245,-0.058465
John_Thune_0001|Milan_Milutinovic_0001,0,-0.078563,-0.071742,-0.068926
John_Velazquez_0001|Marco_Antonio_Barrera_0003,0,-0.034302,0.017459,-0.021744
John_Velazquez_0001|Tammy_Lynn_Michaels_0001,0,-0.021048,0.043955,-0.025859
John_Wolf_0002|Prince_Harry_0001,0,-0.007922,0.005713,-0.030445
Jonathan_Byrd_0001|Mike_Matheny_0001,0,0.151343,0.218682,0.145850
Jonathan_Byrd_0001|Sheikh_Ahmed_Yassin_0001,0,-0.059547,-0.008515,-0.032980
Jonathan_Horton_0001|Lee_Ann_Terlaji_0001,0,0.000795,0.036466,0.002080
Jorge_Alberto_Galindo_0001|Roger_King_0001,0,0.030260,0.066169,0.023114
Joseph_Biden_0005|Mahdi_Al_Bassam_0001,0,-0.120537,-0.139017,-0.124723
Joseph_Biden_0005|Tung_Chee-hwa_0004,0,0.073857,0.083947,0.059190
Judy_Genshaft_0001|Shane_Warne_0001,0,-0.018737,0.006433,-0.021791
Jules_Asner_0001|Robert_Beck_0001,0,0.035347,0.036315,0.065502
Julien_Varlet_0001|Scott_Dalton_0001,0,-0.038056,-0.023466,-0.028576
Kate_Burton_0001|Martha_Stewart_0002,0,-0.121078,-0.051730,-0.117294
Kate_Richardson_0001|Roman_Coppola_0001,0,0.014054,0.014473,0.005483
Katie_Boone_0001|Uthai_Pimchaichon_0001,0,-0.054197,-0.026388,-0.024410
Katie_Smith_0001|Leland_Chapman_0001,0,0.076092,0.111477,0.116460
Katrin_Susi_0001|Luca_Cordero_di_Montezemolo_0001,0,0.006699,-0.007740,-0.024322
Kay_Bailey_Hutchison_0001|Theodore_Tweed_Roosevelt_0003,0,-0.037923,0.026897,-0.038622
Kieran_Prendergast_0001|Lachlan_Murdoch_0001,0,0.045223,0.029052,0.051981
King_Abdullah_II_0004|Robert_Hyatt_0001,0,-0.073844,-0.019693,-0.061079
Kirk_Ferentz_0002|Milan_Milutinovic_0001,0,-0.090339,-0.132399,-0.099044
Lachlan_Murdoch_0001|Mickey_Sherman_0001,0,-0.091680,-0.046800,-0.107058
Larry_Flynt_0001|Phil_Cline_0001,0,-0.069332,-0.068367,-0.049966
Larry_Greene_0001|Mike_Brey_0002,0,0.065090,0.062426,0.051868
Laurence_Tribe_0001|Uthai_Pimchaichon_0001,0,0.059279,0.097819,0.044770
Lee_Ann_Terlaji_0001|Roman_Coppola_0001,0,-0.000791,-0.028366,-0.013435
Lee_Yuan-tseh_0001|Shafal_Mosed_0001,0,0.038361,0.056915,0.044640
Lee_Yuan-tseh_0001|Yuri_Malenchenko_0002,0,0.016170,0.019819,0.004701
Leland_Chapman_0001|Theodore_Tweed_Roosevelt_0001,0,-0.021354,0.037349,-0.004322
Leslie_Moonves_0002|Robert_Hyatt_0001,0,0.049455,0.103260,0.051906
Lisa_Murkowski_0001|Serge_Klarsfeld_0001,0,0.086678,0.076373,0.075166
Magui_Serna_0001|Maura_Tierney_0001,0,0.072520,0.079558,0.090483
Mahdi_Al_Bassam_0001|Marc-Andre_Fleury_0002,0,0.004375,0.046679,0.019884
Mahdi_Al_Bassam_0001|Mother_Teresa_0001,0,-0.029330,-0.049234,-0.043820
Malak_Habbak_0001|Prince_Harry_0003,0,0.074584,0.104167,0.108929
Manuel_Pellegrini_0001|Rolf_Eckrodt_0001,0,0.121375,0.192349,0.130194
Manuela_Montebrun_0001|Martina_McBride_0002,0,0.149118,0.167088,0.167086
Manuela_Montebrun_0001|Steven_Seagal_0002,0,0.098238,0.079645,0.084733
Marion_Fahnestock_0001|Wen_Jiabao_0003,0,0.083496,0.123924,0.112398
Mark_Hamister_0001|Xiang_Xu_0001,0,0.086920,0.109952,0.079191
Martha_Martinez_Flores_0001|Mike_Brey_0002,0,-0.015304,-0.017201,-0.026933
Martha_Stewart_0005|Victor_Kraatz_0001,0,-0.046011,-0.044245,-0.038317
Martin_Lawrence_0001|Mickey_Sherman_0001,0,0.043131,0.032335,0.040131
Martin_Lawrence_0001|Penny_Lancaster_0001,0,0.005871,-0.003773,-0.018108
Martin_McCauley_0002|Steven_Seagal_0001,0,0.025814,0.027055,-0.003675
Martin_Verkerk_0001|Steven_Seagal_0001,0,0.083308,0.099295,0.128247
Martina_McBride_0003|Peter_Schultz_0001,0,0.051491,0.057033,0.068812
Masamori_Tokuyama_0001|Regina_Ip_0001,0,0.059613,0.058044,0.058857
Masamori_Tokuyama_0001|Serge_Melac_0001,0,-0.030682,-0.002088,-0.005826
Matt_Doherty_0002|Saoud_Al_Faisal_0001,0,-0.143814,-0.138096,-0.135895
Meghann_Shaughnessy_0001|William_Perry_0001,0,0.022708,0.068255,0.024805
Mehmet_Ali_Sahin_0001|Peri_Gilpin_0001,0,-0.018439,0.000179,-0.000026
Mehmet_Ali_Sahin_0001|Raquel_Welch_0002,0,-0.030005,-0.064389,-0.042981
Michael_Capellas_0001|Victor_Garber_0001,0,-0.017809,0.002845,-0.013274
Mickey_Sherman_0001|Roman_Coppola_0001,0,-0.064368,-0.052490,-0.056439
Mike_Brey_0002|Nick_Markakis_0001,0,-0.103913,-0.055086,-0.083013
Mike_Johanns_0001|Pascal_Lamy_0001,0,-0.005698,-0.014910,0.021372
Mike_Matheny_0001|Norm_Coleman_0005,0,0.000500,0.014705,0.015092
Mohammad_Mustapha_Miro_0001|Steve_Mariucci_0002,0,-0.038860,-0.067275,-0.059890
Mother_Teresa_0001|Yekaterina_Guseva_0001,0,0.166397,0.206329,0.166480
Nancy_Humbert_0001|Park_Na-kyong_0001,0,-0.044069,-0.062195,-0.034347
Nanni_Moretti_0001|Shigeru_Ishiba_0001,0,-0.052118,0.000412,-0.045878
Natalia_Dmitrieva_0001|Willie_Nelson_0001,0,-0.007856,0.001216,-0.005177
Natalie_Juniardi_0001|Uthai_Pimchaichon_0001,0,-0.094723,-0.068667,-0.073624
Nick_Price_0001|Tab_Turner_0001,0,0.036982,0.082907,0.034268
Norm_Coleman_0004|Peri_Gilpin_0001,0,0.070949,0.077658,0.069394
Norm_Coleman_0007|Scott_McClellan_0005,0,-0.006771,0.008464,-0.021230
Paddy_Torsney_0001|Tung_Chee-hwa_0009,0,0.037058,0.019280,0.027254
Park_Na-kyong_0001|Vecdi_Gonul_0001,0,0.016531,0.017715,0.007733
Patrick_Rafter_0001|Peter_Care_0001,0,-0.024922,-0.036362,-0.038584
Pierre_Van_Hooijdonk_0001|Scott_McClellan_0001,0,0.044257,0.060096,0.056415
Regina_Ip_0001|Rohman_al-Ghozi_0001,0,-0.038429,-0.033490,-0.033040
Renee_Zellweger_0009|Yuri_Malenchenko_0002,0,0.006271,0.020065,0.008504
Rolf_Eckrodt_0002|Teresa_Heinz_Kerry_0001,0,0.165327,0.142982,0.136352
Rubens_Barrichello_0010|Stella_Tennant_0001,0,-0.043593,-0.043307,-0.050940
Saoud_Al_Faisal_0001|Vecdi_Gonul_0001,0,-0.011786,0.004432,0.003312
Scott_Dalton_0001|Zach_Safrin_0001,0,-0.005036,0.025696,0.009151
Scott_McClellan_0002|Tom_Schnackenberg_0001,0,0.049539,0.094785,0.059419
Todd_MacCulloch_0001|Willie_Nelson_0001,0,0.049254,0.072048,0.081403
Tom_Curley_0001|Wanda_de_la_Jesus_0001,0,-0.010054,0.038784,0.000257
Troy_Jenkins_0001|Walid_Al-Awadi_0001,0,-0.030133,-0.028122,-0.050105
William_Overlin_0001|Yekaterina_Guseva_0001,0,-0.092773,-0.085942,-0.089174
Abdoulaye_Wade_0001|Abdoulaye_Wade_0002,1,0.644472,0.585382,0.624184
Abdoulaye_Wade_0001|Abdoulaye_Wade_0003,1,0.479161,0.449590,0.452029
Abdoulaye_Wade_0002|Abdoulaye_Wade_0003,1,0.507882,0.556673,0.494411
Adam_Sandler_0001|Adam_Sandler_0002,1,0.681802,0.621745,0.658256
Adam_Sandler_0001|Adam_Sandler_0004,1,0.545538,0.491681,0.531230
Adam_Sandler_0002|Adam_Sandler_0003,1,0.757651,0.717520,0.720196
Aicha_El_Ouafi_0001|Aicha_El_Ouafi_0003,1,0.626557,0.635515,0.613000
Aicha_El_Ouafi_0002|Aicha_El_Ouafi_0003,1,0.567167,0.563229,0.547464
Akbar_Hashemi_Rafsanjani_0001|Akbar_Hashemi_Rafsanjani_0003,1,0.605367,0.605565,0.583264
Akbar_Hashemi_Rafsanjani_0002|Akbar_Hashemi_Rafsanjani_0003,1,0.708919,0.672635,0.662715
Al_Pacino_0001|Al_Pacino_0002,1,0.619572,0.610744,0.607364
Al_Pacino_0001|Al_Pacino_0003,1,0.646802,0.628708,0.628704
Alex_Barros_0001|Alex_Barros_0002,1,0.353031,0.338238,0.369150
Allyson_Felix_0001|Allyson_Felix_0003,1,0.466901,0.467575,0.456081
Allyson_Felix_0001|Allyson_Felix_0004,1,0.597896,0.587066,0.582494
Allyson_Felix_0001|Allyson_Felix_0005,1,0.614173,0.608236,0.589530
Allyson_Felix_0004|Allyson_Felix_0005,1,0.607824,0.624151,0.572390
Anastasia_Myskina_0001|Anastasia_Myskina_0002,1,0.481997,0.490270,0.487911
Andy_Roddick_0008|Andy_Roddick_0012,1,0.568530,0.567003,0.556380
Andy_Roddick_0010|Andy_Roddick_0015,1,0.395156,0.386015,0.366422
Andy_Roddick_0013|Andy_Roddick_0015,1,0.384387,0.368644,0.371972
Anna_Nicole_Smith_0001|Anna_Nicole_Smith_0002,1,0.431966,0.422449,0.405752
Antonio_Palocci_0001|Antonio_Palocci_0008,1,0.649993,0.611657,0.605427
Antonio_Palocci_0003|Antonio_Palocci_0006,1,0.601792,0.599881,0.594536
Antonio_Palocci_0004|Antonio_Palocci_0005,1,0.689615,0.688015,0.679063
Antonio_Palocci_0005|Antonio_Palocci_0007,1,0.677357,0.643853,0.658276
Antonio_Palocci_0006|Antonio_Palocci_0008,1,0.593088,0.591456,0.594989
Arnoldo_Aleman_0001|Arnoldo_Aleman_0003,1,0.688778,0.664338,0.662107
Arnoldo_Aleman_0003|Arnoldo_Aleman_0005,1,0.670499,0.646835,0.658530
Ashton_Kutcher_0001|Ashton_Kutcher_0003,1,0.618881,0.567068,0.593286
Ashton_Kutcher_0002|Ashton_Kutcher_0003,1,0.548684,0.540702,0.560396
Augusto_Roa_Bastos_0001|Augusto_Roa_Bastos_0002,1,0.549634,0.554678,0.554863
Aung_San_Suu_Kyi_0001|Aung_San_Suu_Kyi_0002,1,0.601963,0.573069,0.594785
Barry_Zito_0001|Barry_Zito_0002,1,0.465186,0.470977,0.444133
Bill_Graham_0001|Bill_Graham_0009,1,0.558767,0.519549,0.576542
Bill_Graham_0003|Bill_Graham_0004,1,0.637965,0.608567,0.615431
Bill_Graham_0004|Bill_Graham_0006,1,0.777087,0.773710,0.750437
Bill_Graham_0005|Bill_Graham_0006,1,0.759625,0.753078,0.746172
Bob_Dole_0001|Bob_Dole_0003,1,0.632128,0.579843,0.593823
Bruce_Weber_0001|Bruce_Weber_0002,1,0.661800,0.637274,0.637385
Carlos_Mesa_0001|Carlos_Mesa_0002,1,0.639738,0.639808,0.640104
Carolyn_Dawn_Johnson_0001|Carolyn_Dawn_Johnson_0002,1,0.799061,0.773326,0.768597
Carolyn_Dawn_Johnson_0002|Carolyn_Dawn_Johnson_0003,1,0.558672,0.534651,0.555794
Celine_Dion_0003|Celine_Dion_0008,1,0.275866,0.210702,0.214546
Chakib_Khelil_0001|Chakib_Khelil_0002,1,0.714055,0.709418,0.700210
Chen_Shui-bian_0002|Chen_Shui-bian_0004,1,0.444297,0.453671,0.453828
Chen_Shui-bian_0003|Chen_Shui-bian_0005,1,0.556074,0.541523,0.572049
Christopher_Walken_0001|Christopher_Walken_0003,1,0.865990,0.821337,0.824286
Christopher_Walken_0001|Christopher_Walken_0004,1,0.662933,0.630657,0.606712
Claudia_Pechstein_0001|Claudia_Pechstein_0002,1,0.604244,0.539358,0.565055
Claudia_Pechstein_0001|Claudia_Pechstein_0004,1,0.650645,0.643157,0.663288
Claudia_Pechstein_0003|Claudia_Pechstein_0004,1,0.319945,0.327925,0.344285
Claudia_Pechstein_0003|Claudia_Pechstein_0005,1,0.714998,0.715901,0.711742
Claudia_Pechstein_0004|Claudia_Pechstein_0005,1,0.359313,0.355842,0.362294
Clay_Aiken_0002|Clay_Aiken_0004,1,0.572714,0.538379,0.559594
Clay_Aiken_0003|Clay_Aiken_0004,1,0.529066,0.552852,0.574077
Clay_Aiken_0003|Clay_Aiken_0005,1,0.595387,0.632429,0.627412
Colin_Powell_0040|Colin_Powell_0071,1,0.554881,0.538361,0.560269
Colin_Powell_0049|Colin_Powell_0234,1,0.683242,0.660263,0.646502
Colin_Powell_0133|Colin_Powell_0170,1,0.691253,0.670975,0.698547
Colin_Powell_0182|Colin_Powell_0198,1,0.781821,0.779548,0.774922
Cristina_Fernandez_0001|Cristina_Fernandez_0002,1,0.037149,0.075244,0.055804
Daisy_Fuentes_0002|Daisy_Fuentes_0003,1,0.670681,0.676308,0.652406
Damon_van_Dam_0001|Damon_van_Dam_0002,1,0.601684,0.568607,0.597146
Dan_Wheldon_0001|Dan_Wheldon_0002,1,0.542095,0.577173,0.542464
David_Coulthard_0001|David_Coulthard_0002,1,0.607384,0.557582,0.605516
David_Kelley_0001|David_Kelley_0002,1,0.641971,0.637193,0.636733
Debra_Brown_0001|Debra_Brown_0002,1,0.571251,0.561861,0.561331
Dennis_Erickson_0001|Dennis_Erickson_0002,1,0.733284,0.757733,0.723739
Derek_Lowe_0001|Derek_Lowe_0002,1,0.580257,0.592157,0.568443
Eddie_Sutton_0001|Eddie_Sutton_0002,1,0.651492,0.631207,0.622349
Edie_Falco_0001|Edie_Falco_0002,1,0.359573,0.349816,0.351144
Elijah_Wood_0002|Elijah_Wood_0003,1,0.551310,0.485960,0.520060
Elizabeth_Hurley_0001|Elizabeth_Hurley_0004,1,0.378709,0.416369,0.408491
Elizabeth_Hurley_0002|Elizabeth_Hurley_0005,1,0.533268,0.542788,0.518000
Emily_Robison_0001|Emily_Robison_0002,1,0.503909,0.535596,0.549662
Ethan_Hawke_0001|Ethan_Hawke_0004,1,0.615061,0.614127,0.586770
Eunice_Barber_0001|Eunice_Barber_0002,1,0.541704,0.489577,0.497429
Felix_Mantilla_0001|Felix_Mantilla_0002,1,0.427933,0.431313,0.420395
Fidel_Castro_0001|Fidel_Castro_0018,1,0.481677,0.480409,0.470476
Fidel_Castro_0003|Fidel_Castro_0007,1,0.536359,0.529140,0.507311
Fidel_Castro_0005|Fidel_Castro_0008,1,0.553057,0.544426,0.537556
Fidel_Castro_0008|Fidel_Castro_0012,1,0.504053,0.534843,0.520363
Fidel_Castro_0011|Fidel_Castro_0013,1,0.571294,0.583489,0.566005
Francisco_Flores_0001|Francisco_Flores_0002,1,0.739957,0.694604,0.703511
Francisco_Flores_0001|Francisco_Flores_0003,1,0.693918,0.652136,0.663068
Frank_Dunham_Jr_0001|Frank_Dunham_Jr_0002,1,0.660323,0.628371,0.638635
Franko_Simatovic_0001|Franko_Simatovic_0002,1,0.434976,0.396269,0.410745
Fred_Eckhard_0001|Fred_Eckhard_0002,1,0.823423,0.806002,0.810147
Fred_Eckhard_0001|Fred_Eckhard_0003,1,0.860989,0.832265,0.831050
Fred_Eckhard_0002|Fred_Eckhard_0003,1,0.905885,0.899169,0.894724
GL_Peiris_0001|GL_Peiris_0002,1,0.685017,0.673742,0.686814
GL_Peiris_0001|GL_Peiris_0003,1,0.702783,0.680850,0.711754
GL_Peiris_0002|GL_Peiris_0003,1,0.880002,0.861367,0.873045
GL_Peiris_0002|GL_Peiris_0004,1,0.417197,0.421278,0.378981
Garry_Kasparov_0001|Garry_Kasparov_0002,1,0.684831,0.662392,0.671191
Hassan_Nasrallah_0001|Hassan_Nasrallah_0002,1,0.593873,0.593535,0.574347
Heidi_Klum_0001|Heidi_Klum_0003,1,0.641735,0.599468,0.591845
Heidi_Klum_0001|Heidi_Klum_0004,1,0.591136,0.609136,0.561960
Heidi_Klum_0002|Heidi_Klum_0004,1,0.525089,0.490262,0.492133
Heidi_Klum_0003|Heidi_Klum_0004,1,0.583162,0.580911,0.572915
Heinz_Feldmann_0001|Heinz_Feldmann_0002,1,0.891329,0.869803,0.860889
Heinz_Feldmann_0002|Heinz_Feldmann_0003,1,0.743261,0.707206,0.718734
Iban_Mayo_0001|Iban_Mayo_0002,1,0.452551,0.467736,0.437288
Imad_Moustapha_0001|Imad_Moustapha_0002,1,0.847719,0.837064,0.826270
Inam-ul-Haq_0001|Inam-ul-Haq_0002,1,0.597771,0.597133,0.581603
James_Gandolfini_0001|James_Gandolfini_0003,1,0.516886,0.508643,0.510201
James_Gandolfini_0002|James_Gandolfini_0003,1,0.530739,0.550685,0.519896
Janet_Thorpe_0001|Janet_Thorpe_0002,1,0.721365,0.707321,0.702025
Jean-Pierre_Raffarin_0001|Jean-Pierre_Raffarin_0002,1,0.536711,0.523833,0.526570
Jean-Pierre_Raffarin_0001|Jean-Pierre_Raffarin_0006,1,0.658753,0.602470,0.648762
Jean-Pierre_Raffarin_0003|Jean-Pierre_Raffarin_0004,1,0.590949,0.534941,0.560339
Jean-Pierre_Raffarin_0003|Jean-Pierre_Raffarin_0005,1,0.536345,0.479475,0.534949
Jean-Pierre_Raffarin_0004|Jean-Pierre_Raffarin_0007,1,0.524418,0.509599,0.510693
Jean-Pierre_Raffarin_0005|Jean-Pierre_Raffarin_0007,1,0.556196,0.519805,0.518168
Jean-Pierre_Raffarin_0006|Jean-Pierre_Raffarin_0007,1,0.735058,0.701403,0.704464
Jeffrey_Scott_Postell_0001|Jeffrey_Scott_Postell_0002,1,0.821560,0.793834,0.818012
Jennifer_Capriati_0002|Jennifer_Capriati_0014,1,0.438096,0.426642,0.437624
Jennifer_Capriati_0007|Jennifer_Capriati_0032,1,0.370824,0.313703,0.327448
Jennifer_Capriati_0033|Jennifer_Capriati_0042,1,0.250101,0.265572,0.261093
Job_Cohen_0001|Job_Cohen_0002,1,0.789691,0.775568,0.772590
John_McCormack_0001|John_McCormack_0002,1,0.808646,0.801972,0.785615
John_Paul_II_0001|John_Paul_II_0004,1,0.357464,0.354993,0.343151
John_Paul_II_0002|John_Paul_II_0005,1,0.467709,0.425396,0.410310
John_Paul_II_0002|John_Paul_II_0008,1,0.532379,0.525008,0.495306
John_Paul_II_0004|John_Paul_II_0009,1,0.420165,0.420417,0.389367
John_Paul_II_0010|John_Paul_II_0011,1,0.587048,0.572067,0.546827
John_Ruiz_0001|John_Ruiz_0002,1,0.574996,0.515184,0.535301
John_Stallworth_0001|John_Stallworth_0002,1,0.327344,0.341297,0.303179
John_Stockton_0002|John_Stockton_0004,1,0.525657,0.549906,0.518233
John_Travolta_0002|John_Travolta_0006,1,0.573000,0.570419,0.553304
John_Travolta_0003|John_Travolta_0005,1,0.343500,0.341786,0.339944
John_Travolta_0005|John_Travolta_0007,1,0.408356,0.428109,0.396472
Jonathan_Mostow_0001|Jonathan_Mostow_0002,1,0.607274,0.593436,0.605978
Jorge_Arce_0001|Jorge_Arce_0002,1,0.738826,0.729730,0.723813
Joschka_Fischer_0001|Joschka_Fischer_0010,1,0.743159,0.711186,0.729195
Joschka_Fischer_0006|Joschka_Fischer_0011,1,0.554479,0.506038,0.509493
Joschka_Fischer_0007|Joschka_Fischer_0011,1,0.542381,0.535076,0.537117
Joschka_Fischer_0011|Joschka_Fischer_0017,1,0.551482,0.472031,0.508732
Joschka_Fischer_0015|Joschka_Fischer_0016,1,0.728519,0.740401,0.725618
Jose_Canseco_0001|Jose_Canseco_0003,1,0.605959,0.609586,0.596138
Juan_Manuel_Marquez_0001|Juan_Manuel_Marquez_0002,1,0.730463,0.721979,0.730905
Juan_Manuel_Marquez_0001|Juan_Manuel_Marquez_0003,1,0.779601,0.775394,0.778959
Juan_Manuel_Marquez_0002|Juan_Manuel_Marquez_0003,1,0.620221,0.625865,0.645994
Juan_Valencia_Osorio_0001|Juan_Valencia_Osorio_0002,1,0.461375,0.381353,0.421665
Julie_Gerberding_0009|Julie_Gerberding_0013,1,0.716002,0.662845,0.692823
Julie_Gerberding_0012|Julie_Gerberding_0015,1,0.612131,0.599486,0.595346
Kate_Hudson_0001|Kate_Hudson_0004,1,0.383652,0.387581,0.358942
Kate_Hudson_0001|Kate_Hudson_0008,1,0.518818,0.499332,0.498188
Kate_Hudson_0002|Kate_Hudson_0003,1,0.518941,0.464288,0.495115
Kate_Hudson_0004|Kate_Hudson_0009,1,0.359309,0.392210,0.351543
Kate_Hudson_0006|Kate_Hudson_0007,1,0.577351,0.544396,0.588032
Kemal_Dervis_0001|Kemal_Dervis_0003,1,0.654390,0.644165,0.648882
Kemal_Dervis_0002|Kemal_Dervis_0003,1,0.664787,0.668982,0.685693
Kenneth_Evans_0001|Kenneth_Evans_0002,1,0.821599,0.796063,0.795477
Kifah_Ajouri_0001|Kifah_Ajouri_0002,1,0.768847,0.735942,0.737936
Larry_Lucchino_0001|Larry_Lucchino_0002,1,0.666907,0.643418,0.644242
Latrell_Sprewell_0001|Latrell_Sprewell_0002,1,0.493368,0.492485,0.476619
Lech_Walesa_0001|Lech_Walesa_0002,1,0.556261,0.557186,0.531367
Lee_Tae-sik_0001|Lee_Tae-sik_0002,1,0.540472,0.476600,0.508655
Lisa_Marie_Presley_0001|Lisa_Marie_Presley_0003,1,0.513273,0.466900,0.462506
Liza_Minnelli_0002|Liza_Minnelli_0003,1,0.811517,0.806216,0.815156
Liza_Minnelli_0003|Liza_Minnelli_0004,1,0.555999,0.547081,0.560658
Liza_Minnelli_0003|Liza_Minnelli_0006,1,0.683419,0.693142,0.705429
Liza_Minnelli_0004|Liza_Minnelli_0005,1,0.674708,0.625788,0.638256
Liza_Minnelli_0005|Liza_Minnelli_0006,1,0.570511,0.558372,0.557952
Liza_Minnelli_0006|Liza_Minnelli_0007,1,0.762552,0.735296,0.744607
Madonna_0001|Madonna_0004,1,0.358803,0.395213,0.328286
Madonna_0002|Madonna_0003,1,0.476352,0.419909,0.429459
Madonna_0004|Madonna_0005,1,0.396249,0.405813,0.371512
Mariah_Carey_0003|Mariah_Carey_0006,1,0.467026,0.439218,0.466897
Mary_Tyler_Moore_0001|Mary_Tyler_Moore_0002,1,0.561079,0.508754,0.520953
Mathias_Reichhold_0001|Mathias_Reichhold_0002,1,0.644630,0.610387,0.600555
Matt_Damon_0001|Matt_Damon_0002,1,0.594165,0.565245,0.592043
Matt_Damon_0001|Matt_Damon_0003,1,0.574800,0.594861,0.603793
Matt_Damon_0002|Matt_Damon_0004,1,0.585744,0.580734,0.569731
Matt_Damon_0003|Matt_Damon_0004,1,0.488790,0.514801,0.504478
Maureen_Fanning_0001|Maureen_Fanning_0002,1,0.587222,0.574960,0.565670
Melanie_Griffith_0001|Melanie_Griffith_0002,1,0.393760,0.376300,0.390023
Melanie_Griffith_0001|Melanie_Griffith_0003,1,0.381324,0.367163,0.353631
Melanie_Griffith_0002|Melanie_Griffith_0003,1,0.364065,0.334545,0.343105
Michael_Ballack_0001|Michael_Ballack_0002,1,0.467558,0.448208,0.489858
Michael_Winterbottom_0001|Michael_Winterbottom_0003,1,0.657035,0.623529,0.654168
Michael_Winterbottom_0002|Michael_Winterbottom_0003,1,0.805493,0.775928,0.778345
Michelle_Collins_0001|Michelle_Collins_0002,1,0.770317,0.743528,0.753827
Milo_Maestrecampo_0001|Milo_Maestrecampo_0002,1,0.748298,0.693342,0.693997
Mohamed_Benaissa_0001|Mohamed_Benaissa_0002,1,0.546703,0.540379,0.530515
Mohamed_ElBaradei_0002|Mohamed_ElBaradei_0004,1,0.677129,0.694953,0.656827
Mohamed_ElBaradei_0003|Mohamed_ElBaradei_0008,1,0.644029,0.639338,0.642674
Muhammad_Ali_0001|Muhammad_Ali_0003,1,0.437171,0.405936,0.422855
Muhammad_Ali_0001|Muhammad_Ali_0007,1,0.535655,0.515438,0.514677
Muhammad_Ali_0002|Muhammad_Ali_0005,1,0.703337,0.689028,0.712519
Muhammad_Ali_0006|Muhammad_Ali_0010,1,0.664876,0.637544,0.637985
Muhammad_Ali_0007|Muhammad_Ali_0009,1,0.739523,0.720347,0.726844
Mukesh_Ambani_0001|Mukesh_Ambani_0002,1,0.521390,0.483966,0.507451
Mukesh_Ambani_0001|Mukesh_Ambani_0003,1,0.491601,0.470913,0.487723
Paris_Hilton_0001|Paris_Hilton_0002,1,0.836980,0.832202,0.807587
Pat_Cox_0001|Pat_Cox_0002,1,0.766176,0.736876,0.731021
Paul_Burrell_0003|Paul_Burrell_0007,1,0.768961,0.729475,0.762279
Paul_Burrell_0005|Paul_Burrell_0011,1,0.636288,0.568764,0.585884
Paul_Burrell_0008|Paul_Burrell_0010,1,0.902605,0.867240,0.883829
Paul_Wolfowitz_0008|Paul_Wolfowitz_0010,1,0.781820,0.773443,0.768376
Paula_Radcliffe_0001|Paula_Radcliffe_0002,1,0.707630,0.704293,0.688474
Paula_Radcliffe_0001|Paula_Radcliffe_0003,1,0.428767,0.378793,0.383245
Paula_Radcliffe_0002|Paula_Radcliffe_0003,1,0.442265,0.388055,0.369401
Paula_Radcliffe_0002|Paula_Radcliffe_0004,1,0.338605,0.307466,0.316540
Paula_Radcliffe_0003|Paula_Radcliffe_0004,1,0.226510,0.219354,0.222181
Paula_Radcliffe_0003|Paula_Radcliffe_0005,1,0.373118,0.350609,0.351366
Paula_Radcliffe_0004|Paula_Radcliffe_0005,1,0.134533,0.143980,0.132032
Paulo_Cesar_Pinheiro_0001|Paulo_Cesar_Pinheiro_0002,1,0.921717,0.899172,0.900154
Pedro_Solbes_0001|Pedro_Solbes_0003,1,0.543263,0.528224,0.512043
Pedro_Solbes_0001|Pedro_Solbes_0004,1,0.474765,0.438605,0.425862
Pedro_Solbes_0002|Pedro_Solbes_0003,1,0.680253,0.683920,0.663384
Pedro_Solbes_0003|Pedro_Solbes_0004,1,0.684591,0.676544,0.663669
Pete_Carroll_0001|Pete_Carroll_0002,1,0.550805,0.501649,0.543168
Pete_Carroll_0001|Pete_Carroll_0003,1,0.519299,0.518441,0.517450
Pete_Carroll_0002|Pete_Carroll_0003,1,0.558901,0.513103,0.545518
Pete_Sampras_0002|Pete_Sampras_0012,1,0.560332,0.524106,0.536407
Pete_Sampras_0002|Pete_Sampras_0013,1,0.497876,0.474817,0.479084
Pete_Sampras_0003|Pete_Sampras_0015,1,0.505565,0.483114,0.494986
Pete_Sampras_0004|Pete_Sampras_0020,1,0.557370,0.543680,0.548296
Pete_Sampras_0006|Pete_Sampras_0007,1,0.647664,0.622670,0.631267
Pete_Sampras_0006|Pete_Sampras_0008,1,0.606341,0.606254,0.609225
Pete_Sampras_0010|Pete_Sampras_0013,1,0.567686,0.552740,0.557919
Pete_Sampras_0012|Pete_Sampras_0015,1,0.721577,0.695538,0.689487
Peter_Struck_0001|Peter_Struck_0005,1,0.564043,0.540564,0.543987
Peter_Struck_0002|Peter_Struck_0005,1,0.542581,0.557580,0.565419
Phil_Vassar_0001|Phil_Vassar_0002,1,0.588387,0.607317,0.602172
Pierre_Boulanger_0001|Pierre_Boulanger_0002,1,0.732225,0.679096,0.687541
Prince_Willem-Alexander_0001|Prince_Willem-Alexander_0002,1,0.584898,0.551836,0.566347
Prince_Willem-Alexander_0001|Prince_Willem-Alexander_0003,1,0.609781,0.602816,0.593163
Prince_Willem-Alexander_0002|Prince_Willem-Alexander_0003,1,0.957995,0.947195,0.937228
Queen_Elizabeth_II_0003|Queen_Elizabeth_II_0007,1,0.611976,0.599585,0.575369
Queen_Elizabeth_II_0009|Queen_Elizabeth_II_0012,1,0.704829,0.705213,0.688662
Queen_Elizabeth_II_0010|Queen_Elizabeth_II_0011,1,0.624380,0.609185,0.596221
Queen_Elizabeth_II_0010|Queen_Elizabeth_II_0012,1,0.534954,0.552292,0.508154
Ray_Nagin_0001|Ray_Nagin_0002,1,0.674269,0.649332,0.643566
Ricardo_Maduro_0001|Ricardo_Maduro_0002,1,0.603417,0.578637,0.578162
Richard_Branson_0001|Richard_Branson_0002,1,0.550736,0.511892,0.511654
Richard_Virenque_0001|Richard_Virenque_0004,1,0.390283,0.383167,0.385793
Richard_Virenque_0001|Richard_Virenque_0006,1,0.538548,0.520368,0.531980
Richard_Virenque_0001|Richard_Virenque_0007,1,0.441956,0.464936,0.423374
Richard_Virenque_0002|Richard_Virenque_0007,1,0.488275,0.484811,0.481250
Richard_Virenque_0002|Richard_Virenque_0008,1,0.441454,0.430955,0.460303
Rick_Carlisle_0002|Rick_Carlisle_0004,1,0.657849,0.690250,0.646412
Rick_Wagoner_0001|Rick_Wagoner_0002,1,0.569279,0.548261,0.560433
Robbie_Williams_0001|Robbie_Williams_0002,1,0.502248,0.490404,0.469824
Robbie_Williams_0001|Robbie_Williams_0003,1,0.360227,0.333477,0.334005
Roberto_Carlos_0002|Roberto_Carlos_0003,1,0.710650,0.673955,0.702721
Roberto_Carlos_0002|Roberto_Carlos_0004,1,0.580399,0.526030,0.563995
Ruben_Studdard_0001|Ruben_Studdard_0002,1,0.667121,0.661280,0.678196
Sammy_Sosa_0001|Sammy_Sosa_0002,1,0.435993,0.423094,0.398462
Sarah_Jessica_Parker_0001|Sarah_Jessica_Parker_0003,1,0.367080,0.362470,0.335195
Sarah_Jessica_Parker_0002|Sarah_Jessica_Parker_0004,1,0.406421,0.398426,0.417764
Sarah_Jessica_Parker_0003|Sarah_Jessica_Parker_0004,1,0.480882,0.510383,0.488816
Sharon_Davis_0001|Sharon_Davis_0002,1,0.584165,0.549776,0.545300
Shaul_Mofaz_0001|Shaul_Mofaz_0002,1,0.634128,0.642437,0.601532
Shaul_Mofaz_0002|Shaul_Mofaz_0003,1,0.719302,0.721016,0.687873
Stan_Heath_0001|Stan_Heath_0002,1,0.607454,0.560972,0.585594
Svetlana_Koroleva_0001|Svetlana_Koroleva_0002,1,0.860978,0.824817,0.805886
Terrell_Suggs_0001|Terrell_Suggs_0002,1,0.682433,0.678356,0.676764
Tim_Henman_0002|Tim_Henman_0012,1,0.577816,0.539469,0.548024
Tim_Henman_0008|Tim_Henman_0019,1,0.551200,0.524009,0.550578
Tom_Daschle_0007|Tom_Daschle_0008,1,0.808113,0.795746,0.806067
Tom_Daschle_0015|Tom_Daschle_0021,1,0.418419,0.414913,0.400386
Tom_Daschle_0015|Tom_Daschle_0022,1,0.678879,0.658611,0.668322
Tony_Curtis_0001|Tony_Curtis_0002,1,0.605640,0.605107,0.611430
Valentino_Rossi_0001|Valentino_Rossi_0002,1,0.684226,0.673647,0.675045
Valentino_Rossi_0002|Valentino_Rossi_0004,1,0.598164,0.608020,0.600103
Valentino_Rossi_0003|Valentino_Rossi_0006,1,0.486235,0.455326,0.445302
Valentino_Rossi_0004|Valentino_Rossi_0005,1,0.536105,0.529815,0.546461
Valentino_Rossi_0005|Valentino_Rossi_0006,1,0.586136,0.582106,0.572297
Vanessa_Redgrave_0001|Vanessa_Redgrave_0003,1,0.501499,0.478963,0.490702
Vanessa_Redgrave_0001|Vanessa_Redgrave_0004,1,0.526262,0.493901,0.529065
Vanessa_Redgrave_0002|Vanessa_Redgrave_0005,1,0.572399,0.554225,0.557948
Vanessa_Redgrave_0003|Vanessa_Redgrave_0004,1,0.738430,0.723118,0.732342
Victoria_Clarke_0001|Victoria_Clarke_0005,1,0.618946,0.599828,0.584624
Vladimiro_Montesinos_0001|Vladimiro_Montesinos_0002,1,0.509055,0.420365,0.426356
Vladimiro_Montesinos_0001|Vladimiro_Montesinos_0003,1,0.476681,0.425859,0.436553
Vladimiro_Montesinos_0002|Vladimiro_Montesinos_0003,1,0.555397,0.543621,0.538882
Wayne_Ferreira_0001|Wayne_Ferreira_0002,1,0.691073,0.667084,0.672281
Wayne_Ferreira_0001|Wayne_Ferreira_0003,1,0.705218,0.708803,0.708490
Wayne_Ferreira_0001|Wayne_Ferreira_0005,1,0.700406,0.681162,0.669915
Wayne_Ferreira_0002|Wayne_Ferreira_0005,1,0.706456,0.655159,0.669376
Wayne_Ferreira_0003|Wayne_Ferreira_0004,1,0.677515,0.646337,0.675824
Will_Smith_0001|Will_Smith_0002,1,0.519593,0.523222,0.504238
Yasser_Arafat_0001|Yasser_Arafat_0006,1,0.669657,0.665244,0.636721
Yasser_Arafat_0001|Yasser_Arafat_0008,1,0.780101,0.775165,0.731589
Yasser_Arafat_0002|Yasser_Arafat_0003,1,0.864367,0.862688,0.861354
Yasser_Arafat_0002|Yasser_Arafat_0005,1,0.706466,0.686487,0.695357
Yasser_Arafat_0003|Yasser_Arafat_0004,1,0.561404,0.540273,0.601622
Yasser_Arafat_0003|Yasser_Arafat_0008,1,0.821567,0.799930,0.785775
Yasser_Arafat_0004|Yasser_Arafat_0005,1,0.634145,0.649285,0.624834
Yasser_Arafat_0005|Yasser_Arafat_0008,1,0.644624,0.643974,0.617302
Yuri_Fedotov_0001|Yuri_Fedotov_0002,1,0.638317,0.624295,0.648964
Zoran_Djindjic_0001|Zoran_Djindjic_0003,1,0.678028,0.650195,0.650173
Zoran_Djindjic_0001|Zoran_Djindjic_0004,1,0.641710,0.652462,0.628342
Aaron_Patterson_0001|Frank_Bell_0001,0,-0.056705,0.011948,-0.049122
Abdoulaye_Wade_0004|Bruce_Weber_0002,0,0.073056,0.070049,0.067755
Abner_Martinez_0001|Carlos_Alberto_0001,0,0.028941,0.061420,0.059175
Adam_Sandler_0002|Matthew_Ouimet_0001,0,0.052394,0.021611,0.028326
Adam_Sandler_0003|Saeed_Anwar_0001,0,0.114666,0.132269,0.081704
Adolfo_Aguilar_Zinser_0003|Jaime_Pressly_0001,0,0.101589,0.094057,0.105279
Agnelo_Queiroz_0001|Aung_San_Suu_Kyi_0002,0,-0.010826,-0.049089,0.000649
Agnelo_Queiroz_0001|Dave_Barr_0001,0,-0.071630,-0.057941,-0.043239
Aicha_El_Ouafi_0003|Michael_Lechner_0001,0,-0.035342,-0.007719,-0.017679
Akbar_Hashemi_Rafsanjani_0001|Larry_Harris_0001,0,-0.007626,0.009162,0.014518
Al_Pacino_0002|Charles_Cope_0001,0,0.047632,0.068512,0.033462
Alex_Barros_0001|Brandon_Jones_0001,0,-0.097150,-0.076553,-0.085241
Alex_Barros_0002|Will_Smith_0002,0,0.001117,0.038148,-0.019034
Alex_Ferguson_0001|Rainer_Gut_0001,0,-0.019317,0.024899,-0.013028
Alex_Wallau_0001|Shireen_Amir_Begum_0001,0,-0.003487,0.000025,0.016089
Alexandra_Jackson_0001|Larry_Harris_0001,0,-0.096830,-0.081619,-0.118803
Alfonso_Portillo_0001|Benito_Santiago_0001,0,-0.013650,-0.035187,-0.016576
Alfonso_Portillo_0001|Faye_Alibocus_0001,0,0.089800,0.095990,0.079400
Alfonso_Portillo_0001|Fidel_Castro_0017,0,0.063180,0.077993,0.078594
Ali_Abdullah_Saleh_0001|Khalid_Qazi_0001,0,0.048519,0.059895,0.067002
Allan_Houston_0001|Andy_Garcia_0001,0,0.075330,0.044847,0.045048
Allan_Houston_0001|Heidi_Klum_0001,0,-0.079846,-0.082832,-0.053997
Allan_Houston_0001|Thomas_Mesereau_Jr_0001,0,0.030763,0.015145,0.033641
Ally_Sheedy_0001|Hugh_Carey_0001,0,0.098799,0.094239,0.110508
Ally_Sheedy_0001|Myung_Yang_0001,0,-0.000059,-0.008088,-0.035357
Amanda_Marsh_0001|Tony_Curtis_0002,0,-0.003404,0.015062,-0.012943
Anastasia_Myskina_0001|Raul_Gonzalez_0001,0,-0.072908,-0.063901,-0.049267
Anastasia_Myskina_0003|Len_Jenoff_0002,0,-0.087869,-0.042724,-0.051644
Andrzej_Tyszkiewicz_0001|Wes_Craven_0001,0,0.079738,0.079331,0.063340
Andy_Griggs_0001|Lech_Walesa_0002,0,-0.047791,-0.037625,-0.030657
Andy_Rooney_0001|Jessica_Simpson_0001,0,-0.068122,-0.071264,-0.073944
Anna_Nicole_Smith_0002|Marcus_Garrettson_0001,0,-0.013034,0.010581,-0.011962
Antonio_Palocci_0003|Liza_Minnelli_0001,0,-0.006892,0.015263,0.003990
Antonio_Palocci_0005|JC_Chasez_0001,0,0.111572,0.125368,0.106642
Antonio_Palocci_0005|Jose_Woldenberg_0001,0,-0.027429,-0.025440,-0.002587
Antonio_Palocci_0006|John_Geoghan_0001,0,0.004706,0.035143,0.019104
Antonio_Palocci_0008|Hans_Corell_0001,0,-0.083020,-0.039619,-0.066014
Arif_Mardin_0001|Eduardo_Fischer_0001,0,0.042528,0.048118,0.032528
Arnaud_Lagardere_0001|Melanie_Griffith_0003,0,-0.035162,-0.044487,-0.066381
Ashton_Kutcher_0002|Daniel_Barenboim_0001,0,-0.042274,-0.006679,-0.058665
Asif_Hanif_0001|Robbie_Williams_0001,0,-0.127600,-0.126757,-0.106306
Asmaa_Assad_0001|Barry_Hinson_0001,0,-0.031974,-0.013392,-0.037950
Aung_San_Suu_Kyi_0001|Charla_Moye_0001,0,0.011855,0.008296,0.027205
Azmi_Bishara_0001|Sammy_Sosa_0002,0,0.054016,0.059292,0.044270
Barry_Hinson_0001|Nino_DAngelo_0001,0,-0.083155,-0.038163,-0.090963
Barry_Zito_0002|Chris_Gratton_0001,0,-0.195677,-0.212055,-0.215765
Bill_Graham_0008|Michelle_Hofland_0001,0,-0.014199,0.034632,-0.001177
Bill_Graham_0009|Jacqueline_Marris_0001,0,-0.054170,-0.032304,-0.044350
Bill_Readdy_0001|Brendan_Gaughan_0001,0,-0.028170,-0.035394,-0.015640
Bill_Readdy_0001|Jaymon_Crabb_0001,0,-0.048882,-0.037877,-0.021047
Bill_Readdy_0001|Yasser_Arafat_0003,0,-0.055146,-0.007358,-0.063042
Billy_Rork_0001|Eva_Mendes_0001,0,0.016708,-0.026829,0.016289
Billy_Rork_0001|German_Khan_0001,0,0.016246,0.022902,0.010476
Billy_Rork_0001|Peter_Struck_0002,0,0.033608,0.054842,0.037687
Bison_Dele_0001|Brian_McIntyre_0001,0,-0.024352,0.004595,-0.033238
Bob_Dole_0002|Dai_Chul_Chyung_0001,0,-0.033483,0.007568,-0.019188
Bob_Dole_0002|John_Henry_0001,0,-0.025583,-0.029956,-0.035038
Bob_Dole_0003|Chris_Gratton_0001,0,-0.025072,0.052959,0.045384
Bob_Dole_0003|Hugh_Carey_0001,0,-0.011024,0.051519,0.018636
Bob_Geldof_0001|Zoran_Djindjic_0002,0,-0.049531,0.007668,-0.013805
Bob_Geldof_0002|Ed_Wade_0001,0,0.006578,0.043183,0.028768
Bob_Holden_0001|Fernando_Leon_de_Aranoa_0001,0,0.158914,0.177900,0.158880
Bob_Iger_0001|Edie_Falco_0001,0,-0.056073,-0.066603,-0.055779
Bob_Iger_0001|Jean-Claude_Van_Damme_0001,0,0.048481,0.057648,0.056800
Brian_Clemens_0001|Brian_Meadors_0001,0,0.009849,-0.040384,-0.023041
Brian_Clemens_0001|Melanie_Griffith_0002,0,-0.037152,-0.013803,-0.025010
Brian_Heidik_0002|Djabir_Said-Guerni_0001,0,0.077295,0.041272,0.043257
Brian_McIntyre_0001|Hans_Corell_0001,0,0.047397,-0.004409,0.007316
Brian_McIntyre_0001|Mohammed_Abulhasan_0001,0,-0.047999,-0.034287,-0.055577
Brian_Pavlich_0001|Ruben_Wolkowyski_0001,0,0.005027,-0.019693,0.000266
Brook_Robinson_0001|Tom_McClintock_0001,0,0.027512,0.029001,0.047548
Brooke_Adams_0001|Paula_Prentiss_0001,0,0.008626,-0.007792,0.000567
Brooke_Gordon_0001|Joschka_Fischer_0012,0,0.035705,0.012660,0.007865
Bruce_Weber_0001|Hal_Sellers_0001,0,0.056671,0.142819,0.053381
Bryan_Thomas_0001|Joey_Mantia_0001,0,-0.001403,0.017641,-0.011739
Bustam_A_Zedan_Aljanabi_0001|Kajsa_Bergqvist_0001,0,0.050728,0.025305,0.047817
Calvin_Joseph_Coleman_0001|Hassan_Nasrallah_0001,0,-0.172576,-0.134293,-0.190434
Carla_Sullivan_0001|Edie_Falco_0001,0,-0.044650,0.008498,-0.044481
Carlos_Barragan_0001|Chen_Shui-bian_0003,0,0.097071,0.093841,0.067921
Carlos_Salinas_0001|Norman_Mailer_0001,0,-0.089090,-0.080267,-0.116698
Carlos_Salinas_0001|Sonya_Walger_0001,0,0.004465,0.002766,-0.043493
Carolyn_Dawn_Johnson_0003|Lydia_Shum_0001,0,0.023093,0.036574,0.027130
Carolyn_Kuhl_0001|Pierre_Boulanger_0001,0,0.010530,0.053285,0.049942
Celine_Dion_0002|John_Stallworth_0002,0,0.095920,0.071809,0.050187
Celine_Dion_0005|Linda_Baboolal_0001,0,0.055553,0.066345,0.035001
Celine_Dion_0005|Tom_Poston_0001,0,-0.034840,-0.033862,-0.030327
Chakib_Khelil_0002|Chuck_Woolery_0001,0,0.015670,0.054567,0.013219
Charla_Moye_0001|Patti_Balgojevich_0001,0,-0.163875,-0.165846,-0.166830
Charles_Cope_0001|Garry_Alejano_0001,0,0.111897,0.156653,0.109042
Charles_Holzner_0001|Eurico_Guterres_0001,0,0.034190,0.045113,0.032762
Charles_Holzner_0001|Greg_Kinnear_0001,0,-0.142172,-0.099851,-0.139053
Chen_Shui-bian_0003|Gaston_Gaudio_0001,0,0.037517,0.040349,0.042274
Chris_Gratton_0001|Mario_Vasquez_Rana_0001,0,0.032462,0.067206,0.063096
Chris_Kolanas_0001|Joshua_Gracin_0001,0,-0.045479,-0.067860,-0.044293
Claudia_Pechstein_0002|Mireille_Jospin-Dandieu_0001,0,-0.126869,-0.052982,-0.142546
Clay_Aiken_0001|Svetlana_Koroleva_0001,0,-0.156097,-0.103425,-0.126078
Colin_Powell_0095|Frank_Hsieh_0001,0,0.028198,0.054390,0.020321
Craig_David_0001|Tom_McClintock_0001,0,-0.002003,0.026479,-0.000731
Craig_Wilson_0001|Kajsa_Bergqvist_0001,0,-0.048474,0.041896,0.019669
Cristina_Fernandez_0002|Stephen_Cooper_0001,0,-0.037543,-0.009461,-0.058986
Curtis_Joseph_0001|Terrell_Suggs_0002,0,0.035051,0.012983,0.028927
Cynthia_Rowley_0001|Michael_Friedman_0001,0,0.000666,-0.021603,-0.026535
Damon_van_Dam_0002|Jason_Sorens_0001,0,-0.030810,0.011097,-0.005272
Daniel_Barenboim_0001|Tyler_Grillo_0001,0,-0.017668,-0.021272,-0.023903
Daniel_Bruehl_0001|Gus_Frerotte_0001,0,-0.025124,0.001463,-0.011477
Daniel_Bruehl_0001|Max_Mosley_0001,0,0.144845,0.135485,0.115749
Daniel_Bruehl_0001|Ramon_Cardenas_0001,0,0.077809,0.101822,0.100761
Daniele_Bergamin_0001|Kenneth_Evans_0001,0,-0.027902,-0.004751,-0.016330
Danielle_Spencer_0001|Rachel_Wheatley_0001,0,-0.090039,-0.090670,-0.110040
Darcy_Regier_0001|William_Hurt_0001,0,-0.021910,0.003314,-0.024505
Dave_Matthews_0001|Linda_Dano_0001,0,-0.035277,-0.049656,-0.041341
Dave_Matthews_0001|Paul_Burrell_0007,0,0.004264,-0.030800,-0.019114
Dave_McNealey_0001|Gerald_Riley_0001,0,-0.031328,-0.001204,-0.021869
David_Bisbal_0001|Terri_Clark_0001,0,0.002948,0.061943,0.005798
David_Chase_0001|Ekaterina_Dmitriev_0001,0,0.055023,0.103671,0.093262
David_McKiernan_0001|Fernando_Leon_de_Aranoa_0001,0,0.002389,0.001316,-0.038437
David_McKiernan_0001|Jane_Leeves_0001,0,-0.004299,0.020786,0.012384
Dennis_Erickson_0002|Hisham_Halawi_0001,0,0.187285,0.251601,0.210355
Dennis_Erickson_0002|Noer_Muis_0001,0,-0.110798,-0.039725,-0.092420
Derek_Lowe_0002|Hisham_Halawi_0001,0,-0.070509,-0.054866,-0.053005
Derek_Lowe_0002|Madonna_0001,0,-0.020909,-0.008664,-0.004911
Derek_Lowe_0002|Mohamed_Benaissa_0001,0,-0.064778,-0.085282,-0.095462
Diego_Colorado_0001|Jason_Sorens_0001,0,-0.089557,-0.053173,-0.085276
Diego_Colorado_0001|John_Gordnick_0001,0,0.015903,0.045236,-0.004471
Diego_Diego_Lerman_0001|Francisco_Flores_0002,0,-0.006934,0.003278,0.005622
Diego_Diego_Lerman_0001|Lesley_Coppin_0001,0,0.032019,-0.004059,0.006100
Djabir_Said-Guerni_0001|Paul_Tracy_0001,0,-0.087849,-0.101648,-0.104279
Djabir_Said-Guerni_0001|Pedro_Solbes_0003,0,0.087748,0.072731,0.062333
Dominik_Hrbaty_0001|Toshi_Izawa_0001,0,0.006894,0.025991,0.027960
Donald_Keck_0001|Kyoko_Nakayama_0001,0,0.016633,0.038727,0.018748
Donald_Keck_0001|Tom_Poston_0001,0,0.011499,0.037853,0.032288
Donna_Walker_0001|Jacqueline_Marris_0001,0,-0.024947,-0.011121,0.003997
Dragan_Covic_0001|Todd_Reid_0001,0,0.005391,0.018833,-0.018363
Dudley_Rogers_0001|Syed_Ibrahim_0001,0,-0.076157,-0.027280,-0.054605
Dunn_Lampton_0001|Jessica_Simpson_0001,0,-0.063387,-0.005648,-0.053840
Dustin_Hoffman_0001|Nicole_Parker_0001,0,-0.013422,-0.072939,-0.058146
Ed_Wade_0001|Roger_Staubach_0001,0,-0.005609,0.007196,-0.016818
Ed_Wade_0001|Terri_Clark_0001,0,-0.004969,0.026518,0.023696
Eddie_Lucio_0001|Patti_Balgojevich_0001,0,-0.035722,-0.008732,0.004094
Eddie_Sutton_0001|James_Wattana_0001,0,-0.065674,-0.012525,-0.035137
Eddie_Sutton_0001|Jeanne_Anne_Schroeder_0001,0,0.025438,0.030605,0.021045
Eddie_Sutton_0002|Ronald_Ito_0001,0,-0.023517,-0.029530,-0.020841
Eduardo_Fischer_0001|Kimberly_Bruckner_0001,0,-0.043996,0.000707,-0.025355
Edward_Lohn_0001|Lily_Safra_0001,0,0.033136,0.061155,0.042014
Edward_Lohn_0001|Nino_DAngelo_0001,0,-0.024399,0.005535,-0.019860
Ekaterina_Dmitriev_0001|Mitch_Kupchak_0001,0,-0.030369,-0.049324,-0.016509
Eladio_Larez_0001|Frank_Pallone_0001,0,0.075462,0.102118,0.092209
Eli_Broad_0001|Ravan_AG_Farhadi_0001,0,0.048605,0.127350,0.048504
Elijah_Wood_0002|Stefano_Gabbana_0001,0,0.119717,0.136999,0.141440
Elijah_Wood_0003|Marcus_Garrettson_0001,0,-0.113315,-0.057868,-0.105267
Elijan_Ingram_0001|Michelle_Hofland_0001,0,0.053736,0.035445,0.067951
Elijan_Ingram_0001|Nastia_Liukin_0001,0,-0.051320,-0.018826,-0.028154
Elvis_Costello_0001|Jaime_Pressly_0001,0,-0.059634,-0.057561,-0.085558
Emelie_Loit_0001|Thomas_Mesereau_Jr_0001,0,-0.014506,-0.055889,-0.058368
Eric_Staal_0001|Jerry_Lewis_0001,0,-0.044679,-0.000415,-0.035138
Erin_Hershey_Presley_0001|Frank_Dunham_Jr_0001,0,-0.031082,-0.020817,-0.044508
Erin_Hershey_Presley_0001|Yukio_Hatoyama_0001,0,-0.074074,-0.036547,-0.074502
Eva_Mendes_0001|Larry_Harris_0001,0,0.050863,0.125348,0.084354
Faye_Alibocus_0001|Frank_Bell_0001,0,0.002900,0.003541,-0.023740
Faye_Alibocus_0001|Tommy_Tubberville_0001,0,0.049176,0.072374,0.042650
Felix_Mantilla_0001|Jerry_Lewis_0001,0,0.112032,0.091618,0.091932
Fernando_Leon_de_Aranoa_0001|John_Scarlett_0001,0,0.038446,0.057085,0.002621
Fernando_Leon_de_Aranoa_0001|Mike_Leach_0001,0,-0.040003,-0.046077,-0.062453
Fidel_Castro_0007|Hu_Maoyuan_0001,0,-0.000871,0.019266,-0.013431
Francisco_Flores_0004|Hisham_Halawi_0001,0,-0.095503,-0.036949,-0.059411
Frank_Bell_0001|Khatol_Mohammad_Zai_0001,0,-0.059148,-0.058132,-0.072066
Frank_Dunham_Jr_0001|Tom_McClintock_0001,0,-0.063124,-0.083158,-0.080755
Frank_Hsieh_0001|Paula_Prentiss_0001,0,-0.031216,-0.014905,-0.040920
Frank_Pallone_0001|Jim_Wall_0001,0,0.018724,0.050304,0.002769
Frank_Pallone_0001|Mary_Tyler_Moore_0002,0,-0.022180,0.021214,0.014730
Frank_Schmoekel_0001|Ronald_Ito_0001,0,-0.010297,-0.003209,-0.019374
Franko_Simatovic_0002|Tyler_Grillo_0001,0,0.156776,0.138552,0.155499
Franz_Gsell_0001|John_Scarlett_0001,0,0.105500,0.094551,0.096530
Franz_Gsell_0001|Sarah_Jessica_Parker_0002,0,-0.119554,-0.136595,-0.104065
Fred_Eckhard_0001|Rachel_Wheatley_0001,0,-0.075969,-0.073605,-0.082934
Garry_Alejano_0001|Iban_Mayo_0001,0,0.008124,0.059701,0.008002
Garry_Alejano_0001|Michael_Olowokandi_0001,0,-0.109209,-0.115842,-0.114313
Garry_Alejano_0001|Peter_Struck_0005,0,-0.027478,0.022902,0.005384
Gary_Marshall_0001|Rashid_Qureshi_0001,0,-0.026349,-0.005755,-0.024255
Gerald_Fitch_0001|Robin_Williams_0001,0,-0.053172,0.006463,-0.067223
Gerald_Riley_0001|Michael_Hagee_0001,0,-0.062018,-0.028039,-0.046958
Grady_Little_0001|Robert_Morvillo_0001,0,0.045599,0.066556,0.020086
Hal_Sellers_0001|Janet_Thorpe_0001,0,0.026034,0.042181,0.032917
Hans_Corell_0001|John_Gordnick_0001,0,-0.050817,-0.040887,-0.024062
Heidi_Klum_0002|Paul_Reiser_0001,0,-0.070286,-0.032674,-0.051363
Heidi_Klum_0003|Pedro_Solbes_0001,0,0.001789,0.032941,0.018093
Hermando_Harton_0001|Paris_Hilton_0002,0,0.065915,0.095185,0.050994
Holly_Robinson_Peete_0001|Michael_Hagee_0001,0,-0.079407,-0.032816,-0.044930
Howard_Ross_0001|Kajsa_Bergqvist_0001,0,-0.007950,0.036287,0.017294
Howard_Ross_0001|Patsy_Hardy_0001,0,0.114599,0.144397,0.116342
Hugh_Carey_0001|Lawrence_Roberts_0001,0,-0.004808,-0.030386,-0.035357
Hugh_Carey_0001|Tracee_Treadwell_0001,0,-0.005591,0.006547,-0.009083
Iban_Mayo_0002|Juan_Valencia_Osorio_0001,0,-0.083197,-0.071432,-0.096687
Iban_Mayo_0002|Rosalie_Perkov_0001,0,0.109772,0.138182,0.122688
Ibrahim_Al-Marashi_0001|John_Travolta_0003,0,0.037795,0.066717,0.053296
Ibrahim_Al-Marashi_0001|Joshua_Gracin_0001,0,0.077263,0.087351,0.070286
Imad_Moustapha_0002|Kyoko_Nakayama_0001,0,0.044046,0.068577,0.031045
Ira_Einhorn_0001|John_Ruiz_0002,0,-0.003983,0.005699,-0.002560
Jacqueline_Marris_0001|Matthew_Ouimet_0001,0,0.056544,0.050534,0.038364
Jaime_Pressly_0001|Tiago_Splitter_0001,0,0.010414,0.020440,-0.004930
James_Brown_0001|Mary_Blige_0001,0,-0.019625,-0.032481,-0.030097
James_Brown_0001|Paul_Reiser_0001,0,-0.010796,-0.024680,-0.006897
James_Mathis_0001|Yuri_Fedotov_0001,0,-0.040871,-0.039101,-0.049793
James_Wattana_0001|Paul_Reiser_0001,0,0.074944,0.036911,0.041139
James_Wattana_0001|Ron_Kirk_0001,0,0.115746,0.178518,0.112345
James_Young_0001|Jeffrey_Scott_Postell_0002,0,0.026121,0.052597,0.024648
James_Young_0001|Ronald_Harwood_0001,0,-0.062068,-0.017365,-0.068837
Jane_Leeves_0001|Tom_McClintock_0001,0,0.007109,0.033164,-0.004987
Janet_Crawford_0001|Thomas_Scavone_0001,0,-0.013355,-0.036974,-0.031839
Jason_Sorens_0001|Lidija_Djukanovic_0001,0,-0.049528,-0.088389,-0.074514
Jason_Vale_0001|Marcus_Garrettson_0001,0,-0.004052,0.018102,0.007576
Jason_Vale_0001|Zoran_Djindjic_0003,0,0.028943,0.026837,0.027429
Jaymon_Crabb_0001|Ted_Christopher_0001,0,0.134515,0.133278,0.166038
Jeff_Weaver_0001|Kyoko_Nakayama_0001,0,-0.030127,0.013655,-0.014336
Jeff_Weaver_0001|Rosalie_Perkov_0001,0,0.080911,0.097514,0.105555
Jeffrey_Scott_Postell_0001|Tara_Dawn_Christensen_0001,0,-0.114706,-0.058935,-0.103703
Jeffrey_Scott_Postell_0002|Lesley_Coppin_0001,0,0.012766,0.046673,0.020154
Jennifer_Capriati_0026|Ruben_Wolkowyski_0001,0,0.030080,-0.002383,0.008605
Jim_Bunning_0001|Terence_Newman_0001,0,0.108982,0.150291,0.107519
Jim_Jeffords_0001|Peter_Rasch_0001,0,0.067159,0.075469,0.044667
Jim_Jeffords_0001|Tom_Sizemore_0001,0,0.061937,0.088107,0.048768
Job_Cohen_0001|John_Stockton_0002,0,0.102304,0.097067,0.096690
John_Franco_0001|Paul_Wolfowitz_0004,0,0.045932,0.061334,0.072658
John_Gordnick_0001|Linda_Dano_0001,0,0.015857,-0.024171,-0.001057
John_Gordnick_0001|Paul_Vathis_0001,0,-0.075471,-0.035600,-0.072267
John_Gordnick_0001|Yasser_Arafat_0003,0,-0.071026,-0.002671,-0.048322
John_Stockton_0004|Patsy_Hardy_0001,0,0.111961,0.111149,0.075550
John_Travolta_0002|Lech_Walesa_0001,0,-0.102296,-0.055340,-0.078549
Juan_Valencia_Osorio_0001|Tom_Daschle_0006,0,0.044077,0.050351,0.044382
Juergen_Schrempp_0001|Mitt_Romney_0001,0,0.110905,0.062714,0.087307
Julien_Boutter_0001|Saeed_Anwar_0001,0,-0.041422,-0.012893,-0.028201
Kaisser_Bazan_0001|Lawrence_Vito_0001,0,-0.018111,0.014973,-0.023886
Kaisser_Bazan_0001|Pierre_Lacroix_0001,0,0.004736,0.042020,-0.007037
Kajsa_Bergqvist_0001|Tayshaun_Prince_0001,0,-0.140360,-0.084277,-0.091501
Keith_Snyder_0001|Terri_Clark_0001,0,-0.045114,-0.044677,-0.051443
Kemal_Dervis_0003|Roger_Staubach_0001,0,-0.070991,-0.014433,-0.064293
Kifah_Ajouri_0001|Laurie_Pirtle_0001,0,0.030375,0.030234,0.004740
Kifah_Ajouri_0001|Raul_Gonzalez_0001,0,-0.082072,-0.050475,-0.076814
Kimberly_Bruckner_0001|Pete_Carroll_0001,0,-0.004035,0.001791,0.001358
Kirk_Douglas_0001|Nida_Blanca_0001,0,0.022592,0.049964,0.060800
Larry_Harris_0001|Michael_Lechner_0001,0,-0.026687,0.014217,-0.011404
Larry_Lucchino_0001|Rudy_Tomjanovich_0001,0,0.060385,0.087570,0.076112
Latrell_Sprewell_0001|Rosalie_Perkov_0001,0,0.007837,0.049156,0.006784
Laura_Schlessinger_0001|Tony_Curtis_0001,0,0.031456,0.057197,0.065595
Laurie_Pirtle_0001|Roberta_Combs_0001,0,0.023410,0.051094,0.061174
Lawrence_Roberts_0001|Lynne_Thigpen_0001,0,-0.031343,-0.026408,-0.042038
Lawrence_Roberts_0001|Nick_Cassavetes_0001,0,0.068286,0.082064,0.078424
Lech_Walesa_0002|Rick_Wagoner_0002,0,0.054997,0.044728,0.026198
Len_Jenoff_0002|Tom_Daschle_0007,0,-0.122274,-0.141982,-0.150371
Lew_Rywin_0001|Terri_Clark_0001,0,0.021785,0.047310,0.034432
Linda_Dano_0001|Terence_Newman_0001,0,-0.044061,-0.030583,-0.051154
Lydia_Shum_0001|Mario_Vasquez_Rana_0001,0,-0.001618,0.015268,-0.005862
Lynne_Thigpen_0001|Mary_Blige_0001,0,0.001545,0.051033,0.007628
Malcolm_Glazer_0001|Noer_Muis_0001,0,-0.079529,-0.050216,-0.079561
Malcolm_Glazer_0001|Tabare_Vazquez_0001,0,-0.004813,0.057328,0.018862
Marc_Bulger_0001|Paul_Wolfowitz_0007,0,-0.052195,-0.041866,-0.072181
Marcus_Garrettson_0001|Pham_Sy_Chien_0001,0,0.139763,0.113343,0.118198
Marcus_Garrettson_0001|Roberto_Carlos_0003,0,0.182855,0.174143,0.200180
Maribel_Dominguez_0001|Michael_Winterbottom_0003,0,0.130300,0.131488,0.094973
Marion_Barry_0001|Steve_Peace_0001,0,0.006749,0.036699,0.006654
Mark_Hogan_0001|Queen_Elizabeth_II_0011,0,-0.112671,-0.074692,-0.117485
Mark_Hogan_0001|Roger_Toussaint_0001,0,0.032861,0.017649,0.049014
Mary_Blige_0001|Raul_Gonzalez_0001,0,0.056968,0.005914,0.015939
Massoud_Barzani_0001|Pierre_Lacroix_0001,0,0.033161,0.019860,0.044203
Max_Mosley_0001|Raul_Gonzalez_0001,0,-0.081094,-0.102204,-0.088002
Melvin_Talbert_0001|Rudy_Tomjanovich_0001,0,-0.031226,-0.021530,-0.023921
Michael_Hagee_0001|Sonya_Walger_0001,0,-0.017581,-0.004750,-0.030907
Michael_Killeen_0001|Sammy_Sosa_0002,0,0.048494,0.079126,0.051631
Michael_Olowokandi_0001|Pete_Carroll_0002,0,0.189113,0.179619,0.197061
Michael_Winterbottom_0001|Pierre_Boulanger_0001,0,0.059445,0.073810,0.073615
Mike_Price_0002|Tom_Miller_0001,0,-0.000362,-0.010566,-0.018908
Milo_Maestrecampo_0001|Yuri_Fedotov_0001,0,-0.022120,-0.009110,-0.026676
Milo_Maestrecampo_0002|Steve_Peace_0001,0,-0.045143,-0.066330,-0.046389
Milo_Maestrecampo_0003|Stacey_Dales-Schuman_0001,0,0.012149,0.061284,0.037556
Mitt_Romney_0001|Nida_Blanca_0001,0,0.021101,0.076946,0.033812
Mohamed_ElBaradei_0008|Rachel_Wheatley_0001,0,-0.087649,-0.103359,-0.094441
Mohammad_Aktar_0001|Rafeeuddin_Ahmed_0001,0,0.044534,0.048049,0.039790
Mohammad_Aktar_0001|Tom_McClintock_0001,0,0.000252,0.006056,0.016235
Mohammed_Abulhasan_0001|Stephane_Rousseau_0001,0,-0.044597,-0.044356,-0.060895
Mohammed_Abulhasan_0001|Vladimiro_Montesinos_0001,0,0.056742,0.041625,0.030135
Nastia_Liukin_0001|Nicole_Parker_0001,0,-0.036563,-0.014594,-0.052148
Nastia_Liukin_0001|Sharon_Davis_0002,0,-0.132412,-0.102660,-0.157699
Nicolas_Latorre_0001|Paula_Prentiss_0001,0,0.022180,0.034438,0.019135
Nicolas_Latorre_0001|Vassilis_Xiros_0001,0,0.017468,0.017126,0.004606
Nicolas_Latorre_0001|William_Delahunt_0001,0,-0.045191,-0.037474,-0.026291
Pete_Sampras_0010|Stan_Heath_0001,0,0.083771,0.079536,0.075107
Phil_Vassar_0002|Tabare_Vazquez_0001,0,0.019099,0.049618,0.044068
Philip_Zalewski_0001|Stefan_Holm_0001,0,-0.040436,-0.051862,-0.009738
Roberto_Carlos_0001|Yasser_Arafat_0005,0,0.032253,0.046607,0.013825
Roger_Cook_0001|Wilbert_Foy_0001,0,0.049329,0.037550,0.011433
Roger_Staubach_0001|Severino_Antinori_0001,0,0.034278,0.021100,0.008956
Ron_Kirk_0001|Troy_Hudson_0001,0,0.018338,0.004613,0.004529
Sammy_Sosa_0002|Stan_Heath_0002,0,-0.009465,0.005626,-0.011205
Sandra_Ceccarelli_0001|Stephen_Cooper_0001,0,-0.045634,-0.016746,-0.052650
Sandra_Ceccarelli_0001|Tom_Coughlin_0001,0,-0.074508,-0.075371,-0.093309
Shireen_Amir_Begum_0001|Sushma_Swaraj_0001,0,0.025647,0.023039,0.030204
Sinead_OConnor_0001|Stephane_Rochon_0001,0,-0.054589,0.006417,-0.004364
Aitor_Gonzalez_0001|Aitor_Gonzalez_0002,1,0.619729,0.596038,0.606329
Alec_Baldwin_0002|Alec_Baldwin_0004,1,0.582387,0.593978,0.539112
Allison_Janney_0001|Allison_Janney_0002,1,0.625057,0.612428,0.601032
Alvaro_Noboa_0001|Alvaro_Noboa_0003,1,0.699664,0.681012,0.676285
Alvaro_Noboa_0002|Alvaro_Noboa_0003,1,0.602339,0.574491,0.591148
Amanda_Coetzer_0001|Amanda_Coetzer_0002,1,0.675376,0.653684,0.666222
Amer_al-Saadi_0001|Amer_al-Saadi_0003,1,0.668097,0.638517,0.636834
Amer_al-Saadi_0001|Amer_al-Saadi_0004,1,0.701501,0.682734,0.695449
Amer_al-Saadi_0002|Amer_al-Saadi_0004,1,0.660835,0.647909,0.644632
Ana_Guevara_0002|Ana_Guevara_0007,1,0.624118,0.610007,0.576615
Ana_Guevara_0003|Ana_Guevara_0007,1,0.649413,0.647307,0.645194
Anneli_Jaatteenmaki_0001|Anneli_Jaatteenmaki_0002,1,0.519878,0.496237,0.468199
Ari_Fleischer_0006|Ari_Fleischer_0009,1,0.713090,0.711312,0.724859
Ari_Fleischer_0007|Ari_Fleischer_0012,1,0.698103,0.695084,0.702839
Arianna_Huffington_0001|Arianna_Huffington_0002,1,0.446460,0.425526,0.441910
Arianna_Huffington_0001|Arianna_Huffington_0004,1,0.528085,0.478168,0.481131
Arianna_Huffington_0002|Arianna_Huffington_0003,1,0.619801,0.598207,0.590060
Arianna_Huffington_0002|Arianna_Huffington_0004,1,0.444643,0.431984,0.435790
Arnaud_Clement_0001|Arnaud_Clement_0002,1,0.402886,0.391689,0.351463
Arsinee_Khanjian_0001|Arsinee_Khanjian_0002,1,0.552772,0.570619,0.531293
Art_Howe_0001|Art_Howe_0002,1,0.598856,0.594076,0.564568
Art_Howe_0001|Art_Howe_0003,1,0.760101,0.763272,0.735570
Art_Howe_0001|Art_Howe_0004,1,0.503197,0.512089,0.519127
Art_Howe_0002|Art_Howe_0003,1,0.520263,0.508454,0.494710
Art_Howe_0003|Art_Howe_0004,1,0.476391,0.463777,0.482210
Ben_Affleck_0002|Ben_Affleck_0003,1,0.607413,0.567688,0.576665
Ben_Affleck_0002|Ben_Affleck_0004,1,0.482643,0.450978,0.456900
Ben_Affleck_0002|Ben_Affleck_0007,1,0.534605,0.490507,0.511241
Ben_Affleck_0003|Ben_Affleck_0006,1,0.514763,0.509948,0.518322
Ben_Affleck_0005|Ben_Affleck_0006,1,0.615430,0.607804,0.622689
Betsy_Smith_0001|Betsy_Smith_0002,1,0.664291,0.625644,0.628639
Bill_Callahan_0001|Bill_Callahan_0003,1,0.695829,0.680534,0.679674
Blythe_Hartley_0001|Blythe_Hartley_0002,1,0.569387,0.561785,0.544284
Bob_Huggins_0001|Bob_Huggins_0003,1,0.367912,0.378514,0.380096
Bob_Huggins_0003|Bob_Huggins_0004,1,0.409073,0.390833,0.370865
Bobby_Goldwater_0001|Bobby_Goldwater_0002,1,0.757280,0.753947,0.754421
Bono_0001|Bono_0002,1,0.525816,0.500727,0.526077
Bono_0001|Bono_0003,1,0.309851,0.308474,0.276776
Bono_0002|Bono_0003,1,0.366062,0.357638,0.363700
Brad_Garrett_0001|Brad_Garrett_0003,1,0.584728,0.543663,0.576951
Brad_Garrett_0002|Brad_Garrett_0003,1,0.620301,0.536638,0.622118
Brad_Garrett_0002|Brad_Garrett_0004,1,0.588586,0.517440,0.558427
Brian_Mulroney_0001|Brian_Mulroney_0002,1,0.640118,0.592935,0.631493
Bud_Selig_0001|Bud_Selig_0002,1,0.428768,0.439143,0.417820
Bud_Selig_0002|Bud_Selig_0003,1,0.529563,0.517438,0.527530
Bud_Selig_0002|Bud_Selig_0004,1,0.441719,0.429774,0.456373
Carla_Del_Ponte_0001|Carla_Del_Ponte_0002,1,0.615456,0.578160,0.596189
Carla_Del_Ponte_0002|Carla_Del_Ponte_0004,1,0.568212,0.582529,0.553406
Carla_Del_Ponte_0002|Carla_Del_Ponte_0005,1,0.680552,0.655514,0.666461
Carla_Del_Ponte_0003|Carla_Del_Ponte_0005,1,0.611874,0.522160,0.598064
Carlos_Ghosn_0001|Carlos_Ghosn_0002,1,0.762123,0.754462,0.732130
Carlos_Manuel_Pruneda_0001|Carlos_Manuel_Pruneda_0002,1,0.606751,0.578381,0.584567
Carlos_Manuel_Pruneda_0001|Carlos_Manuel_Pruneda_0003,1,0.648415,0.626817,0.622809
Carlos_Menem_0002|Carlos_Menem_0021,1,0.708462,0.695604,0.705591
Carlos_Menem_0005|Carlos_Menem_0018,1,0.598048,0.562830,0.588574
Carlos_Menem_0008|Carlos_Menem_0015,1,0.608304,0.597105,0.588263
Carlos_Menem_0011|Carlos_Menem_0012,1,0.535611,0.553694,0.536091
Carlos_Menem_0014|Carlos_Menem_0021,1,0.752035,0.726359,0.743485
Carlos_Menem_0016|Carlos_Menem_0018,1,0.694653,0.681433,0.679427
Carmen_Electra_0003|Carmen_Electra_0004,1,0.471747,0.440491,0.441716
Carmen_Electra_0004|Carmen_Electra_0006,1,0.569221,0.538841,0.537579
Charlotte_Rampling_0001|Charlotte_Rampling_0002,1,0.516493,0.513148,0.500468
Chick_Hearn_0001|Chick_Hearn_0002,1,0.701020,0.710802,0.689350
Christine_Todd_Whitman_0002|Christine_Todd_Whitman_0003,1,0.440814,0.412300,0.424379
Christine_Todd_Whitman_0005|Christine_Todd_Whitman_0006,1,0.390167,0.370456,0.362495
Christopher_Reeve_0001|Christopher_Reeve_0003,1,0.617191,0.576086,0.618688
Chuck_Amato_0001|Chuck_Amato_0002,1,0.800068,0.786136,0.770245
Cindy_Crawford_0002|Cindy_Crawford_0003,1,0.434674,0.411137,0.388554
Cindy_Margolis_0001|Cindy_Margolis_0002,1,0.529746,0.520674,0.499310
Claire_Danes_0001|Claire_Danes_0003,1,0.461178,0.388300,0.388106
Claire_Danes_0002|Claire_Danes_0003,1,0.775608,0.742238,0.718181
Conan_OBrien_0001|Conan_OBrien_0002,1,0.585999,0.561117,0.548537
Conan_OBrien_0002|Conan_OBrien_0003,1,0.596011,0.534881,0.548482
Conan_OBrien_0002|Conan_OBrien_0004,1,0.648390,0.647239,0.653443
Conchita_Martinez_0001|Conchita_Martinez_0002,1,0.812147,0.805517,0.809232
Conchita_Martinez_0001|Conchita_Martinez_0003,1,0.702770,0.705746,0.696950
Dan_Morales_0001|Dan_Morales_0002,1,0.629140,0.628452,0.638662
Dan_Morales_0001|Dan_Morales_0003,1,0.615995,0.566609,0.566531
David_Hyde_Pierce_0001|David_Hyde_Pierce_0002,1,0.605414,0.573386,0.582356
David_Hyde_Pierce_0001|David_Hyde_Pierce_0003,1,0.604638,0.587806,0.613204
David_Hyde_Pierce_0002|David_Hyde_Pierce_0003,1,0.729022,0.731018,0.712007
David_Hyde_Pierce_0002|David_Hyde_Pierce_0004,1,0.515813,0.504529,0.493260
David_Myers_0001|David_Myers_0002,1,0.557698,0.511387,0.543915
David_Nalbandian_0001|David_Nalbandian_0003,1,0.404673,0.415993,0.418903
David_Nalbandian_0002|David_Nalbandian_0009,1,0.426844,0.403467,0.441591
David_Nalbandian_0003|David_Nalbandian_0004,1,0.620326,0.606475,0.609369
David_Nalbandian_0004|David_Nalbandian_0013,1,0.485256,0.511533,0.469624
David_Nalbandian_0011|David_Nalbandian_0012,1,0.682126,0.668650,0.666260
David_Stern_0001|David_Stern_0002,1,0.557859,0.527791,0.552878
David_Stern_0002|David_Stern_0003,1,0.474363,0.448484,0.469938
Derek_Jeter_0002|Derek_Jeter_0003,1,0.500912,0.478172,0.486449
Derek_Jeter_0002|Derek_Jeter_0004,1,0.498902,0.482175,0.502045
Donatella_Versace_0001|Donatella_Versace_0003,1,0.476884,0.503202,0.468529
Donatella_Versace_0002|Donatella_Versace_0003,1,0.563169,0.575467,0.591655
Donna_Shalala_0001|Donna_Shalala_0002,1,0.785191,0.766691,0.780772
Edmund_Hillary_0001|Edmund_Hillary_0002,1,0.667664,0.656360,0.640663
Edmund_Hillary_0001|Edmund_Hillary_0003,1,0.645248,0.631353,0.626467
Edmund_Hillary_0002|Edmund_Hillary_0003,1,0.644790,0.617285,0.633821
Elisabeth_Schumacher_0001|Elisabeth_Schumacher_0002,1,0.014328,-0.030159,-0.005869
Elizabeth_Smart_0003|Elizabeth_Smart_0005,1,0.538575,0.517631,0.518957
Erin_Runnion_0001|Erin_Runnion_0003,1,0.569481,0.533601,0.557300
Erin_Runnion_0002|Erin_Runnion_0003,1,0.578396,0.571536,0.549575
Erin_Runnion_0002|Erin_Runnion_0004,1,0.549001,0.547877,0.529727
Erin_Runnion_0003|Erin_Runnion_0004,1,0.557761,0.561294,0.568959
Fernando_Henrique_Cardoso_0001|Fernando_Henrique_Cardoso_0002,1,0.431993,0.450949,0.445760
Fernando_Henrique_Cardoso_0001|Fernando_Henrique_Cardoso_0003,1,0.552651,0.585768,0.579275
Fernando_Henrique_Cardoso_0001|Fernando_Henrique_Cardoso_0004,1,0.632163,0.659594,0.648257
Fernando_Henrique_Cardoso_0002|Fernando_Henrique_Cardoso_0007,1,0.448501,0.428914,0.450559
Fernando_Henrique_Cardoso_0005|Fernando_Henrique_Cardoso_0007,1,0.599127,0.577392,0.587384
Fernando_Henrique_Cardoso_0006|Fernando_Henrique_Cardoso_0007,1,0.602041,0.554752,0.570400
Francis_Mer_0001|Francis_Mer_0002,1,0.533258,0.434506,0.478879
Franz_Fischler_0001|Franz_Fischler_0002,1,0.677680,0.638914,0.634084
Gary_Locke_0001|Gary_Locke_0002,1,0.704332,0.686493,0.696432
Gerry_Adams_0001|Gerry_Adams_0003,1,0.634493,0.631094,0.630321
Gerry_Adams_0001|Gerry_Adams_0007,1,0.728291,0.706704,0.721739
Gerry_Adams_0002|Gerry_Adams_0006,1,0.545942,0.521214,0.536603
Gerry_Adams_0003|Gerry_Adams_0005,1,0.669585,0.679596,0.668369
Gerry_Adams_0004|Gerry_Adams_0006,1,0.718579,0.690307,0.713008
Gerry_Adams_0005|Gerry_Adams_0006,1,0.676926,0.669089,0.663637
Gianna_Angelopoulos-Daskalaki_0001|Gianna_Angelopoulos-Daskalaki_0002,1,0.573047,0.599906,0.549812
Gil_de_Ferran_0001|Gil_de_Ferran_0005,1,0.508171,0.491620,0.519206
Gil_de_Ferran_0002|Gil_de_Ferran_0004,1,0.386380,0.372817,0.377418
Gil_de_Ferran_0003|Gil_de_Ferran_0005,1,0.537121,0.525540,0.519444
Goh_Kun_0001|Goh_Kun_0002,1,0.552686,0.551656,0.528840
Grady_Irvin_Jr_0001|Grady_Irvin_Jr_0002,1,0.729066,0.739964,0.720093
Gunter_Pleuger_0003|Gunter_Pleuger_0005,1,0.708745,0.667423,0.676999
Gunter_Pleuger_0003|Gunter_Pleuger_0006,1,0.749452,0.705387,0.721622
Harry_Belafonte_0001|Harry_Belafonte_0002,1,0.664405,0.637192,0.650875
Harry_Schmidt_0001|Harry_Schmidt_0003,1,0.712442,0.627496,0.646025
Harry_Schmidt_0001|Harry_Schmidt_0004,1,0.803859,0.762936,0.768130
Harry_Schmidt_0002|Harry_Schmidt_0003,1,0.813893,0.788563,0.786224
Harry_Schmidt_0003|Harry_Schmidt_0004,1,0.732589,0.700800,0.703472
Helen_Clark_0002|Helen_Clark_0004,1,0.751005,0.718726,0.738262
Hermann_Maier_0001|Hermann_Maier_0002,1,0.515321,0.499742,0.507195
Ian_Thorpe_0001|Ian_Thorpe_0007,1,0.589319,0.573753,0.596310
Ian_Thorpe_0001|Ian_Thorpe_0010,1,0.617426,0.608241,0.594619
Ian_Thorpe_0003|Ian_Thorpe_0009,1,0.434319,0.434219,0.444187
Ian_Thorpe_0005|Ian_Thorpe_0007,1,0.497921,0.499083,0.478702
Ian_Thorpe_0006|Ian_Thorpe_0010,1,0.439000,0.405464,0.388146
Isabelle_Huppert_0001|Isabelle_Huppert_0002,1,0.565041,0.551772,0.523697
James_Butts_0001|James_Butts_0002,1,0.736588,0.714509,0.723230
Jan-Michael_Gambill_0001|Jan-Michael_Gambill_0002,1,0.568094,0.571787,0.580102
Jan-Michael_Gambill_0002|Jan-Michael_Gambill_0003,1,0.490249,0.495117,0.503396
Jean-Francois_Pontal_0001|Jean-Francois_Pontal_0003,1,0.656100,0.647163,0.646877
Jean-Marc_de_La_Sabliere_0001|Jean-Marc_de_La_Sabliere_0002,1,0.530574,0.497164,0.503253
Jean-Sebastien_Giguere_0001|Jean-Sebastien_Giguere_0002,1,0.462480,0.459172,0.442172
Jeb_Bush_0001|Jeb_Bush_0006,1,0.541558,0.527881,0.488198
Jeb_Bush_0002|Jeb_Bush_0006,1,0.651987,0.654244,0.644743
Jeb_Bush_0005|Jeb_Bush_0007,1,0.659608,0.629207,0.659272
Jeffrey_Jones_0001|Jeffrey_Jones_0002,1,0.720817,0.697190,0.684679
Jim_OBrien_0001|Jim_OBrien_0002,1,0.020207,0.037955,0.057334
Jim_OBrien_0001|Jim_OBrien_0003,1,-0.009737,0.063467,0.012400
Joe_Gatti_0001|Joe_Gatti_0002,1,0.520574,0.500346,0.511060
John_Cusack_0001|John_Cusack_0002,1,0.579657,0.551776,0.548645
John_Edwards_0001|John_Edwards_0003,1,0.701765,0.701600,0.685832
John_Edwards_0001|John_Edwards_0007,1,0.519452,0.527835,0.495154
John_Edwards_0002|John_Edwards_0005,1,0.658580,0.618395,0.630654
John_Edwards_0003|John_Edwards_0007,1,0.616542,0.589145,0.603940
John_Edwards_0004|John_Edwards_0006,1,0.500943,0.516188,0.504698
John_Edwards_0004|John_Edwards_0008,1,0.558075,0.561997,0.557318
John_Edwards_0006|John_Edwards_0007,1,0.618174,0.604280,0.612653
John_Spencer_0001|John_Spencer_0002,1,0.827505,0.793783,0.785442
John_Taylor_0001|John_Taylor_0002,1,0.661304,0.634327,0.634485
John_Walsh_0001|John_Walsh_0002,1,0.654285,0.644026,0.617138
Jolanta_Kwasniewski_0001|Jolanta_Kwasniewski_0002,1,0.480099,0.494833,0.470667
Jose_Mourinho_0001|Jose_Mourinho_0002,1,0.494267,0.478561,0.509641
Juergen_Peters_0001|Juergen_Peters_0002,1,0.701552,0.693497,0.695533
Kalpana_Chawla_0001|Kalpana_Chawla_0004,1,0.764473,0.733824,0.749671
Kalpana_Chawla_0002|Kalpana_Chawla_0003,1,0.644444,0.617886,0.621282
Kalpana_Chawla_0002|Kalpana_Chawla_0005,1,0.673108,0.636841,0.630952
Kalpana_Chawla_0003|Kalpana_Chawla_0004,1,0.699602,0.665694,0.656585
Kelli_White_0001|Kelli_White_0002,1,0.777726,0.752819,0.754482
Kim_Jin-sun_0001|Kim_Jin-sun_0002,1,0.637835,0.635791,0.628384
Lana_Clarkson_0001|Lana_Clarkson_0002,1,0.516775,0.509000,0.497746
Laura_Hernandez_0001|Laura_Hernandez_0002,1,0.610915,0.611213,0.604798
Laura_Linney_0001|Laura_Linney_0002,1,0.588660,0.576515,0.584341
Laura_Linney_0001|Laura_Linney_0003,1,0.602698,0.602799,0.608086
Laura_Linney_0002|Laura_Linney_0004,1,0.624114,0.615939,0.646725
Laura_Linney_0003|Laura_Linney_0004,1,0.566112,0.584379,0.569133
Lenny_Wilkens_0001|Lenny_Wilkens_0002,1,0.723739,0.712257,0.722555
Lenny_Wilkens_0001|Lenny_Wilkens_0003,1,0.565603,0.552443,0.549786
Lenny_Wilkens_0002|Lenny_Wilkens_0003,1,0.582435,0.566307,0.567383
Lloyd_Ward_0001|Lloyd_Ward_0002,1,0.649986,0.649775,0.641204
Mahathir_Mohamad_0001|Mahathir_Mohamad_0007,1,0.365442,0.351763,0.358082
Mahathir_Mohamad_0001|Mahathir_Mohamad_0012,1,0.561389,0.564437,0.549598
Mahathir_Mohamad_0006|Mahathir_Mohamad_0010,1,0.625229,0.630433,0.618187
Mark_Cuban_0001|Mark_Cuban_0002,1,0.630586,0.620846,0.639824
Mark_Heller_0001|Mark_Heller_0002,1,0.596693,0.569685,0.575605
Mark_Schweiker_0001|Mark_Schweiker_0002,1,0.652333,0.629845,0.634568
Marty_Mornhinweg_0001|Marty_Mornhinweg_0002,1,0.568865,0.600020,0.573587
Marty_Mornhinweg_0001|Marty_Mornhinweg_0003,1,0.418855,0.405534,0.395036
Marty_Mornhinweg_0002|Marty_Mornhinweg_0003,1,0.608664,0.573515,0.582574
Michael_Phelps_0001|Michael_Phelps_0002,1,0.747176,0.724956,0.728398
Michael_Phelps_0002|Michael_Phelps_0004,1,0.578291,0.555600,0.558496
Mick_Jagger_0002|Mick_Jagger_0004,1,0.397621,0.376625,0.372473
Miguel_Estrada_0001|Miguel_Estrada_0002,1,0.625077,0.641456,0.631928
Mike_Myers_0001|Mike_Myers_0006,1,0.527184,0.530117,0.511155
Mike_Myers_0002|Mike_Myers_0003,1,0.530076,0.537871,0.517519
Mike_Myers_0002|Mike_Myers_0004,1,0.563872,0.517506,0.534494
Mike_Myers_0002|Mike_Myers_0005,1,0.490260,0.478618,0.465373
Nadine_Vinzens_0001|Nadine_Vinzens_0002,1,0.491903,0.448033,0.457671
Nathan_Lane_0001|Nathan_Lane_0002,1,0.486652,0.462747,0.454381
Nicolas_Cage_0001|Nicolas_Cage_0002,1,0.728309,0.709182,0.708959
Nicolas_Cage_0002|Nicolas_Cage_0004,1,0.687110,0.666449,0.666405
Nicolas_Cage_0003|Nicolas_Cage_0004,1,0.737733,0.727945,0.730210
Nicole_Kidman_0003|Nicole_Kidman_0011,1,0.405194,0.423591,0.416527
Nicole_Kidman_0008|Nicole_Kidman_0017,1,0.581943,0.564371,0.529454
Nicole_Kidman_0011|Nicole_Kidman_0013,1,0.619343,0.616700,0.605912
Nicole_Kidman_0013|Nicole_Kidman_0014,1,0.714224,0.658286,0.667038
Nicole_Kidman_0015|Nicole_Kidman_0019,1,0.185643,0.210623,0.211438
Omar_Sharif_0001|Omar_Sharif_0002,1,0.875104,0.866403,0.861802
Omar_Sharif_0001|Omar_Sharif_0003,1,0.748970,0.765997,0.769212
Omar_Sharif_0001|Omar_Sharif_0004,1,0.635334,0.601555,0.603724
Omar_Sharif_0002|Omar_Sharif_0003,1,0.726990,0.730851,0.730765
Parris_Glendening_0001|Parris_Glendening_0002,1,0.684188,0.677382,0.682666
Patrick_Leahy_0001|Patrick_Leahy_0002,1,0.607471,0.599008,0.632528
Patrick_McEnroe_0001|Patrick_McEnroe_0002,1,0.476615,0.476069,0.457652
Patrick_Stewart_0001|Patrick_Stewart_0002,1,0.605979,0.605784,0.586237
Paul_Gascoigne_0001|Paul_Gascoigne_0003,1,0.584056,0.577417,0.546807
Peter_Hillary_0001|Peter_Hillary_0002,1,0.785328,0.782240,0.754570
Phan_Van_Khai_0001|Phan_Van_Khai_0002,1,0.746840,0.735679,0.738332
Phan_Van_Khai_0001|Phan_Van_Khai_0003,1,0.710546,0.716439,0.701039
Phan_Van_Khai_0002|Phan_Van_Khai_0003,1,0.751140,0.746325,0.734931
Prince_Claus_0001|Prince_Claus_0004,1,0.440565,0.428637,0.455759
Prince_Claus_0002|Prince_Claus_0003,1,0.654178,0.667440,0.645096
Prince_Claus_0002|Prince_Claus_0004,1,0.521751,0.483133,0.525959
Raghad_Saddam_Hussein_0001|Raghad_Saddam_Hussein_0002,1,0.821050,0.787187,0.795895
Ray_Allen_0001|Ray_Allen_0002,1,0.517736,0.489424,0.501586
Ray_Allen_0002|Ray_Allen_0003,1,0.450510,0.434053,0.444515
Richard_Crenna_0001|Richard_Crenna_0002,1,0.636176,0.643088,0.630267
Richard_Gere_0001|Richard_Gere_0010,1,0.438332,0.425175,0.404402
Richard_Gere_0006|Richard_Gere_0009,1,0.556180,0.502343,0.508961
Richard_Myers_0001|Richard_Myers_0002,1,0.620621,0.601698,0.609624
Richard_Myers_0001|Richard_Myers_0004,1,0.670089,0.628136,0.646944
Richard_Myers_0004|Richard_Myers_0008,1,0.566421,0.557048,0.557919
Richard_Myers_0015|Richard_Myers_0016,1,0.704201,0.662171,0.653969
Rick_Romley_0001|Rick_Romley_0003,1,0.719636,0.672250,0.690313
Rob_Lowe_0001|Rob_Lowe_0003,1,0.697961,0.683538,0.666086
Rob_Lowe_0001|Rob_Lowe_0004,1,0.601473,0.542092,0.555509
Rob_Lowe_0002|Rob_Lowe_0003,1,0.598417,0.572774,0.562543
Rob_Lowe_0003|Rob_Lowe_0004,1,0.631473,0.592796,0.588603
Robby_Ginepri_0001|Robby_Ginepri_0002,1,0.514792,0.521191,0.499310
Robert_Witt_0001|Robert_Witt_0002,1,0.775245,0.771634,0.756882
Rod_Blagojevich_0001|Rod_Blagojevich_0002,1,0.686588,0.681648,0.679267
Rolandas_Paksas_0001|Rolandas_Paksas_0002,1,0.368809,0.373166,0.348252
Russell_Coutts_0001|Russell_Coutts_0002,1,0.656730,0.639104,0.637676
Ruth_Dreifuss_0001|Ruth_Dreifuss_0002,1,0.534355,0.510123,0.513501
Sally_Kirkland_0001|Sally_Kirkland_0004,1,0.548186,0.551409,0.519676
Sean_Patrick_OMalley_0001|Sean_Patrick_OMalley_0003,1,0.529140,0.550496,0.523891
Sebastian_Saja_0001|Sebastian_Saja_0002,1,0.434632,0.384693,0.431169
Sebastian_Saja_0001|Sebastian_Saja_0003,1,0.575627,0.564017,0.588494
Sila_Calderon_0001|Sila_Calderon_0002,1,0.666351,0.644955,0.675391
Sila_Calderon_0001|Sila_Calderon_0003,1,0.587038,0.559691,0.603028
Sila_Calderon_0001|Sila_Calderon_0004,1,0.662203,0.617353,0.645102
Sila_Calderon_0002|Sila_Calderon_0003,1,0.631942,0.620579,0.609258
Stanley_Tong_0001|Stanley_Tong_0002,1,0.652054,0.604393,0.628062
Steve_Park_0001|Steve_Park_0002,1,0.698289,0.672012,0.666568
Susie_Castillo_0001|Susie_Castillo_0002,1,0.678664,0.656749,0.664683
Sylvester_Stallone_0001|Sylvester_Stallone_0005,1,0.493906,0.507610,0.483883
Sylvester_Stallone_0002|Sylvester_Stallone_0004,1,0.310579,0.319459,0.290080
Sylvester_Stallone_0003|Sylvester_Stallone_0008,1,0.597088,0.626286,0.587620
Sylvester_Stallone_0004|Sylvester_Stallone_0005,1,0.320063,0.348018,0.320462
Takashi_Sorimachi_0001|Takashi_Sorimachi_0002,1,0.538519,0.506841,0.522347
Tang_Jiaxuan_0002|Tang_Jiaxuan_0006,1,0.722786,0.731265,0.696176
Tang_Jiaxuan_0002|Tang_Jiaxuan_0011,1,0.752889,0.755602,0.746768
Tang_Jiaxuan_0004|Tang_Jiaxuan_0009,1,0.550104,0.557396,0.562395
Tang_Jiaxuan_0005|Tang_Jiaxuan_0009,1,0.456222,0.440044,0.442811
Tang_Jiaxuan_0007|Tang_Jiaxuan_0010,1,0.624717,0.596021,0.602199
Terje_Roed-Larsen_0001|Terje_Roed-Larsen_0002,1,0.613984,0.555066,0.577494
Thomas_Birmingham_0001|Thomas_Birmingham_0002,1,0.561740,0.558153,0.543813
Tiger_Woods_0002|Tiger_Woods_0006,1,0.383501,0.392714,0.380974
Tiger_Woods_0003|Tiger_Woods_0021,1,0.759711,0.749556,0.740069
Tiger_Woods_0005|Tiger_Woods_0011,1,0.445849,0.457000,0.427901
Tiger_Woods_0005|Tiger_Woods_0012,1,0.346814,0.379718,0.367328
Tiger_Woods_0006|Tiger_Woods_0018,1,0.358667,0.354858,0.367212
Tiger_Woods_0006|Tiger_Woods_0021,1,0.385273,0.381622,0.369616
Tiger_Woods_0009|Tiger_Woods_0012,1,0.414947,0.404168,0.394172
Tiger_Woods_0009|Tiger_Woods_0023,1,0.534894,0.524576,0.533834
Tiger_Woods_0016|Tiger_Woods_0018,1,0.586618,0.556922,0.566069
Tim_Curry_0001|Tim_Curry_0002,1,0.735682,0.724340,0.720044
Tom_Brady_0001|Tom_Brady_0002,1,0.443668,0.417010,0.442599
Toshihiko_Fukui_0001|Toshihiko_Fukui_0002,1,0.819058,0.814337,0.799831
Toshihiko_Fukui_0001|Toshihiko_Fukui_0003,1,0.769278,0.769241,0.744479
Uma_Thurman_0001|Uma_Thurman_0003,1,0.588989,0.567564,0.576333
Uma_Thurman_0002|Uma_Thurman_0003,1,0.615366,0.591070,0.603823
Vaclav_Klaus_0001|Vaclav_Klaus_0002,1,0.593544,0.547516,0.566322
Vanessa_Incontrada_0001|Vanessa_Incontrada_0002,1,0.716619,0.712096,0.696135
Vanessa_Incontrada_0001|Vanessa_Incontrada_0003,1,0.816552,0.801004,0.816168
Vanessa_Incontrada_0001|Vanessa_Incontrada_0004,1,0.731270,0.703382,0.726255
Vanessa_Incontrada_0002|Vanessa_Incontrada_0003,1,0.655655,0.660153,0.641733
Vanessa_Incontrada_0002|Vanessa_Incontrada_0004,1,0.578109,0.530537,0.536123
Vanessa_Incontrada_0003|Vanessa_Incontrada_0004,1,0.630572,0.602133,0.650244
Vin_Diesel_0001|Vin_Diesel_0002,1,0.555891,0.527944,0.531142
Vladimir_Spidla_0001|Vladimir_Spidla_0002,1,0.735703,0.713684,0.698378
Vladimir_Spidla_0001|Vladimir_Spidla_0003,1,0.669308,0.642794,0.622926
Vladimir_Spidla_0002|Vladimir_Spidla_0003,1,0.706220,0.699522,0.686636
Win_Aung_0001|Win_Aung_0003,1,0.596091,0.573354,0.587051
Win_Aung_0001|Win_Aung_0004,1,0.642364,0.628714,0.622188
Zhang_Ziyi_0001|Zhang_Ziyi_0003,1,0.285851,0.287309,0.287915
Zhang_Ziyi_0002|Zhang_Ziyi_0003,1,0.667840,0.632342,0.618412
Adrian_Annus_0001|Jorge_Marquez-Ruarte_0001,0,0.005003,0.000896,0.014321
Adrian_Annus_0001|Patrick_Bourrat_0001,0,-0.030637,-0.012876,-0.018955
Adrian_Murrell_0001|Jose_Cevallos_0001,0,-0.019348,-0.007111,-0.006664
Adrian_Murrell_0001|Paul_Brandt_0001,0,0.004710,-0.003681,0.030620
Ahmed_Ibrahim_Bilal_0001|Beatrice_Dalle_0001,0,0.015228,0.028959,0.027541
Ahmed_Ibrahim_Bilal_0001|Lee_Chang-dong_0001,0,-0.056786,-0.071269,-0.038006
Aileen_Riggin_Soule_0001|Norio_Ohga_0001,0,-0.022664,0.012655,-0.006933
Aitor_Gonzalez_0002|Horace_Donovan_Reid_0001,0,0.043265,0.009171,0.031853
Ajit_Agarkar_0001|Jesse_James_0001,0,-0.034688,-0.057709,-0.028068
Akbar_Al_Baker_0001|Andrei_Konchalovsky_0001,0,0.045103,0.070175,0.037880
Akbar_Al_Baker_0001|Bobby_Goldwater_0001,0,0.099172,0.096190,0.050849
Alain_Cervantes_0001|Bob_Huggins_0003,0,-0.037568,0.009048,0.010619
Alain_Cervantes_0001|Pierre_Png_0001,0,-0.089229,-0.100184,-0.094697
Alanna_Ubach_0001|Paul_Gascoigne_0001,0,-0.020352,0.048055,-0.006087
Alec_Baldwin_0004|Goh_Kun_0002,0,-0.114252,-0.076625,-0.077289
Alex_Holmes_0001|Beatrice_Dalle_0001,0,0.008294,0.025265,0.004111
Alfred_Sant_0001|Randall_Tobias_0001,0,0.139296,0.145486,0.133646
Alfredo_Moreno_0001|Dyab_Abou_Jahjah_0001,0,0.063398,0.075651,0.051850
Alfredo_Moreno_0001|Suzanne_Torrance_0001,0,-0.015125,0.001363,-0.019929
Alfredo_Pena_0001|Emmanuel_Milingo_0001,0,0.104713,0.142762,0.079293
Alvaro_Noboa_0001|Phan_Van_Khai_0001,0,-0.065942,-0.016746,-0.038326
Alvaro_Noboa_0002|Timothy_Rigas_0001,0,-0.012516,0.040857,0.032645
Amanda_Coetzer_0001|Bridgette_Wilson-Sampras_0002,0,-0.026506,0.012353,-0.041063
Amanda_Coetzer_0001|Eddie_Jordan_0001,0,-0.052163,-0.019794,-0.047869
Amer_al-Saadi_0004|Miguel_Cotto_0001,0,-0.039310,-0.016687,-0.061105
Amy_Brenneman_0001|Russell_Coutts_0002,0,0.023734,0.034452,0.012649
Amy_Brenneman_0001|Terje_Roed-Larsen_0001,0,-0.059925,-0.026191,-0.043337
Andrew_Firestone_0001|Harry_Schmidt_0004,0,0.008235,0.039168,0.005111
Andrew_Firestone_0001|Ian_Campbell_0001,0,0.136852,0.121027,0.129484
Andrew_Firestone_0001|Jose_Acasuso_0001,0,-0.022219,0.038207,-0.032363
Andrew_Firestone_0001|Omar_Sharif_0004,0,-0.028173,0.007461,-0.021791
Andy_Graves_0001|Gil_de_Ferran_0001,0,0.050848,0.046406,0.044011
Angela_Alvarado_Rosa_0001|Gerald_Calabrese_0001,0,0.011581,0.028339,-0.009829
Angela_Alvarado_Rosa_0001|Jeffrey_Jones_0001,0,0.083338,0.122245,0.096431
Anneli_Jaatteenmaki_0002|Eric_Robert_Rudolph_0002,0,0.005214,0.013496,0.005852
Anneli_Jaatteenmaki_0002|Gerry_Adams_0006,0,-0.077237,-0.101034,-0.062939
Anneli_Jaatteenmaki_0002|Jorge_Marquez-Ruarte_0001,0,0.008518,0.032948,0.006800
Anthony_Corso_0001|Johnny_Benson_0001,0,-0.018190,-0.026449,-0.022878
Anthony_Corso_0001|Ray_Allen_0003,0,-0.008892,-0.005544,-0.031088
Anthony_Pico_0001|Stephanie_Cohen_Aloro_0001,0,0.045847,0.049285,0.052787
Ari_Fleischer_0001|Razali_Ismail_0001,0,0.035222,0.056368,0.056605
Ari_Fleischer_0009|Jean-Marc_de_La_Sabliere_0002,0,-0.080171,-0.036984,-0.039229
Arianna_Huffington_0004|Philippe_Gagnon_0001,0,0.016379,0.061088,0.019872
Arnaud_Clement_0001|Jeffrey_Jones_0002,0,-0.073637,-0.036329,-0.068860
Arnaud_Clement_0001|King_Gyanendra_0001,0,-0.033174,0.002356,-0.034712
Arnaud_Clement_0002|Grady_Irvin_Jr_0002,0,-0.096793,-0.040275,-0.073642
Arnold_Scott_0001|Randy_Dryer_0001,0,0.123856,0.101815,0.121203
Art_Howe_0002|Luciano_Bovicelli_0001,0,-0.089631,-0.050516,-0.058987
Art_Howe_0003|Teresa_Worbis_0001,0,0.021552,0.017387,0.008571
Artieas_Shanks_0001|Derek_King_0001,0,0.011628,-0.008384,-0.023749
Astrid_Betancourt_0001|Frederick_Madden_0001,0,-0.038595,-0.006797,-0.014939
Barbara_De_Brun_0001|Cosmo_Iacavazzi_0001,0,0.004750,0.001424,0.017963
Barry_Collier_0001|Narendra_Modi_0001,0,-0.004527,-0.020573,-0.039436
Ben_Affleck_0003|Patricia_Hearst_0001,0,-0.063317,0.009333,-0.048126
Ben_Affleck_0004|Daniel_Scioli_0001,0,-0.054166,-0.024263,-0.039958
Ben_Affleck_0007|Marcio_de_Souza_0001,0,0.058954,0.009761,0.033677
Ben_Broussard_0001|Rudi_Voeller_0001,0,-0.001881,0.039002,-0.003000
Betsy_Smith_0002|Steven_Kinlock_0001,0,0.028254,0.042725,0.039188
Betty_Williams_0001|Mary_Catherine_Correll_0001,0,0.162914,0.126149,0.107143
Bianca_Jagger_0001|Dario_Camuffo_0001,0,0.014794,0.039627,-0.008478
Bianca_Jagger_0001|Fabricio_Oberto_0001,0,-0.093256,-0.063160,-0.079979
Bill_Callahan_0001|Gina_Gershon_0001,0,0.104677,0.086675,0.088947
Bill_Kollar_0001|Gina_Gershon_0001,0,-0.001636,0.044049,0.013567
Bill_Kollar_0001|Jose_Miguel_Aleman_0001,0,-0.032392,-0.006208,-0.058365
Bill_Kollar_0001|Mae_Jemison_0001,0,-0.054925,-0.017001,-0.047584
Bill_Kollar_0001|Mohammed_Ashraf_Hafiz_0001,0,0.007715,0.017812,-0.008794
Bill_Kollar_0001|Patty_Sheehan_0001,0,-0.028925,-0.016807,-0.028806
Bill_Parsons_0001|Donna_Barrera_0001,0,-0.012983,-0.008259,-0.020900
Bill_Stein_0001|Vanessa_Incontrada_0004,0,0.000677,0.010954,0.007083
Blythe_Hartley_0001|Jackie_Dennis_0001,0,0.012005,0.011994,0.008507
Blythe_Hartley_0002|Gil_de_Ferran_0002,0,-0.070587,-0.060969,-0.084611
Bob_Curtis_0001|Helen_Clark_0001,0,-0.033160,-0.034157,-0.050876
Bob_Huggins_0003|Sylvester_Stallone_0002,0,0.104916,0.112049,0.114481
Bobby_Goldwater_0001|John_Moxley_0001,0,0.101906,0.161358,0.101464
Bobby_Goldwater_0001|Ulrich_Kueperkoch_0001,0,0.073070,0.090050,0.055524
Bono_0003|Ian_Huntley_0001,0,-0.151894,-0.134986,-0.122747
Brad_Garrett_0001|Hoda_Asfor_0001,0,0.069442,0.080461,0.039987
Brad_Garrett_0004|Wang_Nan_0001,0,-0.144229,-0.127605,-0.149994
Brandon_Hammond_0001|Thomas_Kelly_0001,0,-0.010892,-0.008778,-0.006290
Brandon_Robinson_0001|Giovanny_Cordoba_0001,0,0.003072,-0.000140,0.042830
Brandon_Robinson_0001|Michael_Linscott_0001,0,0.010545,0.004217,-0.004382
Brandon_Robinson_0001|Shi_Guangsheng_0001,0,-0.020115,-0.020408,-0.033955
Brendan_Stai_0001|Dan_Guerrero_0001,0,-0.047034,-0.045827,-0.056230
Brett_Boone_0001|Jean-Marc_de_La_Sabliere_0001,0,0.055487,0.049060,0.032665
Brett_Boone_0001|Teresa_Worbis_0001,0,-0.066818,-0.022985,-0.040005
Brian_Billick_0001|Ian_Huntley_0001,0,0.027172,0.039697,0.039662
Brian_Billick_0001|John_Wayne_0001,0,-0.058248,-0.045136,-0.044639
Brian_Billick_0001|Stephanie_Moore_0001,0,0.051116,0.080784,0.036538
Brian_Olson_0001|Roberto_Tovar_0001,0,-0.029396,0.005861,-0.020504
Bud_Selig_0001|Franz_Fischler_0001,0,0.043648,0.027345,-0.000605
Bud_Selig_0003|John_Duprey_0001,0,-0.031752,-0.026217,-0.038400
Carla_Moreno_0001|Suzanne_Torrance_0001,0,0.072119,0.092316,0.059079
Carla_Moreno_0001|Tang_Jiaxuan_0003,0,0.022490,0.045604,0.019719
Carlos_Beltran_0001|Ulrich_Kueperkoch_0001,0,0.092661,0.148500,0.095050
Carlos_Ghosn_0001|Jim_Paxson_0001,0,-0.087274,-0.082535,-0.094689
Carlos_Ghosn_0002|Ray_Allen_0003,0,-0.013983,0.025746,0.000408
Carlton_Dotson_0001|Jim_Paxson_0001,0,0.089059,0.078934,0.062923
Carlton_Dotson_0001|Patrick_Bourrat_0001,0,0.006838,0.002264,-0.007128
Carlton_Dotson_0001|Porter_Goss_0001,0,-0.043527,0.020810,-0.050511
Carlton_Dotson_0001|Vyacheslav_Fetisov_0001,0,-0.081999,-0.033279,-0.071139
Cass_Ballenger_0001|Norio_Ohga_0001,0,-0.018381,-0.029577,-0.029329
Cecile_de_France_0001|Dyab_Abou_Jahjah_0001,0,0.017640,0.033791,0.035404
Cecile_de_France_0001|Terrence_Kiel_0001,0,-0.003711,-0.005628,0.005640
Charles_Bell_0001|Tatjana_Gsell_0001,0,0.027191,0.030016,0.032827
Charlotte_Rampling_0001|Lana_Clarkson_0002,0,-0.004565,0.029769,0.002246
Chick_Hearn_0001|Mohammed_Salmane_0001,0,0.037927,0.055488,0.052869
Christopher_Reeve_0004|Pauline_Landers_0001,0,0.012862,0.024974,0.011392
Christopher_Reeve_0004|Scott_OGrady_0001,0,-0.007513,0.020710,0.015279
Cindy_Margolis_0001|Mark_Cuban_0002,0,-0.110877,-0.097687,-0.111243
Claire_Danes_0002|Nadine_Vinzens_0001,0,0.052549,0.093414,0.064653
Claudio_Lopez_0001|Gabrielle_Rose_0001,0,0.016499,0.034811,0.008226
Collis_Temple_III_0001|Eva_Amurri_0001,0,-0.013323,-0.028013,0.005050
Collis_Temple_III_0001|Rob_Niedermayer_0001,0,0.062437,0.087199,0.083412
Collis_Temple_III_0001|Santiago_Botero_0001,0,-0.101699,-0.054964,-0.105860
Collis_Temple_III_0001|Simon_Chalk_0001,0,-0.003670,0.007827,-0.006502
Conan_OBrien_0001|Liliana_Cavani_0001,0,0.075055,0.073234,0.056955
Corinna_Harfouch_0001|Ivo_Dubs_0001,0,0.068463,0.064973,0.059655
Corinna_Harfouch_0001|Tim_Curry_0001,0,0.031709,0.020380,0.025060
Cristina_Kirchner_0001|Stefanie_De_Roux_0001,0,-0.114811,-0.065841,-0.099328
Dan_Boyle_0001|Paul_Clark_0001,0,-0.023217,-0.004683,-0.033274
Dan_Boyle_0001|Thabo_Mbeki_0003,0,0.020204,0.008119,-0.003368
Daniel_Chin_0001|Ian_Huntley_0001,0,-0.013631,-0.004813,-0.006814
Daniel_Chin_0001|Jim_Letten_0001,0,0.041303,0.077284,0.051359
Daniel_Chin_0001|Julia_Glass_0001,0,0.041402,0.089356,0.052554
Daniel_Scioli_0001|Lena_Katina_0001,0,0.036701,0.042445,0.009064
Daniel_Scioli_0001|Lindsay_Lohan_0001,0,-0.002470,-0.028527,-0.019857
Dario_Camuffo_0001|Eli_Stutsman_0001,0,-0.049930,-0.035468,-0.065586
David_Brinkley_0001|Jeff_Bridges_0001,0,-0.044838,-0.072815,-0.034645
David_Brinkley_0001|Stephen_Arigbabu_0001,0,-0.062604,-0.076229,-0.040402
David_Montoya_0001|Mary_Elizabeth_Mastrantonio_0001,0,-0.075753,-0.048833,-0.086042
David_Siegel_0001|Francis_Mer_0001,0,-0.054475,-0.020859,-0.030103
Dennis_Johnson_0001|Satnarine_Sharma_0001,0,-0.023776,-0.022879,-0.028960
Denys_Arcand_0001|Nadine_Vinzens_0002,0,0.093164,0.070357,0.084314
Derek_Jeter_0001|Tian_Zhuang_Zhuang_0001,0,0.046005,0.043770,0.024775
Derek_Jeter_0003|Jolanta_Kwasniewski_0002,0,0.048866,0.062570,0.072147
Derek_King_0001|Yasein_Taher_0001,0,0.038751,0.067446,0.010191
Derrick_Battie_0001|Ian_Huntley_0001,0,0.055289,0.041371,0.032516
Diego_Armando_Maradona_0001|Robert_Gordon_Card_0001,0,-0.052432,-0.022570,-0.053531
Don_King_0001|Thomas_Kelly_0001,0,-0.038887,-0.003135,-0.034712
Don_King_0001|Zurab_Tsereteli_0001,0,0.080675,0.095194,0.116658
Donna_Barrera_0001|Francis_Mer_0002,0,-0.066880,-0.047101,-0.065541
Donna_Shalala_0002|Sereyvuth_Kem_0001,0,-0.049447,-0.018680,-0.016394
Duncan_Fletcher_0001|John_Cusack_0002,0,0.170434,0.191494,0.180703
Duncan_Fletcher_0001|Mike_Alden_0001,0,-0.004355,0.008784,0.015504
Dustin_Brown_0001|Jose_Cevallos_0001,0,0.056726,0.062647,0.089864
Dyab_Abou_Jahjah_0001|John_Cornyn_0001,0,0.049285,0.057317,0.076902
Ed_Mekertichian_0001|Paul_Clark_0001,0,0.002163,0.025134,-0.000657
Edmund_Hillary_0002|Miguel_Cotto_0001,0,0.002217,0.060958,0.031682
Elena_Likhovtseva_0001|Marty_Mornhinweg_0002,0,0.053675,0.101004,0.052321
Eli_Stutsman_0001|Kalpana_Chawla_0004,0,0.050920,0.044761,0.038016
Eli_Stutsman_0001|Marcio_de_Souza_0001,0,0.033568,0.016539,0.022649
Eli_Stutsman_0001|Michael_Phelps_0001,0,-0.044967,0.013707,-0.012326
Elizabeth_Regan_0001|Eugene_Teslovic_0001,0,0.049949,0.033309,0.032364
Emmanuel_Milingo_0001|Enrica_Fico_0001,0,-0.027402,0.013702,-0.005284
Enola_Rice_0001|Lana_Clarkson_0002,0,0.132070,0.183279,0.142793
Erin_Runnion_0003|Rob_Lowe_0002,0,-0.078774,-0.025665,-0.082704
Eugene_Teslovic_0001|Goh_Kun_0001,0,-0.003193,0.065997,0.006000
Eugene_Teslovic_0001|Jean-Marc_de_La_Sabliere_0002,0,-0.024760,-0.020562,-0.053338
Eva_Amurri_0001|Tanya_Holyk_0001,0,0.073300,0.129100,0.094301
Fabricio_Oberto_0001|Rudi_Voeller_0001,0,-0.009417,0.001215,-0.014937
Felix_Sanchez_0001|Ian_Moran_0001,0,0.121816,0.076455,0.125859
Fernando_Henrique_Cardoso_0001|Michael_Phelps_0001,0,0.024005,0.015216,-0.028272
Fernando_Henrique_Cardoso_0008|Sherry_Fisher_0001,0,0.042666,0.071800,0.018590
Francis_Mer_0002|Patrick_Bourrat_0001,0,0.039378,0.001385,0.016654
Franz_Fischler_0002|Robert_Lange_0001,0,0.092538,0.101295,0.126959
Frederick_Madden_0001|Gary_Condit_0001,0,0.117968,0.121845,0.121786
Gary_Bauer_0001|Greg_Hodge_0001,0,0.064355,0.067276,0.047986
Gary_Condit_0001|Nathan_Lane_0002,0,0.045188,0.095047,0.068387
Gary_Locke_0001|Marcio_de_Souza_0001,0,-0.081015,-0.016926,-0.077796
Gen_Meredith_0001|Matthew_Vaughan_0001,0,-0.057767,-0.049395,-0.084837
Gerry_Adams_0008|Jamir_Miller_0001,0,-0.015158,-0.001536,-0.011470
Gilles_Panizzi_0001|Jim_Piper_0001,0,0.023497,0.053639,0.023687
Gina_Gershon_0001|Patricia_Garone_0001,0,-0.015615,0.018279,-0.033194
Gina_Gershon_0001|Zhang_Ziyi_0002,0,-0.076758,-0.066980,-0.128577
Giovanny_Cordoba_0001|Jackie_Sherrill_0001,0,0.035827,0.086314,0.028513
Giovanny_Cordoba_0001|Keith_Olbermann_0001,0,-0.056398,-0.037130,-0.034462
Grady_Irvin_Jr_0002|Oracene_Williams_0001,0,0.051550,0.080685,0.052232
Graeme_Smith_0001|John_Salazar_0001,0,-0.026996,0.016729,-0.045791
Graham_Bentley_0001|Jason_Clermont_0001,0,0.014674,0.038011,0.039960
Guillaume_Depardieu_0001|Manuel_Llorente_0001,0,0.054902,0.099388,0.068420
Gunter_Pleuger_0001|Nicole_Kidman_0002,0,0.001717,0.021900,-0.002763
Gunter_Pleuger_0002|Robby_Ginepri_0001,0,0.080105,0.062504,0.090805
Gunter_Pleuger_0003|Vaclav_Klaus_0001,0,0.012881,0.006700,0.024625
Hanns_Schumacher_0001|Martin_Gecht_0001,0,-0.013881,-0.031253,-0.055074
Henri_Proglio_0001|Ibrahim_Haddad_0001,0,0.114735,0.120588,0.102939
Henri_Proglio_0001|Jeffery_Hendren_0001,0,0.023894,0.035188,0.007826
Hermann_Maier_0001|Phan_Van_Khai_0001,0,0.015002,0.027024,0.020825
Hermann_Maier_0002|Stephen_Arigbabu_0001,0,0.016410,0.081313,0.034978
Hideki_Sato_0001|Peter_Mugyeni_0001,0,0.016114,0.064632,0.019913
Hideki_Sato_0001|Troy_Aikman_0001,0,-0.014344,0.022214,-0.005507
Hoda_Asfor_0001|Juergen_Peters_0001,0,-0.002068,0.036037,0.025501
Hoda_Asfor_0001|Lindsay_Lohan_0001,0,0.093278,0.107175,0.102680
Horace_Donovan_Reid_0001|Rob_Lowe_0001,0,-0.041890,-0.031104,-0.048923
Hunter_Kemper_0001|Marsha_Thomason_0001,0,0.032342,0.086500,0.048894
Ian_Campbell_0001|Mike_Alden_0001,0,0.022017,0.026195,0.019135
Ian_Huntley_0001|Jalen_Rose_0001,0,0.049685,0.064833,0.063834
Ian_Huntley_0001|Sebastian_Saja_0002,0,0.037089,0.012539,0.014789
Ian_Moran_0001|Stephanie_Cohen_Aloro_0001,0,0.019544,0.054007,0.041210
Ian_Thorpe_0005|Mickey_Gilley_0001,0,0.033210,0.090578,0.040425
Ignacio_Antonio_Velasco_0001|Rich_Brooks_0001,0,0.018387,0.005897,0.029993
Iran_Brown_0001|Margaret_Caruso_0001,0,-0.121507,-0.107363,-0.127255
Isabelle_Huppert_0001|Marcio_de_Souza_0001,0,0.043242,0.098836,0.074503
Isabelle_Huppert_0002|Phan_Van_Khai_0003,0,-0.013259,0.006272,0.007343
Ivan_Shvedoff_0001|Josh_Childress_0001,0,-0.015776,-0.027181,0.011669
Ivan_Shvedoff_0001|Miguel_Estrada_0002,0,-0.025248,-0.010366,-0.001603
Ivan_Shvedoff_0001|Vojislav_Seselj_0001,0,0.089822,0.124801,0.105421
Izzat_Ibrahim_0001|Jerry_Rice_0001,0,0.123408,0.111442,0.102955
Jacques_Villeneuve_0001|Wim_Duisenberg_0001,0,-0.011992,0.014343,-0.001814
Jalen_Rose_0001|Suzanne_Torrance_0001,0,0.012013,-0.004988,-0.003147
James_Butts_0001|Nicole_Kidman_0002,0,-0.046057,-0.047486,-0.069374
James_Butts_0002|Jerry_Colangelo_0001,0,0.072153,0.039691,0.072937
James_Butts_0002|Sherry_Fisher_0001,0,-0.028613,-0.016656,-0.026312
James_May_0001|Trevor_McDonald_0001,0,-0.103992,-0.057089,-0.093300
James_May_0001|Vaclav_Klaus_0002,0,-0.117929,-0.051047,-0.119549
Jamie_Cooke_0001|Kalpana_Chawla_0005,0,-0.033575,0.025941,0.026956
Jamie_Cooke_0001|Mickey_Rooney_0001,0,-0.047233,-0.035052,-0.068577
Jamir_Miller_0001|Laura_Hernandez_0001,0,-0.082463,-0.071962,-0.074705
Jana_Pittman_0001|Liv_Tyler_0001,0,0.052729,0.046645,0.060446
Jason_Clermont_0001|Jose_Carlo_Fernandez_0001,0,0.073474,0.034933,0.067681
Jason_Clermont_0001|Patty_Duke_0001,0,0.011897,0.077437,0.042374
Jeff_Bridges_0001|Landon_Donovan_0001,0,0.003928,-0.003486,-0.025367
Jeff_Bridges_0001|Patty_Duke_0001,0,0.068498,0.082069,0.065012
Jeffery_Hendren_0001|Jeremy_Wotherspoon_0001,0,-0.040218,0.028219,-0.030496
Jennifer_McCoy_0001|Manuel_Llorente_0001,0,-0.087910,-0.064265,-0.120752
Jennifer_McCoy_0001|William_Cocksedge_0001,0,0.074287,0.079749,0.065348
Jerry_Colangelo_0001|Vin_Diesel_0002,0,0.030815,0.056331,0.030519
Jerry_Rice_0001|Joe_Gatti_0002,0,0.054511,0.031179,0.037736
Jessica_Brungo_0001|Landon_Donovan_0001,0,0.050870,0.039336,0.034861
Jim_OBrien_0001|Nadine_Vinzens_0001,0,0.034193,0.039839,0.046168
Jim_Paxson_0001|Robert_Gordon_Card_0001,0,-0.025766,0.004729,-0.011032
Joe_Gatti_0002|Mike_Samp_0001,0,-0.202256,-0.207212,-0.192620
Joel_Todd_0001|John_Fox_0001,0,0.043050,0.030754,0.021460
Joel_Todd_0001|Momir_Nikolic_0001,0,-0.041943,-0.067777,-0.060716
John_Cornyn_0001|Jose_Mourinho_0002,0,-0.026459,-0.001146,-0.045900
John_Cornyn_0001|Robert_Weitzel_0001,0,-0.012837,-0.021797,-0.041971
John_Cornyn_0001|Toshihiko_Fukui_0002,0,0.049589,0.065633,0.044904
John_Dallager_0001|Jose_Canseco_Sr_0001,0,0.061232,0.112454,0.046783
John_Spencer_0002|Stephanie_Moore_0001,0,-0.082853,-0.004941,-0.070109
John_Walsh_0001|Kalpana_Chawla_0001,0,-0.075445,-0.071637,-0.070583
John_Wright_0001|Sandra_Milo_0001,0,-0.031417,-0.045938,-0.046941
John_Wright_0001|Trevor_McDonald_0001,0,0.056988,0.068205,0.063925
Johnny_Benson_0001|Lana_Clarkson_0002,0,-0.032313,0.000130,-0.025854
Johnny_Benson_0001|Teresa_Worbis_0001,0,-0.052647,-0.038674,-0.050978
Jolanta_Kwasniewski_0002|Martin_Howard_0001,0,0.023948,-0.005583,0.075304
Jose_Canseco_Sr_0001|Julia_Glass_0001,0,-0.025870,0.024719,-0.005578
Jose_Mourinho_0001|Joseph_LePore_0001,0,-0.049396,-0.038321,-0.028288
Jose_Mourinho_0002|LeRoy_Millette_Jr_0001,0,0.094218,0.121927,0.096201
Jose_Vicente_Rangel_0001|Leuris_Pupo_0001,0,-0.012990,0.027820,-0.011826
Jose_Vicente_Rangel_0001|Scott_OGrady_0001,0,0.010561,0.038832,0.025464
Joy_Lee_Sadler_0001|Laurie_Chan_0001,0,-0.044933,0.032720,-0.003364
Joy_Lee_Sadler_0001|Norio_Ohga_0001,0,0.029896,0.041322,0.039141
Joy_Lee_Sadler_0001|Stephanie_Moore_0001,0,-0.112298,-0.010412,-0.069299
Karen_Pereiras_0001|Michael_Phelps_0002,0,0.002021,0.001564,-0.001836
Keith_Brown_0001|Nicole_Kidman_0017,0,-0.058502,0.027344,-0.022946
Keith_Brown_0001|William_Harrison_0001,0,-0.070213,-0.049411,-0.068109
Keith_Van_Horn_0001|Sherry_Fisher_0001,0,-0.018849,0.006996,-0.046531
Kelli_White_0001|Rudi_Voeller_0001,0,0.000866,0.015038,0.012074
King_Gyanendra_0001|Otto_Reich_0001,0,-0.008414,-0.014492,-0.021626
Lana_Clarkson_0001|Mike_Samp_0001,0,0.133406,0.132260,0.144016
Landon_Donovan_0001|Robby_Ginepri_0001,0,0.018472,0.075780,0.010718
Larry_Tanenbaum_0001|Mike_Samp_0001,0,0.002462,-0.000941,0.032615
Laura_Ziskin_0001|Reyyan_Uzuner_0001,0,-0.022473,-0.013446,0.006173
Laura_Ziskin_0001|Robert_Gordon_Card_0001,0,-0.063681,-0.032909,-0.050431
LeRoy_Millette_Jr_0001|Leuris_Pupo_0001,0,0.146372,0.172828,0.174049
Lee_Chang-dong_0001|Phil_Bredesen_0001,0,0.036691,0.041228,0.027625
Liliana_Cavani_0001|Richard_Pennington_0001,0,0.122711,0.112343,0.099322
Lindsay_Lohan_0001|Mireya_Elisa_Moscoso_Rodriguez_0001,0,-0.052873,0.002760,-0.040803
Lloyd_Ward_0002|Tina_Andrews_0001,0,0.035885,0.061280,0.047839
Mark_Heller_0001|Nicolas_Kiefer_0001,0,0.066184,0.076222,0.072973
Mark_Heller_0001|Parris_Glendening_0001,0,0.000605,0.039436,0.004824
Mark_Heller_0001|Peter_Hillary_0002,0,0.001983,0.046878,0.020382
Martin_Gecht_0001|Peter_Hillary_0001,0,0.056282,0.067036,0.036152
Mary_Elizabeth_Mastrantonio_0001|Vaclav_Klaus_0001,0,-0.042754,0.001894,-0.047132
Michael_Arif_0001|Sean_Patrick_OMalley_0003,0,0.045624,0.080899,0.013136
Michael_Linscott_0001|Tom_Brady_0002,0,0.021743,0.032777,0.032388
Mick_Jagger_0003|Oracene_Williams_0001,0,0.020201,-0.005500,0.027697
Mo_Elleithee_0001|Tanya_Holyk_0001,0,0.077154,0.080711,0.058154
Mohammed_Ashraf_Hafiz_0001|Rod_Bryden_0001,0,0.015437,0.009483,-0.000893
Mukhtar_Alytnbayev_0001|Oracene_Williams_0001,0,-0.072464,-0.027427,-0.039450
Patricia_Garone_0001|Sean_Patrick_OMalley_0002,0,0.020225,0.045688,0.037291
Patricia_Hearst_0001|Scott_Dickson_0001,0,-0.044038,0.036520,0.005193
Patty_Duke_0001|Simon_Chalk_0001,0,0.123227,0.145218,0.135894
Paul_Bettany_0001|Ulrich_Kueperkoch_0001,0,-0.017932,0.033129,0.019726
Paul_Gascoigne_0003|Tian_Liang_0001,0,0.113061,0.124557,0.117377
Paul_Greengrass_0001|Tim_Pawlenty_0001,0,0.052188,0.018401,0.034483
Perry_Compton_0001|William_Shatner_0001,0,0.030750,0.048669,0.020662
Peter_Camejo_0001|Ruth_Christofferson_0001,0,-0.012887,0.030451,0.003558
Porter_Goss_0001|Tara_Kirk_0001,0,-0.034512,0.007298,-0.027206
Rand_Miller_0001|Robert_Nillson_0001,0,-0.051633,-0.010061,-0.041408
Rich_Brooks_0001|Sharess_Harrell_0001,0,-0.046011,-0.041279,-0.049692
Richard_Pennington_0001|Robby_Ginepri_0002,0,0.019700,0.019164,-0.006611
Robert_Gordon_Card_0001|William_Shatner_0001,0,-0.021487,-0.003237,-0.010897
Russell_Coutts_0001|Tian_Liang_0001,0,0.030251,0.024691,0.002936
Sandra_Milo_0001|Satnarine_Sharma_0001,0,0.011943,0.043268,-0.011925
Steve_Nesbitt_0001|Win_Aung_0004,0,-0.005493,0.027709,-0.019542
Sylvester_Stallone_0007|TJ_Ford_0001,0,-0.138063,-0.121127,-0.130931
Sylvie_Guillem_0001|Vadim_Devyatovskiy_0001,0,-0.042178,0.004465,-0.034156
Tara_Kirk_0001|Win_Aung_0001,0,-0.064216,-0.061641,-0.051326
Aaron_Peirsol_0001|Aaron_Peirsol_0004,1,0.523102,0.520725,0.505988
Aaron_Peirsol_0003|Aaron_Peirsol_0004,1,0.551561,0.577795,0.542660
Adrian_Nastase_0001|Adrian_Nastase_0002,1,0.575962,0.552318,0.563558
Ahmed_Chalabi_0001|Ahmed_Chalabi_0003,1,0.676749,0.641369,0.652863
Ahmed_Chalabi_0001|Ahmed_Chalabi_0005,1,0.712355,0.711541,0.712538
Albrecht_Mentz_0001|Albrecht_Mentz_0002,1,0.743553,0.747178,0.738921
Alejandro_Toledo_0020|Alejandro_Toledo_0036,1,0.622541,0.616188,0.616041
Alejandro_Toledo_0021|Alejandro_Toledo_0024,1,0.680985,0.656931,0.664104
Alejandro_Toledo_0021|Alejandro_Toledo_0030,1,0.555854,0.559320,0.542924
Alejandro_Toledo_0023|Alejandro_Toledo_0027,1,0.594668,0.606983,0.587596
Alejandro_Toledo_0026|Alejandro_Toledo_0029,1,0.579878,0.575767,0.614425
Alexander_Losyukov_0001|Alexander_Losyukov_0003,1,0.492049,0.465517,0.515789
Alexander_Losyukov_0002|Alexander_Losyukov_0003,1,0.468301,0.445243,0.476267
Alexander_Losyukov_0002|Alexander_Losyukov_0004,1,0.373227,0.347934,0.350828
Alimzhan_Tokhtakhounov_0001|Alimzhan_Tokhtakhounov_0002,1,0.796809,0.750079,0.775679
Amelie_Mauresmo_0007|Amelie_Mauresmo_0014,1,0.579496,0.551953,0.566558
Amelie_Mauresmo_0011|Amelie_Mauresmo_0017,1,0.533249,0.510504,0.512655
Amelie_Mauresmo_0014|Amelie_Mauresmo_0017,1,0.530455,0.461235,0.496622
Angelo_Reyes_0001|Angelo_Reyes_0002,1,0.691156,0.675834,0.668493
Angelo_Reyes_0001|Angelo_Reyes_0003,1,0.643426,0.605506,0.608768
Begum_Khaleda_Zia_0001|Begum_Khaleda_Zia_0002,1,0.432139,0.431201,0.442719
Ben_Curtis_0001|Ben_Curtis_0002,1,0.612693,0.558909,0.602842
Bijan_Namdar_Zangeneh_0001|Bijan_Namdar_Zangeneh_0002,1,0.820700,0.791818,0.804379
Bill_Paxton_0001|Bill_Paxton_0002,1,0.483947,0.431407,0.468078
Bill_Paxton_0001|Bill_Paxton_0003,1,0.631031,0.607537,0.622504
Bill_Paxton_0002|Bill_Paxton_0004,1,0.515715,0.474645,0.486232
Bill_Paxton_0003|Bill_Paxton_0004,1,0.637085,0.606171,0.631183
Billy_Crystal_0001|Billy_Crystal_0002,1,0.581759,0.573873,0.573152
Billy_Crystal_0001|Billy_Crystal_0003,1,0.395117,0.398988,0.403000
Billy_Crystal_0001|Billy_Crystal_0005,1,0.712582,0.713999,0.703082
Billy_Crystal_0003|Billy_Crystal_0005,1,0.413065,0.435009,0.429993
Billy_Graham_0001|Billy_Graham_0002,1,0.569173,0.597902,0.578208
Bob_Colvin_0001|Bob_Colvin_0002,1,0.769718,0.783297,0.780668
Brian_Cowen_0001|Brian_Cowen_0002,1,0.695467,0.687073,0.710827
Butch_Davis_0001|Butch_Davis_0002,1,0.666497,0.674497,0.653902
Byron_Scott_0001|Byron_Scott_0002,1,0.592848,0.596144,0.575007
Carol_Burnett_0001|Carol_Burnett_0002,1,0.658248,0.659856,0.638005
Charles_Mathews_0001|Charles_Mathews_0002,1,0.612513,0.552118,0.577709
Christine_Ebersole_0001|Christine_Ebersole_0002,1,0.651938,0.589986,0.616935
Claudia_Schiffer_0001|Claudia_Schiffer_0002,1,0.673552,0.654981,0.671865
Condoleezza_Rice_0001|Condoleezza_Rice_0004,1,0.610449,0.648226,0.654638
Condoleezza_Rice_0002|Condoleezza_Rice_0010,1,0.750916,0.717903,0.735956
Condoleezza_Rice_0004|Condoleezza_Rice_0005,1,0.835002,0.808786,0.813614
Condoleezza_Rice_0008|Condoleezza_Rice_0009,1,0.694500,0.680352,0.692016
Condoleezza_Rice_0009|Condoleezza_Rice_0010,1,0.702937,0.697508,0.691087
Costas_Simitis_0001|Costas_Simitis_0004,1,0.582291,0.578354,0.589460
Costas_Simitis_0001|Costas_Simitis_0005,1,0.628501,0.610917,0.575327
Costas_Simitis_0003|Costas_Simitis_0005,1,0.535811,0.535531,0.501041
Costas_Simitis_0004|Costas_Simitis_0006,1,0.556217,0.573880,0.548592
Cristina_Saralegui_0001|Cristina_Saralegui_0002,1,0.695552,0.693460,0.674671
Cruz_Bustamante_0001|Cruz_Bustamante_0004,1,0.686448,0.685059,0.700526
Cruz_Bustamante_0003|Cruz_Bustamante_0005,1,0.575095,0.567062,0.574630
David_Heymann_0003|David_Heymann_0005,1,0.786028,0.764595,0.760808
Diana_Krall_0001|Diana_Krall_0006,1,0.641964,0.612489,0.629326
Diana_Krall_0003|Diana_Krall_0004,1,0.544504,0.506157,0.554129
Diana_Munz_0001|Diana_Munz_0003,1,0.596777,0.588967,0.555203
Diana_Munz_0002|Diana_Munz_0003,1,0.659270,0.664670,0.635161
Dominique_de_Villepin_0002|Dominique_de_Villepin_0013,1,0.508295,0.470339,0.489289
Dominique_de_Villepin_0003|Dominique_de_Villepin_0008,1,0.520081,0.485854,0.512919
Dominique_de_Villepin_0003|Dominique_de_Villepin_0010,1,0.536502,0.529349,0.491665
Dominique_de_Villepin_0007|Dominique_de_Villepin_0011,1,0.542248,0.481638,0.535049
Dominique_de_Villepin_0010|Dominique_de_Villepin_0014,1,0.550424,0.538532,0.534832
Dominique_de_Villepin_0011|Dominique_de_Villepin_0012,1,0.615945,0.576465,0.578620
Don_Siegelman_0001|Don_Siegelman_0003,1,0.662737,0.644846,0.630381
Don_Siegelman_0002|Don_Siegelman_0004,1,0.628498,0.640031,0.626727
Donald_Pettit_0001|Donald_Pettit_0002,1,0.634513,0.613808,0.640465
Donald_Pettit_0001|Donald_Pettit_0003,1,0.734051,0.706475,0.714240
Donald_Pettit_0002|Donald_Pettit_0003,1,0.624482,0.611019,0.627079
Doug_Collins_0001|Doug_Collins_0002,1,0.428617,0.444902,0.434719
Edward_James_Olmos_0001|Edward_James_Olmos_0002,1,0.655241,0.627343,0.611003
Elin_Nordegren_0001|Elin_Nordegren_0002,1,0.485725,0.461966,0.467827
Elizabeth_Taylor_0001|Elizabeth_Taylor_0002,1,0.470522,0.449767,0.440203
Ellen_DeGeneres_0001|Ellen_DeGeneres_0002,1,0.605581,0.598461,0.595700
Elton_John_0001|Elton_John_0004,1,0.522482,0.504846,0.498577
Elton_John_0002|Elton_John_0003,1,0.571200,0.574677,0.548824
Elton_John_0003|Elton_John_0006,1,0.520481,0.510673,0.504193
Elton_John_0005|Elton_John_0006,1,0.632696,0.602891,0.604304
Elton_John_0005|Elton_John_0007,1,0.532177,0.497625,0.507091
Emma_Watson_0002|Emma_Watson_0003,1,0.726351,0.674713,0.714946
Emma_Watson_0003|Emma_Watson_0004,1,0.637636,0.632091,0.603067
Emma_Watson_0003|Emma_Watson_0005,1,0.665554,0.664845,0.661061
Fabrice_Santoro_0001|Fabrice_Santoro_0003,1,0.467715,0.434590,0.451674
Fabrice_Santoro_0002|Fabrice_Santoro_0003,1,0.472522,0.459292,0.466040
Flavia_Delaroli_0001|Flavia_Delaroli_0002,1,0.527669,0.502516,0.530916
George_Lopez_0001|George_Lopez_0004,1,0.587809,0.602019,0.590165
George_Lopez_0002|George_Lopez_0004,1,0.515589,0.503035,0.488729
George_Lopez_0002|George_Lopez_0005,1,0.598085,0.578114,0.575328
George_Lopez_0004|George_Lopez_0005,1,0.861130,0.840993,0.848979
Gerard_Depardieu_0001|Gerard_Depardieu_0002,1,0.844437,0.829064,0.806669
Gerhard_Schroeder_0005|Gerhard_Schroeder_0043,1,0.688650,0.658510,0.664723
Gerhard_Schroeder_0017|Gerhard_Schroeder_0025,1,0.763331,0.766379,0.753954
Gerhard_Schroeder_0027|Gerhard_Schroeder_0032,1,0.580321,0.564507,0.599083
Gerhard_Schroeder_0045|Gerhard_Schroeder_0067,1,0.640876,0.598080,0.621494
Gerhard_Schroeder_0066|Gerhard_Schroeder_0100,1,0.521395,0.469731,0.493587
Gilberto_Rodriguez_Orejuela_0001|Gilberto_Rodriguez_Orejuela_0003,1,0.646816,0.649247,0.620747
Gilberto_Rodriguez_Orejuela_0002|Gilberto_Rodriguez_Orejuela_0003,1,0.792389,0.763505,0.770947
Gilberto_Rodriguez_Orejuela_0003|Gilberto_Rodriguez_Orejuela_0004,1,0.573531,0.583062,0.570358
Giuseppe_Gibilisco_0001|Giuseppe_Gibilisco_0003,1,0.575673,0.560223,0.565553
Giuseppe_Gibilisco_0001|Giuseppe_Gibilisco_0004,1,0.531027,0.539244,0.506866
Giuseppe_Gibilisco_0003|Giuseppe_Gibilisco_0004,1,0.638336,0.641038,0.640081
Guillermo_Canas_0001|Guillermo_Canas_0002,1,0.714723,0.750487,0.718838
Guillermo_Canas_0001|Guillermo_Canas_0003,1,0.557234,0.526052,0.552592
Guillermo_Canas_0002|Guillermo_Canas_0004,1,0.464963,0.483886,0.431159
Guillermo_Canas_0003|Guillermo_Canas_0004,1,0.601054,0.594183,0.589424
Hans_Blix_0007|Hans_Blix_0008,1,0.552473,0.537324,0.523175
Hans_Blix_0007|Hans_Blix_0018,1,0.437042,0.427331,0.438663
Hans_Blix_0007|Hans_Blix_0038,1,0.481332,0.417976,0.430439
Hans_Blix_0008|Hans_Blix_0024,1,0.610216,0.598332,0.593444
Hans_Blix_0009|Hans_Blix_0012,1,0.616356,0.553517,0.568357
Hans_Blix_0026|Hans_Blix_0036,1,0.471227,0.456235,0.434700
Hans_Blix_0027|Hans_Blix_0037,1,0.586169,0.584425,0.568445
Hans_Blix_0031|Hans_Blix_0037,1,0.586131,0.574589,0.547575
Heath_Ledger_0001|Heath_Ledger_0002,1,0.441650,0.463791,0.466280
Heath_Ledger_0001|Heath_Ledger_0004,1,0.590947,0.582136,0.586980
Heath_Ledger_0002|Heath_Ledger_0003,1,0.575840,0.573280,0.576861
Heath_Ledger_0002|Heath_Ledger_0004,1,0.555851,0.512981,0.549076
Herta_Daeubler-Gmelin_0001|Herta_Daeubler-Gmelin_0002,1,0.746941,0.717993,0.710111
Hilary_Duff_0001|Hilary_Duff_0003,1,0.616405,0.614900,0.574950
Hilary_Duff_0002|Hilary_Duff_0003,1,0.485418,0.483523,0.438252
Hosni_Mubarak_0006|Hosni_Mubarak_0007,1,0.631527,0.616511,0.625805
Hun_Sen_0001|Hun_Sen_0004,1,0.543066,0.561657,0.551076
Hun_Sen_0002|Hun_Sen_0004,1,0.528480,0.527608,0.512414
Iain_Duncan_Smith_0001|Iain_Duncan_Smith_0003,1,0.619491,0.590678,0.591968
Iain_Duncan_Smith_0002|Iain_Duncan_Smith_0003,1,0.661838,0.603766,0.592526
Iain_Duncan_Smith_0002|Iain_Duncan_Smith_0004,1,0.669127,0.633690,0.661123
Iain_Duncan_Smith_0003|Iain_Duncan_Smith_0004,1,0.707966,0.638110,0.651672
Inocencio_Arias_0001|Inocencio_Arias_0002,1,0.499084,0.476481,0.472163
JK_Rowling_0001|JK_Rowling_0002,1,0.510985,0.530423,0.490005
JK_Rowling_0002|JK_Rowling_0003,1,0.615688,0.601552,0.598369
JK_Rowling_0002|JK_Rowling_0004,1,0.748132,0.732621,0.748056
JK_Rowling_0003|JK_Rowling_0005,1,0.619769,0.579459,0.613376
Jackie_Chan_0001|Jackie_Chan_0003,1,0.727631,0.709008,0.706022
Jackie_Chan_0005|Jackie_Chan_0008,1,0.583097,0.579379,0.570242
Jane_Kaczmarek_0001|Jane_Kaczmarek_0002,1,0.738700,0.714669,0.715775
Janet_Napolitano_0001|Janet_Napolitano_0002,1,0.733633,0.717751,0.732188
Janet_Napolitano_0001|Janet_Napolitano_0004,1,0.657700,0.645088,0.643111
Jay_Leno_0001|Jay_Leno_0003,1,0.525578,0.464088,0.509611
Jay_Leno_0002|Jay_Leno_0003,1,0.635962,0.587659,0.620631
Jean-David_Levitte_0001|Jean-David_Levitte_0002,1,0.737629,0.729436,0.743005
Jean-David_Levitte_0001|Jean-David_Levitte_0004,1,0.473221,0.463702,0.467761
Jean-David_Levitte_0002|Jean-David_Levitte_0005,1,0.654065,0.604296,0.638667
Jean-David_Levitte_0003|Jean-David_Levitte_0004,1,0.520940,0.493914,0.494021
Jean-David_Levitte_0004|Jean-David_Levitte_0009,1,0.558365,0.550536,0.563509
Jeff_Van_Gundy_0001|Jeff_Van_Gundy_0002,1,0.609133,0.607132,0.611750
Jeff_Van_Gundy_0001|Jeff_Van_Gundy_0003,1,0.388611,0.379060,0.365626
Jeff_Van_Gundy_0002|Jeff_Van_Gundy_0003,1,0.529963,0.525786,0.509230
Jim_Furyk_0001|Jim_Furyk_0006,1,0.755234,0.714646,0.724524
Jim_Furyk_0003|Jim_Furyk_0006,1,0.702396,0.675917,0.656415
John_Garamendi_0001|John_Garamendi_0002,1,0.625921,0.583531,0.586639
John_Rigas_0001|John_Rigas_0002,1,0.717683,0.668779,0.706355
John_Warner_0001|John_Warner_0002,1,0.622177,0.602158,0.622896
John_Warner_0001|John_Warner_0003,1,0.633873,0.605081,0.606382
John_Warner_0002|John_Warner_0004,1,0.637945,0.619223,0.631154
John_Warner_0003|John_Warner_0004,1,0.740213,0.693119,0.722311
Julia_Tymoshenko_0001|Julia_Tymoshenko_0002,1,0.388829,0.380026,0.371002
Julia_Tymoshenko_0001|Julia_Tymoshenko_0003,1,0.347993,0.345784,0.318144
Julia_Tymoshenko_0002|Julia_Tymoshenko_0003,1,0.530561,0.486743,0.504586
Keith_Bogans_0001|Keith_Bogans_0003,1,0.512159,0.477165,0.487096
Keith_Bogans_0002|Keith_Bogans_0003,1,0.731741,0.740482,0.732130
Ken_Macha_0001|Ken_Macha_0003,1,0.396588,0.391536,0.394523
Ken_Macha_0002|Ken_Macha_0003,1,0.217314,0.275175,0.237221
Kenneth_Bowersox_0001|Kenneth_Bowersox_0002,1,0.701232,0.697339,0.691439
Kenneth_Bowersox_0001|Kenneth_Bowersox_0003,1,0.702934,0.695485,0.677273
Kenneth_Bowersox_0002|Kenneth_Bowersox_0003,1,0.759691,0.719852,0.726759
Kristanna_Loken_0001|Kristanna_Loken_0002,1,0.610509,0.577837,0.589997
Kristanna_Loken_0003|Kristanna_Loken_0004,1,0.323405,0.297391,0.306813
Kristanna_Loken_0004|Kristanna_Loken_0005,1,0.605009,0.571012,0.559004
LK_Advani_0001|LK_Advani_0002,1,0.537560,0.528910,0.519749
LK_Advani_0001|LK_Advani_0003,1,0.549217,0.492283,0.520021
Lauren_Killian_0001|Lauren_Killian_0002,1,0.675339,0.634907,0.642486
Lennox_Lewis_0001|Lennox_Lewis_0002,1,0.563260,0.561195,0.555634
Lennox_Lewis_0001|Lennox_Lewis_0003,1,0.515147,0.541427,0.496017
Lili_Taylor_0001|Lili_Taylor_0002,1,0.512132,0.490196,0.516684
Lily_Tomlin_0001|Lily_Tomlin_0002,1,0.507792,0.491452,0.494085
Lon_Kruger_0001|Lon_Kruger_0002,1,0.677779,0.609705,0.633242
Lynn_Abraham_0001|Lynn_Abraham_0002,1,0.775544,0.758795,0.752060
Mahmoud_Abbas_0007|Mahmoud_Abbas_0011,1,0.624354,0.569626,0.603334
Mahmoud_Abbas_0015|Mahmoud_Abbas_0020,1,0.586262,0.553169,0.557963
Mahmoud_Abbas_0022|Mahmoud_Abbas_0027,1,0.738656,0.717085,0.718792
Mark_Richt_0001|Mark_Richt_0002,1,0.489704,0.462919,0.462823
Mark_Richt_0001|Mark_Richt_0003,1,0.553870,0.524090,0.523152
Mary-Kate_Olsen_0001|Mary-Kate_Olsen_0002,1,0.651708,0.622013,0.603703
Mary-Kate_Olsen_0002|Mary-Kate_Olsen_0003,1,0.493348,0.476262,0.457082
Matt_Dillon_0001|Matt_Dillon_0002,1,0.526866,0.463508,0.484075
Max_Mayfield_0001|Max_Mayfield_0002,1,0.660342,0.605593,0.624587
Megan_Mullally_0001|Megan_Mullally_0002,1,0.280679,0.264698,0.274765
Megan_Mullally_0001|Megan_Mullally_0003,1,0.327624,0.364760,0.313373
Michael_Caine_0001|Michael_Caine_0002,1,0.503202,0.497553,0.493773
Michael_Caine_0001|Michael_Caine_0003,1,0.588190,0.584951,0.556712
Michael_Caine_0003|Michael_Caine_0004,1,0.645789,0.640954,0.605256
Michael_J_Sheehan_0001|Michael_J_Sheehan_0002,1,0.739358,0.736343,0.724974
Michael_Keaton_0001|Michael_Keaton_0002,1,0.667057,0.635165,0.638652
Michael_Powell_0001|Michael_Powell_0002,1,0.646718,0.658406,0.645940
Michael_Powell_0001|Michael_Powell_0003,1,0.553566,0.534184,0.528996
Michael_Powell_0001|Michael_Powell_0005,1,0.648039,0.615982,0.624190
Michael_Powell_0002|Michael_Powell_0003,1,0.743684,0.732345,0.748053
Michael_Powell_0002|Michael_Powell_0004,1,0.752272,0.744838,0.741107
Michael_Powell_0002|Michael_Powell_0005,1,0.566604,0.595393,0.587101
Michael_Powell_0004|Michael_Powell_0005,1,0.620956,0.600696,0.594201
Miguel_Contreras_0001|Miguel_Contreras_0002,1,0.523948,0.496907,0.477744
Mike_Weir_0001|Mike_Weir_0006,1,0.508493,0.511559,0.477004
Mike_Weir_0003|Mike_Weir_0011,1,0.510242,0.463039,0.469961
Mikhail_Kasyanov_0001|Mikhail_Kasyanov_0002,1,0.720373,0.696833,0.700522
Mikhail_Kasyanov_0001|Mikhail_Kasyanov_0003,1,0.650755,0.611216,0.653146
Mikhail_Kasyanov_0003|Mikhail_Kasyanov_0004,1,0.847050,0.820389,0.848289
Mohammed_Baqir_al-Hakim_0001|Mohammed_Baqir_al-Hakim_0003,1,0.796258,0.783749,0.763888
Monica_Lewinsky_0001|Monica_Lewinsky_0002,1,0.500208,0.452133,0.481888
Monica_Lewinsky_0001|Monica_Lewinsky_0003,1,0.504202,0.475067,0.474081
Monica_Lewinsky_0002|Monica_Lewinsky_0003,1,0.503505,0.499655,0.507735
Nan_Wang_0001|Nan_Wang_0003,1,0.644996,0.624707,0.612202
Nan_Wang_0002|Nan_Wang_0003,1,0.603823,0.564555,0.585315
Nan_Wang_0003|Nan_Wang_0004,1,0.638543,0.610052,0.584738
Nancy_Demme_0001|Nancy_Demme_0002,1,0.773709,0.744626,0.736338
Nancy_Reagan_0001|Nancy_Reagan_0002,1,0.488667,0.512556,0.485848
Naoto_Kan_0001|Naoto_Kan_0003,1,0.922546,0.908952,0.912002
Naoto_Kan_0002|Naoto_Kan_0003,1,0.903261,0.890541,0.887527
Natasha_McElhone_0001|Natasha_McElhone_0002,1,0.863679,0.823448,0.830128
Natasha_McElhone_0001|Natasha_McElhone_0003,1,0.792155,0.775949,0.781664
Neri_Marcore_0001|Neri_Marcore_0002,1,0.648849,0.622548,0.626110
Nicholas_Tse_0001|Nicholas_Tse_0002,1,0.537405,0.527288,0.528848
Nicolas_Escude_0001|Nicolas_Escude_0002,1,0.714490,0.698869,0.713769
Noelle_Bush_0001|Noelle_Bush_0003,1,0.668287,0.663192,0.642130
Noelle_Bush_0001|Noelle_Bush_0004,1,0.567647,0.558789,0.542009
Noelle_Bush_0002|Noelle_Bush_0004,1,0.624734,0.596519,0.605444
Orrin_Hatch_0001|Orrin_Hatch_0002,1,0.521174,0.465179,0.513821
Padraig_Harrington_0001|Padraig_Harrington_0003,1,0.504780,0.480492,0.475190
Pedro_Almodovar_0001|Pedro_Almodovar_0002,1,0.731431,0.724531,0.716718
Pedro_Almodovar_0003|Pedro_Almodovar_0005,1,0.463362,0.424498,0.407876
Pedro_Almodovar_0005|Pedro_Almodovar_0006,1,0.821916,0.813952,0.810224
Penelope_Ann_Miller_0001|Penelope_Ann_Miller_0002,1,0.717805,0.722891,0.722744
Peter_Arnett_0001|Peter_Arnett_0003,1,0.562505,0.555110,0.542507
Peter_Arnett_0002|Peter_Arnett_0003,1,0.544459,0.532740,0.549284
Petria_Thomas_0001|Petria_Thomas_0002,1,0.779263,0.762501,0.751591
Petro_Symonenko_0001|Petro_Symonenko_0002,1,0.651035,0.641196,0.624594
Prince_Charles_0001|Prince_Charles_0002,1,0.807959,0.758373,0.780492
Prince_Charles_0003|Prince_Charles_0004,1,0.620257,0.604862,0.584280
Prince_Charles_0003|Prince_Charles_0005,1,0.604512,0.560860,0.549826
Raoul_Ruiz_0001|Raoul_Ruiz_0002,1,0.713930,0.682629,0.698852
Raoul_Ruiz_0002|Raoul_Ruiz_0003,1,0.669035,0.669969,0.653211
Raoul_Ruiz_0002|Raoul_Ruiz_0004,1,0.766558,0.733427,0.737488
Raoul_Ruiz_0003|Raoul_Ruiz_0004,1,0.751032,0.750695,0.743595
Ricky_Ponting_0001|Ricky_Ponting_0002,1,0.642285,0.612962,0.617398
Robert_Stack_0001|Robert_Stack_0002,1,0.711668,0.685656,0.668373
Robin_Cook_0001|Robin_Cook_0002,1,0.748576,0.744879,0.740869
Roger_Federer_0004|Roger_Federer_0005,1,0.591123,0.571737,0.559732
Roger_Federer_0004|Roger_Federer_0007,1,0.586612,0.577027,0.571365
Roger_Federer_0006|Roger_Federer_0007,1,0.875144,0.862685,0.866662
Ronaldo_Luis_Nazario_de_Lima_0001|Ronaldo_Luis_Nazario_de_Lima_0004,1,0.826800,0.814857,0.815022
Ronaldo_Luis_Nazario_de_Lima_0002|Ronaldo_Luis_Nazario_de_Lima_0003,1,0.674094,0.656099,0.664204
Ronaldo_Luis_Nazario_de_Lima_0002|Ronaldo_Luis_Nazario_de_Lima_0004,1,0.606521,0.605327,0.579471
Ronaldo_Luis_Nazario_de_Lima_0003|Ronaldo_Luis_Nazario_de_Lima_0004,1,0.700670,0.676912,0.681981
Roy_Williams_0001|Roy_Williams_0003,1,0.527774,0.550636,0.520772
Roy_Williams_0002|Roy_Williams_0004,1,0.414448,0.441350,0.401720
Sally_Ride_0001|Sally_Ride_0002,1,0.551992,0.533719,0.540168
Scott_McNealy_0001|Scott_McNealy_0002,1,0.625027,0.582607,0.586315
Scott_Peterson_0001|Scott_Peterson_0002,1,0.535507,0.520036,0.509717
Scott_Peterson_0001|Scott_Peterson_0005,1,0.596894,0.549723,0.562264
Scott_Peterson_0002|Scott_Peterson_0005,1,0.537722,0.529480,0.508579
Scott_Peterson_0003|Scott_Peterson_0004,1,0.569316,0.551263,0.516623
Scott_Ritter_0001|Scott_Ritter_0002,1,0.644295,0.619868,0.614162
Sean_OKeefe_0003|Sean_OKeefe_0004,1,0.688998,0.684279,0.674043
Sean_Penn_0001|Sean_Penn_0002,1,0.692827,0.688892,0.695621
Sean_Penn_0002|Sean_Penn_0003,1,0.700217,0.692398,0.692506
Sebastien_Grosjean_0001|Sebastien_Grosjean_0002,1,0.557658,0.500949,0.511727
Sebastien_Grosjean_0001|Sebastien_Grosjean_0004,1,0.598549,0.525765,0.551361
Sharon_Stone_0001|Sharon_Stone_0002,1,0.360018,0.392667,0.355728
Sharon_Stone_0001|Sharon_Stone_0003,1,0.337175,0.323013,0.325445
Sharon_Stone_0001|Sharon_Stone_0004,1,0.333618,0.376276,0.335143
Sharon_Stone_0001|Sharon_Stone_0005,1,0.385946,0.404508,0.411127
Sharon_Stone_0002|Sharon_Stone_0004,1,0.448906,0.460571,0.409290
Sonia_Gandhi_0001|Sonia_Gandhi_0003,1,0.676376,0.684155,0.665005
Sonia_Gandhi_0001|Sonia_Gandhi_0004,1,0.548230,0.533178,0.572101
Steve_Backley_0001|Steve_Backley_0002,1,0.706631,0.676814,0.691807
Steven_Hatfill_0001|Steven_Hatfill_0002,1,0.666055,0.641213,0.655762
Tassos_Papadopoulos_0001|Tassos_Papadopoulos_0003,1,0.704858,0.687530,0.677280
Taufik_Hidayat_0001|Taufik_Hidayat_0002,1,0.858519,0.843119,0.841332
Taufik_Hidayat_0001|Taufik_Hidayat_0003,1,0.681068,0.647650,0.672071
Taufik_Hidayat_0002|Taufik_Hidayat_0003,1,0.702683,0.678551,0.687909
Thomas_Malchow_0001|Thomas_Malchow_0002,1,0.666610,0.645429,0.630656
Tom_Cruise_0003|Tom_Cruise_0005,1,0.558009,0.577874,0.566732
Tom_Cruise_0004|Tom_Cruise_0010,1,0.458730,0.480174,0.432577
Tom_Cruise_0006|Tom_Cruise_0010,1,0.750379,0.763809,0.742787
Toni_Braxton_0001|Toni_Braxton_0003,1,0.423096,0.465828,0.429194
Wayne_Gretzky_0001|Wayne_Gretzky_0002,1,0.749338,0.668102,0.696582
Wayne_Gretzky_0001|Wayne_Gretzky_0004,1,0.546921,0.525227,0.541446
William_Bulger_0001|William_Bulger_0003,1,0.578824,0.553317,0.582016
William_Bulger_0002|William_Bulger_0004,1,0.521517,0.442237,0.480617
Winona_Ryder_0012|Winona_Ryder_0013,1,0.563201,0.552333,0.570977
Winona_Ryder_0012|Winona_Ryder_0018,1,0.608393,0.593089,0.580397
Winona_Ryder_0012|Winona_Ryder_0019,1,0.624676,0.604929,0.607603
Xanana_Gusmao_0001|Xanana_Gusmao_0004,1,0.707503,0.696039,0.684230
Xanana_Gusmao_0002|Xanana_Gusmao_0003,1,0.492166,0.463232,0.438747
Xanana_Gusmao_0003|Xanana_Gusmao_0005,1,0.459412,0.440562,0.429128
Xanana_Gusmao_0004|Xanana_Gusmao_0005,1,0.431816,0.435959,0.399522
Yann_Martel_0001|Yann_Martel_0002,1,0.781113,0.732734,0.734851
Yashwant_Sinha_0001|Yashwant_Sinha_0003,1,0.646844,0.599619,0.619498
Yashwant_Sinha_0001|Yashwant_Sinha_0005,1,0.632723,0.614056,0.620956
Yashwant_Sinha_0005|Yashwant_Sinha_0007,1,0.722090,0.694933,0.714923
Aaron_Guiel_0001|Pascal_Rheaume_0001,0,-0.155608,-0.123535,-0.159607
Aaron_Guiel_0001|Steve_Zahn_0001,0,0.068094,0.080256,0.054689
Adrian_Nastase_0002|Princess_Victoria_0001,0,0.028197,0.020874,0.012009
Ahmed_Chalabi_0001|Rosario_Dawson_0001,0,-0.066293,-0.019601,-0.033607
Ahmed_Ghazi_0001|Julia_Tymoshenko_0003,0,0.051917,0.055166,0.041357
Ahmet_Demir_0001|Wally_Szczerbiak_0001,0,-0.011352,0.007221,-0.023094
Ain_Seppik_0001|Gerhard_Schroeder_0055,0,0.035589,0.025741,0.002242
Ain_Seppik_0001|Misty_Dawn_Clymer_0001,0,0.073832,0.099094,0.064156
Ain_Seppik_0001|Raoul_Ruiz_0001,0,-0.019786,-0.021194,-0.014531
Ain_Seppik_0001|Susan_Whelan_0001,0,-0.061537,-0.045722,-0.064039
Aishwarya_Rai_0001|Chloe_Sevigny_0001,0,-0.070727,-0.087848,-0.063990
Aishwarya_Rai_0001|Dinah_Turner_0001,0,0.057671,0.086074,0.090489
Aishwarya_Rai_0001|Rosario_Dawson_0001,0,0.078999,0.129310,0.097764
Alan_Zemaitis_0001|Lauren_Killian_0001,0,0.087234,0.065690,0.083634
Alex_Cejka_0001|Taufik_Hidayat_0002,0,-0.054001,-0.026790,-0.066946
Alexandre_Daigle_0001|Brent_Coles_0001,0,-0.098248,-0.051051,-0.061625
Ali_Bin_Hussein_0001|Ben_Cahoon_0001,0,-0.057879,-0.056381,-0.071036
Ali_Bin_Hussein_0001|Oswald_Gruebel_0001,0,-0.039913,-0.020305,0.008418
Ali_Bin_Hussein_0001|Raf_Vallone_0001,0,0.040026,0.027871,0.028443
Alimzhan_Tokhtakhounov_0001|Jeane_Kirkpatrick_0001,0,-0.093312,-0.067826,-0.100779
Alimzhan_Tokhtakhounov_0002|Butch_Davis_0001,0,0.125125,0.098287,0.115284
Alisha_Richman_0001|Camille_Lewis_0001,0,-0.104002,-0.121634,-0.132501
Alisha_Richman_0001|Katerina_Smrzova_0001,0,0.055124,0.113357,0.075153
Alisha_Richman_0001|Miguel_Rosseto_0001,0,0.066723,0.081020,0.062235
Amelie_Mauresmo_0003|Laura_Flessel_0001,0,0.047497,0.090171,0.063821
Amelie_Mauresmo_0018|Bob_Colvin_0001,0,0.106335,0.128592,0.120632
Ana_Claudia_Talancon_0001|Piers_Sellers_0001,0,0.007998,0.078293,0.054250
Andrea_Kiser_0001|Ellen_Barkin_0001,0,-0.076305,-0.032283,-0.082586
Andrea_Kiser_0001|Imre_Kertasz_0001,0,0.008360,0.076074,0.061706
Andrea_Kiser_0001|Matt_Dillon_0001,0,-0.096840,-0.104555,-0.087095
Andrea_Kiser_0001|Yann_Martel_0002,0,0.017821,0.016227,0.033404
Andres_DAlessandro_0001|Leticia_Van_de_Putte_0001,0,-0.086871,-0.094442,-0.088494
Andres_DAlessandro_0001|Ronaldo_Luis_Nazario_de_Lima_0001,0,0.081454,0.102943,0.076300
Anette_Hosoi_0001|Rolf_Zimmermann_0001,0,-0.081096,-0.090574,-0.110587
Anette_Hosoi_0001|Sheila_Taormina_0001,0,0.230818,0.277892,0.238525
Anette_Hosoi_0001|Tora_Takagi_0001,0,0.008496,0.034213,0.016132
Angelo_Reyes_0001|Chip_Knight_0001,0,0.023829,-0.005709,0.009838
Angelo_Reyes_0001|Oliver_Neuville_0001,0,-0.078540,-0.058754,-0.084449
Anne_Heche_0001|Sasha_Alexander_0001,0,-0.008862,0.018789,0.008858
Anne_Heche_0001|Tanya_Lindenmuth_0001,0,0.019576,0.108855,0.050862
Antje_Buschschulte_0001|Jerry_Angelo_0001,0,0.073463,0.100738,0.072755
Anton_Balasingham_0001|Matt_Siebrandt_0001,0,-0.052085,-0.050561,-0.056766
Anton_Balasingham_0001|Will_Ferrell_0001,0,-0.004243,-0.019662,-0.025784
Armando_Avila_Panchame_0001|Monica_Gabrielle_0001,0,0.012610,0.041878,0.000232
Armando_Avila_Panchame_0001|Retief_Goosen_0001,0,0.030405,0.038085,0.029450
BJ_Habibie_0001|Craig_MacTavish_0001,0,0.072559,0.109992,0.068966
Baz_Luhrmann_0001|Danny_Avalon_0001,0,0.027260,0.030624,0.035693
Begum_Khaleda_Zia_0001|Eric_Idle_0001,0,0.099613,0.104882,0.093171
Begum_Khaleda_Zia_0001|Michael_Andretti_0001,0,0.052332,0.028359,0.046224
Begum_Khaleda_Zia_0001|Picabo_Street_0001,0,-0.069994,-0.028986,-0.052487
Ben_Cahoon_0001|Nate_Blackwell_0001,0,0.129519,0.095258,0.116899
Ben_Cahoon_0001|Roy_Williams_0003,0,-0.017404,0.000642,0.020009
Ben_Curtis_0003|Jim_Calhoun_0001,0,0.013798,0.074691,0.047858
Benicio_Del_Toro_0001|Elizabeth_Taylor_0001,0,0.087500,0.080596,0.090350
Benicio_Del_Toro_0001|Ismail_Khan_0001,0,0.034514,0.006956,0.030792
Benicio_Del_Toro_0001|Tonya_Payne_0001,0,-0.060790,-0.009426,-0.048146
Bijan_Namdar_Zangeneh_0001|Petro_Symonenko_0001,0,-0.039054,0.002289,-0.058109
Billy_Graham_0001|Karin_Pilsaeter_0001,0,0.070155,0.078104,0.075068
Billy_Graham_0001|Piers_Sellers_0001,0,0.072009,0.072137,0.063691
Billy_Graham_0002|Howard_Wilkinson_0001,0,0.056065,0.088807,0.047462
Bob_Colvin_0002|Janet_Napolitano_0001,0,0.080907,0.094096,0.098120
Boris_Henry_0001|John_Reid_0002,0,-0.017328,-0.013178,-0.041415
Brandon_Boyd_0001|James_Brosnahan_0001,0,-0.080345,-0.058220,-0.069742
Brandon_Boyd_0001|Neil_Moritz_0001,0,-0.056596,-0.050924,-0.053674
Brent_Coles_0001|Zoe_Ball_0001,0,-0.044029,-0.015698,-0.036150
Brett_Hull_0001|Gregorio_Rosal_0001,0,0.057382,0.092578,0.060798
Brett_Hull_0001|Kirsten_Clark_0001,0,0.036544,0.050159,0.052392
Brett_Hull_0001|Ralph_Nader_0001,0,0.190497,0.172446,0.189427
Brett_Perry_0001|Neri_Marcore_0001,0,0.021735,0.053476,0.021114
Bruce_Willis_0001|Carlos_Juarez_0001,0,0.077581,0.123024,0.093539
Bruce_Willis_0001|Jim_Carrey_0001,0,-0.102631,-0.073262,-0.107567
Bruce_Willis_0001|Petria_Thomas_0002,0,0.040948,0.098546,0.059769
Bryant_Young_0001|Jim_Bollman_0001,0,0.020674,0.065023,0.053069
Bryant_Young_0001|Maurice_Cheeks_0001,0,-0.004366,0.017661,0.019189
Buddy_Ryan_0001|James_Brosnahan_0001,0,-0.041405,-0.008019,-0.031415
Buddy_Ryan_0001|Nancy_Reagan_0002,0,0.004582,0.037975,0.000487
Butch_Davis_0002|Herta_Daeubler-Gmelin_0002,0,-0.053360,-0.109091,-0.093235
Byron_Scott_0001|Jane_Clayson_0001,0,0.043078,0.049727,0.017286
Camille_Lewis_0001|Lincoln_Chafee_0001,0,0.087586,0.091015,0.091819
Camille_Lewis_0001|Nathirah_Hussein_0001,0,-0.116757,-0.060052,-0.068529
Carol_Burnett_0001|Raf_Vallone_0001,0,-0.075420,-0.031069,-0.072941
Carol_Niedermayer_0001|Kristin_Scott_0001,0,0.128765,0.135496,0.106135
Catherine_Ndereba_0001|Janet_Napolitano_0004,0,0.033912,0.053726,0.021209
Chandrika_Kumaratunga_0001|Kevin_Satterfield_0001,0,-0.044437,-0.059848,-0.014487
Charles_Mathews_0001|Will_Ferrell_0001,0,0.053623,0.041403,0.030624
Charles_Mathews_0002|Kristin_Scott_0001,0,-0.057522,-0.053626,-0.063863
Charlie_Garner_0001|Luo_Linquan_0001,0,0.144570,0.125984,0.149598
Charlie_Williams_0001|Julia_Tymoshenko_0001,0,0.036927,0.046396,0.021171
Cheryl_Ford_0001|Chris_Cookson_0001,0,-0.033786,-0.030731,-0.056197
Chip_Knight_0001|Ronald_Post_0001,0,-0.076104,-0.043074,-0.064493
Chloe_Sevigny_0001|Emyr_Jones_Parry_0001,0,-0.150462,-0.112285,-0.091538
Chloe_Sevigny_0001|Petria_Thomas_0003,0,-0.138654,-0.120076,-0.136932
Chris_Cornell_0001|Desmon_Farmer_0001,0,0.017280,0.047814,0.010892
Christine_Ebersole_0002|Paul_Walker_0001,0,-0.018308,0.015198,0.009393
Christoph_Daum_0001|Scott_Hubbard_0001,0,-0.058791,-0.037700,-0.044543
Christopher_Conyers_0001|Michael_Milton_0001,0,0.031268,0.015437,0.010463
Christopher_Conyers_0001|Raoul_Ruiz_0001,0,-0.031140,-0.090695,-0.094206
Chuck_Bednarik_0001|Mario_Jardel_0001,0,-0.053625,0.002805,-0.028642
Cindy_Zagorski_0001|Rosie_Perez_0001,0,0.143109,0.195886,0.165029
Claudia_Schiffer_0001|Lynn_Abraham_0002,0,-0.147519,-0.145373,-0.119229
Claudia_Schiffer_0003|Lin_Yung_Hsi_0001,0,-0.144625,-0.102208,-0.137758
Colin_Cowie_0001|Mstislav_Rostropovich_0001,0,-0.067130,-0.043933,-0.061200
Condoleezza_Rice_0002|Mehmet_Okur_0001,0,0.072130,0.102889,0.082014
Condoleezza_Rice_0007|Ryan_Nyquist_0001,0,0.033053,-0.007721,-0.008027
Costas_Simitis_0002|Lorraine_Fenton_0001,0,-0.000578,0.035157,0.006829
Craig_MacTavish_0001|Vince_Dooley_0001,0,-0.039297,0.014952,-0.031127
Cristina_Saralegui_0001|Dave_Robertson_0001,0,0.132498,0.116927,0.133867
Cruz_Bustamante_0002|Dean_Barkley_0003,0,-0.067505,-0.042914,-0.070774
Cyndi_Thompson_0001|Nicolas_Escude_0002,0,-0.019935,-0.024182,-0.042546
Cyndi_Thompson_0002|Owen_Nolan_0001,0,0.009437,0.007610,0.001072
Dalia_Rabin-Pelosoff_0001|Sean_Combs_0001,0,-0.006382,-0.011225,-0.010830
Daniel_Darnell_0001|Malcolm_Jamal_Warner_0001,0,-0.148141,-0.127670,-0.152815
Danny_Avalon_0001|Sean_Penn_0002,0,0.009223,0.022130,0.010128
David_Blaine_0001|Nicholas_Tse_0002,0,-0.157443,-0.109996,-0.151711
David_Blaine_0001|Ramon_Delgado_0001,0,0.026178,0.061669,0.027460
David_Heymann_0003|Norm_Macdonald_0001,0,-0.031424,0.001606,-0.052147
David_Surrett_0001|Michael_Taylor_0001,0,0.078618,0.066777,0.051474
David_Tornberg_0001|Ricky_Ponting_0001,0,0.036808,0.036198,0.055642
Deece_Eckstein_0001|Diana_Munz_0001,0,0.049718,0.081603,0.059331
Deece_Eckstein_0001|Tommy_Lewis_0001,0,-0.027780,0.010652,-0.015760
Denis_Coderre_0001|Don_Siegelman_0001,0,0.016445,0.038103,0.005429
Denis_Coderre_0001|John_Eder_0001,0,0.091886,0.088572,0.081960
Desmon_Farmer_0001|Lin_Yung_Hsi_0001,0,0.019474,0.049390,0.053091
Diana_Krall_0004|Ramon_Delgado_0001,0,-0.053831,-0.064939,-0.076540
Dick_Armey_0001|Mehmet_Okur_0001,0,0.043787,0.061605,0.079867
Dinah_Turner_0001|Mekhi_Phifer_0001,0,0.118025,0.135097,0.128833
Dinah_Turner_0001|Tammy_Helm_0001,0,0.039742,0.035302,0.058983
Don_Boudria_0001|Roy_Chaderton_0001,0,0.071664,0.107573,0.075308
Don_Boudria_0001|Sananda_Maitreya_0001,0,-0.043323,-0.012416,-0.030657
Don_Matthews_0001|Kirsten_Clark_0001,0,0.113299,0.059883,0.132413
Don_Matthews_0001|Pa_Kou_Hang_0001,0,0.022705,0.076329,0.014880
Don_Matthews_0001|Peter_Arnett_0002,0,0.099007,0.102693,0.117710
Don_Siegelman_0002|Elizabeth_Taylor_0002,0,0.058934,0.020978,0.029895
Donald_Pettit_0001|Edward_James_Olmos_0002,0,-0.049300,-0.051347,-0.076873
Doug_Collins_0001|Kristanna_Loken_0005,0,-0.088287,-0.080858,-0.094939
Dyana_Calub_0001|Ronald_Post_0001,0,0.055624,0.031566,0.052466
Earl_Counter_0001|Joe_Friedberg_0001,0,-0.124103,-0.091590,-0.100784
Edward_Albee_0001|Nicola_Bono_0001,0,0.121906,0.104985,0.138362
Edward_Belvin_0001|Jacqueline_Gold_0001,0,0.031531,0.002968,0.033060
Edward_James_Olmos_0002|Mariano_Zabaleta_0001,0,0.030305,0.071500,0.025064
Elin_Nordegren_0001|George_Brumley_III_0001,0,-0.037948,-0.004705,-0.012270
Elin_Nordegren_0001|Samantha_Daniels_0001,0,-0.110919,-0.053787,-0.091364
Elin_Nordegren_0002|Leszek_Miller_0003,0,0.132856,0.078843,0.095310
Elisabeth_Welch_0001|Piers_Sellers_0001,0,-0.027849,0.058980,0.010488
Elizabeth_Taylor_0001|Olympia_Dukakis_0001,0,0.128866,0.139677,0.139936
Ellen_DeGeneres_0002|Lorraine_Fenton_0001,0,0.058359,0.101505,0.069513
Elva_Hsiao_0001|Samantha_Daniels_0001,0,-0.071115,-0.056000,-0.073376
Emma_Watson_0002|Henry_Hyde_0001,0,-0.056792,-0.021925,-0.073786
Emyr_Jones_Parry_0001|Sally_Clark_0001,0,0.011480,-0.003449,0.023967
Eric_Ryan_Donnelly_0001|Iain_Duncan_Smith_0001,0,-0.035101,-0.033652,-0.049806
Ernesto_Zedillo_0001|Lenny_Kravitz_0001,0,0.000781,-0.000840,0.001026
Ernesto_Zedillo_0001|Megan_Mullally_0002,0,-0.066727,-0.038494,-0.049774
Erwin_Mapasseng_0001|Hilary_Duff_0003,0,0.008477,0.064819,-0.006143
Evelyn_Lauder_0001|Nathan_Powell_0001,0,-0.062673,-0.035642,-0.069298
Fernando_Hierro_0001|Prince_Charles_0002,0,0.050191,0.128838,0.095750
Flavia_Delaroli_0002|John_Warner_0004,0,0.014782,0.029547,0.005212
Flavia_Delaroli_0002|Vanessa_Laine_0001,0,0.044800,0.088321,0.054328
Fran_Drescher_0001|Warren_Truss_0001,0,-0.066120,-0.058457,-0.060947
Fran_Drescher_0002|Jay_Leno_0003,0,-0.022445,-0.001019,-0.004769
Frank_Murkowski_0001|James_Brosnahan_0001,0,0.060727,0.124331,0.091281
Frank_Stallone_0001|Tommy_Lewis_0001,0,0.041028,0.041222,0.027785
Frank_Stallone_0002|Toni_Braxton_0002,0,0.043521,0.041281,0.015754
Gary_Coleman_0001|Koichi_Tanaka_0001,0,-0.006187,-0.017750,-0.014802
Gary_Coleman_0001|Uri_Lopolianski_0001,0,0.076402,0.084368,0.053141
Gary_Sayler_0001|Ralph_Sampson_0001,0,-0.027699,-0.006863,-0.006975
George_Brumley_III_0001|Will_Ferrell_0001,0,0.027218,0.025454,0.010166
George_Lopez_0005|Iain_Duncan_Smith_0001,0,0.066261,0.082125,0.060413
Georgina_Bardach_0001|Henry_Hilow_0001,0,0.026834,0.006353,0.030523
Gilberto_Rodriguez_Orejuela_0003|Lennox_Lewis_0001,0,-0.145945,-0.117909,-0.142620
Gilberto_Rodriguez_Orejuela_0003|Nancy_Demme_0001,0,0.031849,0.054538,0.017176
Gordon_Lightfoot_0001|Lima_Azimi_0001,0,-0.161698,-0.157563,-0.131893
Gordon_Lightfoot_0001|Robert_Nardelli_0001,0,0.069322,0.063698,0.099770
Gracia_Burnham_0001|Jim_Calhoun_0001,0,-0.034460,-0.047497,-0.041009
Gregorio_Rosal_0001|Richard_Greenberg_0001,0,-0.045955,-0.042907,-0.048278
Guenter_Verheugen_0001|Kaspar_Villiger_0001,0,-0.069627,-0.033024,-0.056541
Guillermo_Canas_0001|Tim_Duncan_0002,0,0.044393,0.074167,0.049153
Guillermo_Canas_0002|Michalis_Chrisohoides_0001,0,0.017906,0.034330,0.050010
Hal_McCoy_0001|Rudolph_Holton_0001,0,0.036475,0.053605,0.027934
Hank_Aaron_0001|Steve_Valentine_0001,0,-0.000235,-0.020203,-0.006501
Hans_Eichel_0001|Jimmy_Iovine_0001,0,-0.049887,-0.020811,-0.031640
Hashan_Tillakaratne_0001|John_Warner_0003,0,-0.043150,-0.051579,-0.040620
Heath_Ledger_0002|Melissa_Stark_0001,0,0.034681,0.054038,0.054327
Henry_Hilow_0001|Monica_Gabrielle_0001,0,-0.046167,-0.041120,-0.063824
Herta_Daeubler-Gmelin_0002|Koichi_Tanaka_0001,0,0.011238,-0.004824,-0.007980
Hilary_Duff_0001|Luther_Htu_0001,0,0.077010,0.085503,0.062142
Hun_Sen_0002|John_Rigas_0002,0,-0.102490,-0.129273,-0.102105
Idi_Amin_0001|Stephen_Silas_0001,0,-0.081408,-0.024926,-0.048517
Isabel_Orellana_0001|Spike_Helmick_0001,0,0.024323,0.042677,0.024561
Ismael_Miranda_0001|Janela_Jara_0001,0,0.109190,0.102899,0.081884
Ismael_Miranda_0001|Peter_Greenspun_0001,0,-0.135735,-0.113527,-0.143773
Ismail_Khan_0001|Malcolm_Jamal_Warner_0001,0,-0.026021,0.002819,-0.028019
JK_Rowling_0005|Sasha_Alexander_0001,0,0.143331,0.111568,0.126053
Jackie_Chan_0003|Jennifer_Gratz_0001,0,-0.031189,-0.023958,-0.038688
Jacqueline_Edwards_0001|Meg_Wakeman_0001,0,0.035759,0.055309,0.033254
Jacqueline_Edwards_0001|Noor_Mohammed_0001,0,0.162742,0.138240,0.141457
James_Baker_0001|Mike_Tice_0001,0,-0.025175,0.018836,-0.030802
James_Harris_0001|Keith_Bogans_0002,0,-0.011125,0.059463,-0.028425
James_Layug_0001|Ralph_Sampson_0001,0,-0.056321,-0.065369,-0.056068
Jane_Clayson_0001|Rene_Antonio_Leon_Rodriguez_0001,0,0.018486,0.031064,0.010437
Jane_Kaczmarek_0002|Morris_Watts_0001,0,0.031290,0.105333,0.068182
Jane_Russell_0001|Martin_ONeill_0001,0,0.029549,0.057090,0.041531
Janela_Jara_0001|Kirsten_Clark_0001,0,0.021970,0.056821,0.093411
Janela_Jara_0001|Pa_Kou_Hang_0001,0,0.336362,0.315459,0.279592
Janela_Jara_0001|Ricky_Cottrill_0001,0,-0.020205,0.012363,-0.002845
Janet_Napolitano_0002|Laurie_Laychak_0001,0,-0.014307,0.038401,0.017263
Javier_Camara_0001|Nate_Blackwell_0001,0,-0.058351,-0.050559,-0.056623
Jeane_Kirkpatrick_0001|Jeff_Van_Gundy_0003,0,-0.037830,-0.012631,-0.013889
Jeane_Kirkpatrick_0001|Richard_Greenberg_0001,0,0.011702,0.048210,-0.017123
Jeff_Van_Gundy_0001|Richard_Naughton_0001,0,0.015464,0.072884,0.019136
Jeffrey_Katzenberg_0001|Susan_Whelan_0001,0,0.014472,0.011910,-0.010809
Jennette_Bradley_0001|Tammy_Helm_0001,0,-0.036820,-0.000017,-0.061383
Jim_Furyk_0006|Linn_Thornton_0001,0,0.086681,0.092135,0.081030
John_Eastman_0001|Ricky_Ponting_0001,0,-0.086997,-0.053716,-0.079440
John_F_Kennedy_Jr_0002|Nathan_Powell_0001,0,-0.121456,-0.109898,-0.110314
John_Garamendi_0001|Petro_Symonenko_0002,0,-0.001360,0.051241,0.026709
John_Madden_0001|Sara_Silverman_0001,0,0.057697,0.068742,0.062332
Jose_Luis_Rodriguez_Zapatero_0001|Rene_Antonio_Leon_Rodriguez_0001,0,-0.016570,-0.007057,-0.012353
Jose_Luis_Rodriguez_Zapatero_0001|Steve_Lenard_0001,0,-0.035375,-0.001824,-0.010004
Jose_Santos_0001|Michael_Boyce_0001,0,0.015207,0.043490,0.038630
Joseph_Kabila_0001|Rose_Linkins_0001,0,0.004090,0.015862,0.003684
Juan_Francisco_Palencia_0001|Kristanna_Loken_0002,0,-0.059109,-0.076961,-0.060464
Juan_Francisco_Palencia_0001|Warren_Truss_0001,0,0.054905,0.083851,0.048444
Juan_Roman_Riquelme_0001|Ralph_Sampson_0001,0,0.048570,0.069646,0.044268
Julia_Tymoshenko_0002|Luis_Sanchez_0001,0,0.027855,-0.018971,0.001496
Karin_Pilsaeter_0001|Mike_Flanagan_0001,0,0.050516,0.056263,0.064356
Karin_Pilsaeter_0001|Petria_Thomas_0003,0,-0.072237,-0.036788,-0.072044
Keith_Bogans_0002|Martin_ONeill_0001,0,-0.110539,-0.070069,-0.085416
Kelly_Leigh_0001|Spike_Helmick_0001,0,0.033112,0.055421,0.024442
Ken_Macha_0003|Tommy_Lewis_0001,0,0.038244,0.011421,0.056054
Kenneth_Carlsen_0001|Robin_Cook_0001,0,-0.057647,-0.046419,-0.052851
Koichi_Tanaka_0001|Ricardo_Lopez_Murphy_0001,0,0.001223,0.004634,0.006120
Kristin_Scott_0001|Max_Mayfield_0002,0,0.062291,0.052439,0.069888
Laura_Flessel_0001|Owen_Nolan_0001,0,-0.040014,-0.022371,-0.058848
Lauren_Killian_0002|Tommy_Lewis_0001,0,-0.050176,-0.012718,-0.026165
Laurie_Laychak_0001|Pa_Kou_Hang_0001,0,0.015815,0.025510,-0.015341
Lawrence_Di_Rita_0001|Mekhi_Phifer_0001,0,-0.031407,0.011005,-0.037470
Lennox_Lewis_0003|Monte_Kiffin_0001,0,0.114000,0.132279,0.108311
Leon_Lai_0001|Monica_Lewinsky_0001,0,0.020802,-0.005455,0.039107
Leon_Lai_0001|Sun_Myung_Moon_0001,0,0.142314,0.099530,0.098684
Lily_Tomlin_0001|Marcos_Daniel_Jimenez_0001,0,0.024552,0.042338,0.049984
Lily_Tomlin_0002|Sim_Yong_0001,0,0.056948,0.072151,0.081315
Linn_Thornton_0001|Sherri_Coale_0001,0,0.027712,0.041832,0.004131
Linn_Thornton_0001|Tom_Cruise_0002,0,0.058916,0.071265,0.061474
Lloyd_Mudiwa_0001|Sebastien_Grosjean_0001,0,-0.060141,-0.015581,-0.063102
Lois_Smart_0001|Tavis_Smiley_0001,0,-0.012164,-0.045061,-0.066041
Luis_Sanchez_0001|Petro_Symonenko_0001,0,0.053563,0.081693,0.069806
Luo_Linquan_0001|Martin_ONeill_0001,0,-0.081626,-0.078642,-0.091025
Luther_Htu_0001|Steve_Karsay_0001,0,-0.094741,-0.103372,-0.104375
Lynn_Abraham_0001|Michael_Keaton_0002,0,0.061304,0.069187,0.030924
Lynn_Abraham_0002|Mariano_Zabaleta_0001,0,0.008816,0.008937,0.010940
Mark_Richt_0003|Wilton_Gregory_0001,0,0.029535,-0.005238,0.029627
Martha_Smith_0001|Ray_Sherman_0001,0,0.025699,0.038010,0.033658
Martin_ONeill_0001|Mike_Weir_0011,0,0.069057,0.098052,0.046349
Mary-Kate_Olsen_0001|Sim_Yong_0001,0,0.040605,0.094889,0.029444
Matt_Siebrandt_0001|Rodney_Dangerfield_0001,0,0.012843,0.024226,0.020081
Maurice_Cheeks_0001|Steve_Austin_0001,0,0.084551,0.082795,0.084862
Mehmet_Okur_0001|Randy_Travis_0001,0,-0.072004,-0.062992,-0.073527
Michael_McNeely_0001|Sean_Combs_0001,0,0.059326,0.037942,0.051533
Michael_Milton_0001|Wilfredo_Moreno_0001,0,0.038853,0.003856,0.001163
Michael_Powell_0001|Scott_Weiland_0001,0,-0.023875,-0.011820,-0.010811
Miguel_Rosseto_0001|Pascal_Rheaume_0001,0,0.109234,0.079799,0.077405
Miguel_Rosseto_0001|Ricky_Ponting_0002,0,0.033749,0.058940,0.026244
Mike_Flanagan_0001|Mohammed_Baqir_al-Hakim_0002,0,-0.040776,-0.104250,-0.074228
Mike_Tice_0001|Patti_Smith_0001,0,-0.048544,-0.046077,-0.027307
Mohammed_Baqir_al-Hakim_0002|Tatyana_Tomashova_0001,0,0.000100,0.071210,0.000594
Mufti_Mohammad_Syed_0001|Raoul_Ruiz_0004,0,-0.085187,-0.088804,-0.067265
Nancy_Demme_0001|Roger_Mahony_0001,0,0.064531,0.069602,0.026308
Nancy_Reagan_0001|Rafael_Bielsa_0001,0,0.016420,0.020576,0.049752
Natasha_McElhone_0002|Robert_Nardelli_0001,0,-0.077572,-0.051428,-0.072404
Nathirah_Hussein_0001|Susan_Whelan_0001,0,0.105235,0.149293,0.099859
Neil_Moritz_0001|Roy_Williams_0002,0,0.100816,0.097740,0.100556
Neil_Moritz_0001|Xanana_Gusmao_0005,0,-0.034273,-0.032315,-0.034349
Nelson_Shanks_0001|Pedro_Martinez_0001,0,0.056530,0.042493,0.047788
Nelson_Shanks_0001|Ren_Qingjin_0001,0,0.021422,0.093873,0.052382
Noor_Mohammed_0001|Scott_Weiland_0001,0,0.090026,0.073407,0.106358
Oswald_Gruebel_0001|Richard_Penniman_0001,0,-0.080578,-0.045791,-0.088108
Parthiv_Patel_0001|Tonya_Payne_0001,0,-0.015358,0.024734,-0.018965
Pauley_Perrette_0001|Roy_Williams_0004,0,0.022481,0.025514,0.032689
Peter_Arnett_0002|Rodney_Dangerfield_0001,0,0.114362,0.131970,0.078032
Peter_Greenspun_0001|Rod_Thorn_0001,0,0.014370,0.034559,0.026739
Peter_Harvey_0001|Warren_Truss_0001,0,-0.029046,0.015219,-0.000237
Raja_Ramani_0001|Richard_Greenberg_0001,0,-0.105795,-0.116119,-0.122890
Raja_Ramani_0001|Will_Young_0001,0,-0.082490,-0.052210,-0.069953
Ralph_Sampson_0001|Samantha_Daniels_0001,0,0.011584,0.047665,0.007600
Raoul_Ruiz_0003|Tirunesh_Dibaba_0001,0,0.039268,0.040768,0.012111
Ren_Qingjin_0001|Wilton_Gregory_0001,0,-0.062907,-0.058692,-0.062109
Ricardo_Lopez_Murphy_0002|Roberto_Robaina_0001,0,0.059608,0.038423,0.082537
Ricky_Ponting_0001|Ronaldo_Luis_Nazario_de_Lima_0004,0,0.088033,0.097725,0.079012
Robin_Cook_0001|Wilton_Gregory_0001,0,0.042421,0.026635,0.027195
Roger_Federer_0004|Steve_Backley_0002,0,0.031764,0.037071,0.035291
Ronald_Post_0001|Steve_Karsay_0001,0,0.025829,0.036399,0.047850
Ryan_Nyquist_0001|Winona_Ryder_0022,0,-0.116440,-0.092127,-0.105277
Sally_Clark_0001|Scott_Ritter_0002,0,-0.009700,-0.024825,-0.002340
Samantha_Daniels_0001|Taufik_Hidayat_0003,0,0.010186,-0.029957,0.001257
Sherri_Coale_0001|Troy_Garity_0001,0,0.079804,0.062469,0.060975
Steve_Valentine_0001|Toni_Braxton_0002,0,0.075982,0.055381,0.072598
Tammy_Helm_0001|Tom_Smothers_0001,0,-0.088088,-0.040802,-0.076881
Tanya_Lindenmuth_0001|Tora_Takagi_0001,0,0.021354,0.017819,0.019491
Toni_Braxton_0003|Yann_Martel_0002,0,-0.067776,-0.056852,-0.033233
Adam_Scott_0001|Adam_Scott_0002,1,0.352705,0.340913,0.319857
Ahmad_Masood_0001|Ahmad_Masood_0002,1,0.520530,0.482944,0.478345
Alan_Mulally_0001|Alan_Mulally_0002,1,0.575779,0.548542,0.581154
Alexander_Rumyantsev_0001|Alexander_Rumyantsev_0002,1,0.695670,0.660627,0.641995
Ali_Abbas_0001|Ali_Abbas_0002,1,0.623668,0.601514,0.602825
Amanda_Bynes_0001|Amanda_Bynes_0002,1,0.579220,0.534583,0.556358
Amanda_Bynes_0001|Amanda_Bynes_0003,1,0.517694,0.528436,0.522723
Amanda_Bynes_0001|Amanda_Bynes_0004,1,0.459305,0.375513,0.421116
Amanda_Bynes_0002|Amanda_Bynes_0003,1,0.560803,0.559302,0.564556
Andrei_Mikhnevich_0001|Andrei_Mikhnevich_0002,1,0.757246,0.740161,0.735963
Angela_Merkel_0001|Angela_Merkel_0002,1,0.534285,0.514528,0.500018
Angela_Merkel_0004|Angela_Merkel_0005,1,0.662654,0.607961,0.636233
Angelina_Jolie_0001|Angelina_Jolie_0015,1,0.539944,0.498072,0.510749
Angelina_Jolie_0002|Angelina_Jolie_0011,1,0.505702,0.519245,0.479610
Angelina_Jolie_0008|Angelina_Jolie_0015,1,0.606282,0.574954,0.601650
Angelina_Jolie_0009|Angelina_Jolie_0015,1,0.722404,0.687873,0.697762
Angelina_Jolie_0011|Angelina_Jolie_0020,1,0.503408,0.503760,0.511590
Anthony_LaPaglia_0001|Anthony_LaPaglia_0002,1,0.691351,0.687467,0.712158
Arlen_Specter_0001|Arlen_Specter_0002,1,0.492791,0.468883,0.477011
Atal_Bihari_Vajpayee_0004|Atal_Bihari_Vajpayee_0006,1,0.603391,0.597041,0.589956
Barry_Alvarez_0001|Barry_Alvarez_0002,1,0.668369,0.627565,0.629382
Bill_Belichick_0001|Bill_Belichick_0002,1,0.690206,0.669012,0.677506
Bill_Sizemore_0001|Bill_Sizemore_0002,1,0.689419,0.667166,0.681738
Boris_Yeltsin_0001|Boris_Yeltsin_0002,1,0.637864,0.593726,0.610112
Britney_Spears_0004|Britney_Spears_0011,1,0.395365,0.411082,0.362088
Bruce_Van_De_Velde_0001|Bruce_Van_De_Velde_0002,1,0.666067,0.632050,0.664493
Camilla_Parker_Bowles_0001|Camilla_Parker_Bowles_0002,1,0.635506,0.629770,0.622620
Carolina_Kluft_0001|Carolina_Kluft_0002,1,0.528005,0.522114,0.524294
Carson_Palmer_0001|Carson_Palmer_0003,1,0.581570,0.568841,0.570726
Carson_Palmer_0002|Carson_Palmer_0003,1,0.540234,0.529113,0.523380
Catherine_Deneuve_0001|Catherine_Deneuve_0004,1,0.694183,0.651324,0.662879
Catherine_Deneuve_0002|Catherine_Deneuve_0005,1,0.671045,0.678812,0.667889
Catherine_Deneuve_0003|Catherine_Deneuve_0005,1,0.709024,0.684036,0.698650
Cesar_Maia_0001|Cesar_Maia_0002,1,0.348923,0.396282,0.380848
Charles_Moose_0010|Charles_Moose_0012,1,0.630717,0.588070,0.612853
Chen_Liang_Yu_0001|Chen_Liang_Yu_0002,1,0.639829,0.612859,0.611608
Choi_Sung-hong_0001|Choi_Sung-hong_0005,1,0.722616,0.692581,0.693052
Choi_Sung-hong_0002|Choi_Sung-hong_0004,1,0.565511,0.543447,0.562357
Choi_Sung-hong_0003|Choi_Sung-hong_0004,1,0.682616,0.681986,0.676971
Christina_Aguilera_0001|Christina_Aguilera_0002,1,0.209179,0.230118,0.235810
Christina_Aguilera_0001|Christina_Aguilera_0004,1,0.408746,0.403385,0.431216
Christina_Aguilera_0002|Christina_Aguilera_0004,1,0.201417,0.223285,0.250130
Clara_Harris_0001|Clara_Harris_0005,1,0.668779,0.651889,0.613547
Clara_Harris_0002|Clara_Harris_0004,1,0.587742,0.603855,0.594359
Coretta_Scott_King_0001|Coretta_Scott_King_0002,1,0.701001,0.656045,0.661190
Coretta_Scott_King_0001|Coretta_Scott_King_0003,1,0.643269,0.632983,0.625550
Coretta_Scott_King_0002|Coretta_Scott_King_0003,1,0.782737,0.793920,0.773350
Courtney_Love_0001|Courtney_Love_0002,1,0.268088,0.268615,0.261071
Daniel_Day-Lewis_0001|Daniel_Day-Lewis_0003,1,0.527229,0.531521,0.524932
Daniel_Day-Lewis_0002|Daniel_Day-Lewis_0003,1,0.619052,0.561153,0.590626
Daniela_Hantuchova_0001|Daniela_Hantuchova_0002,1,0.641102,0.596455,0.625973
Debra_Messing_0001|Debra_Messing_0002,1,0.135234,0.113927,0.134236
Dennis_Kucinich_0002|Dennis_Kucinich_0007,1,0.638652,0.575042,0.630955
Dick_Latessa_0001|Dick_Latessa_0002,1,0.490865,0.447495,0.434356
Donald_Rumsfeld_0039|Donald_Rumsfeld_0110,1,0.557006,0.546057,0.516041
Donald_Rumsfeld_0051|Donald_Rumsfeld_0083,1,0.620377,0.579538,0.585223
Donald_Rumsfeld_0060|Donald_Rumsfeld_0067,1,0.712051,0.689610,0.700182
Eduard_Shevardnadze_0001|Eduard_Shevardnadze_0005,1,0.743969,0.707008,0.713780
Edward_Lu_0004|Edward_Lu_0006,1,0.575613,0.543696,0.565139
Edwina_Currie_0001|Edwina_Currie_0002,1,0.835537,0.834280,0.810907
Edwina_Currie_0002|Edwina_Currie_0004,1,0.787669,0.775952,0.748057
Elizabeth_Shue_0001|Elizabeth_Shue_0002,1,0.590146,0.599004,0.561403
Ellen_Engleman_0001|Ellen_Engleman_0002,1,0.570169,0.542045,0.587621
Emma_Thompson_0001|Emma_Thompson_0002,1,0.403329,0.441281,0.398888
Emma_Thompson_0001|Emma_Thompson_0003,1,0.397311,0.401419,0.384007
Emma_Thompson_0002|Emma_Thompson_0003,1,0.742694,0.757464,0.730255
Emmit_Smith_0001|Emmit_Smith_0002,1,0.775184,0.740910,0.741761
Fayssal_Mekdad_0001|Fayssal_Mekdad_0003,1,0.670886,0.655680,0.661719
Fayssal_Mekdad_0001|Fayssal_Mekdad_0004,1,0.711340,0.697591,0.682738
Frances_Fisher_0001|Frances_Fisher_0002,1,0.564061,0.567887,0.565293
Frank_Griswold_0001|Frank_Griswold_0002,1,0.666245,0.649228,0.631835
Gary_Forsee_0001|Gary_Forsee_0002,1,0.664086,0.635302,0.646929
Gloria_Macapagal_Arroyo_0003|Gloria_Macapagal_Arroyo_0012,1,0.491360,0.481743,0.484129
Gloria_Macapagal_Arroyo_0003|Gloria_Macapagal_Arroyo_0025,1,0.534310,0.512787,0.531770
Gloria_Macapagal_Arroyo_0008|Gloria_Macapagal_Arroyo_0023,1,0.621786,0.587476,0.610293
Gregory_Hines_0001|Gregory_Hines_0002,1,0.701514,0.667674,0.690485
Gus_Van_Sant_0001|Gus_Van_Sant_0002,1,0.740710,0.725747,0.732525
Gus_Van_Sant_0001|Gus_Van_Sant_0003,1,0.780613,0.748938,0.757385
Gwendal_Peizerat_0001|Gwendal_Peizerat_0002,1,0.729317,0.662073,0.691458
Gwendal_Peizerat_0001|Gwendal_Peizerat_0003,1,0.430486,0.391667,0.384737
Hal_Gehman_0002|Hal_Gehman_0004,1,0.722020,0.691962,0.719743
Hannah_Stockbauer_0001|Hannah_Stockbauer_0002,1,0.783294,0.784575,0.786065
Harrison_Ford_0001|Harrison_Ford_0012,1,0.620329,0.582597,0.602069
Heizo_Takenaka_0001|Heizo_Takenaka_0007,1,0.726095,0.737740,0.724000
Heizo_Takenaka_0003|Heizo_Takenaka_0008,1,0.718665,0.699093,0.694965
Heizo_Takenaka_0003|Heizo_Takenaka_0009,1,0.618240,0.608276,0.593226
Hichiro_Naemura_0001|Hichiro_Naemura_0002,1,0.550533,0.529568,0.519292
Hipolito_Mejia_0001|Hipolito_Mejia_0003,1,0.600532,0.611366,0.608950
Hipolito_Mejia_0001|Hipolito_Mejia_0004,1,0.635294,0.616805,0.612138
Holly_Hunter_0002|Holly_Hunter_0006,1,0.523390,0.507616,0.507696
Holly_Hunter_0003|Holly_Hunter_0007,1,0.623631,0.590186,0.565989
Igor_Ivanov_0005|Igor_Ivanov_0016,1,0.501646,0.482446,0.490955
Intisar_Ajouri_0002|Intisar_Ajouri_0003,1,0.798010,0.766677,0.778081
Jack_Nicholson_0001|Jack_Nicholson_0003,1,0.395180,0.390814,0.384841
James_Blake_0001|James_Blake_0010,1,0.601022,0.619049,0.576831
James_Blake_0004|James_Blake_0006,1,0.715593,0.715780,0.710215
James_Blake_0005|James_Blake_0009,1,0.641046,0.605544,0.617209
James_Kelly_0004|James_Kelly_0005,1,0.616318,0.606139,0.603468
James_Kopp_0002|James_Kopp_0004,1,0.678134,0.642279,0.630008
James_Smith_0001|James_Smith_0002,1,0.743839,0.715526,0.735844
Jean_Chretien_0002|Jean_Chretien_0039,1,0.545733,0.516660,0.534616
Jean_Chretien_0006|Jean_Chretien_0040,1,0.612830,0.593072,0.593410
Jean_Chretien_0008|Jean_Chretien_0035,1,0.604328,0.572317,0.572123
Jean_Chretien_0019|Jean_Chretien_0028,1,0.577013,0.536775,0.575834
Jean_Chretien_0028|Jean_Chretien_0052,1,0.540699,0.526432,0.525901
Jean_Chretien_0029|Jean_Chretien_0037,1,0.717627,0.690867,0.677146
Jean_Chretien_0034|Jean_Chretien_0036,1,0.795437,0.790018,0.796130
Jeffrey_Immelt_0001|Jeffrey_Immelt_0002,1,0.686099,0.664510,0.689220
Jennifer_Aniston_0001|Jennifer_Aniston_0007,1,0.465338,0.429855,0.433526
Jennifer_Aniston_0001|Jennifer_Aniston_0016,1,0.439604,0.423446,0.438699
Jennifer_Aniston_0006|Jennifer_Aniston_0021,1,0.405354,0.343163,0.387082
Jerry_Falwell_0001|Jerry_Falwell_0002,1,0.450168,0.464036,0.439214
Jesse_Harris_0001|Jesse_Harris_0003,1,0.660312,0.658538,0.633741
Jesse_Harris_0002|Jesse_Harris_0003,1,0.672749,0.647320,0.621674
Joan_Claybrook_0001|Joan_Claybrook_0002,1,0.634966,0.582674,0.598066
Joe_Calzaghe_0001|Joe_Calzaghe_0002,1,0.721007,0.709989,0.711850
Joe_Nichols_0001|Joe_Nichols_0003,1,0.649288,0.608551,0.624272
Joe_Nichols_0002|Joe_Nichols_0004,1,0.666151,0.628299,0.637346
Joe_Nichols_0003|Joe_Nichols_0004,1,0.868952,0.820880,0.854538
Joerg_Haider_0001|Joerg_Haider_0002,1,0.627544,0.604703,0.586633
John_Abizaid_0001|John_Abizaid_0002,1,0.722546,0.710497,0.690498
John_Abizaid_0001|John_Abizaid_0007,1,0.624619,0.653115,0.617397
John_Abizaid_0002|John_Abizaid_0003,1,0.683709,0.683222,0.662060
John_Abizaid_0004|John_Abizaid_0007,1,0.654600,0.649026,0.674578
John_Abizaid_0004|John_Abizaid_0008,1,0.620243,0.603315,0.605058
John_Abizaid_0005|John_Abizaid_0006,1,0.761057,0.753067,0.762145
John_Jumper_0001|John_Jumper_0002,1,0.691225,0.665027,0.678947
John_Mayer_0001|John_Mayer_0002,1,0.835041,0.821075,0.815886
John_Mayer_0001|John_Mayer_0003,1,0.722813,0.741555,0.727777
John_Negroponte_0005|John_Negroponte_0026,1,0.572394,0.578929,0.525153
John_Negroponte_0008|John_Negroponte_0017,1,0.504701,0.518716,0.501916
John_Negroponte_0028|John_Negroponte_0030,1,0.721179,0.715109,0.688669
John_Reilly_0001|John_Reilly_0002,1,0.704436,0.681213,0.673563
John_Rowland_0001|John_Rowland_0002,1,0.563724,0.583452,0.569837
Johnny_Depp_0001|Johnny_Depp_0002,1,0.334880,0.360632,0.345650
Jon_Corzine_0001|Jon_Corzine_0002,1,0.523513,0.493317,0.482635
Jose_Dirceu_0001|Jose_Dirceu_0002,1,0.473818,0.465224,0.460109
Jose_Sarney_0001|Jose_Sarney_0003,1,0.696773,0.676131,0.681695
Joseph_Estrada_0001|Joseph_Estrada_0003,1,0.678420,0.658545,0.665299
Joseph_Estrada_0002|Joseph_Estrada_0003,1,0.759093,0.759129,0.746617
Juan_Carlos_Ferrero_0009|Juan_Carlos_Ferrero_0017,1,0.678736,0.647574,0.655857
Jude_Law_0001|Jude_Law_0002,1,0.493570,0.468976,0.484426
Katherine_Harris_0001|Katherine_Harris_0002,1,0.529583,0.492839,0.510999
Katherine_Harris_0001|Katherine_Harris_0004,1,0.659890,0.604141,0.641363
Katherine_Harris_0003|Katherine_Harris_0004,1,0.535790,0.503084,0.513314
Kelly_Clarkson_0001|Kelly_Clarkson_0002,1,0.627838,0.622445,0.621517
Kiki_Vandeweghe_0001|Kiki_Vandeweghe_0002,1,0.707993,0.670076,0.682651
Kofi_Annan_0008|Kofi_Annan_0014,1,0.792673,0.750530,0.768338
Kofi_Annan_0008|Kofi_Annan_0032,1,0.751450,0.720720,0.717421
Kofi_Annan_0013|Kofi_Annan_0025,1,0.700927,0.697601,0.685412
Lance_Bass_0001|Lance_Bass_0004,1,0.587020,0.571564,0.532804
Lance_Bass_0002|Lance_Bass_0004,1,0.616936,0.635798,0.597192
Lance_Bass_0002|Lance_Bass_0005,1,0.559046,0.533504,0.523682
Lance_Bass_0004|Lance_Bass_0005,1,0.538277,0.553482,0.531918
Laurent_Gbagbo_0001|Laurent_Gbagbo_0002,1,0.549172,0.563608,0.553676
Lee_Soo-hyuck_0001|Lee_Soo-hyuck_0002,1,0.626243,0.638558,0.616552
Leslie_Caldwell_0002|Leslie_Caldwell_0003,1,0.604679,0.614311,0.612117
Li_Zhaoxing_0002|Li_Zhaoxing_0007,1,0.698531,0.665442,0.686936
Liu_Mingkang_0001|Liu_Mingkang_0002,1,0.758146,0.740118,0.747899
Luciano_Pavarotti_0001|Luciano_Pavarotti_0002,1,0.856200,0.838239,0.834327
Luis_Gonzalez_Macchi_0001|Luis_Gonzalez_Macchi_0002,1,0.570151,0.564515,0.528635
Luis_Gonzalez_Macchi_0002|Luis_Gonzalez_Macchi_0004,1,0.552966,0.555172,0.525633
Luis_Gonzalez_Macchi_0003|Luis_Gonzalez_Macchi_0004,1,0.507074,0.526553,0.494909
Luis_Gonzalez_Macchi_0003|Luis_Gonzalez_Macchi_0005,1,0.575796,0.547493,0.539310
Luis_Horna_0001|Luis_Horna_0004,1,0.557720,0.591756,0.559204
Luis_Horna_0002|Luis_Horna_0004,1,0.251180,0.290646,0.227708
Luiz_Inacio_Lula_da_Silva_0002|Luiz_Inacio_Lula_da_Silva_0009,1,0.653407,0.634140,0.642848
Luiz_Inacio_Lula_da_Silva_0002|Luiz_Inacio_Lula_da_Silva_0039,1,0.535615,0.524323,0.514732
Luiz_Inacio_Lula_da_Silva_0004|Luiz_Inacio_Lula_da_Silva_0008,1,0.710984,0.678434,0.678387
Luiz_Inacio_Lula_da_Silva_0007|Luiz_Inacio_Lula_da_Silva_0036,1,0.708440,0.696879,0.709003
Luiz_Inacio_Lula_da_Silva_0010|Luiz_Inacio_Lula_da_Silva_0019,1,0.658294,0.648572,0.652683
Luiz_Inacio_Lula_da_Silva_0011|Luiz_Inacio_Lula_da_Silva_0044,1,0.462276,0.475714,0.459429
Luiz_Inacio_Lula_da_Silva_0028|Luiz_Inacio_Lula_da_Silva_0044,1,0.581072,0.565130,0.573850
Madeleine_Albright_0001|Madeleine_Albright_0002,1,0.679297,0.630207,0.644905
Madeleine_Albright_0002|Madeleine_Albright_0003,1,0.671236,0.641044,0.656371
Marcus_Gronholm_0001|Marcus_Gronholm_0002,1,0.425089,0.421887,0.381118
Marissa_Jaret_Winokur_0001|Marissa_Jaret_Winokur_0002,1,0.673759,0.708759,0.674126
Mark_Geragos_0001|Mark_Geragos_0002,1,0.593938,0.579151,0.567974
Mark_Philippoussis_0002|Mark_Philippoussis_0007,1,0.673394,0.659094,0.654266
Mark_Philippoussis_0003|Mark_Philippoussis_0011,1,0.511766,0.526921,0.510494
Mark_Philippoussis_0004|Mark_Philippoussis_0006,1,0.566381,0.567489,0.537722
Mark_Philippoussis_0004|Mark_Philippoussis_0009,1,0.430217,0.434475,0.425859
Mark_Philippoussis_0006|Mark_Philippoussis_0007,1,0.672790,0.644947,0.667499
Mark_Philippoussis_0006|Mark_Philippoussis_0009,1,0.669556,0.665011,0.671873
Mark_Philippoussis_0007|Mark_Philippoussis_0009,1,0.638669,0.602856,0.639136
Markus_Naslund_0001|Markus_Naslund_0002,1,0.810527,0.790649,0.797195
Martha_Lucia_Ramirez_0002|Martha_Lucia_Ramirez_0004,1,0.753743,0.741086,0.740111
Martha_Lucia_Ramirez_0003|Martha_Lucia_Ramirez_0004,1,0.569415,0.571089,0.563144
Meryl_Streep_0014|Meryl_Streep_0015,1,0.465998,0.467310,0.485629
Mesut_Yilmaz_0001|Mesut_Yilmaz_0002,1,0.500259,0.496499,0.508868
Michael_Schumacher_0002|Michael_Schumacher_0013,1,0.620489,0.607154,0.633101
Michael_Schumacher_0002|Michael_Schumacher_0017,1,0.380689,0.337233,0.404566
Michael_Schumacher_0010|Michael_Schumacher_0011,1,0.532343,0.493384,0.532115
Michael_Schumacher_0013|Michael_Schumacher_0018,1,0.555034,0.515016,0.528995
Michel_Temer_0001|Michel_Temer_0002,1,0.664882,0.633501,0.653003
Michelle_Yeoh_0001|Michelle_Yeoh_0002,1,0.496774,0.472298,0.485467
Michelle_Yeoh_0002|Michelle_Yeoh_0005,1,0.542297,0.491332,0.508721
Monica_Seles_0001|Monica_Seles_0003,1,0.396662,0.369649,0.383845
Monica_Seles_0002|Monica_Seles_0006,1,0.704680,0.686805,0.682418
Monica_Seles_0004|Monica_Seles_0005,1,0.858679,0.834713,0.849837
Moshe_Katsav_0001|Moshe_Katsav_0002,1,0.591591,0.577159,0.570044
Moshe_Katsav_0002|Moshe_Katsav_0003,1,0.741924,0.742632,0.737357
Muhammad_Saeed_al-Sahhaf_0002|Muhammad_Saeed_al-Sahhaf_0005,1,0.507480,0.499714,0.507866
Muhammad_Saeed_al-Sahhaf_0003|Muhammad_Saeed_al-Sahhaf_0004,1,0.518217,0.502154,0.450910
Muhammad_Saeed_al-Sahhaf_0003|Muhammad_Saeed_al-Sahhaf_0005,1,0.540308,0.521706,0.524600
Nancy_Sinatra_0001|Nancy_Sinatra_0002,1,0.512239,0.507761,0.500647
Nicanor_Duarte_Frutos_0003|Nicanor_Duarte_Frutos_0006,1,0.673350,0.639493,0.679258
Nicanor_Duarte_Frutos_0003|Nicanor_Duarte_Frutos_0007,1,0.590884,0.578598,0.589044
Nicanor_Duarte_Frutos_0003|Nicanor_Duarte_Frutos_0011,1,0.674783,0.657067,0.669194
Patti_Labelle_0002|Patti_Labelle_0003,1,0.621115,0.560879,0.579499
Paul_Pierce_0001|Paul_Pierce_0002,1,0.432537,0.411753,0.435632
Paul_Shanley_0002|Paul_Shanley_0003,1,0.722208,0.722863,0.721468
Phil_Mickelson_0001|Phil_Mickelson_0002,1,0.628375,0.616743,0.619726
Princess_Anne_0001|Princess_Anne_0002,1,0.559376,0.587701,0.567024
Princess_Elisabeth_0001|Princess_Elisabeth_0002,1,0.693212,0.679258,0.669363
Priscilla_Owen_0001|Priscilla_Owen_0002,1,0.480652,0.483925,0.476993
Queen_Rania_0002|Queen_Rania_0003,1,0.620150,0.588622,0.601411
Rachel_Hunter_0001|Rachel_Hunter_0004,1,0.552809,0.520050,0.490795
Rachel_Hunter_0002|Rachel_Hunter_0003,1,0.621148,0.577506,0.629934
Rachel_Hunter_0003|Rachel_Hunter_0004,1,0.597897,0.595607,0.563521
Rafael_Ramirez_0001|Rafael_Ramirez_0002,1,0.804075,0.795194,0.779893
Rafael_Ramirez_0002|Rafael_Ramirez_0003,1,0.610575,0.564073,0.598206
Rafael_Ramirez_0002|Rafael_Ramirez_0004,1,0.688785,0.688423,0.690495
Ralph_Lauren_0001|Ralph_Lauren_0002,1,0.698621,0.671152,0.699180
Recep_Tayyip_Erdogan_0002|Recep_Tayyip_Erdogan_0016,1,0.662917,0.626294,0.635127
Recep_Tayyip_Erdogan_0017|Recep_Tayyip_Erdogan_0019,1,0.730675,0.716788,0.703453
Reese_Witherspoon_0003|Reese_Witherspoon_0004,1,0.584944,0.545297,0.561391
Richard_Armitage_0002|Richard_Armitage_0005,1,0.637817,0.627307,0.627601
Richard_Armitage_0006|Richard_Armitage_0007,1,0.578155,0.561326,0.583308
Richard_Armitage_0006|Richard_Armitage_0009,1,0.509589,0.450561,0.440806
Richard_Armitage_0008|Richard_Armitage_0009,1,0.530002,0.535939,0.544260
Richard_Gephardt_0002|Richard_Gephardt_0010,1,0.681539,0.649647,0.666497
Richard_Gephardt_0003|Richard_Gephardt_0011,1,0.759275,0.742555,0.744972
Richard_Gephardt_0005|Richard_Gephardt_0009,1,0.730690,0.719535,0.695139
Richard_Gephardt_0010|Richard_Gephardt_0011,1,0.710233,0.688029,0.698139
Richard_Norton-Taylor_0001|Richard_Norton-Taylor_0002,1,0.808877,0.802684,0.797942
Richie_Adubato_0001|Richie_Adubato_0002,1,0.608238,0.621800,0.613664
Robert_Bullock_0001|Robert_Bullock_0002,1,0.745440,0.720525,0.706221
Robert_Mueller_0004|Robert_Mueller_0005,1,0.767342,0.752702,0.752233
Robert_Mugabe_0001|Robert_Mugabe_0002,1,0.720940,0.712231,0.706328
Robert_Zoellick_0002|Robert_Zoellick_0003,1,0.651016,0.579600,0.616767
Robert_Zoellick_0003|Robert_Zoellick_0007,1,0.520306,0.474867,0.507788
Roberto_Benigni_0001|Roberto_Benigni_0002,1,0.686310,0.656589,0.666810
Roh_Moo-hyun_0028|Roh_Moo-hyun_0032,1,0.783125,0.766280,0.750279
Roman_Polanski_0002|Roman_Polanski_0003,1,0.531626,0.513121,0.502594
Roman_Polanski_0004|Roman_Polanski_0006,1,0.590549,0.570785,0.598448
Ron_Howard_0001|Ron_Howard_0002,1,0.706217,0.682389,0.699571
Ronald_Reagan_0001|Ronald_Reagan_0003,1,0.630015,0.597857,0.606867
Ronald_Reagan_0002|Ronald_Reagan_0003,1,0.554185,0.528671,0.533986
Rosemarie_Stack_0001|Rosemarie_Stack_0002,1,0.625619,0.607996,0.590118
Roy_Jones_Jr_0001|Roy_Jones_Jr_0002,1,0.502804,0.450448,0.467197
Rupert_Murdoch_0001|Rupert_Murdoch_0002,1,0.538449,0.529962,0.516856
Saburo_Kawabuchi_0001|Saburo_Kawabuchi_0002,1,0.714904,0.696937,0.713719
Sam_Mendes_0001|Sam_Mendes_0002,1,0.716384,0.711841,0.713308
Sam_Torrance_0001|Sam_Torrance_0002,1,0.768410,0.735389,0.751403
Sam_Torrance_0001|Sam_Torrance_0003,1,0.912907,0.909581,0.899459
Sam_Torrance_0002|Sam_Torrance_0003,1,0.718522,0.699950,0.712158
Sergei_Ivanov_0001|Sergei_Ivanov_0003,1,0.363645,0.387211,0.329153
Sergio_Vieira_De_Mello_0001|Sergio_Vieira_De_Mello_0002,1,0.665607,0.603512,0.622951
Sergio_Vieira_De_Mello_0004|Sergio_Vieira_De_Mello_0009,1,0.639429,0.623679,0.603833
Sergio_Vieira_De_Mello_0007|Sergio_Vieira_De_Mello_0008,1,0.733181,0.688193,0.704819
Sergio_Vieira_De_Mello_0008|Sergio_Vieira_De_Mello_0011,1,0.888051,0.860077,0.858839
Shannon_OBrien_0001|Shannon_OBrien_0002,1,0.472648,0.475563,0.438919
Sheila_Fraser_0001|Sheila_Fraser_0002,1,0.737532,0.715960,0.714435
Shimon_Peres_0001|Shimon_Peres_0003,1,0.573789,0.520282,0.544078
Shimon_Peres_0003|Shimon_Peres_0004,1,0.610176,0.619422,0.590475
Shimon_Peres_0004|Shimon_Peres_0007,1,0.564818,0.570638,0.571615
Sourav_Ganguly_0001|Sourav_Ganguly_0003,1,0.424858,0.424049,0.377237
Stanley_McChrystal_0001|Stanley_McChrystal_0003,1,0.641636,0.630657,0.626936
Stanley_McChrystal_0002|Stanley_McChrystal_0003,1,0.644854,0.621469,0.620258
Steve_Lavin_0001|Steve_Lavin_0004,1,0.621373,0.531966,0.595710
Strom_Thurmond_0001|Strom_Thurmond_0003,1,0.458348,0.422540,0.436462
Surakait_Sathirathai_0001|Surakait_Sathirathai_0002,1,0.164717,0.191165,0.191905
Susan_Collins_0001|Susan_Collins_0002,1,0.504141,0.528271,0.487637
Tariq_Aziz_0003|Tariq_Aziz_0005,1,0.626514,0.616382,0.615414
Terry_Stotts_0001|Terry_Stotts_0002,1,0.622319,0.614198,0.614990
Thaksin_Shinawatra_0005|Thaksin_Shinawatra_0006,1,0.650853,0.613790,0.624581
Thomas_OBrien_0003|Thomas_OBrien_0009,1,0.708642,0.731153,0.711739
Tim_Chapman_0001|Tim_Chapman_0002,1,0.531209,0.537520,0.558832
Tom_Hanks_0001|Tom_Hanks_0007,1,0.673341,0.562131,0.581163
Tom_Hanks_0004|Tom_Hanks_0006,1,0.671913,0.629646,0.665348
Tom_Hanks_0004|Tom_Hanks_0009,1,0.630703,0.568264,0.578713
Tom_Hanks_0005|Tom_Hanks_0006,1,0.538738,0.507156,0.517367
Tommy_Franks_0002|Tommy_Franks_0004,1,0.419115,0.348498,0.392615
Tommy_Franks_0004|Tommy_Franks_0008,1,0.521722,0.495535,0.486234
Valery_Giscard_dEstaing_0001|Valery_Giscard_dEstaing_0002,1,0.651265,0.648938,0.643393
Valery_Giscard_dEstaing_0001|Valery_Giscard_dEstaing_0006,1,0.620911,0.620980,0.604329
Vanessa_Williams_0001|Vanessa_Williams_0002,1,0.450010,0.470722,0.444490
Vanessa_Williams_0002|Vanessa_Williams_0003,1,0.464836,0.427258,0.424573
Victoria_Beckham_0001|Victoria_Beckham_0002,1,0.069390,0.075831,0.071447
Victoria_Beckham_0001|Victoria_Beckham_0003,1,0.132437,0.164848,0.122621
Victoria_Beckham_0002|Victoria_Beckham_0003,1,0.509344,0.477981,0.512929
Vladimir_Putin_0016|Vladimir_Putin_0021,1,0.757282,0.732408,0.715695
Vladimir_Putin_0022|Vladimir_Putin_0031,1,0.570278,0.535876,0.546113
Warren_Beatty_0001|Warren_Beatty_0002,1,0.683194,0.653737,0.680152
Yasar_Yakis_0001|Yasar_Yakis_0004,1,0.519337,0.553406,0.545726
Yoko_Ono_0001|Yoko_Ono_0004,1,0.656062,0.626444,0.629465
Yoko_Ono_0002|Yoko_Ono_0004,1,0.750666,0.697520,0.684419
AJ_Lamas_0001|Chris_Penn_0001,0,0.028894,0.061679,0.072867
Ahmed_Qureia_0001|Stanley_McChrystal_0003,0,0.013614,0.057980,0.030124
Ahmet_Necdet_Sezer_0001|John_Rowe_0001,0,0.065364,0.022636,0.024524
Alan_Dreher_0001|Emily_Mason_0001,0,-0.003301,0.053904,-0.003259
Alan_Dreher_0001|Francisco_Santos_0001,0,0.094492,0.101983,0.082403
Alan_Dreher_0001|Robert_Bullock_0002,0,0.029546,0.029461,0.046857
Alan_Mulally_0002|Tomomi_Morita_0001,0,0.048361,0.076287,0.069124
Alan_Stonecipher_0001|Luis_Gonzalez_0001,0,0.083478,0.106359,0.077499
Alberto_Ruiz_Gallardon_0001|James_Smith_0002,0,-0.128361,-0.102355,-0.124639
Alessandra_Cerna_0001|John_Darby_0001,0,-0.011585,0.026813,-0.004007
Alessandra_Cerna_0001|John_Rowland_0002,0,0.002045,0.049186,0.009538
Alessandra_Cerna_0001|Marina_Canetti_0001,0,0.029709,0.056589,0.026181
Alessandra_Cerna_0001|Randy_Jackson_0001,0,-0.053859,-0.051552,-0.023700
Alessandra_Cerna_0001|Richard_Jewell_0001,0,0.111654,0.149983,0.131042
Alex_Cabrera_0001|Fred_Huff_0001,0,-0.005026,-0.012850,-0.006739
Alex_Cabrera_0001|Tommy_Franks_0009,0,-0.041189,-0.049313,-0.044564
Alex_Corretja_0001|Jacky_Cheung_0001,0,-0.052686,0.015815,-0.015950
Alexandra_Spann_0001|Beth_Blough_0001,0,0.046646,0.050128,0.048314
Ali_Hammoud_0001|Randy_Jackson_0001,0,-0.018456,-0.019493,-0.032998
Almeida_Baptista_0001|Jan_Peter_Balkenende_0001,0,-0.111355,-0.127695,-0.115134
Almeida_Baptista_0001|Jason_Mewes_0001,0,-0.022439,-0.003089,0.000255
Almeida_Baptista_0001|Taoufik_Mathlouthi_0001,0,0.052986,0.035046,0.054266
Amanda_Bynes_0002|Grant_Rossenmeyer_0001,0,0.028495,0.014080,0.041818
Amy_Cotton_0001|Matt_Walters_0001,0,0.134806,0.093774,0.125886
Amy_Cotton_0001|Roberto_Guaterroma_0001,0,-0.096650,-0.106039,-0.091496
Andrew_Jarecki_0001|Barbara_Boxer_0001,0,-0.094755,-0.099109,-0.093742
Andrew_Jarecki_0001|Tessa_Jowell_0001,0,0.053386,0.089635,0.051982
Andy_North_0001|Eric_Hinske_0001,0,-0.090678,-0.020309,-0.079084
Andy_North_0001|Marina_Kuptsova_0001,0,0.202363,0.180757,0.179650
Andy_North_0001|Phil_Bennett_0001,0,0.035455,0.044491,0.028278
Angela_Merkel_0002|Hal_Gehman_0001,0,0.082589,0.078059,0.093744
Angela_Merkel_0003|Anna_Jones_0001,0,-0.097948,-0.057465,-0.091924
Angela_Merkel_0003|Frank_Griswold_0001,0,-0.146754,-0.117969,-0.140607
Anna_Jones_0001|Ray_Romano_0008,0,-0.075784,-0.059951,-0.091192
Anthony_LaPaglia_0001|Roberto_Guaterroma_0001,0,0.057953,0.108860,0.108553
Arlen_Specter_0001|Bill_Butler_0001,0,0.020073,0.053725,0.050896
Arlen_Specter_0002|Barbara_Boxer_0001,0,0.098388,0.069616,0.101256
Atal_Bihari_Vajpayee_0003|Ruben_Sierra_0001,0,0.005303,0.030892,0.017518
Atsushi_Sato_0001|Monica_Serra_0001,0,-0.005725,0.004025,0.007089
Baburam_Bhattari_0001|Muhammad_Saeed_al-Sahhaf_0004,0,0.038163,0.048843,0.017998
Barry_Alvarez_0001|John_Jones_0001,0,0.093141,0.085749,0.086849
Bill_Belichick_0001|John_Petty_0001,0,0.037789,0.020602,0.021960
Bill_Belichick_0001|Phillipe_Comtois_0001,0,-0.022960,-0.049791,-0.010554
Bill_Belichick_0002|Roger_Machado_0001,0,-0.091814,-0.081647,-0.088052
Bill_Byrne_0001|Bill_Sizemore_0001,0,0.171151,0.217024,0.197947
Bill_Curry_0001|Ellen_Martin_0001,0,0.069356,0.053626,0.043490
Bill_Curry_0001|Richard_Langille_0001,0,-0.068525,-0.016671,-0.057572
Bill_Curry_0001|Roberto_Guaterroma_0001,0,0.010269,0.011918,0.027168
Billy_Beane_0001|Tom_Welch_0001,0,0.083804,0.114250,0.100281
Boris_Trajkovski_0001|Laurent_Gbagbo_0002,0,-0.028490,-0.022958,-0.047797
Brad_Brownell_0001|Hussam_Mohammed_Amin_0001,0,0.057907,0.040477,0.058935
Brandon_Fails_0001|Christian_Lirette_0001,0,0.087379,0.125195,0.102935
Brandon_Fails_0001|Ellen_Engleman_0002,0,-0.030058,-0.002277,-0.025679
Brandon_Inge_0001|Eric_Lloyd_0001,0,-0.075159,-0.058969,-0.069367
Brenda_Magana_0001|Nikolay_Davydenko_0001,0,-0.090460,-0.056622,-0.085897
Brian_Jordan_0001|Joe_Cravens_0001,0,-0.208086,-0.204877,-0.213398
Brian_Lara_0001|John_Darby_0001,0,-0.054455,-0.079469,-0.078131
Brian_Lara_0001|Stanley_Nelson_0001,0,-0.024179,-0.021617,-0.033660
Calvin_Harrison_0001|Luis_Gonzalez_Macchi_0003,0,0.069961,0.125713,0.059499
Calvin_Harrison_0001|Richard_Gephardt_0009,0,-0.039189,-0.022889,-0.044219
Calvin_Harrison_0001|Suzanne_Fox_0001,0,0.067269,0.072406,0.066847
Camilla_Parker_Bowles_0002|Gustavo_Franco_0001,0,0.007686,0.029727,0.013374
Carina_Lau_Ka-ling_0001|Lin_Yi-fu_0001,0,0.039758,0.015466,0.028656
Carlos_Ortega_0003|Lionel_Hampton_0001,0,-0.026067,-0.047390,-0.059164
Carolina_Kluft_0003|Gwen_Stefani_0001,0,0.039073,0.093271,0.050228
Carson_Palmer_0003|Richard_Jewell_0001,0,-0.001647,0.050646,0.007335
Catherine_Deneuve_0004|Jade_Jagger_0001,0,0.043168,0.062481,0.021459
Catriona_Le_May_Doan_0001|Craig_Burley_0001,0,0.024785,0.067652,0.032263
Catriona_Le_May_Doan_0001|Phil_Mickelson_0001,0,0.000962,0.013766,-0.030307
Charlie_Deane_0001|Queen_Silvia_0001,0,0.089357,0.054270,0.074030
Charlotte_Church_0001|Kaoru_Hasuike_0001,0,0.053134,0.110892,0.064756
Charlotte_Church_0001|Sourav_Ganguly_0001,0,0.050071,0.084745,0.072899
Cheryl_Hines_0001|Du_Qinglin_0001,0,0.006052,-0.048161,-0.034895
Cheryl_Hines_0001|Lane_Odom_0001,0,-0.051905,-0.038959,-0.060575
Chin-Hui_Tsao_0001|Rosemarie_Stack_0001,0,0.138647,0.102397,0.116448
Choi_Sung-hong_0004|Debra_Messing_0001,0,0.056477,0.039418,0.038425
Choi_Sung-hong_0004|Frederique_van_der_Wal_0001,0,-0.075880,-0.070797,-0.066588
Chris_Penn_0001|Phil_Bennett_0001,0,-0.014533,0.038345,-0.006838
Chris_Penn_0001|Taoufik_Mathlouthi_0001,0,-0.057226,-0.025442,-0.050626
Christian_Lirette_0001|Sargis_Sargsian_0001,0,0.073885,0.074935,0.096181
Christina_Aguilera_0002|Joshua_Harapko_0001,0,-0.083619,-0.047758,-0.064637
Christina_Aguilera_0004|Jerry_Falwell_0002,0,-0.003463,-0.030052,-0.030950
Christopher_Amolsch_0001|Steve_Pagliuca_0001,0,0.021968,0.064167,0.009962
Christopher_Matero_0001|Valery_Giscard_dEstaing_0001,0,0.035805,-0.025075,-0.000164
Claudine_Farrell_0001|Mike_Miller_0002,0,-0.030565,-0.023539,-0.020622
Clive_Woodward_0001|Douglas_Faneuil_0001,0,-0.053257,-0.051157,-0.042992
Clive_Woodward_0001|Jose_Sarney_0002,0,0.114929,0.141721,0.091761
Coretta_Scott_King_0001|Robert_Torricelli_0001,0,-0.052824,-0.028063,-0.028134
Cori_Enghusen_0001|Ernie_Stewart_0001,0,-0.022258,0.030802,0.006204
Courtney_Love_0001|Jennifer_Aniston_0003,0,-0.108545,-0.092024,-0.140484
Courtney_Love_0001|Ruben_Sierra_0001,0,0.038889,0.035732,0.030735
Craig_Burley_0001|Stanley_McChrystal_0003,0,0.079824,0.071388,0.063807
Daniel_Coats_0001|Kathryn_Grayson_0001,0,-0.062152,-0.051003,-0.050423
Daniel_Day-Lewis_0003|Scott_Yates_0001,0,-0.014046,0.014347,-0.003533
Daniela_Hantuchova_0001|Jan_Peter_Balkenende_0001,0,0.025593,0.041527,0.026667
Danny_Green_0001|Rodrigo_Rato_0001,0,0.012005,0.053145,0.024009
Darin_Erstad_0001|Steve_Fehr_0001,0,-0.003787,-0.009004,-0.023575
Daryl_Smith_0001|Reese_Witherspoon_0004,0,0.004713,0.041519,-0.007441
David_Hanson_0001|Richard_Norton-Taylor_0001,0,0.059299,0.074287,0.058070
David_Hilt_0001|Hipolito_Mejia_0003,0,-0.004477,-0.002463,0.007139
Dennis_Franchione_0001|Hugh_Miller_0001,0,0.078274,0.041752,0.040092
Dennis_Kucinich_0003|Sam_Torrance_0002,0,-0.020114,0.006533,0.007509
Dennis_Kucinich_0004|Radovan_Karadzic_0001,0,-0.150992,-0.101949,-0.128082
Dennis_Kucinich_0006|Iain_Anderson_0001,0,0.021026,0.062384,-0.003297
Derek_Bond_0001|John_Jumper_0001,0,0.142404,0.155271,0.124809
Diane_Ladd_0001|Trevor_Watson_0001,0,-0.059470,-0.027071,-0.042957
Dick_Latessa_0001|John_Burnett_0001,0,0.044645,0.055681,0.069689
Dick_Latessa_0002|Martha_Beatriz_Roque_0001,0,-0.061586,-0.022254,-0.059160
Didier_Defago_0001|Jerry_Falwell_0002,0,0.013544,0.054315,0.006851
Don_Hewitt_0001|Guennadi_Chipouline_0001,0,0.006811,0.056478,0.031463
Donald_Carty_0001|Ernie_Stewart_0001,0,0.074029,0.126691,0.062024
Donald_Carty_0001|Jeffrey_Immelt_0002,0,0.005686,0.018495,-0.013491
Donald_Carty_0001|Vladimir_Putin_0034,0,0.098826,0.075460,0.100231
Du_Qinglin_0001|Meryl_Streep_0007,0,0.065762,0.087846,0.099652
Dustan_Mohr_0001|Edward_Flynn_0001,0,0.016411,0.000547,0.013436
Dustan_Mohr_0001|Enrik_Vendt_0001,0,0.012442,0.030191,0.037880
Dustan_Mohr_0001|Nikolay_Davydenko_0001,0,0.013089,0.029122,0.010052
Dustan_Mohr_0001|Sourav_Ganguly_0005,0,-0.009967,0.042124,-0.013084
Dustan_Mohr_0001|Theo_Angelopoulos_0001,0,0.029571,0.039141,0.028267
E_Clay_Shaw_0001|Jerry_Jones_0001,0,-0.039112,-0.026579,-0.024233
Eduard_Shevardnadze_0003|Martha_Lucia_Ramirez_0001,0,-0.021407,-0.015784,-0.011521
Edward_Flynn_0001|Madeleine_Albright_0002,0,-0.107408,-0.104478,-0.101517
Edward_Lu_0001|Robert_Zoellick_0007,0,0.089181,0.060713,0.069639
Edwina_Currie_0004|Eric_Hinske_0002,0,-0.061053,-0.016610,-0.065301
Elena_de_Chavez_0001|Jack_Goodman_0001,0,0.019630,0.083330,0.017404
Elizabeth_Shue_0001|Odai_Hussein_0001,0,0.030746,0.017740,0.035644
Elizabeth_Shue_0002|Princess_Hisako_0001,0,0.007289,0.027539,-0.014901
Elizabeth_Shue_0002|Terry_Stotts_0001,0,-0.122262,-0.080422,-0.093164
Ellen_Engleman_0001|Guennadi_Chipouline_0001,0,0.067724,0.061948,0.058269
Ellen_Saracini_0001|Ray_Romano_0006,0,-0.106511,-0.146326,-0.140542
Elsa_Zylberstein_0002|Matt_Braker_0001,0,-0.083081,-0.033130,-0.060861
Elvis_Stojko_0001|Jerry_Falwell_0001,0,0.033790,0.053713,0.041184
Elvis_Stojko_0001|Robert_Mueller_0005,0,0.000682,0.061571,-0.001180
Emma_Thompson_0003|Nathan_Doudney_0001,0,-0.133527,-0.115971,-0.144738
Emmit_Smith_0002|Rafael_Ramirez_0004,0,0.023248,0.027443,0.010347
Enrik_Vendt_0001|Lane_Odom_0001,0,0.114603,0.120704,0.117960
Enrique_Oliu_0001|Markus_Naslund_0001,0,0.019316,0.012295,0.009504
Enrique_Oliu_0001|William_McDonough_0001,0,-0.036247,-0.030723,-0.027368
Eric_Hinske_0001|Juan_Antonio_Samaranch_0001,0,0.001555,0.050074,0.029236
Eric_Lloyd_0001|Jessica_Alba_0002,0,0.152488,0.151491,0.117082
Eric_Lloyd_0001|Valery_Giscard_dEstaing_0001,0,0.145301,0.115136,0.140395
Ernie_Harwell_0001|Queen_Beatrix_0003,0,0.062264,0.081481,0.042032
Felipe_Perez_Roque_0002|MC_Hammer_0001,0,0.019855,-0.003266,-0.002835
Frank_Griswold_0001|Yana_Klochkova_0001,0,-0.008374,0.013552,-0.003155
Frank_Zappa_0001|Markus_Naslund_0001,0,-0.005985,0.005307,-0.023217
Frederique_van_der_Wal_0001|Pedro_Mahecha_0001,0,0.040846,0.003119,0.015480
Frederique_van_der_Wal_0001|Raja_Zafar-ul-Haq_0001,0,-0.048799,-0.024013,-0.015899
Gary_Leon_Ridgway_0001|Robert_Wagner_0001,0,0.132068,0.168673,0.148218
Gary_Leon_Ridgway_0001|Scott_Yates_0001,0,0.009688,-0.014447,-0.021170
Gary_Leon_Ridgway_0001|Yana_Klochkova_0001,0,0.007453,-0.023596,-0.014523
Gene_Keady_0001|Mark_Sacco_0001,0,0.155844,0.102945,0.165061
George_Gregan_0001|John_Negroponte_0027,0,-0.050128,-0.025268,-0.031014
Glen_DaSilva_0001|Rachel_Hunter_0004,0,0.015285,-0.012609,0.007389
Glen_DaSilva_0001|Robert_Mugabe_0002,0,0.009297,0.042833,0.003833
Glen_Sather_0001|Leslie_Caldwell_0003,0,0.044378,0.040164,0.017852
Glen_Sather_0001|Trevor_Watson_0001,0,0.037113,0.089327,0.062943
Goran_Zivkovic_0001|Lee_Soo-hyuck_0002,0,-0.006393,-0.016406,0.009728
Goran_Zivkovic_0001|Martha_Sahagun_de_Fox_0001,0,0.086137,0.067869,0.087506
Goran_Zivkovic_0001|Shane_Reynolds_0001,0,0.013961,0.055042,0.013109
Grant_Rossenmeyer_0001|Trevor_Watson_0001,0,-0.027336,-0.020091,-0.039567
Gregory_Hines_0001|Marcus_Gronholm_0002,0,-0.132666,-0.117068,-0.107977
Guennadi_Chipouline_0001|Tom_Lantos_0001,0,-0.133312,-0.081469,-0.145922
Guillermo_Ortiz_0001|Nestor_Santillan_0001,0,-0.016332,-0.009865,-0.021552
Guillermo_Ortiz_0002|Strom_Thurmond_0002,0,-0.028420,-0.062066,-0.054457
Gus_Van_Sant_0003|Natalie_Stewart_0001,0,0.008185,-0.033455,0.013461
Gwen_Stefani_0001|Hugh_Miller_0001,0,-0.047370,0.013307,-0.020204
Gwendal_Peizerat_0003|Turner_Stevenson_0001,0,-0.024321,0.022840,0.002680
Hal_Gehman_0001|Scott_Yates_0001,0,-0.076351,-0.065273,-0.078683
Hamad_Bin_Isa_al-Khalifa_0001|Marta_Dominguz_0001,0,0.062525,0.072964,0.079947
Harrison_Ford_0002|Marcus_Gronholm_0001,0,0.035566,0.052786,0.036077
Harvey_Wachsman_0001|Narayan_Singh_Pun_0001,0,-0.025902,-0.023091,-0.019255
Heather_Locklear_0001|John_Mayer_0003,0,-0.097226,-0.083124,-0.075135
Heather_Locklear_0001|Pablo_Khulental_0001,0,0.051112,0.092358,0.039684
Hichiro_Naemura_0002|Richard_Jewell_0001,0,-0.014289,0.007415,-0.014360
Hipolito_Mejia_0003|Jim_Ahern_0001,0,0.042241,0.089497,0.035158
Holly_Hunter_0003|Joshua_Perper_0001,0,0.035351,0.112481,0.097916
Hugh_Hefner_0001|Sam_Mendes_0001,0,-0.007771,0.068152,0.012904
Iain_Anderson_0001|James_Kopp_0002,0,-0.017868,-0.026847,-0.043516
Iain_Anderson_0001|Recep_Tayyip_Erdogan_0012,0,0.111836,0.071187,0.082136
Ilan_Goldfajn_0001|Jennifer_Aniston_0017,0,0.083402,0.113142,0.060191
Ilie_Nastase_0001|Michael_Lopez-Alegria_0001,0,-0.046016,-0.006278,-0.039687
Intisar_Ajouri_0003|Lin_Yi-fu_0001,0,-0.052956,-0.052149,-0.062620
Itamar_Franco_0001|Jessica_Alba_0001,0,-0.043516,-0.034361,-0.073436
Jack_Goodman_0001|Kirsten_Dunst_0001,0,-0.033346,0.027262,-0.010594
Jack_Goodman_0001|Saburo_Kawabuchi_0002,0,-0.045553,-0.050215,-0.053547
Jack_Nicholson_0001|Pat_Wharton_0001,0,0.064104,0.063866,0.087619
Jack_Valenti_0001|Shinzo_Abe_0001,0,0.028037,0.006360,0.029302
Jake_Plummer_0001|Jose_Dirceu_0002,0,0.086802,0.061352,0.102792
Jakob_Kellenberger_0001|Lara_Logan_0001,0,-0.024110,-0.021180,-0.009541
Jakob_Kellenberger_0001|Pedro_Mahecha_0001,0,0.027496,0.029537,0.006479
James_Maguire_0001|Ronald_Reagan_0001,0,-0.037964,-0.046877,-0.049677
James_Smith_0002|Kyra_Sedgwick_0001,0,-0.037750,-0.034019,-0.033837
Jason_Statham_0001|Kwame_Kilpatrick_0001,0,-0.010425,0.007433,-0.019093
Jawad_Boulus_0001|Narayan_Singh_Pun_0001,0,0.037295,0.037033,0.029733
Jean-Rene_Fourtou_0001|Roh_Moo-hyun_0028,0,-0.054717,-0.031515,-0.029204
Jeannette_Biedermann_0001|Kenny_Brack_0001,0,-0.047992,-0.042196,-0.055343
Jennifer_Granholm_0001|Trudi_Lacey_0001,0,-0.082183,-0.098048,-0.114193
Jerelle_Kraus_0001|Warren_Beatty_0001,0,0.067840,0.092516,0.066655
Jesus_Cardenal_0001|Pablo_Khulental_0001,0,0.020252,-0.001237,-0.002503
Jim_Hendry_0001|Larry_Beinfest_0001,0,0.097834,0.141626,0.108047
Joan_Claybrook_0002|Pablo_Latras_0001,0,0.006540,-0.010301,-0.022053
Joaquin_Sanchez_0001|Richard_Armitage_0001,0,0.093954,0.164683,0.119004
Joe_Cocker_0001|Martha_Beatriz_Roque_0001,0,0.014046,0.038506,-0.003677
Joe_Cocker_0001|Randy_Jackson_0001,0,-0.041440,0.007151,-0.059123
Joe_Cravens_0001|Sam_Mendes_0001,0,-0.038933,-0.103586,-0.061785
John_Barnett_0001|Kathryn_Grayson_0001,0,-0.053320,-0.019468,-0.031936
John_Darby_0001|Masum_Turker_0003,0,0.041472,0.053982,0.042611
John_Ferguson_0001|Paul_Schrader_0001,0,0.002698,0.003789,-0.006815
John_Paul_DeJoria_0001|Paul_Pierce_0001,0,0.021198,0.019652,0.033828
John_Reilly_0002|Princess_Hisako_0001,0,0.055040,0.073960,0.066788
John_Rowland_0002|Steve_Kerr_0001,0,0.023772,0.051292,0.091339
Johnny_Depp_0001|Leo_Mullin_0001,0,-0.006976,-0.031997,-0.001346
Johnny_Depp_0001|Trudi_Lacey_0001,0,0.057478,0.069696,0.061427
Johnny_Htu_0001|Roger_Machado_0001,0,0.080775,0.023613,0.053534
Jose_Dirceu_0001|Robert_Torricelli_0003,0,0.068432,0.058339,0.091079
Juan_Antonio_Samaranch_0001|Stefan_Koubek_0001,0,-0.005706,0.034646,0.028333
Juergen_Braehmer_0001|Shawn_Bradley_0001,0,0.066452,0.084014,0.069103
Juergen_Braehmer_0001|Travis_Rudolph_0001,0,-0.005486,0.012662,-0.026627
Kathryn_Grayson_0001|Queen_Beatrix_0004,0,0.117634,0.114958,0.097784
Kathryn_Grayson_0001|Ruben_Sierra_0001,0,-0.067639,-0.042733,-0.035141
Kathryn_Grayson_0001|Shannon_OBrien_0002,0,0.042090,0.069430,0.034071
Katie_Holmes_0001|Park_Jung_Sung_0001,0,0.076764,0.111877,0.067901
Kenny_Brack_0001|Lin_Yi-fu_0001,0,-0.055305,-0.052429,-0.056428
Kwame_Kilpatrick_0001|Shannon_OBrien_0002,0,-0.041180,-0.015139,0.000772
Kyra_Sedgwick_0001|Reese_Witherspoon_0003,0,-0.042260,-0.008618,-0.046406
Kyra_Sedgwick_0001|Richard_Hellfant_0001,0,0.018989,0.017678,0.011018
Kyra_Sedgwick_0001|Wilbert_Elki_Meza_Majino_0001,0,0.042904,0.052361,0.034934
Lance_Bass_0003|Queen_Rania_0005,0,0.041097,0.056820,0.031612
Lara_Logan_0001|Turner_Stevenson_0001,0,0.034132,0.056801,0.032810
Laszlo_Kovacs_0001|Luke_Ridnour_0001,0,-0.054800,-0.082482,-0.046337
Laszlo_Kovacs_0001|Olesya_Bonabarenko_0002,0,0.021607,0.004772,0.011374
Lee_Byung-woong_0001|William_Hochul_0002,0,-0.009893,0.035527,0.025299
Lee_Soo-hyuck_0001|Robert_Bullock_0001,0,-0.024640,-0.061586,-0.047329
Leslie_Caldwell_0001|Shane_Reynolds_0001,0,0.036857,0.044583,0.032731
Leslie_Caldwell_0002|Turner_Stevenson_0001,0,-0.109515,-0.015702,-0.091218
Li_Zhaoxing_0004|Susan_Sarandon_0004,0,0.018635,0.001207,0.012667
Linda_Mason_0001|Rupert_Murdoch_0002,0,0.071662,0.057832,0.065754
Liu_Mingkang_0002|Pedro_Pauleta_0001,0,0.053205,0.095656,0.067691
Liu_Ye_0001|Ruben_Sierra_0001,0,-0.077295,-0.058171,-0.078882
Liu_Ye_0001|Steve_Alford_0001,0,0.038722,0.045552,0.027009
Loretta_Lynn_Harper_0001|Michel_Temer_0002,0,-0.022588,-0.018274,-0.015397
Luis_Gonzalez_0001|Warren_Beatty_0001,0,0.022347,0.038914,0.020055
Madeleine_Albright_0002|Martha_Lucia_Ramirez_0002,0,0.094010,0.104475,0.090283
Maha_Habib_0001|Princess_Elisabeth_0001,0,-0.038737,0.010241,-0.038375
Marc_Anthony_0001|Michael_Pfleger_0001,0,-0.025597,-0.078838,-0.031113
Marcus_Gronholm_0001|Teresa_Graves_0001,0,-0.042967,-0.010561,-0.051039
Marcus_Gronholm_0001|Tommy_Franks_0008,0,0.111600,0.157369,0.149448
Marina_Canetti_0001|Saied_Hadi_al_Mudarissi_0001,0,0.109450,0.116531,0.113009
Mario_Alfaro-Lopez_0001|Richard_Armitage_0006,0,0.073374,0.074138,0.066816
Mario_Alfaro-Lopez_0001|Tom_Lantos_0001,0,-0.004743,-0.008791,-0.002014
Mark_Dacey_0001|Turner_Stevenson_0001,0,0.142045,0.119647,0.135484
Mark_Dacey_0002|Steve_Cox_0001,0,0.040182,0.038858,0.031865
Mark_Kelly_0001|Mark_Lazarus_0001,0,0.091875,0.106131,0.083525
Mark_Lazarus_0001|Ronnie_Jagday_0001,0,-0.069224,-0.001743,-0.075629
Mark_Sacco_0001|Tono_Suratman_0001,0,0.081437,0.048668,0.071602
Markus_Naslund_0001|Robert_Wagner_0001,0,-0.045019,-0.045964,-0.034512
Martin_Kristof_0001|Taia_Balk_0001,0,-0.075988,-0.013007,-0.056180
Matt_Anderson_0001|Seth_Gorney_0001,0,-0.073644,-0.028208,-0.051023
Matt_Braker_0001|Surakait_Sathirathai_0001,0,-0.093574,-0.042137,-0.069528
Matt_Roney_0001|Wilbert_Elki_Meza_Majino_0001,0,-0.024254,0.025335,-0.024857
Michael_Bolton_0001|Robert_Bullock_0002,0,-0.080468,-0.071500,-0.093055
Michael_Pfleger_0001|Robert_Ehrlich_0002,0,-0.048932,-0.038870,-0.053002
Michael_Schumacher_0017|Natalie_Imbruglia_0001,0,0.001533,-0.003282,-0.008457
Michael_Shane_Jolly_0001|Trudi_Lacey_0001,0,0.015562,0.026146,0.036577
Michel_Temer_0001|Paul_Shanley_0001,0,-0.035105,-0.008826,0.004134
Michelle_Yeoh_0005|Saburo_Kawabuchi_0001,0,-0.039550,0.028818,-0.019742
Mike_Helton_0001|Octavio_Lara_0001,0,-0.052313,-0.048630,-0.044226
Mike_Miller_0002|Toby_Keith_0001,0,0.004002,0.037254,0.045186
Monica_Seles_0002|Queen_Beatrix_0004,0,0.096242,0.128913,0.128485
Nancy_Sinatra_0001|Sargis_Sargsian_0001,0,0.049913,0.015712,0.031052
Pablo_Khulental_0001|Rosemarie_Stack_0002,0,-0.063500,-0.033986,-0.070528
Park_Jung_Sung_0001|Robert_Bullock_0002,0,0.113284,0.159433,0.133783
Paul_Pierce_0002|Robert_Bullock_0002,0,-0.118336,-0.070288,-0.114832
Pedro_Pauleta_0001|Robert_Tyrrell_0001,0,-0.104888,-0.075623,-0.088068
Pedro_Pauleta_0001|Tommy_Franks_0014,0,0.031754,0.060534,0.026644
Phil_Morris_0001|Priscilla_Owen_0002,0,0.108092,0.112611,0.078087
Phil_Morris_0001|Roberto_Guaterroma_0001,0,0.054243,0.100917,0.078136
Phil_Morris_0001|Yuri_Luzhkov_0001,0,-0.062284,-0.047499,-0.066391
Queen_Rania_0003|Ronnie_Jagday_0001,0,0.055167,0.086665,0.079302
Radovan_Karadzic_0001|Richard_Langille_0001,0,0.029251,0.030747,0.020136
Randy_Jackson_0001|Steve_Alford_0001,0,0.101730,0.117080,0.064328
Reese_Witherspoon_0001|Sam_Torrance_0001,0,0.002631,0.017484,0.022454
Reese_Witherspoon_0002|Toni_Jennings_0001,0,0.064662,0.114232,0.084275
Rina_Lazo_0001|Ronald_Reagan_0001,0,0.019177,0.030357,-0.008062
Robert_Ehrlich_0002|Ron_Lantz_0001,0,0.158005,0.187884,0.172927
Robert_Mugabe_0001|Tessa_Jowell_0001,0,0.099478,0.085570,0.097874
Robert_Torricelli_0003|Taoufik_Mathlouthi_0001,0,-0.023723,0.013378,-0.000672
Robert_Tyrrell_0001|Yuri_Luzhkov_0001,0,-0.015831,0.027039,0.007259
Robert_Wagner_0001|Tommy_Franks_0011,0,0.035609,0.040852,0.028582
Robin_Wright_Penn_0001|Sam_Torrance_0003,0,0.061796,0.102456,0.062493
Robin_Wright_Penn_0001|Yoko_Ono_0006,0,-0.003703,0.027366,0.017018
Rogelio_Ramos_0001|Ryan_Newman_0001,0,0.066886,0.072495,0.065418
Roman_Polanski_0004|Toby_Keith_0001,0,-0.025720,0.005627,0.003126
Ronnie_Jagday_0001|Sidney_Kimmel_0001,0,0.009083,0.036757,0.006619
Scott_Yates_0001|Steve_Cox_0001,0,-0.074079,-0.039135,-0.067576
Sean_Patrick_Thomas_0001|William_Hochul_0001,0,-0.023086,-0.012646,-0.032359
Sharon_Osbourne_0002|Shimon_Peres_0006,0,0.087394,0.149434,0.095916
Stefan_Koubek_0001|Steve_Alford_0001,0,-0.143223,-0.088288,-0.139367
Teri_Garr_0001|Yana_Klochkova_0001,0,0.075159,0.101988,0.073162
Warren_Beatty_0002|William_McDonough_0001,0,0.151187,0.165260,0.166505
Aleksander_Kwasniewski_0001|Aleksander_Kwasniewski_0002,1,0.731879,0.704817,0.701735
Aleksander_Kwasniewski_0002|Aleksander_Kwasniewski_0004,1,0.709831,0.695810,0.708168
Aleksander_Kwasniewski_0003|Aleksander_Kwasniewski_0004,1,0.657045,0.650985,0.649277
Ali_Naimi_0001|Ali_Naimi_0002,1,0.774402,0.764396,0.750304
Ali_Naimi_0001|Ali_Naimi_0005,1,0.570754,0.557110,0.566452
Ali_Naimi_0002|Ali_Naimi_0008,1,0.600436,0.595578,0.595650
Amanda_Beard_0001|Amanda_Beard_0002,1,0.697139,0.685320,0.694723
Andrew_Cuomo_0001|Andrew_Cuomo_0002,1,0.511037,0.526690,0.512681
Arnold_Schwarzenegger_0008|Arnold_Schwarzenegger_0031,1,0.360983,0.330525,0.341517
Arnold_Schwarzenegger_0009|Arnold_Schwarzenegger_0039,1,0.693087,0.642080,0.648813
Arnold_Schwarzenegger_0011|Arnold_Schwarzenegger_0041,1,0.579360,0.528429,0.556134
Arnold_Schwarzenegger_0012|Arnold_Schwarzenegger_0037,1,0.654212,0.639434,0.639709
Arnold_Schwarzenegger_0013|Arnold_Schwarzenegger_0039,1,0.732610,0.695713,0.714346
Arnold_Schwarzenegger_0022|Arnold_Schwarzenegger_0033,1,0.631951,0.649977,0.632963
Arnold_Schwarzenegger_0028|Arnold_Schwarzenegger_0041,1,0.571208,0.560636,0.530430
Bernard_Lord_0001|Bernard_Lord_0002,1,0.627014,0.615167,0.601409
Beth_Jones_0001|Beth_Jones_0002,1,0.426731,0.378547,0.412589
Branko_Crvenkovski_0002|Branko_Crvenkovski_0003,1,0.689977,0.678080,0.644001
Brigitte_Boisselier_0001|Brigitte_Boisselier_0002,1,0.607968,0.606781,0.604764
Bruce_Springsteen_0001|Bruce_Springsteen_0002,1,0.515486,0.518103,0.484808
Bruce_Springsteen_0001|Bruce_Springsteen_0003,1,0.546674,0.555452,0.522806
Bruce_Springsteen_0002|Bruce_Springsteen_0003,1,0.542668,0.533806,0.535558
Bruce_Springsteen_0002|Bruce_Springsteen_0004,1,0.408199,0.336927,0.366881
Calista_Flockhart_0001|Calista_Flockhart_0005,1,0.540084,0.566068,0.563309
Calista_Flockhart_0004|Calista_Flockhart_0006,1,0.583349,0.578247,0.555578
Cameron_Diaz_0001|Cameron_Diaz_0003,1,0.505691,0.460937,0.480212
Cameron_Diaz_0003|Cameron_Diaz_0006,1,0.416878,0.382669,0.407880
Carol_Moseley_Braun_0001|Carol_Moseley_Braun_0002,1,0.562696,0.551895,0.523193
Carrie-Anne_Moss_0001|Carrie-Anne_Moss_0003,1,0.554401,0.460457,0.500354
Carrie-Anne_Moss_0001|Carrie-Anne_Moss_0005,1,0.510761,0.446170,0.495728
Carrie-Anne_Moss_0002|Carrie-Anne_Moss_0005,1,0.588665,0.501612,0.556760
Carrie-Anne_Moss_0003|Carrie-Anne_Moss_0005,1,0.674967,0.642638,0.636851
Carrie-Anne_Moss_0004|Carrie-Anne_Moss_0005,1,0.741280,0.713790,0.729155
Charlton_Heston_0001|Charlton_Heston_0005,1,0.472464,0.440974,0.465196
Charlton_Heston_0002|Charlton_Heston_0005,1,0.502916,0.522626,0.510888
Charlton_Heston_0004|Charlton_Heston_0006,1,0.501734,0.528135,0.496839
Chris_Bell_0001|Chris_Bell_0002,1,0.786461,0.745831,0.758858
Chung_Mong-hun_0001|Chung_Mong-hun_0002,1,0.557684,0.521169,0.528862
Ciro_Gomes_0001|Ciro_Gomes_0002,1,0.662915,0.627841,0.636141
Ciro_Gomes_0002|Ciro_Gomes_0005,1,0.645665,0.635726,0.629447
Ciro_Gomes_0003|Ciro_Gomes_0005,1,0.693367,0.680947,0.680171
Colin_Montgomerie_0001|Colin_Montgomerie_0004,1,0.359275,0.377767,0.376520
Colin_Montgomerie_0002|Colin_Montgomerie_0003,1,0.463051,0.471759,0.462613
Colin_Montgomerie_0002|Colin_Montgomerie_0005,1,0.587538,0.574836,0.554117
Colin_Montgomerie_0004|Colin_Montgomerie_0005,1,0.364450,0.340637,0.357131
David_Trimble_0001|David_Trimble_0004,1,0.646149,0.620124,0.643110
David_Trimble_0001|David_Trimble_0005,1,0.694381,0.695746,0.676044
David_Trimble_0003|David_Trimble_0004,1,0.614185,0.581507,0.612017
David_Wolf_0001|David_Wolf_0002,1,0.507883,0.443379,0.497026
Demetrius_Ferraciu_0001|Demetrius_Ferraciu_0002,1,0.529033,0.492612,0.517035
Dennis_Powell_0001|Dennis_Powell_0002,1,0.602460,0.585433,0.583588
Desiree_Lemosi_0001|Desiree_Lemosi_0002,1,0.481222,0.402195,0.431076
Dolma_Tsering_0001|Dolma_Tsering_0002,1,0.805558,0.776183,0.796766
Doug_Melvin_0001|Doug_Melvin_0002,1,0.774642,0.747194,0.762519
Edward_Norton_0001|Edward_Norton_0002,1,0.560914,0.542078,0.562603
Emanuel_Ginobili_0002|Emanuel_Ginobili_0003,1,0.554920,0.479079,0.498065
Eric_Clapton_0001|Eric_Clapton_0002,1,0.542683,0.545765,0.524572
Fabiola_Zuluaga_0001|Fabiola_Zuluaga_0002,1,0.580171,0.544629,0.570707
Faye_Dunaway_0001|Faye_Dunaway_0002,1,0.596712,0.556056,0.560806
Ferenc_Madl_0001|Ferenc_Madl_0002,1,0.582013,0.533760,0.565446
Fernando_Gonzalez_0001|Fernando_Gonzalez_0005,1,0.511575,0.466432,0.482027
Fernando_Gonzalez_0001|Fernando_Gonzalez_0008,1,0.399455,0.385090,0.364053
Fernando_Gonzalez_0002|Fernando_Gonzalez_0006,1,0.427077,0.385562,0.404517
Filippo_Inzaghi_0001|Filippo_Inzaghi_0002,1,0.542949,0.530881,0.533162
Filippo_Inzaghi_0001|Filippo_Inzaghi_0003,1,0.442682,0.401504,0.431449
Filippo_Inzaghi_0002|Filippo_Inzaghi_0003,1,0.507984,0.465731,0.482377
Francis_George_0001|Francis_George_0002,1,0.583722,0.567313,0.606962
Franz_Beckenbauer_0001|Franz_Beckenbauer_0002,1,0.514170,0.512208,0.505934
Franz_Muentefering_0001|Franz_Muentefering_0002,1,0.710483,0.688359,0.691668
Franz_Muentefering_0003|Franz_Muentefering_0004,1,0.382482,0.389597,0.393908
Gary_Bergeron_0001|Gary_Bergeron_0002,1,0.573376,0.518049,0.511580
George_Foreman_0001|George_Foreman_0002,1,0.628533,0.613225,0.632525
George_Pataki_0001|George_Pataki_0003,1,0.693594,0.673828,0.674724
George_Pataki_0003|George_Pataki_0004,1,0.407520,0.390758,0.421267
George_Pataki_0003|George_Pataki_0005,1,0.678080,0.671451,0.664834
George_Roy_Hill_0001|George_Roy_Hill_0002,1,0.736565,0.728243,0.728704
Gonzalo_Sanchez_de_Lozada_0007|Gonzalo_Sanchez_de_Lozada_0008,1,0.555358,0.527036,0.556532
Gonzalo_Sanchez_de_Lozada_0007|Gonzalo_Sanchez_de_Lozada_0010,1,0.557676,0.550962,0.559323
Gonzalo_Sanchez_de_Lozada_0008|Gonzalo_Sanchez_de_Lozada_0011,1,0.560684,0.531813,0.539532
Gonzalo_Sanchez_de_Lozada_0008|Gonzalo_Sanchez_de_Lozada_0012,1,0.614792,0.559635,0.583166
Gregory_Geoffroy_0001|Gregory_Geoffroy_0002,1,0.765438,0.749632,0.772089
Guillermo_Coria_0007|Guillermo_Coria_0013,1,0.456243,0.437847,0.425498
Guillermo_Coria_0019|Guillermo_Coria_0022,1,0.556082,0.554975,0.566195
Habib_Rizieq_0001|Habib_Rizieq_0003,1,0.518670,0.556365,0.508574
Habib_Rizieq_0002|Habib_Rizieq_0003,1,0.639233,0.641431,0.615499
Hamid_Karzai_0001|Hamid_Karzai_0003,1,0.635733,0.610843,0.623767
Hamid_Karzai_0004|Hamid_Karzai_0013,1,0.681590,0.660849,0.683819
Hamid_Karzai_0019|Hamid_Karzai_0022,1,0.529800,0.457544,0.526112
Hilmi_Ozkok_0001|Hilmi_Ozkok_0002,1,0.778916,0.760745,0.754015
Horst_Koehler_0001|Horst_Koehler_0002,1,0.618542,0.605948,0.607191
Horst_Koehler_0001|Horst_Koehler_0003,1,0.488507,0.486316,0.473256
Horst_Koehler_0002|Horst_Koehler_0003,1,0.540635,0.568058,0.553636
Howard_Schultz_0001|Howard_Schultz_0002,1,0.636105,0.589767,0.599949
Ilan_Ramon_0001|Ilan_Ramon_0002,1,0.537104,0.545417,0.510195
Javier_Solana_0004|Javier_Solana_0008,1,0.644242,0.664836,0.646698
Javier_Solana_0006|Javier_Solana_0009,1,0.497810,0.509809,0.476821
Javier_Solana_0006|Javier_Solana_0010,1,0.659531,0.674667,0.619018
Jay_Garner_0001|Jay_Garner_0003,1,0.613977,0.607445,0.570497
Jean-Claude_Braquet_0001|Jean-Claude_Braquet_0002,1,0.701893,0.705803,0.721955
Jean-Claude_Trichet_0001|Jean-Claude_Trichet_0002,1,0.570916,0.585730,0.587407
Jean_Charest_0001|Jean_Charest_0010,1,0.572570,0.582856,0.584364
Jean_Charest_0002|Jean_Charest_0011,1,0.575646,0.532781,0.544649
Jean_Charest_0007|Jean_Charest_0010,1,0.564262,0.530752,0.547010
Jean_Charest_0008|Jean_Charest_0013,1,0.557043,0.557108,0.529969
Jean_Charest_0008|Jean_Charest_0017,1,0.486145,0.462343,0.470125
Jefferson_Perez_0001|Jefferson_Perez_0002,1,0.461278,0.446915,0.427995
Jim_Edmonds_0001|Jim_Edmonds_0002,1,0.431058,0.444233,0.435653
John_Kerry_0001|John_Kerry_0005,1,0.700350,0.676895,0.673936
John_Kerry_0003|John_Kerry_0004,1,0.775559,0.749461,0.762545
John_Kerry_0004|John_Kerry_0012,1,0.585806,0.563233,0.579026
John_Kerry_0009|John_Kerry_0013,1,0.798208,0.762668,0.764977
John_Malkovich_0001|John_Malkovich_0002,1,0.653105,0.619603,0.590284
John_Malkovich_0001|John_Malkovich_0003,1,0.634427,0.609798,0.601773
John_McCallum_0001|John_McCallum_0002,1,0.562601,0.541756,0.535897
John_McEnroe_0001|John_McEnroe_0002,1,0.518262,0.521436,0.506615
John_Rosa_0001|John_Rosa_0003,1,0.684828,0.677349,0.683252
Johnny_Unitas_0001|Johnny_Unitas_0002,1,0.700637,0.709750,0.695817
Jong_Wook_Lee_0003|Jong_Wook_Lee_0004,1,0.699153,0.665759,0.680708
Jose_Maria_Aznar_0001|Jose_Maria_Aznar_0013,1,0.649778,0.647807,0.628944
Jose_Maria_Aznar_0006|Jose_Maria_Aznar_0013,1,0.566146,0.554369,0.543221
Jose_Maria_Aznar_0006|Jose_Maria_Aznar_0020,1,0.558795,0.547966,0.556946
Jose_Maria_Aznar_0015|Jose_Maria_Aznar_0023,1,0.642370,0.613300,0.622544
Jose_Maria_Aznar_0017|Jose_Maria_Aznar_0022,1,0.645095,0.595831,0.612468
Julianne_Moore_0004|Julianne_Moore_0009,1,0.708084,0.671337,0.669970
Julianne_Moore_0006|Julianne_Moore_0016,1,0.411188,0.392020,0.400506
Julianne_Moore_0006|Julianne_Moore_0019,1,0.523676,0.502254,0.515474
Julianne_Moore_0007|Julianne_Moore_0018,1,0.460803,0.439903,0.460199
Julianne_Moore_0012|Julianne_Moore_0015,1,0.630719,0.605715,0.593271
Julio_Iglesias_Jr_0001|Julio_Iglesias_Jr_0002,1,0.605983,0.592150,0.595407
Justin_Timberlake_0001|Justin_Timberlake_0002,1,0.571521,0.537209,0.561375
Justin_Timberlake_0001|Justin_Timberlake_0003,1,0.592806,0.536439,0.566595
Justin_Timberlake_0005|Justin_Timberlake_0006,1,0.683818,0.653532,0.676990
Justin_Timberlake_0006|Justin_Timberlake_0008,1,0.593288,0.571688,0.590700
Justine_Pasek_0002|Justine_Pasek_0005,1,0.655908,0.622845,0.626108
Justine_Pasek_0002|Justine_Pasek_0006,1,0.544323,0.512346,0.526184
Justine_Pasek_0006|Justine_Pasek_0007,1,0.705616,0.652293,0.697505
Kathleen_Glynn_0001|Kathleen_Glynn_0002,1,0.665382,0.638267,0.612895
Kim_Dae-jung_0001|Kim_Dae-jung_0003,1,0.610705,0.566447,0.573787
Kim_Dae-jung_0001|Kim_Dae-jung_0005,1,0.639394,0.611900,0.635040
Kim_Dae-jung_0002|Kim_Dae-jung_0003,1,0.475728,0.432494,0.506950
Kim_Dae-jung_0004|Kim_Dae-jung_0006,1,0.592065,0.583622,0.596031
Kirk_Johnson_0001|Kirk_Johnson_0002,1,0.732608,0.720083,0.687577
Kirk_Johnson_0001|Kirk_Johnson_0003,1,0.799857,0.775752,0.764289
Kirk_Johnson_0002|Kirk_Johnson_0003,1,0.798833,0.770826,0.789622
Kosuke_Kitajima_0001|Kosuke_Kitajima_0002,1,0.582723,0.512278,0.521203
Kurt_Russell_0001|Kurt_Russell_0002,1,0.625182,0.614970,0.628568
Larry_Coker_0001|Larry_Coker_0004,1,0.636753,0.635251,0.589981
Larry_Coker_0002|Larry_Coker_0004,1,0.632953,0.605889,0.613783
Larry_Ellison_0001|Larry_Ellison_0002,1,0.677239,0.676913,0.704027
Larry_Ellison_0001|Larry_Ellison_0003,1,0.623813,0.604086,0.612912
Lawrence_MacAulay_0001|Lawrence_MacAulay_0002,1,0.634309,0.634244,0.623772
LeBron_James_0001|LeBron_James_0004,1,0.432336,0.428126,0.397503
LeBron_James_0001|LeBron_James_0005,1,0.572529,0.576216,0.574587
LeBron_James_0003|LeBron_James_0004,1,0.537798,0.507165,0.525760
LeBron_James_0004|LeBron_James_0005,1,0.307180,0.323422,0.327293
Lea_Fastow_0001|Lea_Fastow_0002,1,0.781227,0.739092,0.772111
Lee_Hoi-chang_0001|Lee_Hoi-chang_0002,1,0.780850,0.747671,0.760843
Lee_Hoi-chang_0002|Lee_Hoi-chang_0004,1,0.665772,0.658322,0.655140
Li_Peng_0002|Li_Peng_0006,1,0.697867,0.684209,0.687190
Li_Peng_0004|Li_Peng_0007,1,0.581016,0.565076,0.569788
Li_Peng_0004|Li_Peng_0008,1,0.476846,0.491870,0.512642
Li_Peng_0004|Li_Peng_0009,1,0.557572,0.529604,0.565178
Lim_Dong-won_0001|Lim_Dong-won_0002,1,0.680796,0.674823,0.661031
Lindsay_Benko_0001|Lindsay_Benko_0002,1,0.552686,0.474261,0.512959
Lou_Piniella_0001|Lou_Piniella_0003,1,0.489692,0.478346,0.480139
Lou_Piniella_0002|Lou_Piniella_0003,1,0.535065,0.519661,0.510718
Lucio_Gutierrez_0001|Lucio_Gutierrez_0002,1,0.639876,0.593081,0.633253
Lucio_Gutierrez_0003|Lucio_Gutierrez_0010,1,0.717569,0.730231,0.728792
Lucio_Gutierrez_0006|Lucio_Gutierrez_0007,1,0.597133,0.594078,0.601157
Lucio_Gutierrez_0006|Lucio_Gutierrez_0008,1,0.802382,0.787616,0.760676
Lucio_Gutierrez_0008|Lucio_Gutierrez_0013,1,0.552724,0.519674,0.509198
Luis_Figo_0002|Luis_Figo_0003,1,0.514214,0.482258,0.504001
Luis_Figo_0002|Luis_Figo_0004,1,0.526612,0.498953,0.533404
Luke_Walton_0001|Luke_Walton_0002,1,0.681093,0.671314,0.675386
Marat_Safin_0001|Marat_Safin_0002,1,0.480269,0.474692,0.458740
Marat_Safin_0001|Marat_Safin_0003,1,0.609954,0.589799,0.573684
Marat_Safin_0002|Marat_Safin_0003,1,0.548359,0.537818,0.514629
Mariana_Pollack_0001|Mariana_Pollack_0003,1,0.632832,0.586310,0.614421
Mariana_Pollack_0002|Mariana_Pollack_0003,1,0.624834,0.588443,0.619369
Martin_McGuinness_0003|Martin_McGuinness_0004,1,0.671570,0.627129,0.621819
Masahiko_Nagasawa_0001|Masahiko_Nagasawa_0002,1,0.610415,0.614192,0.591171
Michael_Chiklis_0001|Michael_Chiklis_0004,1,0.642545,0.614144,0.607090
Michael_Chiklis_0001|Michael_Chiklis_0005,1,0.627281,0.636180,0.592506
Michael_Chiklis_0002|Michael_Chiklis_0003,1,0.468910,0.453511,0.478623
Michael_Chiklis_0002|Michael_Chiklis_0004,1,0.497084,0.440956,0.471861
Michael_Chiklis_0003|Michael_Chiklis_0005,1,0.511754,0.532408,0.509508
Michael_Chiklis_0004|Michael_Chiklis_0005,1,0.515407,0.459315,0.470559
Michael_Douglas_0001|Michael_Douglas_0002,1,0.671302,0.646165,0.659728
Michael_Douglas_0001|Michael_Douglas_0003,1,0.651507,0.617913,0.632103
Michael_Douglas_0002|Michael_Douglas_0004,1,0.586345,0.543805,0.586990
Michael_Douglas_0003|Michael_Douglas_0006,1,0.646118,0.626338,0.628224
Michael_Douglas_0004|Michael_Douglas_0005,1,0.566333,0.550723,0.562940
Michael_Kostelnik_0001|Michael_Kostelnik_0002,1,0.632118,0.627155,0.602593
Michael_Leavitt_0001|Michael_Leavitt_0002,1,0.658612,0.631311,0.647009
Michelle_Branch_0001|Michelle_Branch_0002,1,0.507925,0.525540,0.532414
Michelle_Kwan_0001|Michelle_Kwan_0004,1,0.533261,0.489353,0.501275
Michelle_Kwan_0004|Michelle_Kwan_0005,1,0.854367,0.848693,0.834214
Michelle_Kwan_0006|Michelle_Kwan_0008,1,0.641256,0.664089,0.649567
Mike_Montgomery_0001|Mike_Montgomery_0002,1,0.598729,0.610817,0.585074
Mike_Tyson_0001|Mike_Tyson_0003,1,0.540460,0.576961,0.533450
Mikhail_Wehbe_0001|Mikhail_Wehbe_0003,1,0.601062,0.569183,0.581409
Minnie_Driver_0001|Minnie_Driver_0002,1,0.518799,0.505711,0.538000
Miyako_Miyazaki_0001|Miyako_Miyazaki_0002,1,0.589235,0.558519,0.577550
Muammar_Gaddafi_0001|Muammar_Gaddafi_0002,1,0.530868,0.521674,0.489816
Munir_Akram_0001|Munir_Akram_0002,1,0.833658,0.812241,0.820710
Nadia_Petrova_0001|Nadia_Petrova_0002,1,0.530882,0.514962,0.490327
Nadia_Petrova_0001|Nadia_Petrova_0003,1,0.542017,0.539500,0.510032
Nadia_Petrova_0001|Nadia_Petrova_0004,1,0.532748,0.501701,0.512525
Nadia_Petrova_0002|Nadia_Petrova_0003,1,0.628888,0.635531,0.609728
Nadia_Petrova_0003|Nadia_Petrova_0004,1,0.529464,0.500731,0.540561
Nadia_Petrova_0004|Nadia_Petrova_0005,1,0.397349,0.400666,0.413905
Nancy_Pelosi_0001|Nancy_Pelosi_0007,1,0.500172,0.477620,0.499721
Nancy_Pelosi_0002|Nancy_Pelosi_0009,1,0.538471,0.545812,0.526822
Nancy_Pelosi_0004|Nancy_Pelosi_0015,1,0.591043,0.522049,0.560687
Nancy_Pelosi_0012|Nancy_Pelosi_0014,1,0.641226,0.619173,0.638693
Nia_Vardalos_0001|Nia_Vardalos_0003,1,0.535159,0.539629,0.552634
Nia_Vardalos_0003|Nia_Vardalos_0004,1,0.481236,0.461502,0.459837
Nia_Vardalos_0003|Nia_Vardalos_0005,1,0.507068,0.492053,0.483204
Nicholas_Byron_0001|Nicholas_Byron_0002,1,0.728183,0.709440,0.684817
Nikki_Reed_0001|Nikki_Reed_0002,1,0.664081,0.584046,0.621175
Olivia_Newton-John_0001|Olivia_Newton-John_0002,1,0.728043,0.711876,0.677602
Paradorn_Srichaphan_0002|Paradorn_Srichaphan_0004,1,0.470911,0.443169,0.459218
Paradorn_Srichaphan_0004|Paradorn_Srichaphan_0005,1,0.590263,0.603117,0.610052
Pascal_Quignard_0001|Pascal_Quignard_0003,1,0.690543,0.672234,0.675368
Pascal_Quignard_0002|Pascal_Quignard_0003,1,0.663753,0.611456,0.632481
Patrice_Chereau_0001|Patrice_Chereau_0002,1,0.631841,0.595565,0.633253
Pedro_Malan_0001|Pedro_Malan_0005,1,0.473785,0.467010,0.462193
Pedro_Malan_0003|Pedro_Malan_0005,1,0.462926,0.432303,0.434192
Peter_Harrison_0001|Peter_Harrison_0002,1,0.688449,0.668009,0.653376
Rainer_Schuettler_0001|Rainer_Schuettler_0004,1,0.547799,0.553495,0.518999
Rainer_Schuettler_0002|Rainer_Schuettler_0003,1,0.390641,0.425354,0.390136
Rainer_Schuettler_0002|Rainer_Schuettler_0004,1,0.551129,0.545838,0.568228
Raymond_Odierno_0001|Raymond_Odierno_0002,1,0.906169,0.864107,0.871035
Rebecca_Romijn-Stamos_0001|Rebecca_Romijn-Stamos_0002,1,0.518741,0.509214,0.495594
Rebecca_Romijn-Stamos_0001|Rebecca_Romijn-Stamos_0003,1,0.532483,0.520872,0.493105
Rebecca_Romijn-Stamos_0001|Rebecca_Romijn-Stamos_0004,1,0.430449,0.453146,0.417884
Rebecca_Romijn-Stamos_0003|Rebecca_Romijn-Stamos_0004,1,0.477247,0.506409,0.492353
Richard_Krajicek_0001|Richard_Krajicek_0003,1,0.493009,0.491947,0.493205
Richard_Krajicek_0002|Richard_Krajicek_0003,1,0.496721,0.438048,0.482431
Rick_Santorum_0001|Rick_Santorum_0002,1,0.672836,0.642879,0.637788
Rick_Santorum_0001|Rick_Santorum_0003,1,0.540421,0.538212,0.524850
Rick_Santorum_0002|Rick_Santorum_0003,1,0.592998,0.581707,0.581535
Rick_Stansbury_0002|Rick_Stansbury_0003,1,0.668687,0.613556,0.633491
Rob_Marshall_0001|Rob_Marshall_0003,1,0.774472,0.754115,0.773569
Rob_Marshall_0001|Rob_Marshall_0006,1,0.744089,0.698764,0.736028
Rob_Marshall_0002|Rob_Marshall_0004,1,0.745204,0.729217,0.714485
Robert_Blackwill_0001|Robert_Blackwill_0002,1,0.753903,0.742128,0.740677
Robert_Duvall_0002|Robert_Duvall_0008,1,0.709938,0.652312,0.704694
Robert_Horan_0001|Robert_Horan_0002,1,0.684122,0.659911,0.653660
Robert_Redford_0003|Robert_Redford_0004,1,0.478605,0.436286,0.495009
Robert_Redford_0007|Robert_Redford_0008,1,0.649582,0.585876,0.617089
Robinson_Stevenin_0001|Robinson_Stevenin_0002,1,0.763554,0.740366,0.726732
Roger_Clemens_0001|Roger_Clemens_0002,1,0.672646,0.635536,0.627307
Sadie_Frost_0001|Sadie_Frost_0002,1,0.395285,0.379443,0.346401
Saparmurat_Niyazov_0001|Saparmurat_Niyazov_0002,1,0.743269,0.716730,0.734922
Sarah_Michelle_Gellar_0001|Sarah_Michelle_Gellar_0002,1,0.329944,0.353863,0.333769
Sarah_Michelle_Gellar_0001|Sarah_Michelle_Gellar_0003,1,0.544420,0.567351,0.556073
Sarah_Michelle_Gellar_0002|Sarah_Michelle_Gellar_0003,1,0.534933,0.510168,0.481518
Serena_Williams_0001|Serena_Williams_0041,1,0.607977,0.575085,0.571290
Serena_Williams_0003|Serena_Williams_0032,1,0.409430,0.416700,0.405929
Serena_Williams_0014|Serena_Williams_0040,1,0.587309,0.532398,0.533275
Serena_Williams_0041|Serena_Williams_0047,1,0.563233,0.542720,0.513740
Sergey_Lavrov_0001|Sergey_Lavrov_0003,1,0.755261,0.740336,0.757822
Sergey_Lavrov_0001|Sergey_Lavrov_0006,1,0.647891,0.614063,0.622903
Sergey_Lavrov_0002|Sergey_Lavrov_0004,1,0.578675,0.578858,0.586470
Sergey_Lavrov_0003|Sergey_Lavrov_0005,1,0.755958,0.767711,0.749689
Sergey_Lavrov_0003|Sergey_Lavrov_0007,1,0.759618,0.736644,0.744027
Sergey_Lavrov_0004|Sergey_Lavrov_0008,1,0.778645,0.760759,0.764634
Shane_Mosley_0001|Shane_Mosley_0002,1,0.582458,0.581117,0.565408
Sheila_Copps_0002|Sheila_Copps_0003,1,0.577755,0.570638,0.547561
Sheila_Copps_0003|Sheila_Copps_0004,1,0.673004,0.673354,0.633162
Shia_LaBeouf_0001|Shia_LaBeouf_0002,1,0.637695,0.617979,0.591534
Steve_Nash_0001|Steve_Nash_0003,1,0.625616,0.615140,0.616464
Steve_Nash_0001|Steve_Nash_0004,1,0.620170,0.579009,0.588772
Steve_Nash_0002|Steve_Nash_0004,1,0.581738,0.545722,0.569822
Steve_Nash_0002|Steve_Nash_0005,1,0.461760,0.490897,0.460078
Steve_Spurrier_0001|Steve_Spurrier_0002,1,0.461870,0.413950,0.425834
Steve_Waugh_0001|Steve_Waugh_0002,1,0.596089,0.626040,0.587498
Susilo_Bambang_Yudhoyono_0001|Susilo_Bambang_Yudhoyono_0002,1,0.528045,0.524539,0.542214
Susilo_Bambang_Yudhoyono_0001|Susilo_Bambang_Yudhoyono_0003,1,0.673968,0.679569,0.681845
Susilo_Bambang_Yudhoyono_0001|Susilo_Bambang_Yudhoyono_0004,1,0.614867,0.623521,0.636179
Susilo_Bambang_Yudhoyono_0003|Susilo_Bambang_Yudhoyono_0004,1,0.782299,0.775232,0.780952
Suzanne_Gaudet_0001|Suzanne_Gaudet_0002,1,0.714887,0.691055,0.723618
Thomas_Bjorn_0001|Thomas_Bjorn_0002,1,0.520981,0.485303,0.477553
Tim_Conway_0001|Tim_Conway_0002,1,0.700125,0.677498,0.685238
Tim_Conway_0001|Tim_Conway_0003,1,0.489831,0.505808,0.485698
Tim_Robbins_0001|Tim_Robbins_0005,1,0.663065,0.676580,0.661905
Tim_Robbins_0002|Tim_Robbins_0004,1,0.439459,0.396936,0.434589
Tim_Robbins_0003|Tim_Robbins_0005,1,0.531844,0.512346,0.535344
Tom_Craddick_0001|Tom_Craddick_0003,1,0.746950,0.740723,0.724658
Tom_Craddick_0002|Tom_Craddick_0004,1,0.653604,0.619173,0.627162
Tom_Craddick_0003|Tom_Craddick_0004,1,0.631322,0.622782,0.630149
Tracee_Ellis_Ross_0001|Tracee_Ellis_Ross_0002,1,0.698213,0.668757,0.676131
Venus_Williams_0002|Venus_Williams_0009,1,0.650322,0.626922,0.658282
Vivica_Fox_0001|Vivica_Fox_0002,1,0.545979,0.513586,0.533988
William_Ford_Jr_0001|William_Ford_Jr_0002,1,0.554836,0.531205,0.519612
William_Ford_Jr_0002|William_Ford_Jr_0006,1,0.566538,0.565637,0.557867
William_Ford_Jr_0005|William_Ford_Jr_0006,1,0.636505,0.596107,0.611931
William_Rehnquist_0001|William_Rehnquist_0002,1,0.656715,0.595863,0.626268
Yossi_Beilin_0001|Yossi_Beilin_0002,1,0.651558,0.618949,0.594622
Aaron_Eckhart_0001|Akiko_Morigami_0001,0,-0.017372,-0.010882,-0.009789
Aaron_Eckhart_0001|AnFernce_Negron_0001,0,0.015714,0.033118,0.013914
Aaron_Eckhart_0001|Sadie_Frost_0001,0,-0.035967,-0.012160,-0.042452
Abdel_Aziz_Al-Hakim_0001|Joe_Darrell_0001,0,0.091165,0.102345,0.106962
Abdullah_al-Attiyah_0001|Rachel_Wadsworth_0001,0,0.011388,0.018568,-0.015189
Abdullah_al-Attiyah_0002|John_Lisowski_0001,0,0.002665,0.022991,0.018409
Abraham_Foxman_0001|Doug_Melvin_0002,0,0.142093,0.199337,0.157879
Abraham_Foxman_0001|Nikki_Reed_0001,0,0.113568,0.133532,0.122722
Adam_Rich_0001|Jean-Claude_Trichet_0001,0,0.083748,0.115053,0.087936
Adam_Rich_0001|John_Goold_0001,0,0.018354,0.015048,0.012908
Adam_Rich_0001|Lisa_Girman_0001,0,0.080090,0.065030,0.084324
Adam_Rich_0001|Roger_Clemens_0001,0,0.032684,0.058621,0.045732
Adam_Rich_0001|Suzanne_Somers_0001,0,0.007718,-0.002108,0.007331
Adrian_Fernandez_0001|Nicolas_Massu_0001,0,-0.030723,-0.021761,-0.023830
Aiysha_Smith_0001|Yossi_Beilin_0001,0,-0.018737,0.003943,0.004989
Akiko_Morigami_0001|Shane_Mosley_0001,0,0.056446,0.085652,0.053915
Alastair_Johnston_0001|Aleksander_Kwasniewski_0004,0,-0.144702,-0.150111,-0.153347
Alastair_Johnston_0001|Bill_Duffey_0001,0,-0.023551,-0.002974,-0.036941
Albert_Brooks_0001|Robinson_Stevenin_0001,0,-0.074082,-0.080496,-0.040011
Albert_Brooks_0001|Sheila_Copps_0003,0,0.004026,0.014589,0.026096
Aleksander_Kwasniewski_0001|Guangdong_Ou_Guangyuan_0001,0,-0.050791,-0.008883,-0.051425
Aleksander_Kwasniewski_0002|George_Plimpton_0001,0,-0.038216,0.000560,-0.052439
Aleksander_Kwasniewski_0002|Juan_Jose_Lucas_0001,0,-0.010687,-0.036724,-0.034795
Aleksander_Kwasniewski_0003|Billy_Crawford_0001,0,-0.080119,-0.053725,-0.065099
Aleksander_Voloshin_0001|Kristen_Rivera_0001,0,-0.036917,-0.081694,-0.053307
Alessandro_Nesta_0001|Paul_Kelleher_0001,0,-0.053111,-0.019611,-0.061561
Alfredo_di_Stefano_0001|Chris_Moore_0001,0,-0.141629,-0.122183,-0.118657
Alfredo_di_Stefano_0001|Maryn_McKenna_0001,0,0.047110,0.045445,0.053666
Alfredo_di_Stefano_0001|Shamai_Leibowitz_0001,0,-0.065234,-0.048095,-0.079244
Ali_Naimi_0005|Morris_Dees_0001,0,0.064766,0.065748,0.072968
Aline_Chretien_0001|Guillermo_Coria_0017,0,0.045149,0.076392,0.044131
Amy_Yasbeck_0001|Chawki_Armali_0001,0,0.016433,0.077029,0.052829
AnFernce_Negron_0001|Kristen_Rivera_0001,0,0.021609,0.046355,0.015984
Andrew_Cuomo_0002|Todd_Petit_0001,0,0.029893,0.061667,0.031195
Anil_Ramsook_0001|Takeo_Hiranuma_0001,0,-0.012143,-0.016320,-0.016652
Annie_Chaplin_0001|Charles_Tannok_0001,0,0.063702,0.041548,0.054184
Antanas_Valionis_0001|William_Rehnquist_0001,0,0.025560,0.063982,0.052940
Avril_Lavigne_0001|Shia_LaBeouf_0002,0,-0.033512,-0.021902,-0.070060
Barbara_Becker_0001|Chris_Noth_0001,0,0.034369,0.032390,0.036892
Barbara_Becker_0001|Franz_Beckenbauer_0002,0,-0.066088,-0.080826,-0.070072
Barbora_Strycova_0001|Christiane_Wulff_0001,0,0.002755,-0.028413,-0.033354
Barry_Diller_0001|Meles_Zenawi_0001,0,0.056629,0.075617,0.046470
Bartosz_Kizierowski_0001|Faye_Wong_0001,0,-0.020844,0.005412,-0.003553
Ben_Wallace_0001|Nia_Vardalos_0005,0,-0.094938,-0.161738,-0.112697
Bernard_Lord_0001|Joxel_Garcia_0001,0,0.088401,0.135184,0.104668
Bernard_Lord_0002|Bing_Crosby_0001,0,0.094613,0.108313,0.060029
Beyonce_Knowles_0001|Maurice_Papon_0001,0,-0.106062,-0.063794,-0.110557
Bill_Duffey_0001|Jong_Wook_Lee_0001,0,0.069820,0.055012,0.087668
Bill_Guerin_0001|Julie_Goodenough_0001,0,-0.034486,-0.013469,-0.032006
Bill_Herrion_0001|Fernando_Valenzuela_0001,0,0.028249,0.038836,0.038193
Bill_Herrion_0001|Johnny_Unitas_0002,0,0.068466,0.058398,0.059118
Bill_Richardson_0001|George_McCloud_0001,0,-0.035260,-0.024245,-0.031708
Billy_Andrade_0001|Kellie_Coffey_0001,0,0.009485,0.031382,-0.003580
Billy_Crawford_0001|Jim_Edmonds_0002,0,-0.090033,-0.054648,-0.115100
Billy_Edelin_0001|Himmler_Rebu_0001,0,-0.126583,-0.077687,-0.166673
Bing_Crosby_0001|Stephen_Webster_0001,0,-0.055927,-0.049544,-0.037673
Bixente_LIzarazu_0001|Chris_Bell_0002,0,-0.002761,0.034045,0.003267
Bixente_LIzarazu_0001|Todd_Wike_0001,0,-0.105832,-0.076078,-0.089551
Blythe_Danner_0002|Hank_McKinnell_0001,0,-0.001870,0.002343,0.003298
Bob_Eskridge_0001|Marco_Pantani_0001,0,0.036882,0.038577,0.047740
Bob_Hartley_0001|Lou_Piniella_0003,0,0.086421,0.062761,0.076130
Bob_Krueger_0001|Gordana_Grubin_0001,0,-0.003014,0.027858,-0.002674
Bob_Krueger_0001|Mariana_Pollack_0001,0,0.014085,0.031354,0.002825
Bob_Sulkin_0001|Branko_Crvenkovski_0003,0,-0.017265,-0.014565,-0.016000
Bobby_Kielty_0001|Robert_Horan_0002,0,-0.021593,-0.007350,0.008736
Brajesh_Mishra_0001|Mark_Podlesny_0001,0,0.134798,0.137672,0.116007
Brandon_Knight_0001|Claudia_Cardinale_0001,0,0.036698,0.035622,0.002269
Brandon_Knight_0001|Phil_Donahue_0001,0,0.025135,0.041683,0.030221
Brandon_Lloyd_0001|Cha_Yung-gu_0001,0,-0.037550,0.003361,-0.023472
Brandon_Lloyd_0001|James_Coburn_0001,0,-0.011886,0.027508,-0.011199
Brian_Schneider_0001|Michael_Rolinee_0001,0,0.123583,0.117422,0.100479
Bruce_Springsteen_0004|Ion_Tiriac_0001,0,-0.130062,-0.152988,-0.116616
Cameron_Diaz_0002|Shia_LaBeouf_0001,0,-0.038382,0.006078,0.002347
Cameron_Diaz_0005|Nadia_Petrova_0002,0,0.024423,0.054492,0.019740
Carla_Gugino_0001|Kelly_Osbourne_0001,0,0.050593,0.067028,0.068839
Carla_Gugino_0001|Kenny_Chesney_0001,0,-0.091668,-0.091879,-0.094794
Carla_Gugino_0001|Michael_Douglas_0003,0,0.004755,-0.011843,0.046395
Carla_Gugino_0001|Miguel_Aldana_Ibarra_0001,0,-0.110209,-0.051570,-0.102914
Carlos_Fasciolo_0001|Debbie_Allen_0001,0,0.025735,0.077132,0.054597
Carol_Williams_0001|Gorden_Tallis_0001,0,0.189117,0.195957,0.199701
Carrie-Anne_Moss_0002|Horacio_Julio_Pina_0001,0,-0.044544,-0.028918,-0.077769
Carrie-Anne_Moss_0004|Michael_Goldrich_0001,0,0.028888,0.071685,0.059814
Casey_Crowder_0001|Keiko_Sofia_Fujimori_0001,0,-0.006652,0.020353,-0.018400
Casey_Crowder_0001|Phoenix_Chang_0001,0,0.021140,0.069097,0.006949
Cha_Yung-gu_0001|Takeo_Hiranuma_0001,0,0.213848,0.258045,0.254226
Charlene_Barshefsky_0001|James_Coburn_0001,0,-0.003971,-0.017183,-0.046867
Charles_Tannok_0001|Larry_Coker_0004,0,0.078063,0.083652,0.055105
Charlie_Hunnam_0001|Hestrie_Cloette_0001,0,0.047273,0.041205,0.024857
Charlie_Hunnam_0001|Veronica_Lake_0001,0,-0.022782,-0.026866,0.011294
Charlton_Heston_0004|Desiree_Lemosi_0001,0,-0.101683,-0.073806,-0.097114
Chawki_Armali_0001|Shoshannah_Stern_0001,0,0.028129,0.116559,0.050642
Chris_Bell_0002|Pharrell_Williams_0001,0,0.176389,0.197802,0.175476
Chris_Forsyth_0001|Nikki_Reed_0002,0,0.012452,0.069362,0.028427
Chris_Neil_0001|John_Kerry_0014,0,-0.047265,-0.020498,-0.036912
Chris_Noth_0001|Takeshi_Kitano_0001,0,-0.091084,-0.091367,-0.077718
Christine_Arron_0001|Robert_Duvall_0005,0,0.038563,0.012715,0.025553
Christine_Arron_0001|Steve_McManaman_0001,0,0.038487,0.078626,0.067424
Chuck_Hagel_0001|Jeff_Roehm_0001,0,0.023499,0.034941,0.049509
Chuck_Hagel_0001|Margaret_Hasley_0001,0,0.054322,0.087730,0.038599
Chuck_Hagel_0001|Sebastian_Porto_0001,0,-0.012636,0.026280,-0.018363
Cliff_Ellis_0001|John_Lisowski_0001,0,-0.106404,-0.071647,-0.080159
Clifford_Etienne_0001|Pharrell_Williams_0001,0,0.001754,0.090222,0.018668
Clifford_Etienne_0001|Ray_Lewis_0001,0,0.070532,0.115310,0.076807
Clive_Lloyd_0001|Harland_Braun_0001,0,0.101843,0.094298,0.093023
Colin_Montgomerie_0001|Horacio_Julio_Pina_0001,0,-0.010091,0.020642,-0.000787
Daniel_Montenegro_0001|Gustavo_Cisneros_0001,0,-0.042192,-0.024647,-0.019113
Daniel_Montenegro_0001|Nadia_Petrova_0004,0,-0.015947,-0.037326,-0.008961
Daniel_Montenegro_0001|Omar_Khan_Sharif_0001,0,0.094269,0.140062,0.114462
Daniel_Montenegro_0001|Rick_Santorum_0001,0,-0.083194,-0.068647,-0.065426
Danny_Glover_0001|Morris_Dees_0001,0,0.035812,0.069768,0.036136
Danny_Glover_0001|Patrice_Chereau_0002,0,-0.089726,-0.102223,-0.078815
David_Trimble_0004|John_Elway_0001,0,-0.066397,-0.050575,-0.063978
David_Wolf_0002|Emanuel_Ginobili_0004,0,-0.108005,-0.046998,-0.101892
David_Wolf_0002|Kathleen_Glynn_0002,0,-0.049655,-0.092636,-0.090142
David_Wolf_0002|Venus_Williams_0006,0,0.016460,0.028148,-0.005497
Debbie_Allen_0001|Sebastian_Cuattrin_0001,0,0.020340,0.075427,0.037095
Demetrius_Ferraciu_0002|Edward_Seaga_0001,0,0.120856,0.123570,0.110559
Denise_Johnson_0001|Nikki_Cascone_0001,0,0.001642,0.027997,0.007696
Denise_Johnson_0002|Emanuel_Ginobili_0003,0,0.096538,0.101724,0.088060
Denise_Johnson_0002|Filippo_Inzaghi_0002,0,0.111394,0.073874,0.065277
Dennis_Powell_0001|Horst_Koehler_0003,0,0.118794,0.110630,0.124298
Dennis_Powell_0001|Michael_Chiklis_0002,0,-0.069782,-0.039485,-0.036851
Desiree_Lemosi_0002|Dion_Glover_0001,0,-0.035619,-0.033988,-0.072137
Dion_Glover_0001|Michael_Weiss_0001,0,0.088489,0.082357,0.094263
Doug_Melvin_0001|Gustavo_Cisneros_0001,0,0.037526,0.041236,0.050788
Doug_Melvin_0003|Emma_Nicholson_0001,0,0.086955,0.108542,0.050395
Doug_Racine_0001|Marisol_Breton_0001,0,-0.096851,-0.037055,-0.066083
Ed_Book_0001|Nur_Jaafar_0001,0,0.001535,0.026707,0.006573
Ed_Case_0001|Sadam_Hassan_0001,0,-0.107749,-0.078672,-0.075104
Edward_Seaga_0001|George_Roy_Hill_0001,0,0.118871,0.146942,0.118259
Edward_Seaga_0001|Sarah_Price_0001,0,-0.058071,-0.064121,-0.085982
Eileen_Spina_0001|Jeff_Bzdelik_0001,0,-0.066295,-0.027350,-0.042237
Ekke_Hard_Forberg_0001|Nikki_Reed_0001,0,-0.026250,-0.003641,-0.020186
Elena_Bereznaya_0001|Lene_Espersen_0001,0,-0.007090,-0.039173,-0.005366
Elena_Bereznaya_0001|Mario_Lobo_Zagallo_0001,0,0.024939,0.052463,0.043709
Elena_Bereznaya_0001|Rick_Stansbury_0002,0,-0.059694,-0.043330,-0.080387
Elisha_Cuthbert_0001|Mariana_Pollack_0002,0,-0.019013,-0.053287,-0.054014
Eliza_Manningham-Buller_0001|Lawrence_MacAulay_0002,0,-0.150268,-0.167838,-0.140572
Eric_Clapton_0002|Niall_Connolly_0001,0,0.107071,0.135965,0.128107
Eric_Taino_0001|Michael_Goldrich_0001,0,0.014316,-0.021942,-0.004781
Farida_Ragoonanan_0001|Jorge_Enrique_Jimenez_0001,0,-0.092228,-0.112315,-0.112849
Felix_Trinidad_0001|Joe_Darrell_0001,0,-0.091029,-0.043813,-0.062043
Felix_Trinidad_0001|Justine_Pasek_0004,0,-0.017667,0.004147,-0.031077
Fernando_Valenzuela_0001|Luis_Figo_0003,0,0.082112,0.112315,0.075959
Fernando_Valenzuela_0001|Nicolas_Macrozonaris_0001,0,0.080669,0.068422,0.051380
Filippo_Inzaghi_0001|Mohammed_Al_Hindi_0001,0,-0.087493,-0.044140,-0.065121
Filippo_Inzaghi_0001|Shanna_Zolman_0001,0,-0.051308,-0.035441,-0.045505
Francis_Ricciardone_0001|Sven_Goran_Eriksson_0001,0,0.006382,0.040248,0.039228
Franz_Beckenbauer_0001|Gerald_Ford_0001,0,0.042510,0.070779,0.048477
Franz_Beckenbauer_0002|Rick_Bragg_0001,0,-0.037662,-0.005635,-0.026260
George_Foreman_0002|Ralph_Goodale_0001,0,-0.053270,-0.081563,-0.039238
George_Pataki_0001|James_Dingemans_0001,0,0.014869,0.017467,0.036626
George_Pataki_0002|Masahiko_Nagasawa_0002,0,-0.058429,-0.021642,-0.036194
George_Plimpton_0001|Ximena_Bohorquez_0001,0,-0.124930,-0.109488,-0.144285
Gerald_Ford_0001|Kurt_Budke_0001,0,-0.145954,-0.111762,-0.143768
Gerald_Ford_0001|Li_Peng_0001,0,0.053116,0.049476,0.055656
Giselle_Estefania_Tavarelli_0001|John_Sununu_0001,0,-0.041529,-0.044300,-0.059314
Giulio_Andreotti_0001|Kurt_Russell_0002,0,0.019328,0.018500,0.017523
Giulio_Andreotti_0001|Michael_Denzel_0001,0,0.062066,0.050799,0.041289
Graciano_Rocchigiani_0001|Juan_Jose_Lucas_0001,0,0.052804,0.055541,0.064645
Gregory_Geoffroy_0001|Sybille_Schmid_0001,0,-0.042641,-0.027165,-0.015706
Gregory_Geoffroy_0002|Kosuke_Kitajima_0001,0,-0.106879,-0.079970,-0.109588
Gregory_Geoffroy_0002|Wycliffe_Grousbeck_0001,0,0.048001,0.085058,0.060371
Guangdong_Ou_Guangyuan_0001|Li_Ruihuan_0001,0,0.127092,0.126076,0.111494
Guangdong_Ou_Guangyuan_0001|Nicole_0001,0,0.080556,0.113006,0.088262
Gustavo_Cisneros_0001|Steve_Blake_0001,0,0.047479,0.068004,0.050437
Gustavo_Noboa_0001|Lea_Fastow_0002,0,-0.023323,0.016211,0.000697
Habib_Hisham_0001|Pat_Rochester_0001,0,0.061857,0.086539,0.037817
Habib_Hisham_0001|Paul_Wilson_0001,0,0.021078,0.025653,0.026268
Habib_Rizieq_0001|Olivia_Newton-John_0002,0,-0.123801,-0.127493,-0.128652
Habib_Rizieq_0003|Kenny_Chesney_0001,0,0.036491,0.044920,0.054625
Hal_Sutton_0002|Kellie_Coffey_0001,0,-0.021560,-0.035258,0.006975
Harland_Braun_0001|Kathryn_Tucker_0001,0,0.001660,-0.035842,-0.010101
Hassanal_Bolkiah_0001|Michael_Leavitt_0001,0,-0.033528,-0.035106,-0.023560
Hestrie_Cloette_0001|Nicholas_Byron_0002,0,-0.035076,-0.028726,-0.020111
Hitoshi_Tanaka_0001|Ramon_Ponce_de_Leon_0001,0,-0.011250,0.058333,0.035992
Horacio_Julio_Pina_0001|Zaini_Abdullah_0001,0,-0.014125,0.031293,0.008043
Huang_Suey-Sheng_0001|Lucrecia_Orozco_0001,0,0.033578,0.055477,0.041765
Huang_Suey-Sheng_0001|Paul_Cerjan_0001,0,0.072143,0.100148,0.088872
Huang_Suey-Sheng_0001|Robinson_Stevenin_0001,0,-0.004213,0.016226,0.023551
Ian_Knop_0001|Michel_Minard_0001,0,-0.092874,-0.041963,-0.082934
Ilan_Ramon_0003|Tatiana_Kennedy_Schlossberg_0001,0,0.104686,0.136795,0.130990
Ion_Tiriac_0001|Lawrence_MacAulay_0001,0,0.034412,0.077888,0.043365
Ismail_Abu_Shanab_0001|Michael_Denzel_0001,0,-0.047078,-0.014856,-0.023841
Ismail_Abu_Shanab_0001|Rebecca_Romijn-Stamos_0001,0,-0.059178,-0.035520,-0.069650
Jack_Welch_0001|Keizo_Yamada_0001,0,0.102520,0.149507,0.111755
James_Dingemans_0001|Robert_Duvall_0005,0,0.138062,0.120561,0.116386
James_Dingemans_0001|William_Morrow_0001,0,0.007037,-0.006333,-0.010498
Jamie_Lee_Curtis_0001|William_Joppy_0001,0,-0.017530,-0.011195,-0.017768
Jamie_Martin_0001|Patrick_Ewing_0001,0,0.013369,0.055073,0.061011
Jan_Bjoerklund_0001|Li_Ruihuan_0001,0,0.030528,0.060593,0.066453
Jan_Paul_Miller_0001|Paradorn_Srichaphan_0008,0,0.011972,-0.015596,-0.002156
Jay_Garner_0003|Reggie_Sanders_0001,0,0.002344,-0.000896,-0.004478
Jeff_Bzdelik_0001|Zach_Parise_0001,0,0.082951,0.091722,0.081669
Jerry_Oliver_0001|Rudolf_Schuster_0001,0,-0.041414,-0.044407,-0.062571
Jerry_Oliver_0001|Stefaan_Declerk_0001,0,0.046313,0.059726,0.005221
Jerry_Sloan_0001|Julianne_Moore_0009,0,0.018260,0.031317,0.031662
Jerry_Sloan_0001|Keiko_Sofia_Fujimori_0001,0,0.021974,0.022276,0.006337
Jerry_Sloan_0001|Nikki_Cascone_0001,0,0.010908,0.024209,0.004618
Jim_Anderson_0001|Jose_Luis_Santiago_Vasconcelos_0001,0,-0.069578,-0.033901,-0.061387
Jim_Anderson_0001|Mikhail_Wehbe_0001,0,-0.006050,0.029616,-0.017615
Joaquim_Levy_0001|Judy_Vassar_0001,0,0.035438,0.042391,0.025098
Joe_Leonard_0001|Kristen_Rivera_0001,0,0.058009,0.072810,0.059545
John_Baldacci_0001|Nona_Gaye_0001,0,-0.106817,-0.113102,-0.124539
John_Baldacci_0001|Shia_LaBeouf_0001,0,0.030852,0.017142,0.028734
John_Elway_0001|Mahmoud_Diyab_al-Ahmed_0001,0,-0.030901,-0.055254,-0.023573
John_Kerry_0009|Raja_Ibrahim_0001,0,-0.092321,-0.093202,-0.092793
John_Kerry_0014|Pat_Rochester_0001,0,-0.045406,-0.014420,-0.034412
John_Lisowski_0001|Michelle_Kwan_0001,0,-0.020764,-0.009981,-0.033565
John_Malkovich_0002|Paradorn_Srichaphan_0007,0,-0.046271,0.023473,-0.017159
John_Malkovich_0003|Mona_Locke_0001,0,0.011207,-0.021612,-0.026373
John_Malkovich_0003|Richard_Palmer_0001,0,-0.037469,-0.008766,-0.047288
John_McCallum_0001|Oliver_Phelps_0001,0,-0.059229,-0.010086,-0.058353
John_McCallum_0002|Rick_Bragg_0001,0,0.097888,0.096377,0.073651
John_McEnroe_0002|Shane_Mosley_0001,0,-0.087973,-0.082595,-0.086889
John_Prescott_0001|Will_Ofenheusle_0001,0,-0.033556,-0.046651,-0.045786
Johnnie_Lynn_0001|Larry_Coker_0004,0,-0.065147,-0.009774,-0.067310
Johnnie_Lynn_0001|Richard_Palmer_0001,0,-0.155428,-0.086274,-0.141379
Johnny_Unitas_0001|Mark_Foley_0001,0,0.029039,0.048548,0.052360
Jonathan_Karsh_0001|Samantha_Ledster_0001,0,0.062485,0.061527,0.066579
Joxel_Garcia_0001|Lena_Olin_0001,0,0.048885,0.083747,0.032148
Joy_Bryant_0001|Richard_Chamberlain_0001,0,0.122181,0.082163,0.110207
Julianne_Moore_0004|Shia_LaBeouf_0001,0,0.006678,0.021307,-0.000895
Julio_Iglesias_Jr_0001|Ramon_Ponce_de_Leon_0001,0,0.038227,0.020132,0.016985
Justin_Timberlake_0001|Suzanne_Somers_0001,0,0.040442,0.029716,0.021972
Kathleen_Glynn_0002|Susilo_Bambang_Yudhoyono_0001,0,-0.084423,0.001297,-0.063848
Kathryn_Morris_0001|Minnie_Driver_0002,0,-0.128875,-0.096350,-0.140137
Kathryn_Tucker_0001|Stella_McCartney_0001,0,0.123045,0.134831,0.136904
Katie_Couric_0001|Sanjay_Gupta_0001,0,0.081297,0.142282,0.085096
Keiko_Sofia_Fujimori_0001|Sureyya_Ayhan_0001,0,0.027966,-0.009382,-0.003185
Kellie_Coffey_0001|Todd_Petit_0001,0,-0.008918,0.020198,0.033154
Kenny_Chesney_0001|Steve_Coogan_0001,0,-0.098577,-0.069461,-0.096705
Kevin_Tarrant_0001|Marisol_Breton_0001,0,-0.060522,-0.017353,-0.051302
Kristen_Rivera_0001|Valdas_Adamkus_0002,0,-0.006376,-0.007082,0.025082
Kurt_Russell_0002|Mahmoud_Diyab_al-Ahmed_0001,0,-0.080898,-0.026708,-0.077669
Kurt_Tanabe_0001|William_Jackson_0001,0,-0.001698,0.034999,0.008277
Kyle_McLaren_0001|Sofia_Milos_0001,0,-0.016439,-0.022882,-0.010105
Kyle_McLaren_0001|Will_Ofenheusle_0001,0,0.041458,0.023325,0.014149
Kyle_Shewfelt_0001|Larry_Coker_0002,0,0.041943,0.059800,0.045624
Lawrence_Foley_0001|Rachel_Wadsworth_0001,0,-0.041662,-0.000360,-0.039333
Lea_Fastow_0001|Uday_Hussein_0001,0,-0.002269,-0.017895,-0.018579
Lesia_Burlak_0001|Nur_Jaafar_0001,0,-0.103619,-0.063316,-0.074248
Lori_Berenson_0001|Rudolf_Schuster_0001,0,-0.052438,0.000090,-0.045482
Lucio_Angulo_0001|Sarah_Price_0001,0,0.019275,0.055208,0.023971
Lucio_Gutierrez_0010|Pedro_Malan_0005,0,-0.067890,-0.044300,-0.058600
Margaret_Hasley_0001|Michael_Denzel_0001,0,0.029169,0.045681,0.031010
Mark_Redman_0001|Stephen_Funk_0001,0,0.095983,0.117423,0.079788
Mark_Salter_0001|Shanna_Zolman_0001,0,0.015884,0.053731,0.034621
Martin_Luther_King_III_0001|Maryn_McKenna_0001,0,0.012966,-0.008176,0.002646
Mary_Bono_0001|Todd_Wike_0001,0,0.050284,0.070392,0.052543
Matt_LeBlanc_0001|Robert_Redford_0002,0,0.025823,0.050716,0.048824
Mauro_Viza_0001|William_Jackson_0001,0,0.096235,0.095260,0.088027
Max_Baucus_0001|Paradorn_Srichaphan_0005,0,0.060801,0.041963,0.059152
Max_Baucus_0001|Yossi_Beilin_0002,0,-0.058263,-0.034994,-0.080242
Meles_Zenawi_0001|Nawabzada_Nasrullah_Khan_0001,0,-0.036680,-0.017564,-0.038880
Melissa_Mulloy_0001|Paula_Abdul_0001,0,0.068964,0.069894,0.066008
Melissa_Mulloy_0001|Roger_Lyons_0001,0,0.067798,0.089650,0.057612
Michael_Chiklis_0001|Mohammed_Al_Hindi_0001,0,-0.089121,-0.067133,-0.071767
Michael_Chiklis_0001|Steve_Rush_0001,0,-0.108799,-0.082250,-0.115138
Michael_Doleac_0001|Nur_Jaafar_0001,0,-0.065235,-0.036623,-0.057666
Michael_Goldrich_0001|Suzanne_Somers_0001,0,0.006028,-0.017724,0.001808
Michael_Kahn_0001|Rick_Caruso_0001,0,0.131518,0.148299,0.126326
Michel_Minard_0001|Suzanne_Gaudet_0001,0,0.029997,0.022007,0.044408
Michelle_Bachelet_0001|Sami_Al-Arian_0001,0,0.026346,0.052128,0.025529
Miguel_Angel_Rodriguez_0001|Sasha_Cohen_0001,0,0.024364,0.080342,0.031234
Mike_Bryan_0001|Shanna_Zolman_0001,0,0.094466,0.096852,0.075211
Mike_Montgomery_0001|Ray_Lewis_0001,0,0.006471,0.012628,-0.008940
Milton_Wynants_0001|Stuart_Townsend_0001,0,-0.028985,0.018435,0.025908
Miyako_Miyazaki_0002|Munir_Akram_0002,0,0.017832,0.053725,0.033551
Morris_Dees_0001|Shamai_Leibowitz_0001,0,-0.035673,-0.007289,-0.029223
Morris_Dees_0001|Suzie_McConnell_Serio_0001,0,0.004928,0.024274,-0.009396
Nathalie_Gagnon_0001|Richard_Reid_0001,0,-0.045603,-0.029664,-0.061250
Nicklas_Lidstrom_0001|Norman_Jewison_0001,0,-0.066156,-0.044726,-0.063672
Nicklas_Lidstrom_0001|Sadie_Frost_0003,0,-0.004625,-0.031966,-0.024214
Nicole_Hiltz_0001|Zaini_Abdullah_0001,0,0.002838,0.000939,-0.007423
Nona_Gaye_0001|Paul_Cerjan_0001,0,0.027339,-0.008550,0.019435
Oscar_Bolanos_0001|Phil_Donahue_0001,0,0.036763,0.036362,0.047350
Oscar_Bolanos_0001|Tatiana_Kennedy_Schlossberg_0001,0,-0.070761,-0.067914,-0.082113
Pascal_Quignard_0003|Patrick_Ewing_0002,0,0.099078,0.117776,0.096929
Pat_Rochester_0001|Phoenix_Chang_0001,0,0.004770,0.008209,0.016608
Pat_Rochester_0001|Will_Ofenheusle_0001,0,0.049549,0.043227,0.030396
Paul_Farley_0001|Platon_Lebedev_0001,0,0.043665,0.092979,0.051036
Paula_Abdul_0001|Robert_Vowler_0001,0,0.050229,0.043003,0.064618
Pharrell_Williams_0001|Tyrone_Medley_0001,0,-0.049224,-0.038034,-0.039743
Phoenix_Chang_0001|Platon_Lebedev_0001,0,0.058297,0.065886,0.041470
Rachel_Wadsworth_0001|Richard_Palmer_0001,0,0.047014,0.071457,0.046045
Raymond_Odierno_0001|Richard_Reid_0001,0,0.037263,0.034109,0.043218
Reggie_Sanders_0001|Rick_Santorum_0002,0,0.008208,0.018151,-0.005817
Richard_Chamberlain_0001|Steve_Patterson_0001,0,0.095076,0.064268,0.060784
Richard_Ward_0001|Steve_Redgrave_0001,0,0.076067,0.098224,0.097810
Robert_Vowler_0001|Tab_Baldwin_0001,0,0.082495,0.108441,0.087025
Roy_Rogers_0001|Steven_Feldman_0001,0,-0.027007,-0.013522,-0.012074
Scott_Rolen_0001|William_Murabito_0001,0,0.024290,0.049072,0.031540
Sofia_Milos_0001|Steve_Nash_0003,0,0.138011,0.106758,0.115277
Sofia_Milos_0001|Will_Ofenheusle_0001,0,-0.036086,-0.026712,-0.032728
Sonja_Kesselschlager_0001|Tim_Robbins_0003,0,-0.064537,-0.056863,-0.060941
Takeo_Hiranuma_0001|Ty_Votaw_0001,0,0.081746,0.109082,0.097571
Ted_Washington_0001|Ximena_Bohorquez_0001,0,-0.040935,-0.001960,-0.041087
Ty_Votaw_0001|William_Webster_0001,0,0.049070,0.039676,0.047498
Adrian_McPherson_0001|Adrian_McPherson_0002,1,0.517016,0.474022,0.468261
Al_Davis_0001|Al_Davis_0002,1,0.646524,0.612703,0.604106
Al_Gore_0002|Al_Gore_0006,1,0.530469,0.522613,0.503542
Al_Gore_0004|Al_Gore_0006,1,0.627138,0.642821,0.638496
Alan_Greenspan_0001|Alan_Greenspan_0002,1,0.641363,0.651571,0.628477
Alan_Greenspan_0001|Alan_Greenspan_0005,1,0.677928,0.664379,0.662963
Alan_Greenspan_0003|Alan_Greenspan_0004,1,0.700281,0.682537,0.669290
Alastair_Campbell_0001|Alastair_Campbell_0005,1,0.477940,0.447995,0.479663
Alastair_Campbell_0002|Alastair_Campbell_0004,1,0.515618,0.463988,0.520370
Alexander_Downer_0001|Alexander_Downer_0002,1,0.588679,0.555948,0.567126
Alexander_Downer_0001|Alexander_Downer_0003,1,0.561372,0.544645,0.536306
Alexander_Downer_0001|Alexander_Downer_0004,1,0.578389,0.517704,0.529130
Alexander_Downer_0003|Alexander_Downer_0004,1,0.680518,0.638665,0.655109
Alice_Fisher_0001|Alice_Fisher_0002,1,0.827510,0.761811,0.759062
Alison_Lohman_0001|Alison_Lohman_0002,1,0.409431,0.390261,0.369404
Alvaro_Silva_Calderon_0001|Alvaro_Silva_Calderon_0002,1,0.603969,0.580836,0.561874
Alvaro_Silva_Calderon_0001|Alvaro_Silva_Calderon_0003,1,0.502908,0.492855,0.489702
Alvaro_Uribe_0007|Alvaro_Uribe_0020,1,0.614422,0.573320,0.579272
Alvaro_Uribe_0008|Alvaro_Uribe_0025,1,0.410067,0.350495,0.337902
Alvaro_Uribe_0012|Alvaro_Uribe_0013,1,0.708180,0.678224,0.687561
Alvaro_Uribe_0020|Alvaro_Uribe_0028,1,0.561841,0.539014,0.538444
Anders_Ebbeson_0002|Anders_Ebbeson_0003,1,0.687100,0.663803,0.684955
Andrew_Bunner_0001|Andrew_Bunner_0002,1,0.624285,0.595274,0.614642
Anibal_Ibarra_0001|Anibal_Ibarra_0003,1,0.613866,0.559632,0.582574
Antonio_Trillanes_0001|Antonio_Trillanes_0003,1,0.611535,0.586710,0.597993
Antonio_Trillanes_0002|Antonio_Trillanes_0003,1,0.462929,0.473666,0.472428
Asa_Hutchinson_0001|Asa_Hutchinson_0002,1,0.509874,0.479836,0.469866
Barbara_Walters_0001|Barbara_Walters_0003,1,0.704879,0.707613,0.692615
Barbara_Walters_0001|Barbara_Walters_0004,1,0.600153,0.600858,0.616431
Barbara_Walters_0003|Barbara_Walters_0004,1,0.603744,0.599548,0.602481
Ben_Howland_0001|Ben_Howland_0002,1,0.688365,0.665657,0.651885
Ben_Howland_0001|Ben_Howland_0003,1,0.737221,0.717794,0.694615
Ben_Howland_0003|Ben_Howland_0004,1,0.812449,0.782864,0.794014
Benazir_Bhutto_0001|Benazir_Bhutto_0004,1,0.467985,0.439347,0.453506
Benazir_Bhutto_0002|Benazir_Bhutto_0003,1,0.634160,0.612357,0.628407
Benazir_Bhutto_0002|Benazir_Bhutto_0004,1,0.420026,0.399215,0.408154
Bill_Simon_0005|Bill_Simon_0009,1,0.436456,0.405692,0.399160
Bill_Simon_0011|Bill_Simon_0015,1,0.648373,0.627047,0.635573
Billy_Sollie_0001|Billy_Sollie_0002,1,0.733489,0.693916,0.707517
Boris_Berezovsky_0001|Boris_Berezovsky_0002,1,0.620336,0.582177,0.607042
Brooke_Shields_0001|Brooke_Shields_0002,1,0.561430,0.535612,0.528560
Bulent_Ecevit_0001|Bulent_Ecevit_0004,1,0.703170,0.677461,0.670217
Bulent_Ecevit_0001|Bulent_Ecevit_0005,1,0.689186,0.655364,0.643114
Bulent_Ecevit_0002|Bulent_Ecevit_0006,1,0.575482,0.559656,0.554335
Bulent_Ecevit_0004|Bulent_Ecevit_0006,1,0.614716,0.587542,0.591915
Candie_Kung_0001|Candie_Kung_0002,1,0.584484,0.477684,0.552482
Candie_Kung_0001|Candie_Kung_0004,1,0.451206,0.448955,0.442728
Carlo_Ancelotti_0001|Carlo_Ancelotti_0002,1,0.690080,0.677436,0.649064
Carlo_Ancelotti_0002|Carlo_Ancelotti_0003,1,0.667125,0.667822,0.657016
Carlos_Moya_0008|Carlos_Moya_0017,1,0.544659,0.497353,0.542720
Carlos_Moya_0010|Carlos_Moya_0018,1,0.441465,0.447693,0.458091
Carlos_Vives_0001|Carlos_Vives_0004,1,0.559588,0.537854,0.557756
Carlos_Vives_0002|Carlos_Vives_0004,1,0.569981,0.537270,0.555490
Carson_Daly_0001|Carson_Daly_0002,1,0.511034,0.476426,0.497659
Cate_Blanchett_0001|Cate_Blanchett_0002,1,0.518822,0.517815,0.529165
Cate_Blanchett_0001|Cate_Blanchett_0003,1,0.655333,0.615981,0.625433
Cate_Blanchett_0001|Cate_Blanchett_0004,1,0.599811,0.565184,0.596823
Cate_Blanchett_0002|Cate_Blanchett_0003,1,0.615736,0.606539,0.605432
Cate_Blanchett_0002|Cate_Blanchett_0004,1,0.534535,0.519353,0.530195
Chok_Tong_Goh_0001|Chok_Tong_Goh_0002,1,0.620663,0.597303,0.601848
Chris_Byrd_0001|Chris_Byrd_0002,1,0.524696,0.517443,0.520650
Chris_Cooper_0001|Chris_Cooper_0002,1,0.706437,0.662038,0.671029
Chris_Tucker_0001|Chris_Tucker_0002,1,0.511429,0.497206,0.464088
Christine_Gregoire_0001|Christine_Gregoire_0004,1,0.669953,0.650120,0.666848
Christine_Gregoire_0002|Christine_Gregoire_0003,1,0.692515,0.653788,0.664982
Christine_Gregoire_0002|Christine_Gregoire_0004,1,0.631841,0.590710,0.609793
Christopher_Patten_0001|Christopher_Patten_0002,1,0.570773,0.581144,0.547551
Clint_Eastwood_0001|Clint_Eastwood_0004,1,0.540725,0.506705,0.535638
Clint_Eastwood_0001|Clint_Eastwood_0006,1,0.557376,0.549664,0.545921
Constance_Marie_0001|Constance_Marie_0002,1,0.340272,0.263931,0.314666
Constance_Marie_0001|Constance_Marie_0003,1,0.357576,0.333625,0.351109
Dennis_Hastert_0002|Dennis_Hastert_0003,1,0.379832,0.438975,0.397211
Dennis_Hastert_0003|Dennis_Hastert_0006,1,0.386625,0.387964,0.396195
Dennis_Hastert_0004|Dennis_Hastert_0006,1,0.408262,0.379889,0.386066
Dennis_Hastert_0005|Dennis_Hastert_0006,1,0.627840,0.596154,0.616119
Dolly_Parton_0001|Dolly_Parton_0002,1,0.727519,0.733566,0.685502
Doug_Duncan_0001|Doug_Duncan_0002,1,0.718982,0.706390,0.711238
Edward_Kennedy_0001|Edward_Kennedy_0002,1,0.631714,0.592877,0.606601
Edward_Kennedy_0002|Edward_Kennedy_0003,1,0.611363,0.588109,0.582512
Edward_Said_0001|Edward_Said_0002,1,0.479666,0.457820,0.455404
Elena_Bovina_0001|Elena_Bovina_0002,1,0.569800,0.525070,0.540988
Elena_Bovina_0001|Elena_Bovina_0003,1,0.433617,0.380989,0.400945
Elena_Bovina_0002|Elena_Bovina_0003,1,0.597253,0.562655,0.571899
Eliane_Karp_0001|Eliane_Karp_0003,1,0.429157,0.394832,0.396309
Eliane_Karp_0002|Eliane_Karp_0003,1,0.516122,0.534410,0.505836
Eliane_Karp_0002|Eliane_Karp_0004,1,0.545420,0.523556,0.525088
Eliane_Karp_0003|Eliane_Karp_0004,1,0.497805,0.474017,0.481481
Elvis_Presley_0001|Elvis_Presley_0002,1,0.553214,0.540969,0.560391
Erika_Harold_0001|Erika_Harold_0003,1,0.539127,0.505662,0.517547
Erika_Harold_0002|Erika_Harold_0003,1,0.566884,0.587830,0.546973
Erika_Harold_0003|Erika_Harold_0004,1,0.627102,0.581717,0.603179
Erika_Harold_0004|Erika_Harold_0005,1,0.659589,0.674182,0.633367
Ernie_Els_0001|Ernie_Els_0003,1,0.539611,0.556473,0.557238
Ernie_Els_0001|Ernie_Els_0004,1,0.531906,0.559417,0.535558
Ernie_Els_0002|Ernie_Els_0003,1,0.688541,0.711032,0.664623
Franco_Dragone_0001|Franco_Dragone_0002,1,0.575549,0.534350,0.560352
Frank_Solich_0001|Frank_Solich_0004,1,0.707878,0.687225,0.702752
Frank_Solich_0002|Frank_Solich_0005,1,0.765415,0.736250,0.751578
Frank_Solich_0003|Frank_Solich_0004,1,0.644050,0.609607,0.629252
Gabriel_Batistuta_0001|Gabriel_Batistuta_0002,1,0.407622,0.381509,0.380202
Gary_Carter_0001|Gary_Carter_0002,1,0.724947,0.736348,0.711046
Gary_Carter_0001|Gary_Carter_0003,1,0.615452,0.608488,0.614697
Gary_Doer_0001|Gary_Doer_0002,1,0.562970,0.525842,0.551854
Gary_Doer_0002|Gary_Doer_0003,1,0.546355,0.536121,0.515265
George_Tenet_0001|George_Tenet_0002,1,0.614909,0.615661,0.593104
George_Voinovich_0001|George_Voinovich_0003,1,0.478584,0.480265,0.462144
George_Voinovich_0002|George_Voinovich_0003,1,0.704955,0.693574,0.686109
Georgi_Parvanov_0001|Georgi_Parvanov_0002,1,0.529416,0.488586,0.501368
Goldie_Hawn_0001|Goldie_Hawn_0007,1,0.526606,0.517279,0.519364
Goldie_Hawn_0002|Goldie_Hawn_0003,1,0.522709,0.512844,0.521880
Goldie_Hawn_0003|Goldie_Hawn_0007,1,0.670509,0.641627,0.642073
Goldie_Hawn_0006|Goldie_Hawn_0007,1,0.766627,0.745028,0.754851
Goran_Persson_0001|Goran_Persson_0002,1,0.569625,0.575544,0.558751
Gro_Harlem_Brundtland_0001|Gro_Harlem_Brundtland_0002,1,0.528867,0.506640,0.515180
Guillaume_Soro_0001|Guillaume_Soro_0002,1,0.659315,0.622147,0.639435
Gwyneth_Paltrow_0001|Gwyneth_Paltrow_0005,1,0.588877,0.585452,0.557399
Gwyneth_Paltrow_0001|Gwyneth_Paltrow_0006,1,0.540933,0.529128,0.509081
Gwyneth_Paltrow_0002|Gwyneth_Paltrow_0006,1,0.527855,0.501654,0.503312
Gwyneth_Paltrow_0003|Gwyneth_Paltrow_0006,1,0.518033,0.486208,0.486008
Hee-Won_Han_0001|Hee-Won_Han_0002,1,0.537413,0.527648,0.528166
Herb_Sendek_0001|Herb_Sendek_0003,1,0.702205,0.691023,0.650894
Herb_Sendek_0003|Herb_Sendek_0004,1,0.720170,0.675072,0.676868
Howard_Smith_0001|Howard_Smith_0002,1,0.377637,0.367630,0.373970
Hugh_Grant_0005|Hugh_Grant_0008,1,0.590183,0.553902,0.570663
Hugh_Grant_0006|Hugh_Grant_0009,1,0.584497,0.561340,0.555337
Jack_Straw_0025|Jack_Straw_0028,1,0.721320,0.731539,0.723941
James_Franco_0001|James_Franco_0002,1,0.514143,0.504550,0.501112
James_Ivory_0001|James_Ivory_0002,1,0.782452,0.747200,0.751052
James_Schultz_0001|James_Schultz_0002,1,0.714015,0.674553,0.687443
James_Traficant_0001|James_Traficant_0002,1,0.408995,0.402423,0.414784
James_Traficant_0002|James_Traficant_0003,1,0.566120,0.549309,0.544421
Jan_Ullrich_0001|Jan_Ullrich_0004,1,0.566156,0.514520,0.543292
Jan_Ullrich_0002|Jan_Ullrich_0006,1,0.629149,0.630343,0.641027
Jan_Ullrich_0003|Jan_Ullrich_0006,1,0.653392,0.662509,0.670038
Jane_Pauley_0001|Jane_Pauley_0002,1,0.590538,0.514471,0.558970
Jason_Jennings_0001|Jason_Jennings_0002,1,0.834955,0.839084,0.827555
Javier_Weber_0001|Javier_Weber_0002,1,0.522576,0.468126,0.498730
Jennifer_Rodriguez_0001|Jennifer_Rodriguez_0002,1,0.459865,0.421789,0.425919
Jeong_Se-hyun_0002|Jeong_Se-hyun_0006,1,0.722193,0.683729,0.685849
Jeong_Se-hyun_0003|Jeong_Se-hyun_0007,1,0.726478,0.676270,0.696780
Jeong_Se-hyun_0006|Jeong_Se-hyun_0008,1,0.666133,0.631547,0.635874
Jeong_Se-hyun_0007|Jeong_Se-hyun_0009,1,0.570366,0.551040,0.549936
Jeong_Se-hyun_0008|Jeong_Se-hyun_0009,1,0.568296,0.584951,0.574850
Jo_Dee_Messina_0001|Jo_Dee_Messina_0002,1,0.506342,0.466583,0.497618
Joe_Lieberman_0008|Joe_Lieberman_0011,1,0.564266,0.572327,0.528801
Joe_Lieberman_0009|Joe_Lieberman_0010,1,0.587864,0.616162,0.571873
Joe_Mantello_0001|Joe_Mantello_0002,1,0.692666,0.667996,0.679784
John_Allen_Muhammad_0002|John_Allen_Muhammad_0009,1,0.589224,0.618318,0.592202
John_Allen_Muhammad_0005|John_Allen_Muhammad_0007,1,0.678782,0.660094,0.624188
John_Allen_Muhammad_0006|John_Allen_Muhammad_0010,1,0.619634,0.614599,0.613094
John_Blaney_0001|John_Blaney_0002,1,0.603312,0.596455,0.547350
John_Brady_0001|John_Brady_0002,1,0.668110,0.636351,0.674914
John_Howard_0005|John_Howard_0015,1,0.640139,0.638599,0.630774
John_Howard_0012|John_Howard_0017,1,0.559232,0.540877,0.544837
Johnny_Tapia_0001|Johnny_Tapia_0002,1,0.586388,0.564036,0.571953
Johnny_Tapia_0002|Johnny_Tapia_0003,1,0.678485,0.682411,0.658958
Jorge_Valdano_0001|Jorge_Valdano_0002,1,0.684472,0.669562,0.660182
Joseph_Deiss_0001|Joseph_Deiss_0003,1,0.540351,0.482370,0.499904
Junichiro_Koizumi_0001|Junichiro_Koizumi_0053,1,0.671418,0.641071,0.646761
Junichiro_Koizumi_0026|Junichiro_Koizumi_0055,1,0.600235,0.623497,0.586329
Junichiro_Koizumi_0029|Junichiro_Koizumi_0045,1,0.749301,0.733844,0.740089
Kate_Capshaw_0001|Kate_Capshaw_0002,1,0.502446,0.459256,0.456561
Kathryn_Bigelow_0001|Kathryn_Bigelow_0002,1,0.355448,0.329408,0.359853
Kevin_Spacey_0001|Kevin_Spacey_0002,1,0.757808,0.710196,0.726377
Kevin_Spacey_0001|Kevin_Spacey_0003,1,0.704270,0.678207,0.695679
Kim_Ryong-sung_0006|Kim_Ryong-sung_0008,1,0.709439,0.636415,0.688058
Kim_Ryong-sung_0008|Kim_Ryong-sung_0011,1,0.503915,0.485078,0.496161
Klaus_Zwickel_0001|Klaus_Zwickel_0002,1,0.758972,0.709148,0.719816
Kristen_Breitweiser_0002|Kristen_Breitweiser_0003,1,0.811065,0.789144,0.808917
Laila_Ali_0002|Laila_Ali_0003,1,0.520877,0.425137,0.451816
Larry_Brown_0001|Larry_Brown_0003,1,0.290945,0.341018,0.273645
Larry_Brown_0002|Larry_Brown_0004,1,0.488877,0.482228,0.481879
Larry_Brown_0002|Larry_Brown_0007,1,0.529950,0.474156,0.500814
Larry_Brown_0004|Larry_Brown_0007,1,0.427010,0.465541,0.436856
Larry_Brown_0006|Larry_Brown_0007,1,0.620510,0.599829,0.586470
Larry_Johnson_0001|Larry_Johnson_0002,1,0.786903,0.799379,0.767226
Lars_Von_Trier_0001|Lars_Von_Trier_0002,1,0.720314,0.676893,0.670859
Lars_Von_Trier_0002|Lars_Von_Trier_0003,1,0.710492,0.703817,0.691401
Leander_Paes_0001|Leander_Paes_0002,1,0.666832,0.655556,0.650255
Liam_Neeson_0001|Liam_Neeson_0003,1,0.584760,0.560562,0.579523
Liam_Neeson_0002|Liam_Neeson_0003,1,0.437528,0.417170,0.436549
Lino_Oviedo_0001|Lino_Oviedo_0003,1,0.853699,0.828704,0.827496
Lino_Oviedo_0002|Lino_Oviedo_0003,1,0.728848,0.704516,0.720597
Ludivine_Sagnier_0001|Ludivine_Sagnier_0003,1,0.611890,0.542965,0.579367
Ludivine_Sagnier_0003|Ludivine_Sagnier_0004,1,0.673962,0.654469,0.645423
Lynne_Cheney_0001|Lynne_Cheney_0002,1,0.544881,0.548596,0.508749
Lynne_Cheney_0002|Lynne_Cheney_0003,1,0.754597,0.748585,0.736765
Maggie_Smith_0001|Maggie_Smith_0002,1,0.517372,0.498695,0.511687
Marcelo_Salas_0001|Marcelo_Salas_0002,1,0.558460,0.533163,0.530158
Mariangel_Ruiz_Torrealba_0001|Mariangel_Ruiz_Torrealba_0002,1,0.773911,0.721144,0.708377
Marisa_Tomei_0001|Marisa_Tomei_0002,1,0.689482,0.649668,0.673469
Mary_Steenburgen_0001|Mary_Steenburgen_0002,1,0.373618,0.373046,0.324360
Mel_Brooks_0001|Mel_Brooks_0002,1,0.490964,0.495229,0.444128
Mel_Gibson_0001|Mel_Gibson_0002,1,0.522580,0.495470,0.519086
Mian_Khursheed_Mehmood_Kasuri_0002|Mian_Khursheed_Mehmood_Kasuri_0003,1,0.532679,0.511116,0.526595
Mian_Khursheed_Mehmood_Kasuri_0003|Mian_Khursheed_Mehmood_Kasuri_0004,1,0.676607,0.658931,0.671542
Michael_Moore_0001|Michael_Moore_0002,1,0.702574,0.686119,0.684175
Michael_Moore_0002|Michael_Moore_0003,1,0.661805,0.638134,0.664406
Michel_Duclos_0001|Michel_Duclos_0002,1,0.664716,0.653959,0.631308
Michelle_Pfeiffer_0001|Michelle_Pfeiffer_0002,1,0.521546,0.462440,0.506167
Mireya_Moscoso_0002|Mireya_Moscoso_0003,1,0.842809,0.832270,0.834180
Mireya_Moscoso_0002|Mireya_Moscoso_0005,1,0.513737,0.503652,0.501104
Mireya_Moscoso_0004|Mireya_Moscoso_0005,1,0.607574,0.567393,0.583791
Nabil_Shaath_0001|Nabil_Shaath_0003,1,0.432356,0.438172,0.406277
Nabil_Shaath_0002|Nabil_Shaath_0003,1,-0.023028,-0.007780,-0.044699
Naomi_Watts_0001|Naomi_Watts_0018,1,0.590999,0.618145,0.606858
Naomi_Watts_0006|Naomi_Watts_0009,1,0.421232,0.493354,0.440522
Naomi_Watts_0013|Naomi_Watts_0018,1,0.483771,0.504881,0.482639
Natalie_Cole_0001|Natalie_Cole_0003,1,0.597969,0.596215,0.595297
Natalie_Cole_0002|Natalie_Cole_0003,1,0.520989,0.535060,0.524886
Nathalie_Baye_0001|Nathalie_Baye_0002,1,0.614055,0.597718,0.630800
Nathalie_Baye_0001|Nathalie_Baye_0004,1,0.511702,0.530763,0.518602
Nathalie_Baye_0002|Nathalie_Baye_0004,1,0.453937,0.485895,0.447913
Nathalie_Baye_0003|Nathalie_Baye_0004,1,0.739230,0.720035,0.724605
Oleksandr_Moroz_0001|Oleksandr_Moroz_0002,1,0.657089,0.652398,0.665738
Oscar_Elias_Biscet_0001|Oscar_Elias_Biscet_0002,1,0.774271,0.741111,0.766680
Oswaldo_Paya_0001|Oswaldo_Paya_0003,1,0.614304,0.569339,0.586927
Oswaldo_Paya_0003|Oswaldo_Paya_0004,1,0.562151,0.600276,0.560635
Patricia_Clarkson_0001|Patricia_Clarkson_0002,1,0.792714,0.742900,0.763747
Patricia_Clarkson_0001|Patricia_Clarkson_0003,1,0.684846,0.637046,0.618249
Patricia_Clarkson_0002|Patricia_Clarkson_0003,1,0.687415,0.654934,0.635629
Patricia_Clarkson_0002|Patricia_Clarkson_0004,1,0.548327,0.510527,0.521056
Patrick_Roy_0001|Patrick_Roy_0002,1,0.361924,0.339223,0.330804
Paul-Henri_Mathieu_0001|Paul-Henri_Mathieu_0002,1,0.631726,0.583399,0.610956
Paul-Henri_Mathieu_0001|Paul-Henri_Mathieu_0003,1,0.657743,0.614884,0.630577
Paul_Byrd_0001|Paul_Byrd_0002,1,0.618168,0.539898,0.572425
Paul_Kagame_0001|Paul_Kagame_0002,1,0.632070,0.580019,0.602410
Peter_Costello_0001|Peter_Costello_0002,1,0.520363,0.504653,0.518101
Peter_Greenaway_0001|Peter_Greenaway_0002,1,0.734297,0.737870,0.731575
Prince_Naruhito_0001|Prince_Naruhito_0002,1,0.658128,0.618401,0.624220
Prince_Naruhito_0001|Prince_Naruhito_0003,1,0.577649,0.543603,0.579789
Prince_Naruhito_0002|Prince_Naruhito_0003,1,0.572051,0.574035,0.558255
Princess_Masako_0001|Princess_Masako_0002,1,0.638441,0.615851,0.626715
Pupi_Avati_0002|Pupi_Avati_0003,1,0.836076,0.819992,0.825197
Queen_Latifah_0001|Queen_Latifah_0003,1,0.644548,0.616840,0.633730
Queen_Latifah_0002|Queen_Latifah_0004,1,0.616856,0.561357,0.588734
Queen_Latifah_0003|Queen_Latifah_0004,1,0.673246,0.619801,0.648167
Rachel_Griffiths_0002|Rachel_Griffiths_0003,1,0.564228,0.519429,0.553926
Ralph_Firman_0001|Ralph_Firman_0002,1,0.579422,0.575324,0.569563
Ralph_Klein_0001|Ralph_Klein_0002,1,0.718056,0.671699,0.687248
Ranil_Wickremasinghe_0002|Ranil_Wickremasinghe_0003,1,0.468047,0.425905,0.493602
Rick_Pitino_0001|Rick_Pitino_0003,1,0.581362,0.601651,0.571054
Rick_Pitino_0002|Rick_Pitino_0004,1,0.660157,0.638938,0.652640
Rick_Pitino_0003|Rick_Pitino_0004,1,0.447741,0.405519,0.412134
Ricky_Martin_0001|Ricky_Martin_0002,1,0.539556,0.544403,0.540095
Rita_Moreno_0001|Rita_Moreno_0002,1,0.759021,0.732752,0.741314
Robert_De_Niro_0001|Robert_De_Niro_0004,1,0.527068,0.505242,0.542371
Robert_De_Niro_0003|Robert_De_Niro_0006,1,0.547725,0.516257,0.511868
Robert_Kocharian_0004|Robert_Kocharian_0005,1,0.695682,0.663922,0.710285
Roberto_Marinho_0002|Roberto_Marinho_0003,1,0.468748,0.458962,0.462208
Roger_Moore_0003|Roger_Moore_0005,1,0.558231,0.543166,0.526804
Ron_Dittemore_0001|Ron_Dittemore_0002,1,0.681770,0.646817,0.655740
Ron_Dittemore_0001|Ron_Dittemore_0003,1,0.732968,0.694594,0.683547
Ron_Dittemore_0004|Ron_Dittemore_0006,1,0.770965,0.770267,0.737372
Rudolph_Giuliani_0001|Rudolph_Giuliani_0020,1,0.598245,0.587647,0.601711
Rudolph_Giuliani_0002|Rudolph_Giuliani_0005,1,0.510946,0.482759,0.499741
Rudolph_Giuliani_0003|Rudolph_Giuliani_0020,1,0.505677,0.514580,0.483501
Rudolph_Giuliani_0004|Rudolph_Giuliani_0017,1,0.542895,0.539222,0.533816
Rudolph_Giuliani_0015|Rudolph_Giuliani_0020,1,0.590803,0.590147,0.612713
Russell_Simmons_0001|Russell_Simmons_0002,1,0.794475,0.779918,0.780459
Russell_Simmons_0001|Russell_Simmons_0004,1,0.709234,0.708527,0.673831
Russell_Simmons_0002|Russell_Simmons_0004,1,0.799991,0.790914,0.782696
Sean_Astin_0001|Sean_Astin_0003,1,0.625982,0.602143,0.572367
Sean_Astin_0002|Sean_Astin_0003,1,0.556075,0.521066,0.542274
Shaukat_Aziz_0001|Shaukat_Aziz_0002,1,0.711466,0.695527,0.701378
Silvio_Fernandez_0001|Silvio_Fernandez_0002,1,0.566928,0.571018,0.586647
Sophia_Loren_0001|Sophia_Loren_0002,1,0.751499,0.740038,0.750227
Sophia_Loren_0001|Sophia_Loren_0003,1,0.538742,0.529345,0.538361
Sophia_Loren_0001|Sophia_Loren_0007,1,0.775533,0.735569,0.770697
Sophia_Loren_0006|Sophia_Loren_0007,1,0.576069,0.556922,0.575250
Stellan_Skarsgard_0001|Stellan_Skarsgard_0002,1,0.659023,0.652730,0.661244
Tamara_Brooks_0001|Tamara_Brooks_0002,1,0.557743,0.535525,0.527166
Thomas_Fargo_0001|Thomas_Fargo_0002,1,0.721432,0.672122,0.701651
Thomas_Fargo_0001|Thomas_Fargo_0003,1,0.733297,0.681239,0.717790
Thomas_Fargo_0002|Thomas_Fargo_0003,1,0.739740,0.699828,0.710496
Thomas_Fargo_0002|Thomas_Fargo_0004,1,0.591946,0.577608,0.549688
Thomas_Fargo_0003|Thomas_Fargo_0004,1,0.694075,0.702083,0.692239
Tim_Allen_0002|Tim_Allen_0003,1,0.791116,0.774758,0.792236
Tim_Allen_0003|Tim_Allen_0004,1,0.653304,0.620245,0.621547
Tony_Shalhoub_0001|Tony_Shalhoub_0002,1,0.571681,0.561951,0.553872
Tony_Shalhoub_0001|Tony_Shalhoub_0003,1,0.615299,0.580972,0.594702
Tracy_McGrady_0001|Tracy_McGrady_0002,1,0.404873,0.381614,0.359940
Vicente_Fernandez_0002|Vicente_Fernandez_0003,1,0.670280,0.671143,0.648069
Vicente_Fernandez_0004|Vicente_Fernandez_0005,1,0.467804,0.469100,0.481759
Vince_Gill_0001|Vince_Gill_0002,1,0.577979,0.578582,0.566248
Wolfgang_Schuessel_0001|Wolfgang_Schuessel_0004,1,0.518135,0.537416,0.529487
Wolfgang_Schuessel_0003|Wolfgang_Schuessel_0004,1,0.522115,0.530842,0.521775
Wu_Yi_0001|Wu_Yi_0002,1,0.543158,0.549711,0.578998
Wu_Yi_0001|Wu_Yi_0003,1,0.773831,0.762776,0.778219
Wu_Yi_0002|Wu_Yi_0003,1,0.586850,0.562198,0.600456
Yao_Ming_0002|Yao_Ming_0004,1,0.744778,0.714905,0.721123
Yao_Ming_0005|Yao_Ming_0006,1,0.532181,0.480701,0.516917
Yao_Ming_0005|Yao_Ming_0008,1,0.616488,0.587151,0.619942
Yao_Ming_0006|Yao_Ming_0007,1,0.685990,0.668777,0.673811
Yoriko_Kawaguchi_0003|Yoriko_Kawaguchi_0005,1,0.569534,0.545095,0.543028
Yu_Shyi-kun_0001|Yu_Shyi-kun_0003,1,0.679938,0.655672,0.669587
Yu_Shyi-kun_0001|Yu_Shyi-kun_0004,1,0.822880,0.779423,0.785102
Yu_Shyi-kun_0002|Yu_Shyi-kun_0003,1,0.646557,0.651592,0.643838
Zhang_Wenkang_0001|Zhang_Wenkang_0002,1,0.673547,0.641704,0.637677
Zinedine_Zidane_0004|Zinedine_Zidane_0006,1,0.590519,0.579496,0.563190
Abdullah_Nasseef_0001|Bruce_Paltrow_0001,0,-0.125818,-0.069903,-0.131398
Abdullah_Nasseef_0001|Howard_Smith_0002,0,-0.089939,-0.050808,-0.092549
Abdullah_Nasseef_0001|Jan_De_Bont_0001,0,-0.082719,-0.056598,-0.089926
Abdullah_Nasseef_0001|Jim_Nochols_0001,0,-0.041269,-0.040812,-0.045504
Abdullah_Nasseef_0001|Oleg_Romantsev_0001,0,-0.064349,-0.042808,-0.069825
Adam_Kennedy_0001|Charlie_Sheen_0001,0,-0.078874,-0.067150,-0.067054
Adrian_McPherson_0002|Eduardo_Chillida_0001,0,0.041613,0.011189,0.048864
Al_Davis_0001|Julian_Fantino_0001,0,0.019448,0.003151,-0.006585
Alan_Greenspan_0004|Kent_McCord_0001,0,-0.033641,-0.008076,-0.016157
Alastair_Campbell_0004|Li_Ka-shing_0001,0,0.012262,0.030511,0.033098
Alexa_Vega_0001|Tony_Shalhoub_0001,0,-0.005769,-0.016405,0.024388
Alexander_Downer_0002|Zeljko_Rebraca_0001,0,0.067620,0.039757,0.057907
Alexander_Downer_0003|Luis_Berrondo_0001,0,-0.008451,0.013222,-0.021465
Alexandra_Pelosi_0001|Ken_Kutaragi_0001,0,-0.022207,-0.064877,-0.065448
Alexandre_Herchcovitch_0001|Karen_Clarkson_0001,0,0.013522,0.039076,0.032012
Alice_Fisher_0001|Gene_Sauers_0001,0,-0.011041,-0.002539,-0.019643
Alicia_Witt_0001|Jorge_Moreno_0001,0,-0.040548,-0.041159,-0.044624
Alicia_Witt_0001|Lino_Oviedo_0001,0,0.051074,0.075741,0.050039
Allan_Wagner_0001|Larry_Campbell_0001,0,0.010476,0.032297,0.018668
Allan_Wagner_0001|Rita_Moreno_0001,0,0.043940,0.102107,0.060470
Alvaro_Silva_Calderon_0002|Stepan_Demirchian_0001,0,0.121421,0.125400,0.096513
Alvaro_Uribe_0014|Patricia_Clarkson_0001,0,0.016047,0.028843,0.022180
Ana_Sebastiao_0001|Marcos_Cafu_0001,0,-0.030463,-0.017674,-0.024809
Ana_Sebastiao_0001|Raza_Rabbani_0001,0,-0.000056,0.009726,-0.013758
Andrea_De_Cruz_0001|Dionne_Warwick_0001,0,-0.000552,0.021492,-0.001269
Andrea_De_Cruz_0001|Ismail_Cem_0001,0,-0.037889,-0.029360,-0.027183
Andrea_De_Cruz_0001|Natalya_Sazanovich_0001,0,0.136861,0.156538,0.129337
Andrea_De_Cruz_0001|Yoon_Young-kwan_0001,0,-0.024065,0.021200,-0.006730
Andres_Manuel_Lopez_Obrador_0001|Norman_Mineta_0001,0,-0.118679,-0.096509,-0.140419
Andrew_Bunner_0002|Oscar_Elias_Biscet_0002,0,-0.001931,-0.017418,0.039516
Andrew_Weissmann_0001|Ernie_Els_0002,0,-0.033521,-0.010404,-0.052532
Andy_Warhol_0001|Edith_Masai_0001,0,0.065955,0.074332,0.077457
Andy_Warhol_0001|Paul-Henri_Mathieu_0002,0,-0.033895,-0.030626,-0.029969
Anibal_Ibarra_0002|David_Przybyszewski_0001,0,-0.090570,-0.020243,-0.096130
Anthony_Ervin_0001|Juan_Roman_Carrasco_0001,0,0.069395,0.098595,0.081528
Antonio_Elias_Saca_0001|Peter_Holmberg_0001,0,0.125675,0.099589,0.100148
Antonio_Elias_Saca_0001|Thomas_Fargo_0004,0,-0.129496,-0.034028,-0.085892
Antonio_Trillanes_0001|Katrin_Cartlidge_0001,0,0.000225,0.049171,-0.007086
Antonio_Trillanes_0003|Terry_Gilliam_0001,0,0.029851,0.019219,0.042616
Asa_Hutchinson_0002|Gary_Sinise_0001,0,-0.035986,-0.030369,-0.027756
Ascencion_Barajas_0001|Chris_Hernandez_0001,0,0.095321,0.085137,0.085442
Ashley_Judd_0001|Joan_Jett_0001,0,-0.047072,-0.036733,-0.017136
Ashley_Postell_0001|Cassandra_Heise_0001,0,-0.070940,-0.045130,-0.072670
Ashley_Postell_0001|Tony_Clement_0001,0,-0.000905,0.027487,0.005814
Ashraf_Ghani_0001|Boris_Berezovsky_0001,0,-0.066146,-0.028509,-0.064313
Ashraf_Ghani_0001|Qian_Qichen_0001,0,-0.022532,0.008537,-0.010376
Asif_Ali_Zardari_0001|Steny_Hoyer_0001,0,0.009747,-0.017501,-0.019039
Assad_Ahmadi_0001|Percy_Gibson_0001,0,-0.065508,-0.014585,-0.011084
Barbara_Walters_0001|Jewel_Howard-Taylor_0001,0,-0.089714,-0.065505,-0.104834
Barbara_Walters_0001|Peter_Greenaway_0001,0,-0.008272,0.027578,-0.000853
Barry_Williams_0001|Wang_Fei_0001,0,0.058236,0.056250,0.036820
Benazir_Bhutto_0004|Jane_Pauley_0002,0,-0.041038,-0.015990,-0.013880
Benazir_Bhutto_0005|Karen_Clarkson_0001,0,0.025569,0.014770,0.011921
Bijan_Darvish_0001|Franco_Dragone_0001,0,0.064196,0.058112,0.083001
Bijan_Darvish_0002|Frank_Taylor_0001,0,-0.046422,0.042823,-0.019779
Bilal_Erdogan_0001|Lubomir_Zaoralek_0001,0,0.117694,0.133737,0.108840
Bill_Self_0001|Yang_Jianli_0001,0,-0.013500,0.020002,-0.013470
Bill_Simon_0001|Edward_Said_0002,0,0.059594,0.059701,0.053484
Billy_Gilman_0001|Howard_Smith_0002,0,-0.024613,-0.010191,0.003506
Billy_Sollie_0001|Mark_Swartz_0001,0,-0.020981,-0.050354,-0.066097
Billy_Sollie_0002|Hussein_Malik_0001,0,-0.061524,-0.035703,-0.064700
Blas_Ople_0001|Evan_Marriott_0001,0,-0.033269,-0.047086,-0.009857
Blas_Ople_0001|Felipe_Fernandez_0001,0,-0.011854,0.047174,-0.002137
Blas_Ople_0001|Peter_Costello_0001,0,0.049378,0.060552,0.070497
Bob_Cantrell_0001|Gerard_Kleisterlee_0001,0,0.060511,0.016121,0.051883
Bob_Cantrell_0001|Mary_Landrieu_0003,0,0.087418,0.077709,0.086021
Bob_Goldman_0001|Leigh_Winchell_0001,0,0.068082,0.035425,0.075113
Bob_Goldman_0001|Maggie_Smith_0001,0,0.072311,0.071038,0.091769
Boris_Berezovsky_0002|Leander_Paes_0001,0,0.083864,0.108796,0.098646
Brad_Gushue_0001|Johannes_Rau_0001,0,0.033477,0.052198,0.052377
Brad_Miller_0001|Irina_Lobacheva_0001,0,0.045554,0.043225,0.054986
Brad_Miller_0001|Percy_Gibson_0001,0,0.079411,0.076239,0.081597
Brenda_van_Dam_0001|Norbert_van_Heyst_0001,0,-0.016635,0.034920,-0.010758
Brian_Cashman_0001|Delphine_Chuillot_0001,0,0.093103,0.121301,0.050705
Brian_Cashman_0001|Russell_Simmons_0003,0,0.052848,0.045552,0.032789
Brian_Cook_0001|Matt_Welsh_0001,0,0.067427,0.124508,0.068889
Bruno_Junquiera_0001|Oscar_DLeon_0001,0,-0.033779,-0.049906,-0.071560
Bulent_Ecevit_0006|Eduardo_Romero_0001,0,0.013867,0.020245,0.018787
Bulent_Ecevit_0006|Gilberto_Simoni_0001,0,0.046182,0.087965,0.048663
Candie_Kung_0001|Steve_Allan_0001,0,0.004613,-0.010342,0.008202
Carlo_Ancelotti_0001|John_Tyson_0001,0,0.010141,0.029337,0.003305
Carlos_Vives_0002|Randy_Johnson_0001,0,-0.074203,-0.077361,-0.082109
Caroline_Dhavernas_0001|Evgeni_Plushenko_0001,0,0.019312,0.035790,0.013442
Caroline_Dhavernas_0001|Jeremy_Fogel_0001,0,-0.034094,-0.013554,-0.022748
Carson_Daly_0001|John_Moe_0001,0,0.083138,0.069003,0.089789
Carson_Daly_0001|Tracy_Wyle_0001,0,0.043935,0.065354,0.045123
Cassandra_Heise_0001|Shaukat_Aziz_0002,0,-0.035110,-0.033466,-0.044158
Cate_Blanchett_0003|Gina_Centrello_0001,0,0.040544,0.108635,0.052980
Cate_Blanchett_0003|Ryan_Goodman_0001,0,0.062469,0.080389,0.092796
Catherine_Donkers_0001|Eminem_0001,0,-0.037770,-0.021876,-0.035751
Cedric_Benson_0001|Marcus_Allen_0001,0,-0.053986,-0.047874,-0.059041
Cedric_Benson_0001|Robert_Lee_Yates_Jr_0001,0,0.075144,0.077661,0.085291
Cedric_Benson_0001|Stacy_Nelson_0001,0,-0.021259,-0.029370,-0.033544
Chistian_Stahl_0001|Eliane_Karp_0001,0,-0.037655,-0.033184,-0.037325
Chris_Cooper_0002|Irfan_Ahmed_0001,0,0.013270,-0.007510,-0.001968
Chris_Cooper_0002|Rick_Bland_0001,0,-0.004292,0.041661,0.035048
Chris_Hernandez_0001|Mauricio_Pochetino_0001,0,0.152390,0.137260,0.164811
Chris_Hernandez_0001|Tonga_0001,0,-0.079020,-0.024664,-0.052723
Chris_Hernandez_0001|Wolfgang_Schuessel_0001,0,0.065229,0.083589,0.075941
Chris_Tucker_0002|Jennifer_Pena_0001,0,-0.010314,0.033579,0.002055
Chris_Tucker_0002|Takuma_Sato_0001,0,0.035296,0.051972,0.034035
Chris_Whitney_0001|Tom_Scully_0001,0,-0.028192,0.013849,-0.028853
Christine_Gregoire_0004|Robert_Lee_Yates_Jr_0001,0,-0.081395,-0.070594,-0.065217
Christine_Gregoire_0004|Wang_Hailan_0001,0,0.006820,0.018522,-0.019065
Christine_Rau_0001|Jerry_Hall_0001,0,-0.035613,-0.040136,-0.035175
Christine_Rau_0001|Mel_Brooks_0001,0,-0.141455,-0.125850,-0.144182
Christopher_Russell_0001|Colleen_OClair_0001,0,-0.023328,-0.024349,-0.020743
Christopher_Whittle_0001|Felipe_Fernandez_0001,0,0.120463,0.161113,0.131283
Colleen_OClair_0001|Tom_Hanusik_0001,0,0.242108,0.191420,0.212903
Curtis_Rodriguez_0001|John_Blaney_0002,0,0.013297,0.027809,0.014249
Curtis_Rodriguez_0001|Kathleen_Kennedy_Townsend_0003,0,0.031537,0.056246,0.031424
Dale_Bosworth_0001|Frank_Taylor_0001,0,-0.051804,-0.027988,-0.040716
Dale_Bosworth_0001|Vladimir_Golovlyov_0001,0,-0.022856,-0.024062,-0.014933
Dan_Quayle_0001|Jim_Ryan_0001,0,0.075667,0.117525,0.083073
Dan_Quayle_0001|Nick_Turner_0001,0,0.019603,0.024597,0.026920
Dan_Quayle_0001|William_Umbach_0001,0,0.071350,0.077321,0.050437
Danny_Morgan_0001|Jeff_George_0001,0,-0.173417,-0.130816,-0.140390
Danny_Morgan_0001|John_Allen_Muhammad_0010,0,-0.062851,-0.069130,-0.066565
Darla_Moore_0001|Paul_Johnson_0001,0,-0.016450,0.026302,-0.037892
Darrell_Royal_0001|Louis_Van_Gaal_0001,0,0.084584,0.106775,0.077828
Dave_McGinnis_0001|Michel_Therrien_0001,0,0.016479,0.108341,0.059308
David_Przybyszewski_0001|Elena_Bovina_0002,0,-0.005638,-0.014417,0.012979
Demetrin_Veal_0001|Robert_Hanssen_0001,0,0.001692,0.013686,0.015840
Dennis_Hastert_0005|Lubomir_Zaoralek_0001,0,-0.053860,-0.026821,-0.069341
Dewayne_White_0001|Joe_DeLamielleure_0001,0,0.077502,0.082301,0.089463
Dick_Posthumus_0001|Jeff_George_0001,0,-0.022817,-0.009700,-0.002756
Dick_Posthumus_0001|Jim_Wong_0001,0,-0.057592,-0.022252,-0.073273
Din_Samsudin_0001|Pupi_Avati_0002,0,0.012700,0.025604,0.019421
Dionne_Warwick_0001|Janine_Pietsch_0001,0,-0.012194,0.024756,0.000364
Dominique_Perben_0001|Osmond_Smith_0001,0,0.007189,0.009985,-0.001626
Doug_Duncan_0001|Kevin_Spacey_0002,0,-0.059525,-0.076692,-0.086984
Doug_Duncan_0002|John_Allen_Muhammad_0002,0,-0.064256,-0.060372,-0.088759
Eddy_Hartenstein_0001|Lyudmila_Putin_0001,0,-0.049167,-0.022265,-0.002381
Eddy_Hartenstein_0001|Matthias_Sammer_0001,0,0.074719,0.059255,0.043515
Eddy_Hartenstein_0001|Sabah_Al-Ahmad_Al-Jaber_Al-Sabah_0001,0,-0.112913,-0.106265,-0.095332
Eduardo_Chillida_0001|Stephen_Crampton_0001,0,-0.032074,-0.025118,-0.058020
Eduardo_Romero_0001|Robert_Kocharian_0005,0,0.002040,0.039344,0.002900
Edward_Greenspan_0001|Roy_Halladay_0001,0,-0.006340,0.019648,0.006092
Edward_Greenspan_0001|Sidney_Poitier_0001,0,0.019562,0.038351,0.026860
Edward_Kennedy_0001|Mathilda_Karel_Spak_0001,0,-0.027191,-0.005941,-0.005158
Edward_Kennedy_0002|Jennifer_Pena_0001,0,0.105579,0.100230,0.073892
Edward_Said_0001|Frank_Abagnale_Jr_0001,0,-0.030634,0.020980,-0.028270
Eminem_0001|Wolfgang_Clement_0001,0,-0.083390,-0.076694,-0.089040
Enrique_Bolanos_0004|Janine_Pietsch_0001,0,0.053907,0.084724,0.023283
Enrique_Bolanos_0004|Liam_Neeson_0002,0,-0.023404,-0.021897,-0.034036
Ernie_Els_0002|Marcus_Allen_0001,0,0.099126,0.082382,0.108544
Evgeni_Plushenko_0001|Queen_Sofia_0001,0,-0.038046,-0.011180,-0.055006
Evgeni_Plushenko_0001|Riek_Blanjaar_0001,0,0.041995,0.054842,0.052858
Franco_Dragone_0002|Louis_Van_Gaal_0001,0,0.043225,0.077148,0.035411
Franco_Frattini_0001|Irina_Lobacheva_0001,0,0.073719,0.025210,0.031230
Frank_Abagnale_Jr_0001|Nate_Hybl_0001,0,0.091908,0.097908,0.103346
Frank_Shea_0001|Rob_Moore_0001,0,0.012003,0.020183,0.011270
Frank_Taylor_0001|Jason_Jennings_0001,0,0.012433,0.040297,0.000381
Gabriel_Batistuta_0001|Peter_Costello_0001,0,0.093419,0.080810,0.091396
Gabriel_Jorge_Ferreia_0001|Zulfiqar_Ahmed_0001,0,0.082608,0.065879,0.065369
Gary_Doer_0003|Wang_Hailan_0001,0,-0.087911,-0.107459,-0.076687
Gary_Sinise_0001|Roy_Halladay_0001,0,0.060424,0.042122,0.019158
Gene_Hackman_0001|Queen_Noor_0001,0,-0.049079,-0.068364,-0.088324
Gene_Sauers_0001|Gina_Centrello_0001,0,0.084772,0.097338,0.080820
Geoff_Dixon_0001|Jean_Todt_0001,0,0.002372,0.045099,0.018391
George_Allen_0001|Roy_Halladay_0001,0,0.032786,0.059561,0.028074
George_Allen_0001|Wan_Yanhai_0001,0,0.011309,0.004803,-0.009477
George_Harrison_0001|Robert_Lee_Yates_Jr_0001,0,0.001227,-0.001293,-0.011037
Georgi_Parvanov_0001|Luis_Fonsi_0001,0,-0.030133,0.012133,-0.004664
Gianni_Agnelli_0001|Marco_Irizarry_0001,0,-0.044614,-0.000210,-0.014209
Gilberto_Simoni_0001|Julio_Cesar_Chavez_0001,0,0.029640,0.065459,0.046136
Gong_Ruina_0001|Hong_Myung_0001,0,-0.106047,-0.080489,-0.104816
Gong_Ruina_0001|Qian_Qichen_0001,0,0.063796,0.069984,0.072320
Gro_Harlem_Brundtland_0002|Turner_Gill_0001,0,0.115677,0.130578,0.141280
Hector_Grullon_0001|Jeong_Se-hyun_0009,0,0.017140,0.020541,-0.005740
Henk_Bekedam_0001|Koichi_Haraguchi_0001,0,-0.019251,-0.018083,-0.006041
Henk_Bekedam_0001|Manuel_Gehring_0001,0,-0.051460,-0.041774,-0.039965
Henk_Bekedam_0001|Michael_Kirby_0001,0,0.014367,-0.033541,-0.002391
Hiroki_Gomi_0001|Kenneth_Cooper_0001,0,-0.039114,-0.018141,-0.042244
Hiroki_Gomi_0001|Sophia_Loren_0002,0,0.067483,0.070764,0.084823
Irina_Lobacheva_0001|Steve_Allan_0001,0,-0.061710,-0.027198,-0.039943
Ismail_Cem_0001|Linda_Amicangioli_0001,0,-0.063438,-0.042445,-0.029616
Jack_Osbourne_0001|Kent_McCord_0001,0,-0.076690,-0.015925,-0.055506
Jack_Straw_0001|Manuel_Gehring_0001,0,0.115295,0.133730,0.115795
Jack_Straw_0003|Norman_Mineta_0001,0,0.085883,0.098567,0.076949
James_Ballenger_0001|Raza_Rabbani_0001,0,0.012348,0.031088,-0.003835
James_Coviello_0001|Judith_Nathan_0001,0,0.008458,0.028911,0.006163
James_Coviello_0001|Robert_F_Kennedy_Jr_0001,0,-0.015460,0.040171,-0.009066
James_Morris_0002|Silvio_Fernandez_0002,0,0.074867,0.022225,0.061783
James_Schultz_0001|Tim_Curley_0001,0,-0.024812,-0.017299,-0.005374
James_W_Kennedy_0001|John_Connolly_0001,0,-0.035095,0.005792,-0.023674
James_W_Kennedy_0001|Toutai_Kefu_0001,0,0.046686,0.064803,0.041726
James_Williams_0001|Phillip_Seymor_Hoffmann_0001,0,0.046330,0.073520,0.049592
James_Williams_0001|Shaun_Pollock_0001,0,-0.034248,-0.023185,0.005465
Jan_Ullrich_0003|Javier_Weber_0001,0,-0.099295,-0.053210,-0.087979
Jane_Menelaus_0001|Junichiro_Koizumi_0042,0,-0.101538,-0.057258,-0.063345
Jane_Menelaus_0001|Sophia_Loren_0001,0,0.012615,0.100382,0.000249
Jason_Petty_0001|Mayumi_Moriyama_0001,0,-0.057632,-0.045967,-0.062014
Jean_Todt_0001|Roger_Etchegaray_0001,0,-0.010928,0.016094,-0.015258
Jennifer_Pena_0001|Sonia_Lopez_0001,0,-0.010285,-0.010690,-0.027485
Jennifer_Pena_0001|Tony_LaRussa_0001,0,-0.012537,-0.011951,-0.022362
Jennifer_Rodriguez_0001|Terry_Gilliam_0001,0,-0.059726,-0.045607,-0.049432
Jennifer_Rodriguez_0002|Joanna_Poitier_0001,0,-0.049628,-0.025362,-0.054855
Jennifer_Rodriguez_0002|Tony_Fernandes_0001,0,0.107731,0.115750,0.100314
Jerome_Golmard_0001|Kristin_Chenoweth_0001,0,-0.053898,-0.001195,-0.041483
Jewel_Howard-Taylor_0001|Ken_Kutaragi_0001,0,0.098411,0.127179,0.120918
Jim_Ryan_0001|Luis_Berrondo_0001,0,-0.057709,-0.041713,-0.060829
Jimmy_Gobble_0001|Robert_De_Niro_0005,0,0.105588,0.149013,0.090051
Joan_Collins_0001|Zydrunas_Ilgauskas_0001,0,0.045035,0.054664,0.074307
Joan_Jett_0001|Kevin_James_0001,0,-0.014700,-0.001447,0.001110
Joanna_Poitier_0001|Michael_Moore_0001,0,-0.041676,-0.047219,-0.049588
Joe_Lieberman_0010|Joe_Mantello_0001,0,0.062951,0.095447,0.046813
Johannes_Rau_0001|Oleksandr_Moroz_0001,0,-0.036452,-0.016948,-0.023741
John_Connolly_0001|Mel_Gibson_0001,0,0.000948,-0.008414,-0.016205
John_Connolly_0001|Michael_Moore_0003,0,-0.015054,0.018517,-0.007932
John_Connolly_0001|Norman_Mineta_0001,0,-0.022861,0.006754,-0.014929
John_Connolly_0001|Uzi_Even_0001,0,0.007721,0.031676,0.015126
John_Cruz_0001|Sean_Astin_0003,0,-0.053907,-0.039993,-0.051656
John_Cruz_0001|Steven_Briggs_0001,0,0.058281,0.090852,0.036554
John_Hartson_0001|Oscar_Elias_Biscet_0002,0,0.071897,0.048105,0.037273
Joseph_Deiss_0001|Tony_Fernandes_0001,0,-0.039470,-0.054059,-0.030655
Joseph_Lopez_0001|Rick_Pitino_0001,0,0.104199,0.140027,0.102471
Julian_Fantino_0001|Quin_Snyder_0001,0,-0.034152,-0.029843,-0.032927
Julio_Cesar_Chavez_0001|Tom_Brennan_0001,0,-0.035426,-0.063148,-0.054755
Junichi_Inamoto_0001|Oleg_Romantsev_0001,0,0.144336,0.147235,0.155668
Junichiro_Koizumi_0020|Tony_Fernandes_0001,0,0.064163,0.067160,0.065750
Karen_Clarkson_0001|Kristen_Breitweiser_0003,0,-0.082779,-0.030042,-0.079982
Karol_Kucera_0001|Qian_Qichen_0001,0,-0.004341,0.002634,-0.004248
Karol_Kucera_0001|Turner_Gill_0001,0,-0.059067,-0.028153,-0.056088
Katrin_Cartlidge_0001|Tony_LaRussa_0001,0,-0.008490,0.001587,-0.005722
Keith_Osik_0001|Pupi_Avati_0001,0,0.059993,0.085484,0.056908
Kenneth_Cooper_0001|Norman_Mineta_0001,0,-0.009390,0.058174,0.002886
Kent_McCord_0001|Natasha_Henstridge_0001,0,-0.059579,-0.003915,-0.061965
Kevin_James_0001|Roy_Halladay_0001,0,0.065856,0.085422,0.079385
Kevin_James_0001|Suzanne_Haik_Terrell_0001,0,0.033524,0.031814,0.040934
Kevin_James_0001|Yang_Jianli_0001,0,0.024970,0.036848,0.055239
Kevin_Spacey_0002|Ray_Evernham_0001,0,0.027969,-0.008741,0.027251
Koji_Uehara_0001|Rob_Moore_0001,0,-0.034358,-0.051398,-0.020693
Krishna_Bhadur_Mahara_0001|Peter_Holmberg_0001,0,-0.071787,-0.029611,-0.061029
Krishna_Bhadur_Mahara_0001|Silvio_Fernandez_0002,0,0.088068,0.109972,0.116737
Kristen_Breitweiser_0001|Tatiana_Shchegoleva_0001,0,0.093713,0.047395,0.091409
Laila_Ali_0003|Tony_Fernandes_0001,0,0.128948,0.147687,0.134778
Larry_Johnson_0001|Terry_Gilliam_0001,0,-0.066532,-0.048430,-0.093790
Larry_Johnson_0002|Marc_Racicot_0001,0,0.007016,0.012422,-0.013182
Larry_Johnson_0002|Tom_Hanusik_0001,0,-0.060544,-0.050940,-0.054500
Lars_Von_Trier_0001|Zhang_Wenkang_0002,0,0.045759,0.057129,0.032959
Leander_Paes_0001|Ralph_Firman_0001,0,0.099690,0.133758,0.122093
Leo_Ramirez_0001|Sabah_Al-Ahmad_Al-Jaber_Al-Sabah_0001,0,-0.065763,-0.028174,-0.071918
Leonardo_Del_Vecchio_0001|Maggie_Smith_0001,0,0.087176,0.091344,0.100023
Leonardo_Del_Vecchio_0001|Tatiana_Shchegoleva_0001,0,0.018746,0.009457,-0.005332
Liam_Neeson_0001|Paul_Kagame_0002,0,0.038731,0.022063,0.005894
Lokendra_Bahadur_Chand_0001|Steffeny_Holtz_0001,0,-0.052425,0.000037,-0.029221
Louis_Van_Gaal_0001|Natasha_Henstridge_0001,0,-0.028184,-0.049410,-0.044554
Lubomir_Zaoralek_0001|Luis_Berrondo_0001,0,0.045226,0.087990,0.049692
Lubomir_Zaoralek_0001|William_Umbach_0001,0,-0.061827,-0.044803,-0.080579
Luis_Berrondo_0001|Rita_Moreno_0002,0,0.097420,0.115605,0.117266
Luis_Fonsi_0001|Oscar_DLeon_0001,0,-0.074345,-0.070256,-0.097123
Luis_Fonsi_0001|Steven_Briggs_0001,0,0.043022,0.043418,0.052881
Luis_Rosario_Huertas_0001|Mary_Steenburgen_0002,0,-0.052634,-0.048986,-0.086548
Makiko_Tanaka_0001|Peter_Greenaway_0001,0,0.010757,0.024327,-0.004705
Manijeh_Hekmat_0001|Roger_Winter_0001,0,0.060770,0.052426,0.038252
Manijeh_Hekmat_0001|T_Boone_Pickens_0001,0,-0.040652,-0.006498,-0.043256
Marcelo_Salas_0002|Tara_VanDerveer_0001,0,-0.025948,-0.012505,-0.017418
Marco_Irizarry_0001|Yang_Jianli_0001,0,0.000578,0.028839,-0.014456
Mariangel_Ruiz_Torrealba_0003|Pupi_Avati_0001,0,-0.057643,-0.028361,-0.048395
Marisa_Tomei_0002|Peter_Costello_0002,0,0.001239,-0.048319,0.003495
Mark_Polansky_0001|Miranda_Gaddis_0001,0,-0.027873,-0.019430,-0.025770
Mary_Landrieu_0003|Percy_Gibson_0001,0,0.023497,0.030631,0.018684
Mathilda_Karel_Spak_0001|Mauricio_Macri_0001,0,-0.028472,0.008761,-0.016271
Mathilda_Karel_Spak_0001|Tamara_Brooks_0002,0,0.071152,0.075502,0.045741
Matt_Welsh_0001|Randy_Johnson_0001,0,0.076780,0.085276,0.114592
Mel_Brooks_0002|Shoshana_Johnson_0001,0,-0.097718,-0.055501,-0.082710
Michael_Kirby_0001|Ranil_Wickremasinghe_0002,0,0.015440,-0.030792,0.011380
Michael_Sheehan_0001|Robert_Hanssen_0001,0,0.073711,0.094095,0.078424
Michel_Duclos_0001|Quin_Snyder_0001,0,-0.081570,-0.070904,-0.077598
Michel_Duclos_0001|Suh_Young-hoon_0001,0,0.088687,0.102207,0.098940
Mike_Gable_0001|Mohamed_Hammam_0001,0,-0.003747,0.003491,-0.017408
Mikhail_Khodorkovsky_0001|Rita_Moreno_0002,0,0.152949,0.183480,0.166665
Mireya_Moscoso_0004|San_Lan_0001,0,0.044860,0.084217,0.087880
Mohamed_Hammam_0001|Roger_Moore_0004,0,0.015240,0.030287,0.012514
Nabil_Shaath_0003|Silvie_Cabero_0001,0,-0.089605,-0.077337,-0.121030
Naomi_Hayashi_0001|Prakash_Hinduja_0001,0,0.050791,0.048094,0.044490
Natalya_Sazanovich_0001|Pupi_Avati_0004,0,0.026576,0.038828,0.015870
Nikki_Teasley_0001|Ryan_Goodman_0001,0,-0.009730,0.000468,-0.019930
Oleksandr_Moroz_0001|Robert_De_Niro_0001,0,-0.011054,0.022135,-0.031730
Oscar_DLeon_0001|Steven_Curtis_Chapman_0001,0,0.022811,0.001759,0.011562
Paul_Byrd_0001|Wolfgang_Schwarz_0001,0,0.022747,0.032988,-0.002311
Paul_Wollnough_0001|Philip_Cummings_0001,0,0.085805,0.079611,0.073020
Paul_Wollnough_0001|Yuvraj_Singh_0001,0,0.016615,-0.002866,-0.008246
Penelope_Taylor_0001|Wang_Fei_0001,0,0.133934,0.111209,0.094522
Peter_Caruana_0001|Philip_Cummings_0001,0,-0.022461,-0.016154,-0.028105
Phillip_Seymor_Hoffmann_0001|Silvio_Fernandez_0001,0,-0.095349,-0.062802,-0.087635
Phillips_Idowu_0001|Prince_Naruhito_0002,0,0.021196,0.031284,0.045546
Princess_Masako_0002|Thomas_Wilkens_0001,0,0.066582,0.045981,0.054068
Quin_Snyder_0001|Vagit_Alekperov_0001,0,-0.006414,-0.013198,-0.023060
Ranil_Wickremasinghe_0003|Stacy_Nelson_0001,0,0.009153,-0.012133,0.027153
Reina_Hayes_0001|Steffeny_Holtz_0001,0,-0.031671,-0.013909,-0.026570
Rick_Pitino_0003|Tony_Clement_0001,0,-0.091329,-0.070713,-0.089880
Ricky_Martin_0002|Roger_Etchegaray_0001,0,0.038495,0.061842,0.037314
Robert_F_Kennedy_Jr_0001|Ron_Dittemore_0001,0,-0.072071,-0.063016,-0.091431
Sidney_Poitier_0001|Svend_Aage_Jensby_0001,0,-0.051899,-0.059346,-0.074543
Abdel_Nasser_Assidi_0001|Abdel_Nasser_Assidi_0002,1,0.838649,0.809468,0.823398
Ai_Sugiyama_0001|Ai_Sugiyama_0002,1,0.687432,0.650491,0.675873
Ai_Sugiyama_0001|Ai_Sugiyama_0004,1,0.533657,0.498147,0.510075
Ai_Sugiyama_0004|Ai_Sugiyama_0005,1,0.594321,0.562667,0.559439
Aldo_Paredes_0001|Aldo_Paredes_0002,1,0.401895,0.399306,0.404518
Alejandro_Avila_0001|Alejandro_Avila_0002,1,0.542519,0.546650,0.533511
Alejandro_Avila_0001|Alejandro_Avila_0003,1,0.591411,0.590661,0.585862
Alex_Sink_0002|Alex_Sink_0003,1,0.570357,0.520297,0.553457
Allen_Iverson_0001|Allen_Iverson_0002,1,0.715527,0.709978,0.732633
Amram_Mitzna_0001|Amram_Mitzna_0002,1,0.780010,0.777256,0.759639
Andrew_Niccol_0001|Andrew_Niccol_0002,1,0.682541,0.638611,0.605740
Andy_Hebb_0001|Andy_Hebb_0002,1,0.636947,0.653971,0.641050
Anne_Krueger_0001|Anne_Krueger_0002,1,0.731929,0.714611,0.702525
Anne_McLellan_0001|Anne_McLellan_0003,1,0.481006,0.440935,0.465299
Anne_McLellan_0002|Anne_McLellan_0003,1,0.710098,0.659846,0.698697
Annette_Bening_0001|Annette_Bening_0002,1,0.760846,0.714539,0.709348
Anthony_Hopkins_0001|Anthony_Hopkins_0002,1,0.605239,0.599898,0.589665
Ariel_Sharon_0016|Ariel_Sharon_0045,1,0.723710,0.698346,0.718804
Arminio_Fraga_0001|Arminio_Fraga_0006,1,0.570966,0.524986,0.540242
Arminio_Fraga_0002|Arminio_Fraga_0004,1,0.617747,0.601249,0.623898
Arminio_Fraga_0003|Arminio_Fraga_0006,1,0.737110,0.733390,0.721703
Arminio_Fraga_0004|Arminio_Fraga_0006,1,0.763400,0.749239,0.740108
Art_Hoffmann_0001|Art_Hoffmann_0002,1,0.822033,0.797640,0.815119
Ashanti_0001|Ashanti_0003,1,0.496483,0.480147,0.480785
Ashanti_0001|Ashanti_0004,1,0.691747,0.665094,0.680862
Ashanti_0002|Ashanti_0005,1,0.583367,0.525151,0.567076
Ashanti_0003|Ashanti_0005,1,0.458087,0.458090,0.432299
Ashanti_0004|Ashanti_0005,1,0.620687,0.630037,0.630326
Augustin_Calleri_0001|Augustin_Calleri_0002,1,0.565925,0.492272,0.532100
Augustin_Calleri_0002|Augustin_Calleri_0004,1,0.606179,0.566384,0.558071
Augustin_Calleri_0003|Augustin_Calleri_0004,1,0.729380,0.691337,0.709293
Bertie_Ahern_0001|Bertie_Ahern_0002,1,0.541178,0.496481,0.499002
Bertie_Ahern_0001|Bertie_Ahern_0004,1,0.517377,0.479972,0.507170
Bertie_Ahern_0001|Bertie_Ahern_0005,1,0.615775,0.602259,0.592531
Bertie_Ahern_0002|Bertie_Ahern_0003,1,0.587395,0.579949,0.594176
Bertie_Ahern_0003|Bertie_Ahern_0005,1,0.598987,0.620562,0.592485
Bill_Clinton_0002|Bill_Clinton_0004,1,0.679631,0.661944,0.660235
Bill_Clinton_0006|Bill_Clinton_0008,1,0.476130,0.468368,0.448826
Bill_Clinton_0006|Bill_Clinton_0010,1,0.608972,0.612913,0.590794
Bill_Clinton_0008|Bill_Clinton_0010,1,0.607041,0.581301,0.560988
Bill_Clinton_0010|Bill_Clinton_0029,1,0.591622,0.573064,0.591811
Bill_Clinton_0018|Bill_Clinton_0028,1,0.490553,0.493121,0.489979
Bill_McBride_0004|Bill_McBride_0007,1,0.597001,0.532615,0.580080
Bill_McBride_0004|Bill_McBride_0010,1,0.729659,0.696207,0.696091
Bill_Parcells_0001|Bill_Parcells_0002,1,0.454075,0.434777,0.474604
Binyamin_Ben-Eliezer_0003|Binyamin_Ben-Eliezer_0005,1,0.809241,0.782462,0.804009
Binyamin_Ben-Eliezer_0005|Binyamin_Ben-Eliezer_0006,1,0.793786,0.758279,0.787468
Binyamin_Ben-Eliezer_0006|Binyamin_Ben-Eliezer_0007,1,0.670043,0.661621,0.663696
Brendan_Hansen_0001|Brendan_Hansen_0002,1,0.538812,0.555087,0.559875
Brian_Wells_0001|Brian_Wells_0002,1,0.542043,0.516501,0.536330
Carlos_Quintanilla_Schmidt_0001|Carlos_Quintanilla_Schmidt_0002,1,0.771274,0.760171,0.737303
Carolina_Moraes_0001|Carolina_Moraes_0002,1,0.644599,0.619809,0.639196
Cecilia_Bolocco_0001|Cecilia_Bolocco_0002,1,0.556878,0.560600,0.535365
Cecilia_Bolocco_0001|Cecilia_Bolocco_0003,1,0.387355,0.358654,0.347147
Cecilia_Bolocco_0002|Cecilia_Bolocco_0003,1,0.521997,0.492364,0.518874
Cesar_Gaviria_0002|Cesar_Gaviria_0004,1,0.726542,0.669576,0.684601
Cesar_Gaviria_0002|Cesar_Gaviria_0005,1,0.661016,0.638614,0.645189
Cesar_Gaviria_0003|Cesar_Gaviria_0006,1,0.640255,0.653038,0.621442
Cesar_Gaviria_0003|Cesar_Gaviria_0007,1,0.658593,0.595922,0.610384
Cesar_Gaviria_0004|Cesar_Gaviria_0006,1,0.649250,0.595310,0.592695
Charlie_Zaa_0001|Charlie_Zaa_0002,1,0.654671,0.618786,0.629126
Chita_Rivera_0001|Chita_Rivera_0002,1,0.690896,0.658734,0.662615
Christian_Longo_0001|Christian_Longo_0002,1,0.732547,0.709458,0.710962
Christian_Longo_0001|Christian_Longo_0003,1,0.801179,0.767122,0.756997
Christian_Wulff_0001|Christian_Wulff_0002,1,0.678399,0.683090,0.640175
Colin_Jackson_0001|Colin_Jackson_0002,1,0.789729,0.746552,0.762518
Darrell_Issa_0001|Darrell_Issa_0002,1,0.554767,0.523281,0.521733
Darrell_Porter_0001|Darrell_Porter_0002,1,0.356431,0.339531,0.328119
Dave_Campo_0001|Dave_Campo_0003,1,0.517144,0.491452,0.479082
David_Dodge_0001|David_Dodge_0002,1,0.569533,0.576684,0.576308
David_Heyman_0001|David_Heyman_0002,1,0.763568,0.728635,0.745491
David_Spade_0001|David_Spade_0002,1,0.470210,0.471561,0.463400
David_Wells_0001|David_Wells_0005,1,0.591588,0.611102,0.570775
David_Wells_0001|David_Wells_0006,1,0.491519,0.456399,0.492541
David_Wells_0001|David_Wells_0007,1,0.682749,0.696650,0.678343
David_Wells_0002|David_Wells_0006,1,0.607744,0.559403,0.578073
David_Wells_0005|David_Wells_0006,1,0.481416,0.465891,0.495641
Debbie_Reynolds_0001|Debbie_Reynolds_0003,1,0.740869,0.746247,0.730492
Debbie_Reynolds_0002|Debbie_Reynolds_0004,1,0.747663,0.724339,0.706182
Dexter_Jackson_0001|Dexter_Jackson_0002,1,0.591729,0.586606,0.604647
Diana_Taurasi_0001|Diana_Taurasi_0002,1,0.685321,0.649930,0.678634
Donald_Evans_0001|Donald_Evans_0002,1,0.729490,0.710578,0.705853
Duane_Lee_Chapman_0001|Duane_Lee_Chapman_0002,1,0.562950,0.549458,0.554165
Ed_Smart_0001|Ed_Smart_0003,1,0.535929,0.516983,0.527912
Eileen_Coparropa_0001|Eileen_Coparropa_0002,1,0.885119,0.853346,0.857523
Eileen_Coparropa_0001|Eileen_Coparropa_0003,1,0.643254,0.601505,0.610618
Eileen_Coparropa_0002|Eileen_Coparropa_0003,1,0.590098,0.547151,0.557599
Elizabeth_Dole_0001|Elizabeth_Dole_0003,1,0.681330,0.662910,0.662682
Elizabeth_Dole_0002|Elizabeth_Dole_0004,1,0.563357,0.548294,0.563964
Fred_Funk_0001|Fred_Funk_0002,1,0.522686,0.469069,0.517663
Gabriel_Valdes_0001|Gabriel_Valdes_0002,1,0.570215,0.536958,0.550479
Gary_Winnick_0001|Gary_Winnick_0002,1,0.568796,0.518964,0.518692
George_Karl_0001|George_Karl_0002,1,0.536865,0.548424,0.525105
George_Robertson_0002|George_Robertson_0003,1,0.817210,0.800943,0.797909
George_Robertson_0003|George_Robertson_0019,1,0.697339,0.706592,0.690439
George_Robertson_0007|George_Robertson_0019,1,0.676847,0.686074,0.670902
George_Robertson_0011|George_Robertson_0012,1,0.694891,0.667058,0.679507
George_Ryan_0001|George_Ryan_0004,1,0.598702,0.578905,0.556696
George_Ryan_0002|George_Ryan_0003,1,0.856161,0.832179,0.829478
George_W_Bush_0007|George_W_Bush_0065,1,0.648597,0.592110,0.598450
George_W_Bush_0016|George_W_Bush_0482,1,0.573828,0.544046,0.560358
George_W_Bush_0145|George_W_Bush_0150,1,0.564042,0.538778,0.552063
George_W_Bush_0145|George_W_Bush_0238,1,0.585669,0.572246,0.549593
George_W_Bush_0203|George_W_Bush_0247,1,0.699122,0.681658,0.685723
Gloria_Trevi_0001|Gloria_Trevi_0002,1,0.487517,0.469263,0.470339
Gloria_Trevi_0002|Gloria_Trevi_0003,1,0.631772,0.611727,0.616084
Gloria_Trevi_0002|Gloria_Trevi_0004,1,0.589753,0.553160,0.548741
Gordon_Campbell_0001|Gordon_Campbell_0002,1,0.613380,0.597316,0.609342
Greg_Rusedski_0001|Greg_Rusedski_0002,1,0.629802,0.633811,0.615479
Greg_Rusedski_0002|Greg_Rusedski_0003,1,0.662951,0.647947,0.633730
Greg_Rusedski_0002|Greg_Rusedski_0004,1,0.738362,0.727254,0.702013
Greg_Rusedski_0003|Greg_Rusedski_0004,1,0.754021,0.718884,0.710106
Gustavo_Kuerten_0001|Gustavo_Kuerten_0002,1,0.835261,0.815122,0.819688
Gustavo_Kuerten_0002|Gustavo_Kuerten_0003,1,0.553878,0.529542,0.537646
Guy_Hemmings_0001|Guy_Hemmings_0002,1,0.623113,0.601887,0.610134
Halle_Berry_0006|Halle_Berry_0007,1,0.810413,0.813500,0.792610
Halle_Berry_0006|Halle_Berry_0009,1,0.637294,0.639118,0.636011
Halle_Berry_0007|Halle_Berry_0009,1,0.648528,0.637423,0.653262
Heather_Mills_0002|Heather_Mills_0003,1,0.628442,0.622637,0.619730
Heather_Mills_0002|Heather_Mills_0004,1,0.643113,0.621549,0.602853
Heidi_Fleiss_0001|Heidi_Fleiss_0002,1,0.369388,0.399148,0.376951
Heidi_Fleiss_0001|Heidi_Fleiss_0003,1,0.428371,0.428319,0.405077
Henrique_Meirelles_0001|Henrique_Meirelles_0002,1,0.630048,0.621278,0.616909
Iva_Majoli_0001|Iva_Majoli_0002,1,0.654880,0.654998,0.638051
Jake_Gyllenhaal_0003|Jake_Gyllenhaal_0005,1,0.794697,0.770168,0.778200
Jake_Gyllenhaal_0004|Jake_Gyllenhaal_0005,1,0.711430,0.679646,0.671843
James_Cunningham_0001|James_Cunningham_0002,1,0.689234,0.647303,0.659906
James_Cunningham_0001|James_Cunningham_0003,1,0.564154,0.561294,0.517319
James_Cunningham_0002|James_Cunningham_0003,1,0.519623,0.514773,0.494176
James_Parker_0001|James_Parker_0002,1,0.760180,0.754472,0.743584
James_Wolfensohn_0002|James_Wolfensohn_0005,1,0.659128,0.638093,0.654238
Jason_Lezak_0001|Jason_Lezak_0002,1,0.902744,0.882087,0.882268
Jay_Rasulo_0001|Jay_Rasulo_0002,1,0.666337,0.622135,0.640173
Jean-Claude_Juncker_0001|Jean-Claude_Juncker_0002,1,0.646066,0.635861,0.632473
Jennifer_Lopez_0001|Jennifer_Lopez_0003,1,0.596355,0.575836,0.564838
Jennifer_Lopez_0002|Jennifer_Lopez_0016,1,0.518677,0.444076,0.467825
Jennifer_Lopez_0003|Jennifer_Lopez_0010,1,0.578404,0.588751,0.586353
Jennifer_Lopez_0003|Jennifer_Lopez_0014,1,0.565486,0.525203,0.536200
Jesse_Jackson_0001|Jesse_Jackson_0003,1,0.683668,0.659420,0.623703
Jesse_Jackson_0005|Jesse_Jackson_0008,1,0.617914,0.596088,0.597515
Jesse_Jackson_0007|Jesse_Jackson_0008,1,0.716233,0.705085,0.727105
Jesse_James_Leija_0001|Jesse_James_Leija_0002,1,0.606716,0.621352,0.599733
Jesse_Ventura_0002|Jesse_Ventura_0003,1,0.517199,0.502397,0.498917
Jia_Qinglin_0001|Jia_Qinglin_0002,1,0.618418,0.616609,0.595571
Jim_Tressel_0001|Jim_Tressel_0002,1,0.564796,0.531859,0.546989
Jim_Tressel_0001|Jim_Tressel_0004,1,0.599101,0.539915,0.571327
Jim_Tressel_0002|Jim_Tressel_0004,1,0.635652,0.566161,0.579936
Joan_Laporta_0001|Joan_Laporta_0006,1,0.566161,0.501251,0.557204
Joan_Laporta_0006|Joan_Laporta_0007,1,0.760369,0.745491,0.736194
Joan_Laporta_0006|Joan_Laporta_0008,1,0.594377,0.563889,0.582795
Joe_Dumars_0001|Joe_Dumars_0002,1,0.687231,0.650977,0.684136
John_Ashcroft_0003|John_Ashcroft_0005,1,0.732769,0.708993,0.702526
John_Ashcroft_0013|John_Ashcroft_0034,1,0.635385,0.612285,0.611782
John_Ashcroft_0042|John_Ashcroft_0043,1,0.339717,0.344393,0.356373
John_Bolton_0006|John_Bolton_0007,1,0.815278,0.811537,0.791353
John_Swofford_0001|John_Swofford_0002,1,0.608150,0.623914,0.589167
John_Swofford_0001|John_Swofford_0003,1,0.764825,0.755929,0.749304
John_Timoney_0001|John_Timoney_0002,1,0.736048,0.731829,0.746054
Jon_Gruden_0001|Jon_Gruden_0002,1,0.677631,0.658769,0.681133
Jon_Gruden_0002|Jon_Gruden_0005,1,0.678204,0.672578,0.667284
Jon_Gruden_0003|Jon_Gruden_0006,1,0.648425,0.596338,0.612743
Jon_Gruden_0003|Jon_Gruden_0007,1,0.570503,0.571396,0.564034
Julie_Taymor_0001|Julie_Taymor_0002,1,0.676303,0.670820,0.667308
Kamal_Kharrazi_0001|Kamal_Kharrazi_0005,1,0.744092,0.738095,0.731282
Kamal_Kharrazi_0002|Kamal_Kharrazi_0003,1,0.698679,0.700615,0.697221
Kamal_Kharrazi_0002|Kamal_Kharrazi_0006,1,0.590001,0.577364,0.607907
Karin_Stoiber_0001|Karin_Stoiber_0002,1,0.575797,0.573703,0.557377
Kim_Yong-il_0001|Kim_Yong-il_0002,1,0.649302,0.622676,0.620390
Kim_Yong-il_0001|Kim_Yong-il_0003,1,0.634386,0.628058,0.611092
Kimi_Raikkonen_0001|Kimi_Raikkonen_0003,1,0.290840,0.254453,0.280523
Kimi_Raikkonen_0002|Kimi_Raikkonen_0003,1,0.406849,0.422842,0.412128
Kjell_Magne_Bondevik_0001|Kjell_Magne_Bondevik_0003,1,0.569091,0.531524,0.534900
Kobe_Bryant_0001|Kobe_Bryant_0002,1,0.328533,0.366624,0.334960
Kurt_Warner_0001|Kurt_Warner_0002,1,0.585446,0.595169,0.580449
Kurt_Warner_0001|Kurt_Warner_0004,1,0.583679,0.598636,0.579495
Kurt_Warner_0002|Kurt_Warner_0004,1,0.756514,0.753530,0.748590
Kurt_Warner_0003|Kurt_Warner_0005,1,0.474107,0.445333,0.435836
Kwon_Yang-sook_0001|Kwon_Yang-sook_0003,1,0.716652,0.669090,0.718922
Kwon_Yang-sook_0002|Kwon_Yang-sook_0003,1,0.769317,0.755951,0.764734
Lee_Jun_0001|Lee_Jun_0002,1,0.627980,0.591375,0.604721
Leonid_Kuchma_0001|Leonid_Kuchma_0002,1,0.708565,0.700769,0.707077
Leonid_Kuchma_0001|Leonid_Kuchma_0003,1,0.702419,0.673868,0.690833
Leonid_Kuchma_0002|Leonid_Kuchma_0003,1,0.766098,0.754910,0.751447
Leonid_Kuchma_0002|Leonid_Kuchma_0005,1,0.656087,0.629541,0.645003
Leonid_Kuchma_0004|Leonid_Kuchma_0005,1,0.654374,0.599361,0.631628
Lina_Krasnoroutskaya_0001|Lina_Krasnoroutskaya_0002,1,0.430545,0.406312,0.424256
Lord_Hutton_0001|Lord_Hutton_0002,1,0.732313,0.696324,0.687784
Luiz_Felipe_Scolari_0001|Luiz_Felipe_Scolari_0002,1,0.716742,0.683780,0.668668
Lynn_Redgrave_0002|Lynn_Redgrave_0003,1,0.713457,0.708493,0.687215
Magdalena_Maleeva_0001|Magdalena_Maleeva_0002,1,0.659902,0.609756,0.650115
Magdalena_Maleeva_0001|Magdalena_Maleeva_0003,1,0.514415,0.479324,0.491437
Magdalena_Maleeva_0002|Magdalena_Maleeva_0003,1,0.690935,0.658538,0.628168
Marcelo_Ebrard_0001|Marcelo_Ebrard_0002,1,0.661205,0.606627,0.622639
Marcelo_Ebrard_0001|Marcelo_Ebrard_0003,1,0.561251,0.572504,0.538421
Marcelo_Rios_0001|Marcelo_Rios_0003,1,0.716616,0.670477,0.688882
Marcelo_Rios_0001|Marcelo_Rios_0004,1,0.667848,0.651849,0.665026
Marcelo_Rios_0002|Marcelo_Rios_0003,1,0.708700,0.664509,0.684305
Marcelo_Rios_0003|Marcelo_Rios_0004,1,0.662284,0.660344,0.645633
Marcelo_Rios_0003|Marcelo_Rios_0005,1,0.692244,0.661720,0.669410
Maria_Shriver_0001|Maria_Shriver_0007,1,0.391545,0.417311,0.419606
Maria_Shriver_0001|Maria_Shriver_0008,1,0.602924,0.576268,0.594094
Maria_Shriver_0002|Maria_Shriver_0006,1,0.556340,0.562070,0.578275
Maria_Shriver_0002|Maria_Shriver_0008,1,0.609482,0.586659,0.607770
Maria_Shriver_0003|Maria_Shriver_0008,1,0.681012,0.657924,0.697777
Marilyn_Monroe_0001|Marilyn_Monroe_0002,1,0.483532,0.463407,0.474485
Mario_Cipollini_0001|Mario_Cipollini_0002,1,0.763040,0.730161,0.721177
Mark_Hurlbert_0001|Mark_Hurlbert_0005,1,0.679640,0.667774,0.643015
Mark_Hurlbert_0002|Mark_Hurlbert_0003,1,0.817871,0.798282,0.790275
Mark_Hurlbert_0002|Mark_Hurlbert_0004,1,0.788450,0.781623,0.766971
Martin_Scorsese_0002|Martin_Scorsese_0005,1,0.548315,0.528539,0.535428
Martin_Scorsese_0003|Martin_Scorsese_0004,1,0.768332,0.723743,0.745204
Marwan_Barghouthi_0001|Marwan_Barghouthi_0002,1,0.593336,0.588009,0.588004
Michael_Bloomberg_0001|Michael_Bloomberg_0012,1,0.584998,0.554209,0.529029
Michael_Bloomberg_0003|Michael_Bloomberg_0005,1,0.568064,0.548290,0.544313
Michael_Bloomberg_0007|Michael_Bloomberg_0011,1,0.505476,0.505368,0.513533
Michael_Bloomberg_0011|Michael_Bloomberg_0013,1,0.567111,0.562349,0.556666
Michael_Chang_0001|Michael_Chang_0003,1,0.551088,0.551601,0.546820
Michael_Chang_0005|Michael_Chang_0006,1,0.378343,0.396687,0.339611
Michael_Jackson_0001|Michael_Jackson_0006,1,0.737400,0.720099,0.712245
Michael_Jackson_0002|Michael_Jackson_0003,1,0.717743,0.694893,0.728733
Michael_Jackson_0002|Michael_Jackson_0011,1,0.637652,0.603121,0.616600
Michael_Jackson_0002|Michael_Jackson_0012,1,0.625776,0.626043,0.633727
Michael_Jackson_0011|Michael_Jackson_0012,1,0.764965,0.751156,0.750604
Michael_Patrick_King_0001|Michael_Patrick_King_0002,1,0.732450,0.711625,0.715564
Michelle_Rodriguez_0001|Michelle_Rodriguez_0002,1,0.630138,0.588796,0.598367
Mike_Babcock_0001|Mike_Babcock_0002,1,0.704812,0.681441,0.682160
Mike_Martz_0001|Mike_Martz_0003,1,0.732346,0.694920,0.705245
Mike_Scioscia_0001|Mike_Scioscia_0002,1,0.679657,0.690678,0.666822
Mikulas_Dzurinda_0001|Mikulas_Dzurinda_0002,1,0.734304,0.711320,0.703049
Miroljub_0001|Miroljub_0002,1,0.739778,0.758798,0.756049
Nasser_al-Kidwa_0001|Nasser_al-Kidwa_0002,1,0.634157,0.626133,0.607525
Nick_Nolte_0001|Nick_Nolte_0002,1,0.377434,0.334378,0.362857
Nick_Nolte_0001|Nick_Nolte_0003,1,0.516983,0.444704,0.492403
Nick_Nolte_0001|Nick_Nolte_0005,1,0.426956,0.418258,0.419071
Nick_Nolte_0002|Nick_Nolte_0004,1,0.459717,0.437514,0.451055
Nick_Nolte_0003|Nick_Nolte_0004,1,0.534163,0.490625,0.518449
OJ_Simpson_0001|OJ_Simpson_0002,1,0.612695,0.609140,0.603270
Oprah_Winfrey_0001|Oprah_Winfrey_0002,1,0.415216,0.446205,0.422372
Oprah_Winfrey_0002|Oprah_Winfrey_0003,1,0.508513,0.536470,0.510290
Orlando_Bloom_0002|Orlando_Bloom_0003,1,0.381876,0.366098,0.393347
Ozzy_Osbourne_0001|Ozzy_Osbourne_0003,1,0.261899,0.279683,0.267022
Paul_Coppin_0001|Paul_Coppin_0002,1,0.535803,0.522393,0.525265
Paul_Martin_0001|Paul_Martin_0006,1,0.496479,0.507481,0.497933
Paul_Martin_0001|Paul_Martin_0007,1,0.413607,0.473573,0.431131
Paul_McNulty_0001|Paul_McNulty_0002,1,0.751410,0.722610,0.723009
Paul_ONeill_0001|Paul_ONeill_0003,1,0.640258,0.601427,0.610591
Paul_ONeill_0005|Paul_ONeill_0007,1,0.568749,0.516486,0.560918
Paul_Patton_0001|Paul_Patton_0002,1,0.688524,0.702388,0.684042
Paula_Zahn_0001|Paula_Zahn_0002,1,0.672040,0.620239,0.647551
Pierce_Brosnan_0001|Pierce_Brosnan_0005,1,0.556809,0.533263,0.510759
Pierce_Brosnan_0003|Pierce_Brosnan_0007,1,0.514317,0.468086,0.452887
Pierce_Brosnan_0006|Pierce_Brosnan_0009,1,0.480768,0.448075,0.456086
Pierce_Brosnan_0009|Pierce_Brosnan_0014,1,0.500647,0.494838,0.493996
Pierre_Pettigrew_0001|Pierre_Pettigrew_0003,1,0.706837,0.696883,0.695638
Ralf_Schumacher_0005|Ralf_Schumacher_0008,1,0.501372,0.497314,0.491731
Ricky_Barnes_0001|Ricky_Barnes_0002,1,0.484159,0.439068,0.438248
Rita_Wilson_0001|Rita_Wilson_0004,1,0.670315,0.688224,0.652598
Rob_Schneider_0001|Rob_Schneider_0002,1,0.663306,0.589127,0.636375
Robbie_Fowler_0001|Robbie_Fowler_0002,1,0.862577,0.842368,0.840767
Robert_Blake_0001|Robert_Blake_0003,1,0.425722,0.418980,0.407170
Robert_Blake_0001|Robert_Blake_0004,1,0.516458,0.506796,0.509253
Robert_Blake_0005|Robert_Blake_0006,1,0.404458,0.383977,0.382913
Rogerio_Romero_0001|Rogerio_Romero_0002,1,0.731940,0.717999,0.717560
Rupert_Grint_0001|Rupert_Grint_0003,1,0.703222,0.698503,0.684198
Salman_Rushdie_0001|Salman_Rushdie_0003,1,0.725802,0.706227,0.709761
Salman_Rushdie_0002|Salman_Rushdie_0003,1,0.654755,0.616827,0.640649
Scott_Sullivan_0001|Scott_Sullivan_0002,1,0.683510,0.653263,0.653160
Scott_Wolf_0001|Scott_Wolf_0002,1,0.782575,0.763613,0.770412
Sepp_Blatter_0001|Sepp_Blatter_0002,1,0.551928,0.574342,0.556018
Sepp_Blatter_0001|Sepp_Blatter_0003,1,0.449919,0.423547,0.403895
Sepp_Blatter_0002|Sepp_Blatter_0003,1,0.580247,0.583031,0.599522
Simon_Cowell_0001|Simon_Cowell_0002,1,0.506398,0.464355,0.474124
Slobodan_Milosevic_0001|Slobodan_Milosevic_0003,1,0.694270,0.663450,0.666929
Slobodan_Milosevic_0002|Slobodan_Milosevic_0003,1,0.659627,0.657394,0.627464
Slobodan_Milosevic_0003|Slobodan_Milosevic_0004,1,0.634271,0.598161,0.591393
Stacy_Dragila_0001|Stacy_Dragila_0002,1,0.584280,0.551906,0.581515
Stephen_Ambrose_0001|Stephen_Ambrose_0002,1,0.237127,0.238573,0.236249
Stephen_Daldry_0001|Stephen_Daldry_0002,1,0.565017,0.536417,0.509061
Stephen_Friedman_0001|Stephen_Friedman_0002,1,0.616983,0.582738,0.612516
Theo_Epstein_0001|Theo_Epstein_0002,1,0.676557,0.626830,0.651113
Thomas_Wyman_0001|Thomas_Wyman_0002,1,0.502916,0.450500,0.460057
Tim_Floyd_0001|Tim_Floyd_0002,1,0.810910,0.787107,0.763048
Tom_Watson_0001|Tom_Watson_0003,1,0.508744,0.548020,0.486548
Tom_Watson_0002|Tom_Watson_0003,1,0.590650,0.628564,0.599176
Tommy_Robredo_0001|Tommy_Robredo_0003,1,0.497715,0.432531,0.452001
Tommy_Robredo_0002|Tommy_Robredo_0003,1,0.798130,0.758285,0.790478
Tony_Parker_0001|Tony_Parker_0002,1,0.518395,0.464222,0.529401
Tony_Stewart_0001|Tony_Stewart_0006,1,0.649512,0.654036,0.632358
Tony_Stewart_0002|Tony_Stewart_0003,1,0.532384,0.547692,0.528195
Tony_Stewart_0004|Tony_Stewart_0005,1,0.390821,0.352019,0.353278
Tony_Stewart_0004|Tony_Stewart_0006,1,0.395035,0.355440,0.352586
Vladimir_Voltchkov_0001|Vladimir_Voltchkov_0002,1,0.501826,0.481210,0.469492
Wang_Yi_0001|Wang_Yi_0002,1,0.716046,0.721176,0.706015
Zafarullah_Khan_Jamali_0001|Zafarullah_Khan_Jamali_0002,1,0.653984,0.647905,0.639844
Zhu_Rongji_0001|Zhu_Rongji_0003,1,0.773756,0.783966,0.785360
Zhu_Rongji_0002|Zhu_Rongji_0008,1,0.665825,0.661630,0.674106
Aaron_Tippin_0001|Enos_Slaughter_0001,0,-0.023104,-0.025976,-0.016435
Aaron_Tippin_0001|Juan_Carlos_Ortega_0001,0,0.013691,0.057585,0.022299
Aaron_Tippin_0001|Marlon_Devonish_0001,0,0.127000,0.203654,0.168140
Adam_Ant_0001|John_Perrota_0001,0,-0.011407,-0.044437,-0.013735
Adam_Ant_0001|Noel_Forgeard_0001,0,-0.097322,-0.111578,-0.087897
Adam_Ant_0001|Richard_Regenhard_0001,0,0.074857,0.123123,0.106885
Adam_Mair_0001|Daniel_Osorno_0001,0,0.029271,0.032863,-0.003677
Adoor_Gopalakarishnan_0001|Nathalia_Gillot_0001,0,-0.011029,0.087027,0.038842
Alain_Ducasse_0001|Paul_ONeill_0002,0,-0.089029,-0.052976,-0.101145
Alan_Greer_0001|Alan_Trammell_0001,0,-0.077225,-0.066228,-0.068056
Alan_Greer_0001|Bob_Hayes_0001,0,-0.089048,-0.137341,-0.123699
Alan_Trammell_0001|Heidi_Fleiss_0002,0,0.002429,0.015797,-0.002560
Alan_Trammell_0001|Julie_Taymor_0002,0,0.051790,0.047782,0.038776
Aldo_Paredes_0001|Suzanne_Mubarak_0001,0,0.086951,0.128419,0.085041
Aldo_Paredes_0002|Zafarullah_Khan_Jamali_0001,0,-0.013142,-0.023252,-0.040046
Alecos_Markides_0001|Darryl_Stingley_0001,0,-0.078710,-0.082107,-0.106745
Alecos_Markides_0001|Wolfgang_Schneiderhan_0001,0,0.021389,0.046357,0.029268
Alejandro_Avila_0003|Benjamin_Franklin_0001,0,-0.077082,-0.087670,-0.067865
Alejandro_Avila_0003|Darrell_Porter_0001,0,-0.101976,-0.092430,-0.078429
Alek_Wek_0001|Barbara_Bodine_0001,0,0.026161,0.041772,0.013143
Alek_Wek_0001|Nasser_al-Kidwa_0001,0,0.004449,0.026211,0.033255
Alek_Wek_0001|Ray_Bradbury_0001,0,0.014032,-0.016522,-0.015634
Alina_Kabaeva_0001|Donald_Trump_0001,0,0.039586,0.065694,0.046879
Alina_Kabaeva_0001|Jayson_Williams_0002,0,-0.058913,-0.055744,-0.076507
Alyse_Beaupre_0001|Elmar_Brok_0001,0,0.031062,0.051745,0.040077
Alyse_Beaupre_0001|Helo_Pinheiro_0001,0,-0.045726,-0.043433,-0.057209
Alyse_Beaupre_0001|Hunter_Bates_0001,0,-0.066949,-0.040506,-0.077616
Ambrose_Lee_0001|Ben_Chandler_0001,0,0.045739,0.058564,0.041592
Amy_Gale_0001|Herman_Edwards_0001,0,-0.093304,-0.050043,-0.102003
Anastasia_Kelesidou_0001|Brendan_Hansen_0002,0,0.119954,0.186471,0.126531
Anastasia_Kelesidou_0001|Thomas_Wyman_0002,0,-0.039163,-0.044833,-0.023535
Andrew_Niccol_0001|Prince_Felipe_0001,0,0.090454,0.116815,0.075627
Andrew_Sabey_0001|Federico_Castelan_Sayre_0001,0,-0.193862,-0.168551,-0.160803
Andrew_Sabey_0001|Greg_Rusedski_0001,0,0.172451,0.212057,0.175772
Andy_Madikians_0001|Jon_Gruden_0001,0,-0.012564,0.015206,0.036298
Andy_Madikians_0001|Pedro_Alvarez_0001,0,0.031041,0.065390,0.001235
Andy_Madikians_0001|Pierce_Brosnan_0001,0,-0.077358,-0.052042,-0.072856
Andy_Perez_0001|Elena_Dementieva_0001,0,0.112001,0.093783,0.106464
Andy_Perez_0001|Stephen_Joseph_0001,0,-0.009606,-0.001673,-0.029629
Angie_Martinez_0001|Ruth_Pearce_0001,0,0.015347,0.024366,0.020257
Ann_Godbehere_0001|Tom_Watson_0001,0,-0.061343,0.008287,-0.057083
Anne_McLellan_0001|Tim_Howard_0001,0,0.044568,0.022801,0.031454
Annette_Bening_0001|Ross_Verba_0001,0,0.053283,0.043273,0.036669
Anthony_Hopkins_0002|Orlando_Bloom_0001,0,0.057325,0.051860,0.035260
Antonio_Bernardo_0001|Billy_Donovan_0001,0,0.086665,0.061082,0.066128
Antonio_Bernardo_0001|Dwain_Kyles_0001,0,0.126842,0.155418,0.107999
Antonio_Bernardo_0001|Elizabeth_Hill_0001,0,-0.036549,-0.022126,-0.055703
Antonio_Bernardo_0001|Guy_Hemmings_0001,0,0.046772,0.024159,0.032350
Antonio_Bernardo_0001|Kareena_Kapoor_0001,0,0.063571,0.089241,0.061096
Anzori_Kikalishvili_0001|Carlos_Quintanilla_Schmidt_0002,0,-0.028968,0.014126,-0.049940
Anzori_Kikalishvili_0001|Earl_Fritts_0001,0,0.057705,0.091494,0.084127
Anzori_Kikalishvili_0001|Salman_Rushdie_0001,0,0.030809,0.046550,0.004211
Aram_Adler_0001|Cesar_Gaviria_0003,0,-0.027350,-0.019335,-0.015989
Aram_Adler_0001|Deepa_Mehta_0001,0,0.119039,0.094047,0.134086
Arie_Haan_0001|Tony_Parker_0002,0,-0.048730,-0.005302,-0.029404
Ariel_Sharon_0030|David_Ballantyne_0001,0,0.010873,0.013522,0.065841
Art_Hoffmann_0002|Juan_Carlos_Ortega_0001,0,-0.065488,-0.055672,-0.039881
Atiabet_Ijan_Amabel_0001|John_Perrota_0001,0,0.061808,0.057210,0.040228
Augustin_Calleri_0003|Lee_Jun_0002,0,0.063906,0.095785,0.094427
Barry_Nakell_0001|Maria_Simon_0001,0,-0.010274,0.043632,0.020597
Basdeo_Panday_0001|Filippo_Volandri_0001,0,-0.043968,0.012202,-0.045700
Ben_Betts_0001|Kimi_Raikkonen_0003,0,0.038578,0.045922,0.073204
Ben_Braun_0001|Cecilia_Chang_0001,0,-0.035897,-0.031202,-0.027942
Ben_Braun_0001|Horace_Newcomb_0001,0,-0.108450,-0.093535,-0.091544
Ben_Chandler_0001|Larry_Hagman_0001,0,0.042896,0.049871,0.055452
Ben_Lee_0001|Horace_Newcomb_0001,0,-0.004562,0.010413,-0.028586
Ben_Stein_0001|David_Canary_0001,0,-0.066377,-0.064317,-0.081369
Ben_Stein_0001|Lionel_Richie_0002,0,-0.000135,-0.002779,0.000777
Bernadette_Peters_0001|Ed_Smart_0001,0,-0.061916,-0.045809,-0.052596
Bertie_Ahern_0004|Jim_Leach_0001,0,0.072787,0.083340,0.063665
Bill_OReilly_0001|Jim_Wessling_0001,0,-0.082532,-0.059502,-0.055896
Billy_Boyd_0001|Sid_Caesar_0001,0,0.028979,0.019438,0.019298
Billy_Donovan_0001|Brandon_Spann_0001,0,0.041939,0.053227,0.076150
Billy_Donovan_0001|Cabas_0001,0,-0.015473,-0.009314,-0.025538
Billy_Donovan_0001|William_Nessen_0001,0,-0.025419,-0.009923,-0.019752
Binyamin_Ben-Eliezer_0001|Jenny_Romero_0001,0,0.065037,0.078942,0.056181
Bo_Ryan_0002|Heidi_Fleiss_0003,0,-0.040020,-0.018740,-0.026713
Bob_Beauprez_0002|Hedayat_Amin_Arsala_0001,0,-0.075099,-0.047258,-0.057885
Bob_Beauprez_0002|John_Norquist_0001,0,0.109898,0.143584,0.112489
Bob_Hayes_0001|Zhu_Rongji_0008,0,0.163853,0.159481,0.184740
Brady_Rodgers_0001|Jenna_Elfman_0001,0,-0.003885,-0.007655,-0.032129
Brandon_Larson_0001|Chita_Rivera_0001,0,0.141059,0.124564,0.146990
Brendan_Hansen_0002|Dorothy_Wilson_0001,0,0.025245,0.015116,0.009840
Caio_Blat_0001|Sanja_Papic_0001,0,0.108438,0.076966,0.058284
Carlos_Quintanilla_Schmidt_0001|Nova_Esther_Guthrie_0001,0,0.034822,0.028696,0.022906
Carlos_Quintanilla_Schmidt_0002|Chris_Thomas_0001,0,0.018418,0.032157,-0.000059
Carroll_Weimer_0001|Chris_Pronger_0001,0,-0.087285,-0.055861,-0.096449
Carroll_Weimer_0001|Debbie_Reynolds_0002,0,-0.093053,-0.055946,-0.106919
Cecilia_Bolocco_0001|John_Perrota_0001,0,0.084417,0.071116,0.094814
Cecilia_Bolocco_0001|Kurt_Schottenheimer_0001,0,-0.045729,-0.003098,-0.053158
Celia_Cruz_0001|Rob_Ramsay_0001,0,-0.132386,-0.068366,-0.092363
Charlie_Zaa_0002|Theo_Epstein_0002,0,0.000592,0.031455,0.009670
Chris_Pronger_0001|Edgar_Savisaar_0001,0,0.001735,0.055233,0.034374
Christian_Longo_0002|David_Carradine_0001,0,-0.035772,-0.058999,-0.047540
Christian_Wulff_0002|Kjell_Magne_Bondevik_0003,0,0.072237,0.128432,0.087303
Cindy_Klassen_0001|Val_Ackerman_0001,0,0.120222,0.169768,0.137717
Cindy_Taylor_0001|Fabian_Vargas_0001,0,0.013480,0.014272,0.023503
Claudette_Robinson_0001|Eric_Fehr_0001,0,0.026372,0.031756,-0.000072
Clifford_Robinson_0001|Magdalena_Maleeva_0002,0,0.008266,-0.029091,-0.018228
Clifford_Robinson_0001|Shirley_Jones_0001,0,-0.054629,-0.030554,-0.019045
Clifford_Robinson_0001|Tim_Howard_0001,0,-0.166290,-0.142597,-0.139738
Colin_Jackson_0001|Marcelo_Ebrard_0003,0,0.029342,0.094097,0.057664
Colin_Jackson_0002|Hunter_Bates_0001,0,-0.121846,-0.108807,-0.086580
Columba_Bush_0001|Neil_Goldman_0001,0,-0.024254,-0.043060,-0.008064
Craig_Fitzgibbon_0001|Joe_Dumars_0001,0,-0.011275,-0.003049,0.002623
Cristian_Barros_0001|Steve_Largent_0001,0,-0.182743,-0.115484,-0.168124
Curtis_Strange_0001|Kurt_Schottenheimer_0001,0,-0.036113,-0.047960,0.009910
Curtis_Strange_0001|Raul_Chacon_0001,0,0.045169,0.073806,0.044450
Dan_Kellner_0001|Freda_Black_0001,0,-0.093508,-0.096305,-0.103080
Dan_LaCoutre_0001|Gustavo_Kuerten_0002,0,0.046667,0.099984,0.090201
Dan_Monson_0001|Jim_Flaherty_0001,0,0.033461,0.047067,0.048917
Dan_Monson_0001|Rafael_Vinoly_0001,0,0.027500,0.049884,0.053275
Darrell_Porter_0002|Robert_Towne_0001,0,-0.003354,0.013171,0.012917
Dave_Campo_0002|Jenny_Romero_0001,0,0.035034,0.039499,0.034519
David_Ballantyne_0001|Diana_Taurasi_0002,0,-0.114800,-0.126632,-0.098706
David_Carradine_0001|Kobe_Bryant_0001,0,0.012914,0.008594,0.008666
David_Dodge_0001|Francois_Botha_0001,0,-0.020356,-0.010560,-0.040731
David_Dodge_0002|Thomas_Wyman_0002,0,0.279833,0.302194,0.300019
David_Heyman_0001|Rod_Paige_0001,0,0.159058,0.152524,0.174130
David_Oh_0001|Desiree_McKenzie_0001,0,-0.006434,-0.002648,-0.017560
David_Oh_0001|Joe_Garner_0001,0,-0.036166,-0.022134,-0.045138
David_Spade_0002|Denise_Locke_0001,0,-0.012134,0.024682,0.000816
David_Suazo_0001|Jane_Krakowski_0001,0,0.008154,0.051594,0.032420
David_Wells_0001|Mary_Hill_0001,0,-0.050157,-0.044041,-0.057852
David_Wells_0001|Yannos_Papantoniou_0001,0,-0.023349,0.007512,-0.031676
Dawna_LoPiccolo_0001|Jean-Claude_Juncker_0002,0,0.019658,0.075520,0.042799
Debbie_Reynolds_0001|Nick_Nolte_0001,0,0.014205,-0.020998,0.000519
Deniz_Baykal_0001|Kathy_Bates_0001,0,-0.102078,-0.114110,-0.091925
Deniz_Baykal_0001|Robin_Wagner_0001,0,-0.008466,0.026775,-0.001649
Desiree_McKenzie_0001|John_Danforth_0001,0,-0.005446,0.000384,-0.026504
Dick_Devine_0001|Michael_Jackson_0009,0,-0.042075,-0.043531,-0.006883
Dinora_Rosales_0001|Robbie_Fowler_0001,0,-0.122869,-0.088988,-0.115357
Dirk_Kempthorne_0001|Janusz_Kaminski_0001,0,-0.150888,-0.098210,-0.141112
Donald_Evans_0002|Fred_Funk_0002,0,0.064447,0.100032,0.076225
Dorothy_Wilson_0001|Jim_Thome_0001,0,-0.102879,-0.082792,-0.084901
Drew_Gooden_0001|Kimi_Raikkonen_0003,0,-0.016945,0.009304,0.008282
Dwain_Kyles_0001|Gregory_Peck_0001,0,0.117111,0.180904,0.155072
Ed_Smart_0003|Jason_Gardner_0001,0,-0.031567,0.042791,-0.012094
Edgar_Savisaar_0001|Kirk_Doerger_0001,0,-0.050245,-0.038635,-0.036698
Edward_Burns_0001|Paul_ONeill_0001,0,0.121772,0.110950,0.099589
Elmar_Brok_0001|Jose_Jose_0001,0,-0.046321,-0.025302,-0.005191
Emily_Mortimer_0001|Maria_Simon_0001,0,-0.082763,-0.055771,-0.094172
Enos_Slaughter_0001|Qais_al-Kazali_0001,0,-0.003831,-0.053141,-0.018972
Eric_Fehr_0001|Lee_Jun_0002,0,0.043205,0.090197,0.050344
Eric_Fehr_0001|Tamara_Mowry_0001,0,-0.061727,-0.096134,-0.069318
Faisal_Saleh_Hayat_0001|Marwan_Barghouthi_0001,0,0.035431,0.043465,-0.003531
Federico_Castelan_Sayre_0001|Jimmy_Jimenez_0001,0,-0.076007,-0.052608,-0.064435
Fiona_Milne_0001|Hartmut_Mehdorn_0001,0,-0.046353,-0.028643,-0.050048
Fiona_Milne_0001|Josh_Kronfeld_0001,0,-0.036931,-0.012548,-0.027483
Floyd_Keith_0001|Halle_Berry_0001,0,0.018794,0.045884,0.032799
Franklin_Brown_0001|Michael_Jackson_0010,0,0.203716,0.214013,0.214354
Franklin_Brown_0001|Tamara_Mowry_0001,0,0.012654,0.046915,0.002953
Franklin_Brown_0001|Yolanda_King_0001,0,0.028370,0.002578,0.002693
Freda_Black_0001|Rod_Paige_0001,0,0.050278,0.071957,0.040990
Fruit_Chan_0001|Kjell_Magne_Bondevik_0003,0,-0.030785,0.006341,-0.015576
Gary_Winnick_0001|Michael_Patrick_King_0002,0,-0.009679,-0.019703,-0.032234
George_Robertson_0005|Robbie_Mc_Ewen_0001,0,0.068425,0.055878,0.057062
Gloria_Trevi_0004|William_Ragland_0001,0,0.014964,0.014794,0.015340
Grace_Dodd_0001|Henrique_Meirelles_0001,0,-0.037007,-0.042322,-0.058705
Graeme_Lloyd_0001|Humberto_Coelho_0001,0,-0.042060,0.000562,-0.050090
Graeme_Lloyd_0001|Laura_Pausini_0001,0,0.010197,0.023768,0.022510
Greg_Rusedski_0002|Horace_Newcomb_0001,0,0.046216,0.060630,0.043035
Greg_Rusedski_0003|Javier_Bardem_0001,0,-0.038255,-0.019079,-0.060554
Greg_Rusedski_0003|Marcos_Milinkovic_0001,0,0.223165,0.230963,0.208772
Gregory_Peck_0001|Jacqueline_Obradors_0001,0,-0.069450,-0.040892,-0.090976
Guillermo_Ruiz_Polanco_0001|Jon_Constance_0001,0,-0.052320,-0.001061,-0.009097
Gustavo_Kuerten_0001|Rani_Mukherjee_0001,0,-0.081311,-0.020253,-0.071581
Halle_Berry_0012|Janet_Chandler_0001,0,0.013119,0.023351,0.041696
Hartmut_Mehdorn_0001|Natanaela_Barnova_0001,0,-0.003679,0.025740,0.008407
Hartmut_Mehdorn_0001|Sanja_Papic_0001,0,0.021403,0.051268,0.006352
Hartmut_Mehdorn_0001|Svetlana_Belousova_0001,0,0.001122,0.005966,-0.010744
Haydar_Aliyev_0001|Nuon_Chea_0001,0,0.037862,0.021966,0.026523
Heather_Willson_0001|Lynn_Redgrave_0003,0,0.010792,0.030771,0.021709
Hector_Mitelman_0001|Jon_Gruden_0002,0,0.035774,0.048316,0.021080
Helo_Pinheiro_0001|Robert_Durst_0001,0,0.053105,0.031980,0.062112
Herman_Edwards_0001|Patrick_Eaves_0001,0,-0.030814,-0.030299,-0.030781
Hermogenes_Ebdane_Jr_0001|Sanja_Papic_0001,0,-0.067406,-0.013663,-0.074528
Horace_Newcomb_0001|Stephan_Eberharter_0001,0,0.030832,0.001923,0.010302
Hugo_Colace_0001|Kim_Yun-kyu_0001,0,-0.102092,-0.069921,-0.091386
Humberto_Coelho_0001|Sue_Wicks_0002,0,-0.012503,0.048805,0.017107
Hunter_Bates_0001|Pedro_Alvarez_0001,0,-0.053460,-0.066268,-0.091793
Hunter_Bates_0001|William_Rosenberg_0001,0,-0.133785,-0.128943,-0.134356
Igor_Trunov_0001|Peter_Sejna_0001,0,-0.126288,-0.048954,-0.130958
Ivan_Stambolic_0001|Michael_Bloomberg_0018,0,-0.042443,-0.037014,-0.063124
Jack_LaLanne_0001|Yves_Brodeur_0001,0,0.017813,0.015605,0.024284
Jacqueline_Obradors_0001|Julie_Taymor_0001,0,0.116581,0.150681,0.112848
Jada_Pinkett_Smith_0002|Jenny_Romero_0001,0,0.010720,0.026746,-0.015570
James_Cunningham_0003|Stephen_Daldry_0001,0,-0.028350,0.019800,0.016731
James_Gibson_0001|Roger_Corbett_0001,0,0.163182,0.172154,0.194802
James_Parker_0001|Saeed_Mortazavi_0001,0,-0.037382,-0.011542,-0.046965
Jane_Krakowski_0001|Shingo_Suetsugu_0001,0,0.008996,0.008683,0.003407
Janice_Goldfinger_0001|Pyar_Jung_Thapa_0001,0,-0.011462,0.044334,-0.002825
Janusz_Kaminski_0001|Lisa_Stone_0001,0,0.089228,0.089618,0.078470
Jason_Lezak_0001|John_Bolton_0004,0,-0.080266,-0.069881,-0.080966
Jason_Lezak_0001|Simon_Cowell_0001,0,-0.051095,0.001838,-0.030692
Javier_Vazquez_0001|Karin_Stoiber_0002,0,0.060720,0.065239,0.048961
Jay_Rasulo_0001|Nova_Esther_Guthrie_0001,0,0.139097,0.120129,0.138909
Jean-Marc_Olive_0001|John_Timoney_0001,0,-0.035998,-0.029694,-0.034212
Jean-Marc_Olive_0001|Tino_Martinez_0001,0,-0.140498,-0.137046,-0.150916
Jeri_Ryan_0001|Nova_Esther_Guthrie_0001,0,0.008919,0.022037,0.038409
Jeri_Ryan_0001|Peter_Goldmark_0001,0,0.038864,0.042626,0.039403
Jeri_Ryan_0001|Scott_Sullivan_0002,0,-0.036172,-0.052214,-0.047459
Jeri_Ryan_0001|Skip_Prosser_0001,0,0.084107,0.098233,0.078739
Jesse_James_Leija_0002|Joaquin_Phoenix_0001,0,-0.071528,-0.037110,-0.066021
Jesse_James_Leija_0002|Nick_Nolte_0004,0,0.038942,0.045523,0.020160
Jesse_Ventura_0002|Lela_Rochon_0001,0,0.132245,0.129092,0.143623
Jessica_Biel_0001|Jim_Fassel_0001,0,0.075674,0.090064,0.090202
Jim_Flaherty_0001|Mark_Andrew_0001,0,0.032479,0.033663,0.043089
Jim_Tressel_0003|Ralf_Schumacher_0003,0,0.017558,0.040553,0.031932
Jimmy_Jimenez_0001|Miles_Stewart_0001,0,-0.047369,-0.004519,-0.032610
Jimmy_Lee_0001|Nova_Esther_Guthrie_0001,0,-0.028352,-0.007858,-0.028385
Joaquin_Phoenix_0001|Rainer_Geulen_0001,0,-0.014090,-0.019619,-0.030301
Joe_Dumars_0002|Timothy_McVeigh_0001,0,0.044553,0.045535,0.042917
John_Bolton_0014|Kim_Yun-kyu_0001,0,-0.045047,-0.029250,-0.060873
John_Kerr_0001|Li_Changchun_0001,0,-0.033513,0.010364,-0.059298
John_Swofford_0002|Sok_An_0001,0,-0.065397,0.002770,-0.058653
Juan_Fernandez_0001|Paul_Krueger_0001,0,0.046650,0.066321,0.036307
Juan_Fernandez_0001|Suzanne_Mubarak_0001,0,-0.035838,-0.031515,-0.038655
Justin_Wilson_0001|Larry_Hagman_0001,0,-0.056401,-0.051260,-0.052216
Justin_Wilson_0001|Ray_Bradbury_0001,0,0.021863,0.028449,0.008657
Kara_Lynn_Joyce_0001|Zach_Pillar_0001,0,0.037934,0.006103,0.037394
Kim_Chinn_0001|Robert_Flodquist_0001,0,-0.058868,-0.045250,-0.057118
Kim_Chinn_0001|Ruth_Harlow_0002,0,0.064400,0.058096,0.094069
Kim_Yong-il_0002|Linda_Ham_0001,0,0.027312,0.012360,0.002786
Kwon_Yang-sook_0003|Tommy_Robredo_0001,0,0.083450,0.082640,0.070584
Lane_Bryant_0001|Yannos_Papantoniou_0001,0,0.055894,0.089782,0.060875
Larry_Hagman_0001|Teddy_Kollek_0001,0,-0.001268,0.016319,-0.016454
Larry_Hagman_0001|Val_Ackerman_0001,0,0.016151,0.059653,0.044023
Laura_Gobai_0001|Robin_Wagner_0001,0,0.024707,-0.002856,0.016813
Laura_Pausini_0001|Thad_Matta_0001,0,-0.019853,-0.007214,-0.015792
Laura_Romero_0001|Paula_Zahn_0002,0,-0.011679,-0.045253,0.001908
Lee_Jun_0001|Ruth_Pearce_0001,0,-0.003419,0.002681,-0.011548
Lee_Jun_0002|Stephen_Friedman_0001,0,0.035381,0.057747,0.042469
Lela_Rochon_0001|Michael_Haneke_0001,0,0.026065,0.038533,0.065746
Lela_Rochon_0001|Yannos_Papantoniou_0001,0,0.031903,0.040671,0.007825
Lesley_Flood_0001|Peter_Goldmark_0001,0,0.007064,0.028652,-0.003201
Li_Changchun_0001|Pieter_Bouw_0001,0,-0.011624,0.018097,0.008568
Lina_Krasnoroutskaya_0001|Troy_Polamalu_0001,0,0.054303,0.070505,0.021082
Linda_Lingle_0001|Victor_Hanescu_0001,0,0.033816,0.032030,0.036714
Lisa_Stone_0001|Rod_Paige_0001,0,-0.053978,-0.032739,-0.052366
Lisa_Stone_0001|Scott_Sullivan_0002,0,0.030917,0.064884,0.031047
Lou_Lang_0001|Nova_Esther_Guthrie_0001,0,-0.130213,-0.086725,-0.125505
Luc_Montagnier_0001|Paul_Krueger_0001,0,0.034170,0.039928,0.031956
Luc_Montagnier_0001|Pedro_Alvarez_0001,0,0.114573,0.095593,0.077852
Luc_Montagnier_0001|Pierre_Pettigrew_0002,0,0.055248,0.091037,0.058830
Luis_Guzman_0001|Patsy_Kensit_0001,0,-0.128354,-0.158840,-0.141328
Marcelo_Ebrard_0002|Mike_Scioscia_0002,0,0.042199,0.080760,0.053807
Marcelo_Rios_0004|Maria_Shriver_0003,0,0.221723,0.174467,0.193210
Marcelo_Rios_0004|Pierre_Pettigrew_0001,0,0.008274,0.032161,0.005235
Marcelo_Rios_0004|Saeed_Mortazavi_0001,0,-0.047906,-0.042085,-0.013328
Margaret_Thatcher_0001|Pedro_Alvarez_0001,0,-0.032953,-0.013827,-0.049446
Margaret_Thatcher_0001|Salman_Rushdie_0002,0,0.039833,0.028079,0.014293
Maria_Simon_0001|Mona_Rishmawi_0001,0,-0.068246,-0.057461,-0.096181
Maria_Simon_0001|Robert_Durst_0001,0,0.011162,0.018103,-0.004686
Marlon_Devonish_0001|Patrick_Clawsen_0001,0,-0.068829,-0.068845,-0.084986
Max_von_Sydow_0001|Zhu_Rongji_0001,0,-0.122850,-0.052904,-0.099219
Mel_Karmazin_0001|Pierre_Pettigrew_0001,0,0.066101,0.046296,0.054039
Melana_Scantlin_0001|William_Ragland_0001,0,-0.014633,0.000896,-0.022472
Michael_Bloomberg_0015|Ozzy_Osbourne_0002,0,0.211758,0.208106,0.198219
Michael_J_Fox_0001|Ricky_Barnes_0001,0,0.085455,0.104783,0.123034
Michael_J_Fox_0001|Thomas_Daily_0001,0,-0.056350,-0.084159,-0.067109
Micky_Ward_0001|Takenori_Kanzaki_0001,0,0.013016,0.046200,0.007421
Mike_Babcock_0001|Tony_Parker_0002,0,0.003365,0.040780,0.023639
Mike_Martz_0005|William_Burns_0001,0,0.159711,0.128246,0.107317
Mira_Sorvino_0001|Simon_Cowell_0002,0,0.005663,0.000368,-0.019688
Mira_Sorvino_0001|Tom_Tunney_0001,0,0.111561,0.092152,0.091137
Miroljub_0002|Theo_Epstein_0001,0,0.017252,0.046725,0.047432
Mitzi_Gaynor_0001|Ruth_Harlow_0001,0,-0.043557,-0.085515,-0.070362
Mohammed_Dahlan_0001|Ronald_White_0001,0,0.044414,0.082930,0.015315
Natanaela_Barnova_0001|Nuon_Chea_0001,0,-0.033440,-0.023137,-0.029792
Noel_Forgeard_0001|Zach_Pillar_0001,0,-0.001320,0.034002,-0.010219
Normand_Legault_0001|Omar_Vizquel_0001,0,-0.062942,-0.048254,-0.064603
Normand_Legault_0001|Rupert_Grint_0003,0,0.004054,0.024523,0.023415
Nova_Esther_Guthrie_0001|Stephen_Joseph_0001,0,0.063442,0.064875,0.039865
Ontario_Lett_0001|Wallace_Capel_0001,0,-0.154061,-0.110645,-0.100175
Orlando_Bloom_0001|Ray_Liotta_0001,0,-0.009184,0.023531,-0.006153
Patrick_Clawsen_0001|Sandra_Banning_0001,0,0.043928,0.032658,0.007404
Paul_Coppin_0002|Rick_Husband_0001,0,-0.006763,0.015993,-0.005998
Paul_Murphy_0001|Qazi_Hussain_Ahmed_0001,0,0.110350,0.110669,0.101007
Paul_Newman_0001|Robert_Blake_0003,0,-0.094243,-0.075672,-0.112560
Paula_Zahn_0001|Tamara_Mowry_0001,0,-0.060003,-0.039508,-0.073828
Peter_Ahearn_0001|Romain_Duris_0001,0,-0.000625,-0.005785,0.008464
Peter_Gabriel_0001|Peter_OToole_0001,0,0.058507,0.066079,0.098955
Peter_Lundgren_0001|William_Rosenberg_0001,0,-0.033833,0.036351,0.009697
Peter_OToole_0001|Qazi_Afzal_0001,0,-0.045259,-0.002666,-0.065025
Qais_al-Kazali_0001|Ringo_Starr_0001,0,0.060597,0.077413,0.068029
Randy_Brown_0001|Val_Ackerman_0001,0,-0.063086,-0.050091,-0.062526
Rani_Mukherjee_0001|Timothy_McVeigh_0001,0,-0.033298,-0.036721,-0.049458
Ringo_Starr_0001|Zach_Pillar_0001,0,0.038751,0.044056,0.050407
Roger_Corbett_0001|Tocker_Pudwill_0001,0,0.060062,0.071645,0.042601
Ruth_Harlow_0001|Virgina_Ruano_Pascal_0001,0,-0.138547,-0.127821,-0.116964
Sandra_Banning_0001|Wolfgang_Schneiderhan_0001,0,-0.057595,-0.029533,-0.042740
Scott_Wolf_0002|Troy_Polamalu_0001,0,0.005190,-0.000210,0.007089
Sergei_Alexandrovitch_Ordzhonikidze_0001|Yolanda_King_0001,0,-0.007258,0.019695,0.005764
Shane_Loux_0001|Val_Ackerman_0001,0,0.015982,0.005507,0.005367
Shawn_Marion_0001|Shirley_Jones_0001,0,0.073460,0.084493,0.058111
Slobodan_Milosevic_0002|Sok_An_0001,0,0.031341,0.101729,0.082560
