dataset,enrolled,probe,attempt,presentation,detail,lighting,sim_fp32,sim_int8pt,sim_int8pc,live_fp32,live_int8pt,live_int8pc
own,p01,p01,genuine,live,,bright,0.855312,0.843578,0.845622,8.006834,9.724717,9.817333
own,p01,p01,genuine,live,,bright,0.810215,0.811442,0.810993,3.613026,5.742214,5.742214
own,p01,p01,genuine,live,,bright,0.748139,0.747915,0.736305,8.320075,10.743497,8.520704
own,p01,p01,genuine,live,,bright,0.680215,0.657515,0.677353,11.447156,11.808584,11.484427
own,p01,p01,genuine,live,,bright,0.708384,0.708276,0.740292,11.179269,11.299194,10.002565
own,p01,p01,genuine,live,,bright,0.686439,0.661896,0.670367,4.380630,4.538201,5.649597
own,p01,p01,genuine,live,,bright,0.645060,0.641488,0.632272,7.810622,8.520704,9.076403
own,p01,p01,genuine,live,,bright,0.764565,0.772322,0.763735,6.145577,6.946226,7.965006
own,p01,p01,genuine,live,,bright,0.839415,0.820712,0.818057,7.133256,8.705936,8.057622
own,p01,p01,genuine,live,,bright,0.831469,0.827609,0.826281,9.608784,7.779773,8.613320
own,p01,p01,genuine,live,,bright,0.869816,0.850036,0.869384,9.408839,10.187799,9.261635
own,p01,p01,genuine,live,,bright,0.775275,0.740474,0.758139,1.778096,4.723434,4.630817
own,p01,p01,genuine,live,,bright,0.758648,0.750868,0.748511,4.288159,8.613320,6.390528
own,p01,p01,genuine,live,,bright,0.843529,0.828615,0.836507,5.118111,9.724717,9.076403
own,p01,p01,genuine,live,,bright,0.875557,0.861774,0.869745,5.829726,7.965006,7.965006
own,p01,p01,genuine,live,,bright,0.895078,0.872588,0.886291,4.007070,7.779773,7.131459
own,p01,p01,genuine,live,,bright,0.880677,0.848946,0.858990,4.446158,7.872390,8.613320
own,p01,p01,genuine,live,,bright,0.880169,0.856482,0.870356,6.419505,8.613320,9.539484
own,p01,p01,genuine,live,,bright,0.719689,0.735763,0.717472,5.310634,8.242855,7.965006
own,p01,p01,genuine,live,,bright,0.883626,0.856135,0.857195,7.383054,9.724717,9.539484
own,p01,p01,genuine,live,,bright,0.873079,0.862868,0.848296,8.566290,11.391811,10.002565
own,p01,p01,genuine,live,,bright,0.116228,0.125585,0.136775,-1.289774,0.092616,1.667094
own,p01,p01,genuine,live,,bright,0.606056,0.593775,0.578741,4.719772,4.538201,6.390528
own,p01,p01,genuine,live,,bright,0.720436,0.701645,0.712331,4.071667,6.483144,7.038843
own,p01,p01,genuine,live,,bright,0.799202,0.753874,0.773943,4.973032,6.575761,6.946226
own,p01,p01,genuine,live,,bright,0.820380,0.798917,0.807723,6.829670,7.687157,8.705936
own,p01,p01,genuine,live,,bright,0.838449,0.813616,0.827250,5.994864,8.150239,8.057622
own,p01,p01,genuine,live,,bright,0.863770,0.833627,0.845813,9.512590,11.530735,11.113962
own,p01,p01,genuine,live,,bright,0.680723,0.654633,0.653538,1.452851,2.130176,2.685874
own,p01,p01,genuine,live,,bright,0.381381,0.368910,0.395950,3.696531,5.834830,4.630817
own,p01,p01,genuine,live,,bright,0.694734,0.688390,0.687456,3.802598,5.093899,5.834830
own,p01,p01,genuine,live,,bright,0.747336,0.750947,0.741443,4.402287,6.483144,6.205296
own,p01,p01,genuine,live,,bright,0.753401,0.733117,0.745339,5.119274,6.297912,8.057622
own,p01,p01,genuine,live,,bright,0.578808,0.587876,0.578608,8.042761,8.150239,8.705936
own,p01,p01,genuine,live,,bright,0.437160,0.407322,0.459153,1.879941,4.630817,2.408025
own,p01,p01,genuine,live,,bright,0.640992,0.633745,0.627255,6.481619,7.038843,6.020063
own,p01,p01,genuine,live,,bright,0.763143,0.744955,0.751859,5.730724,7.965006,6.297912
own,p01,p01,genuine,live,,bright,0.816449,0.778871,0.806912,6.624269,7.965006,8.613320
own,p01,p01,genuine,live,,dim,0.557113,0.538557,0.542940,1.009099,1.481862,2.037560
own,p01,p01,genuine,live,,dim,0.531620,0.501369,0.503529,0.558763,2.130176,1.111396
own,p01,p01,genuine,live,,dim,0.526080,0.514396,0.503029,0.661089,1.018780,1.296629
own,p01,p01,genuine,live,,dim,0.573923,0.557252,0.564425,1.508723,2.778491,3.519421
own,p01,p01,genuine,live,,dim,0.650351,0.645941,0.632775,2.092346,3.704654,3.889887
own,p01,p01,genuine,live,,dim,0.603213,0.623588,0.577093,2.749763,4.352968,4.445585
own,p01,p01,genuine,live,,dim,0.634415,0.604184,0.624927,3.116078,3.056340,3.148956
own,p01,p01,genuine,live,,dim,0.613122,0.613804,0.578433,0.557206,1.944943,2.593258
own,p01,p01,genuine,live,,dim,0.626280,0.603301,0.610134,-0.028191,1.481862,1.667094
own,p01,p01,genuine,live,,dim,0.572138,0.548146,0.584053,3.642647,4.260352,6.112679
own,p01,p01,genuine,live,,dim,0.548323,0.504149,0.535926,1.790101,1.528170,1.667094
own,p01,p01,genuine,live,,dim,0.500618,0.483719,0.497631,0.806121,1.667094,0.463082
own,p01,p01,genuine,live,,dim,0.485651,0.472320,0.462505,2.363841,0.555698,1.111396
own,p01,p01,genuine,live,,dim,0.564954,0.548626,0.557592,1.275115,-0.926163,0.463082
own,p01,p01,genuine,live,,dim,0.627660,0.625152,0.642981,3.655234,3.797270,3.612038
own,p01,p01,genuine,live,,dim,0.653087,0.587007,0.592633,3.807098,5.649597,5.186516
own,p01,p01,genuine,live,,dim,0.648480,0.600600,0.589113,4.910089,6.297912,5.001283
own,p01,p01,genuine,live,,dim,0.639582,0.628146,0.612616,1.528475,3.704654,2.130176
own,p01,p01,genuine,live,,dim,0.660491,0.630589,0.632228,1.385122,2.037560,2.871107
own,p01,p01,genuine,live,,dim,0.609186,0.546042,0.586449,-1.394957,-0.926163,-1.157704
own,p01,p01,genuine,live,,dim,0.571853,0.528113,0.571180,0.298454,1.018780,-0.277849
own,p01,p01,genuine,live,,dim,0.540409,0.486772,0.546050,1.079059,3.612038,2.454333
own,p01,p01,genuine,live,,dim,0.578357,0.529652,0.549627,-0.076654,1.852327,1.759711
own,p01,p01,genuine,live,,dim,0.586859,0.511577,0.533751,-0.172433,1.389245,1.389245
own,p01,p01,genuine,live,,dim,0.590815,0.514955,0.557827,0.801613,3.704654,0.926163
own,p01,p01,genuine,live,,dim,0.565578,0.513938,0.549660,1.653105,3.704654,2.037560
own,p01,p01,genuine,live,,dim,0.520446,0.448080,0.479291,-0.935292,0.370465,0.000000
own,p01,p01,genuine,live,,dim,0.303433,0.211436,0.239727,-0.906536,0.185233,-0.648314
own,p01,p01,genuine,live,,dim,0.484853,0.416913,0.446162,1.438615,1.852327,1.018780
own,p01,p01,genuine,live,,dim,0.497083,0.444598,0.466551,0.890139,2.500641,1.204013
own,p01,p01,genuine,live,,dim,0.541539,0.511653,0.533341,0.786089,2.408025,1.296629
own,p01,p01,genuine,live,,dim,0.612859,0.564994,0.558222,0.590458,2.130176,1.111396
own,p01,p01,spoof,screen,,bright,0.669673,0.666548,0.675459,-5.391599,-4.908667,-4.816050
own,p01,p01,spoof,screen,,bright,0.653376,0.640680,0.642757,-3.641602,-3.612038,-3.056340
own,p01,p01,spoof,screen,,bright,0.649269,0.641935,0.641373,-3.591949,-3.148956,-1.759711
own,p01,p01,spoof,screen,,bright,0.649269,0.608438,0.655610,-6.270881,-5.927446,-5.927446
own,p01,p01,spoof,screen,,bright,0.636823,0.624443,0.621644,-3.036498,-2.871107,-2.408025
own,p01,p01,spoof,screen,,bright,0.682745,0.663070,0.688410,-3.327272,-3.334188,-2.315409
own,p01,p01,spoof,screen,,bright,0.669382,0.666818,0.671188,-7.341403,-8.520704,-7.687157
own,p01,p01,spoof,screen,,bright,0.687887,0.666260,0.679028,-5.008398,-5.464365,-5.834830
own,p01,p01,spoof,screen,,bright,0.711911,0.692261,0.706915,-5.931675,-5.464365,-6.205296
own,p01,p01,spoof,screen,,bright,0.716686,0.686310,0.710410,-7.116475,-7.316691,-7.316691
own,p01,p01,spoof,screen,,bright,0.721973,0.706012,0.702347,-5.078600,-4.260352,-4.816050
own,p01,p01,spoof,screen,,bright,0.684694,0.672787,0.680867,-7.068211,-6.112679,-7.131459
own,p01,p01,spoof,screen,,bright,0.666679,0.699139,0.672654,-7.751044,-7.779773,-8.057622
own,p01,p01,spoof,screen,,bright,0.647510,0.658433,0.663784,-5.962139,-5.464365,-6.112679
own,p01,p01,spoof,screen,,bright,0.688557,0.686391,0.694688,-3.618260,-2.871107,-3.241572
own,p01,p01,spoof,screen,,bright,0.702482,0.688760,0.703057,-5.907078,-5.556981,-4.723434
own,p01,p01,spoof,screen,,bright,0.692894,0.693460,0.692361,-2.200544,-2.315409,-1.574478
own,p01,p01,spoof,screen,,bright,0.658074,0.616091,0.647398,-3.058793,-2.130176,-1.759711
own,p01,p01,spoof,screen,,bright,0.630778,0.634150,0.612164,-2.509899,-2.778491,-2.222792
own,p01,p01,spoof,screen,,bright,0.696760,0.653162,0.685708,0.722927,0.833547,1.018780
own,p01,p01,spoof,screen,,bright,0.706911,0.700816,0.728764,-1.626771,-1.574478,-1.574478
own,p01,p01,spoof,screen,,bright,0.736851,0.719070,0.752466,0.082453,-0.463082,0.648314
own,p01,p01,spoof,screen,,bright,0.687208,0.680345,0.680588,-2.278380,-2.130176,-2.685874
own,p01,p01,spoof,screen,,bright,0.511476,0.535369,0.505361,-3.736650,-4.260352,-5.742214
own,p01,p01,spoof,screen,,bright,0.690072,0.671899,0.660863,-5.068902,-5.186516,-4.908667
own,p01,p01,spoof,screen,,bright,0.741151,0.735457,0.739522,-2.191584,-3.612038,-1.481862
own,p01,p01,spoof,screen,,bright,0.732132,0.692637,0.719477,-3.893012,-3.982503,-2.963723
own,p01,p01,spoof,screen,,bright,0.525458,0.460278,0.526716,-9.404302,-8.891170,-8.520704
own,p01,p01,spoof,screen,,bright,0.756505,0.754098,0.751026,5.633576,5.742214,5.834830
own,p01,p01,spoof,screen,,bright,0.735777,0.734811,0.739405,5.432727,5.464365,4.445585
own,p01,p01,spoof,screen,,bright,0.788673,0.771418,0.787198,4.636128,7.965006,6.668377
own,p01,p01,spoof,screen,,bright,0.786053,0.785322,0.783803,4.952728,6.390528,6.112679
own,p01,p01,spoof,screen,,bright,0.796461,0.775966,0.782024,4.051856,4.167736,5.834830
own,p01,p01,spoof,screen,,bright,0.774680,0.790661,0.770962,7.748817,7.224075,7.640849
own,p01,p01,spoof,screen,,dim,0.649999,0.613777,0.637896,-1.764818,-1.759711,-1.296629
own,p01,p01,spoof,screen,,dim,0.638126,0.663658,0.625611,-6.133474,-4.445585,-5.927446
own,p01,p01,spoof,screen,,dim,0.651215,0.642299,0.646991,-1.424283,-0.185233,-0.740931
own,p01,p01,spoof,screen,,dim,0.686939,0.681801,0.676569,-1.081295,-0.555698,0.648314
own,p01,p01,spoof,screen,,dim,0.692876,0.656888,0.679018,-2.418273,-2.037560,-1.481862
own,p01,p01,spoof,screen,,dim,0.740462,0.707575,0.732551,-1.964831,-0.463082,-1.111396
own,p01,p01,spoof,screen,,dim,0.679821,0.666324,0.678352,-3.633784,-2.778491,-1.481862
own,p01,p01,spoof,screen,,dim,0.659081,0.615490,0.640255,-5.922950,-4.260352,-3.612038
own,p01,p01,spoof,screen,,dim,0.717100,0.658503,0.688800,-1.392154,-0.648314,-0.277849
own,p01,p01,spoof,screen,,dim,0.729949,0.675186,0.692746,-0.844209,0.185233,-1.481862
own,p01,p01,spoof,screen,,dim,0.692146,0.649303,0.667259,0.604243,1.389245,1.204013
own,p01,p01,spoof,screen,,dim,0.742598,0.711681,0.738248,-1.686411,0.185233,-0.648314
own,p01,p01,spoof,screen,,dim,0.754038,0.727462,0.728693,-1.879017,-0.277849,-0.926163
own,p01,p01,spoof,screen,,dim,0.619164,0.584167,0.588417,-8.397350,-7.779773,-7.409308
own,p01,p01,spoof,screen,,dim,0.604068,0.592937,0.579466,-6.507821,-5.279132,-4.538201
own,p01,p01,spoof,screen,,dim,0.703868,0.679508,0.690323,-5.097922,-5.279132,-4.167736
own,p01,p01,spoof,screen,,dim,0.697189,0.669574,0.679917,-3.309612,-2.685874,-2.871107
own,p01,p01,spoof,screen,,dim,0.722896,0.688038,0.709888,-5.954587,-4.723434,-4.538201
own,p01,p01,spoof,screen,,dim,0.731247,0.694800,0.707984,-3.581537,-1.759711,-1.852327
own,p01,p01,spoof,screen,,dim,0.752439,0.710395,0.729746,-2.020245,-1.389245,-1.481862
own,p01,p01,spoof,screen,,dim,0.678047,0.659883,0.678128,-9.183783,-8.520704,-8.242855
own,p01,p01,spoof,screen,,dim,0.705872,0.681670,0.684110,-3.706089,-3.889887,-2.963723
own,p01,p01,spoof,screen,,dim,0.730583,0.693725,0.717750,-3.813586,-3.612038,-3.148956
own,p01,p01,spoof,screen,,dim,0.682270,0.667004,0.694291,-5.410896,-4.538201,-4.075119
own,p01,p01,spoof,screen,,dim,0.716572,0.689194,0.706100,-3.983661,-3.797270,-2.130176
own,p01,p01,spoof,screen,,dim,0.689461,0.665890,0.674427,-4.694365,-4.908667,-3.889887
own,p01,p01,spoof,screen,,dim,0.723069,0.675005,0.717185,0.761422,1.481862,2.685874
own,p01,p01,spoof,screen,,dim,0.703432,0.673974,0.691764,0.103172,0.648314,1.667094
own,p01,p01,spoof,screen,,dim,0.720222,0.703079,0.722960,-3.128321,-1.481862,-2.222792
own,p01,p01,spoof,screen,,dim,0.650344,0.600736,0.645248,4.546596,4.816050,4.352968
own,p01,p01,spoof,screen,,dim,0.697249,0.666260,0.654493,2.843269,2.685874,2.037560
own,p01,p03,impostor,live,,bright,0.048579,0.081306,0.075311,1.717364,6.205296,5.927446
own,p01,p03,impostor,live,,bright,0.060483,0.095357,0.103305,2.012791,6.668377,6.297912
own,p01,p03,impostor,live,,bright,0.065133,0.096408,0.102881,-1.479184,3.889887,3.426805
own,p01,p03,impostor,live,,bright,0.094427,0.115038,0.115271,0.193943,5.371748,4.630817
own,p01,p03,impostor,live,,bright,0.093720,0.116059,0.133891,1.444753,6.205296,4.167736
own,p01,p03,impostor,live,,bright,0.110071,0.142242,0.132405,-2.985671,2.778491,3.334188
own,p01,p03,impostor,live,,bright,0.074260,0.108975,0.097124,3.029631,8.798553,7.965006
own,p01,p03,impostor,live,,bright,0.096958,0.125304,0.095984,1.325386,7.872390,6.760993
own,p01,p03,impostor,live,,bright,0.088253,0.110093,0.107374,0.150372,5.279132,6.575761
own,p01,p03,impostor,live,,bright,0.096689,0.105897,0.099292,3.137476,7.872390,7.270383
own,p01,p03,impostor,live,,bright,0.079725,0.110954,0.095418,6.747310,10.650880,10.095182
own,p01,p03,impostor,live,,bright,0.091452,0.114521,0.091510,5.895594,8.891170,7.687157
own,p01,p03,impostor,live,,bright,0.019469,0.069635,0.054260,7.494550,11.113962,10.465648
own,p01,p03,impostor,live,,bright,0.037063,0.037006,0.049063,6.335730,7.965006,8.613320
own,p01,p03,impostor,live,,bright,0.036714,0.069740,0.056677,7.279799,10.002565,8.705936
own,p01,p03,impostor,live,,bright,0.026633,0.064405,0.027465,6.876523,7.687157,7.316691
own,p01,p03,impostor,live,,bright,0.122126,0.125476,0.130284,4.122457,9.539484,6.760993
own,p01,p03,impostor,live,,bright,0.071058,0.097008,0.103076,2.059027,6.297912,5.649597
own,p01,p03,impostor,live,,bright,0.052524,0.078610,0.070027,1.929098,5.649597,6.112679
own,p01,p03,impostor,live,,bright,0.061775,0.089209,0.081297,1.701869,5.371748,4.352968
own,p01,p03,impostor,live,,bright,0.073887,0.096725,0.104028,1.137384,6.575761,5.556981
own,p01,p03,impostor,live,,bright,0.008053,0.065897,0.058940,-0.213760,5.279132,5.001283
own,p01,p03,impostor,live,,bright,0.046042,0.068849,0.065058,-5.184806,2.593258,1.759711
own,p01,p03,impostor,live,,bright,0.066417,0.060274,0.092544,-0.846239,3.704654,4.167736
own,p01,p03,impostor,live,,bright,0.089341,0.118435,0.111580,-1.681756,0.277849,2.593258
own,p01,p03,impostor,live,,bright,0.122323,0.153131,0.132041,1.473713,2.685874,3.797270
own,p01,p03,impostor,live,,bright,0.164448,0.170216,0.176970,-1.757211,-0.185233,2.871107
own,p01,p03,impostor,live,,bright,0.129890,0.124480,0.141825,-2.038885,0.370465,2.130176
own,p01,p03,impostor,live,,bright,0.131156,0.113885,0.116979,0.154792,2.871107,3.797270
own,p01,p03,impostor,live,,bright,0.139995,0.142999,0.182157,-2.169110,2.778491,3.889887
own,p01,p03,impostor,live,,bright,0.083895,0.102659,0.120289,-4.213462,0.555698,1.111396
own,p01,p03,impostor,live,,bright,0.061561,0.081644,0.097114,-2.649014,5.001283,3.797270
own,p01,p03,impostor,live,,bright,0.092668,0.085386,0.102980,-0.453593,4.630817,4.075119
own,p01,p03,impostor,live,,bright,0.095849,0.114559,0.120827,-0.198652,6.020063,4.075119
own,p01,p03,impostor,live,,bright,0.033836,0.077018,0.078557,-0.472503,6.112679,6.483144
own,p01,p03,impostor,live,,bright,0.012011,0.043828,0.067162,0.625804,8.520704,6.158987
own,p01,p03,impostor,live,,bright,0.079177,0.110391,0.098510,0.718859,5.834830,5.371748
own,p01,p03,impostor,live,,bright,0.087144,0.114472,0.113793,2.364712,7.687157,6.205296
own,p01,p03,impostor,live,,dim,0.017320,0.067997,0.089391,-2.008158,-0.370465,1.018780
own,p01,p03,impostor,live,,dim,-0.060605,-0.006659,0.024486,-2.105421,-0.185233,0.277849
own,p01,p03,impostor,live,,dim,0.062076,0.090812,0.141905,-2.395928,0.185233,0.740931
own,p01,p03,impostor,live,,dim,0.013357,0.043180,0.084157,-5.265639,-2.130176,-1.944943
own,p01,p03,impostor,live,,dim,0.021010,0.042561,0.051520,-4.038913,-1.667094,-1.018780
own,p01,p03,impostor,live,,dim,-0.021113,-0.021312,-0.042861,-3.275358,-1.481862,-1.944943
own,p01,p03,impostor,live,,dim,-0.008433,-0.010861,0.029164,-3.674773,-2.037560,-1.204013
own,p01,p03,impostor,live,,dim,0.026850,0.046886,0.069749,-1.645387,0.926163,1.204013
own,p01,p03,impostor,live,,dim,0.013399,0.008939,0.019566,-2.098196,0.092616,0.277849
own,p01,p03,impostor,live,,dim,0.044366,0.024327,0.012065,-2.700625,-0.740931,-1.204013
own,p01,p03,impostor,live,,dim,0.051097,0.031755,0.064813,-5.097242,-1.296629,-0.185233
own,p01,p03,impostor,live,,dim,0.003044,-0.024861,-0.004544,-4.661693,-3.148956,-1.759711
own,p01,p03,impostor,live,,dim,0.125347,0.132482,0.142148,-4.773860,-0.277849,0.370465
own,p01,p03,impostor,live,,dim,0.035019,0.004168,0.049108,-5.023868,-0.555698,-1.204013
own,p01,p03,impostor,live,,dim,-0.018913,0.025163,0.031550,-5.052333,1.018780,-0.833547
own,p01,p03,impostor,live,,dim,0.017969,0.051471,0.032087,-5.970316,0.138925,-1.204013
own,p01,p03,impostor,live,,dim,0.048093,0.032787,0.052662,-4.160893,0.926163,0.092616
own,p01,p03,impostor,live,,dim,0.011801,0.010782,-0.011349,-5.568393,-2.408025,-0.926163
own,p01,p03,impostor,live,,dim,0.034165,-0.007202,0.030004,-4.539536,-2.408025,-1.759711
own,p01,p03,impostor,live,,dim,0.025287,0.015356,0.049372,-4.709975,-0.370465,0.277849
own,p01,p03,impostor,live,,dim,0.011545,0.011854,-0.020921,-3.153956,0.000000,-0.370465
own,p01,p03,impostor,live,,dim,0.011711,0.020572,0.035803,-4.721904,-2.037560,-1.389245
own,p01,p03,impostor,live,,dim,-0.014103,-0.008676,-0.010454,-3.395208,-1.296629,-2.037560
own,p01,p03,impostor,live,,dim,0.053299,0.074157,0.074939,-5.332085,-0.648314,-1.111396
own,p01,p03,impostor,live,,dim,0.122842,0.065175,0.091789,-2.992849,-0.463082,-2.130176
own,p01,p03,impostor,live,,dim,0.037174,0.030259,0.046456,-2.668650,-0.555698,-1.018780
own,p01,p03,impostor,live,,dim,0.055153,0.053752,0.042478,-2.484222,-0.555698,-1.481862
own,p01,p03,impostor,live,,dim,0.048943,0.039452,0.054814,-3.176260,-0.370465,-0.926163
own,p01,p03,impostor,live,,dim,0.087138,0.040154,0.083322,-3.060285,-0.740931,0.370465
own,p01,p03,impostor,live,,dim,0.051523,0.014792,0.019241,-2.833528,-0.185233,1.111396
own,p01,p03,impostor,live,,dim,0.103390,0.023501,0.078675,-3.907807,-0.740931,0.185233
own,p01,p03,impostor,live,,dim,0.097927,0.023054,0.103039,-3.189542,1.018780,-1.481862
own,p01,p03,impostor,live,,dim,0.033120,0.025526,0.067052,-3.882572,-0.833547,-0.555698
own,p01,p03,impostor,live,,dim,0.025460,0.012320,0.062310,-5.058899,-1.111396,-2.593258
own,p01,p03,impostor,live,,dim,-0.017415,-0.021233,0.069612,-6.092273,-0.648314,-1.759711
own,p01,p02,impostor,live,,bright,0.059772,0.068880,0.054905,3.755604,3.889887,6.575761
own,p01,p02,impostor,live,,bright,0.095503,0.120407,0.109461,4.260632,4.260352,5.927446
own,p01,p02,impostor,live,,bright,0.073324,0.074664,0.065020,2.382358,5.001283,5.371748
own,p01,p02,impostor,live,,bright,0.059223,0.076340,0.044171,1.796386,1.667094,2.593258
own,p01,p02,impostor,live,,bright,0.056193,0.069666,0.054712,2.740025,3.148956,4.445585
own,p01,p02,impostor,live,,bright,0.073547,0.080387,0.066884,0.815785,1.481862,1.667094
own,p01,p02,impostor,live,,bright,0.061052,0.069450,0.055265,1.567172,0.185233,2.685874
own,p01,p02,impostor,live,,bright,0.008575,0.021878,0.018840,2.500371,3.056340,4.445585
own,p01,p02,impostor,live,,bright,0.064126,0.068128,0.055759,3.478359,2.963723,4.352968
own,p01,p02,impostor,live,,bright,0.127107,0.117979,0.115916,11.236039,10.002565,11.577044
own,p01,p02,impostor,live,,bright,0.118474,0.109003,0.101176,12.621320,11.808584,11.808584
own,p01,p02,impostor,live,,bright,0.065893,0.079594,0.046601,8.495095,10.928729,11.808584
own,p01,p02,impostor,live,,bright,0.007616,0.016400,-0.014724,6.815099,7.594541,9.076403
own,p01,p02,impostor,live,,bright,0.080831,0.088938,0.070886,6.713605,7.131459,8.983786
own,p01,p02,impostor,live,,bright,0.062385,0.060069,0.043461,5.135967,6.297912,7.409308
own,p01,p02,impostor,live,,bright,0.074571,0.068788,0.072403,2.829977,3.797270,4.816050
own,p01,p02,impostor,live,,bright,0.069475,0.083554,0.068011,4.950467,4.630817,7.038843
own,p01,p02,impostor,live,,bright,0.088893,0.087379,0.088833,3.800910,3.704654,7.594541
own,p01,p02,impostor,live,,bright,0.038876,0.053534,0.042686,0.763012,1.389245,3.889887
own,p01,p02,impostor,live,,bright,0.043223,0.056680,0.029823,4.234601,3.982503,6.946226
own,p01,p02,impostor,live,,bright,0.039231,0.037937,0.025709,4.489017,5.834830,8.057622
own,p01,p02,impostor,live,,bright,0.031027,0.034252,0.010558,3.591541,2.500641,6.390528
own,p01,p02,impostor,live,,bright,0.031053,0.042861,0.028448,6.315420,6.112679,7.501925
own,p01,p02,impostor,live,,bright,0.044671,0.055143,0.053780,4.551800,4.816050,7.779773
own,p01,p02,impostor,live,,bright,0.012824,0.016555,0.006371,7.870830,8.150239,9.307943
own,p01,p02,impostor,live,,bright,0.009762,0.043311,0.013715,3.015389,3.889887,6.205296
own,p01,p02,impostor,live,,bright,0.046349,0.057555,0.046893,5.652782,5.279132,7.131459
own,p01,p02,impostor,live,,bright,0.039965,0.044499,0.036371,6.300109,6.946226,7.224075
own,p01,p02,impostor,live,,bright,0.026536,0.045679,0.048845,4.616129,5.186516,7.131459
own,p01,p02,impostor,live,,bright,0.034176,0.038373,0.036374,3.766401,3.519421,4.908667
own,p01,p02,impostor,live,,bright,0.045617,0.052893,0.027115,5.975120,4.816050,6.112679
own,p01,p02,impostor,live,,bright,0.039726,0.037965,0.040504,4.232133,6.575761,7.965006
own,p01,p02,impostor,live,,bright,0.030011,0.035443,0.020281,2.299363,2.315409,6.297912
own,p01,p02,impostor,live,,bright,0.034857,0.047142,0.017339,5.503399,6.760993,10.187799
own,p01,p02,impostor,live,,bright,0.048795,0.059813,0.039409,3.472459,7.316691,7.965006
own,p01,p02,impostor,live,,bright,0.021013,0.029410,0.006704,5.111015,6.575761,7.687157
own,p01,p02,impostor,live,,dim,0.087574,0.084467,0.077835,1.614400,1.759711,2.130176
own,p01,p02,impostor,live,,dim,0.045298,0.068492,0.047861,0.140657,1.204013,1.204013
own,p01,p02,impostor,live,,dim,0.047611,0.031297,0.047211,1.087843,2.778491,2.130176
own,p01,p02,impostor,live,,dim,0.068234,0.049458,0.068077,-0.160921,1.296629,1.759711
own,p01,p02,impostor,live,,dim,0.067457,0.078125,0.098296,3.958960,4.352968,4.167736
own,p01,p02,impostor,live,,dim,0.015680,0.023454,0.028434,1.334990,3.056340,3.334188
own,p01,p02,impostor,live,,dim,0.022424,0.033046,0.032092,2.935074,4.260352,4.260352
own,p01,p02,impostor,live,,dim,0.060426,0.056273,0.069557,4.447600,4.260352,4.908667
own,p01,p02,impostor,live,,dim,0.088926,0.100495,0.111328,4.077869,5.742214,3.612038
own,p01,p02,impostor,live,,dim,0.049465,0.057659,0.069814,4.356565,3.889887,3.519421
own,p01,p02,impostor,live,,dim,0.070161,0.072768,0.084583,-0.491157,0.555698,1.204013
own,p01,p02,impostor,live,,dim,0.129928,0.135242,0.165400,1.574260,2.222792,2.500641
own,p01,p02,impostor,live,,dim,0.178807,0.180051,0.192200,0.030661,0.185233,2.222792
own,p01,p02,impostor,live,,dim,0.091082,0.118915,0.111725,-0.259123,-2.130176,1.018780
own,p01,p02,impostor,live,,dim,0.078572,0.105871,0.092475,1.475504,-0.185233,1.574478
own,p01,p02,impostor,live,,dim,0.063611,0.061449,0.066699,2.872842,2.778491,3.612038
own,p01,p02,impostor,live,,dim,0.129601,0.139197,0.129726,6.950501,6.297912,6.575761
own,p01,p02,impostor,live,,dim,0.149149,0.161648,0.176083,4.341983,4.260352,3.056340
own,p01,p02,impostor,live,,dim,0.082634,0.085146,0.087149,4.849400,5.464365,4.352968
own,p01,p02,impostor,live,,dim,0.101772,0.144746,0.135348,4.404273,3.889887,4.908667
own,p01,p02,impostor,live,,dim,0.080055,0.094989,0.086907,5.902541,5.464365,5.186516
own,p01,p02,impostor,live,,dim,0.043148,0.068784,0.053235,5.486970,6.112679,5.371748
own,p01,p02,impostor,live,,dim,0.026932,0.053382,0.022050,5.982813,4.075119,5.927446
own,p01,p02,impostor,live,,dim,0.064911,0.063267,0.074145,7.301259,6.205296,6.483144
own,p01,p02,impostor,live,,dim,0.090264,0.076228,0.102864,6.725647,6.575761,7.131459
own,p01,p02,impostor,live,,dim,0.097591,0.103447,0.107447,5.603920,5.649597,6.390528
own,p01,p02,impostor,live,,dim,0.080266,0.055260,0.081264,5.326342,6.390528,6.205296
own,p01,p02,impostor,live,,dim,0.073782,0.080241,0.083976,4.945825,6.205296,6.483144
own,p01,p02,impostor,live,,dim,0.064216,0.071242,0.051625,5.615490,5.556981,5.834830
own,p01,p02,impostor,live,,dim,0.043377,0.064630,0.045690,5.081802,6.483144,4.908667
own,p01,p02,impostor,live,,dim,0.070196,0.089997,0.065616,5.127796,4.538201,4.538201
own,p01,p02,impostor,live,,dim,0.069892,0.091667,0.081878,3.400517,4.538201,4.075119
own,p01,p02,impostor,live,,dim,0.080951,0.091982,0.083765,5.305588,5.464365,5.093899
own,p01,p02,impostor,live,,dim,0.074991,0.113235,0.090004,6.397864,6.297912,7.872390
own,p01,p02,impostor,live,,dim,0.108549,0.097239,0.092994,5.446049,5.556981,3.889887
own,p03,p01,impostor,live,,bright,0.065634,0.105596,0.105969,8.006834,9.724717,9.817333
own,p03,p01,impostor,live,,bright,0.006856,0.039048,0.017009,3.613026,5.742214,5.742214
own,p03,p01,impostor,live,,bright,0.097514,0.151764,0.144617,8.320075,10.743497,8.520704
own,p03,p01,impostor,live,,bright,0.094790,0.136978,0.088463,11.447156,11.808584,11.484427
own,p03,p01,impostor,live,,bright,0.102388,0.131023,0.130228,11.179269,11.299194,10.002565
own,p03,p01,impostor,live,,bright,0.145105,0.173066,0.166019,4.380630,4.538201,5.649597
own,p03,p01,impostor,live,,bright,0.093994,0.104800,0.110254,7.810622,8.520704,9.076403
own,p03,p01,impostor,live,,bright,0.167408,0.167438,0.182457,6.145577,6.946226,7.965006
own,p03,p01,impostor,live,,bright,0.092692,0.074150,0.114447,7.133256,8.705936,8.057622
own,p03,p01,impostor,live,,bright,0.100483,0.116454,0.128952,9.608784,7.779773,8.613320
own,p03,p01,impostor,live,,bright,0.099101,0.073793,0.115091,9.408839,10.187799,9.261635
own,p03,p01,impostor,live,,bright,0.066640,0.056473,0.071010,1.778096,4.723434,4.630817
own,p03,p01,impostor,live,,bright,0.076124,0.086565,0.100309,4.288159,8.613320,6.390528
own,p03,p01,impostor,live,,bright,0.079545,0.063924,0.102921,5.118111,9.724717,9.076403
own,p03,p01,impostor,live,,bright,0.069380,0.045218,0.102134,5.829726,7.965006,7.965006
own,p03,p01,impostor,live,,bright,0.080645,0.092762,0.110688,4.007070,7.779773,7.131459
own,p03,p01,impostor,live,,bright,0.081758,0.066378,0.096107,4.446158,7.872390,8.613320
own,p03,p01,impostor,live,,bright,0.076964,0.069664,0.099379,6.419505,8.613320,9.539484
own,p03,p01,impostor,live,,bright,0.101906,0.088557,0.104588,5.310634,8.242855,7.965006
own,p03,p01,impostor,live,,bright,0.073793,0.069265,0.077709,7.383054,9.724717,9.539484
own,p03,p01,impostor,live,,bright,0.052290,0.062142,0.072605,8.566290,11.391811,10.002565
own,p03,p01,impostor,live,,bright,0.073800,0.030189,0.077933,-1.289774,0.092616,1.667094
own,p03,p01,impostor,live,,bright,0.162125,0.138094,0.175643,4.719772,4.538201,6.390528
own,p03,p01,impostor,live,,bright,0.149486,0.159447,0.166926,4.071667,6.483144,7.038843
own,p03,p01,impostor,live,,bright,0.156009,0.149890,0.168862,4.973032,6.575761,6.946226
own,p03,p01,impostor,live,,bright,0.151929,0.154526,0.169934,6.829670,7.687157,8.705936
own,p03,p01,impostor,live,,bright,0.153841,0.124835,0.190470,5.994864,8.150239,8.057622
own,p03,p01,impostor,live,,bright,0.149354,0.139605,0.169749,9.512590,11.530735,11.113962
own,p03,p01,impostor,live,,bright,0.111275,0.105997,0.132870,1.452851,2.130176,2.685874
own,p03,p01,impostor,live,,bright,0.098301,0.098559,0.086326,3.696531,5.834830,4.630817
own,p03,p01,impostor,live,,bright,0.089477,0.075480,0.097499,3.802598,5.093899,5.834830
own,p03,p01,impostor,live,,bright,0.051059,0.054030,0.070114,4.402287,6.483144,6.205296
own,p03,p01,impostor,live,,bright,0.049541,0.049721,0.067481,5.119274,6.297912,8.057622
own,p03,p01,impostor,live,,bright,0.035576,-0.002093,0.029310,8.042761,8.150239,8.705936
own,p03,p01,impostor,live,,bright,0.039688,0.023328,0.045961,1.879941,4.630817,2.408025
own,p03,p01,impostor,live,,bright,0.041111,0.039522,0.035420,6.481619,7.038843,6.020063
own,p03,p01,impostor,live,,bright,0.075736,0.071924,0.072583,5.730724,7.965006,6.297912
own,p03,p01,impostor,live,,bright,0.082911,0.071692,0.099562,6.624269,7.965006,8.613320
own,p03,p01,impostor,live,,dim,0.026735,0.070559,0.081895,1.009099,1.481862,2.037560
own,p03,p01,impostor,live,,dim,-0.026049,0.018583,0.042240,0.558763,2.130176,1.111396
own,p03,p01,impostor,live,,dim,0.039118,0.042211,0.114572,0.661089,1.018780,1.296629
own,p03,p01,impostor,live,,dim,-0.015863,0.033551,0.038614,1.508723,2.778491,3.519421
own,p03,p01,impostor,live,,dim,-0.005663,0.056303,0.039940,2.092346,3.704654,3.889887
own,p03,p01,impostor,live,,dim,0.060434,0.089566,0.086288,2.749763,4.352968,4.445585
own,p03,p01,impostor,live,,dim,0.089157,0.111598,0.133239,3.116078,3.056340,3.148956
own,p03,p01,impostor,live,,dim,0.037712,0.068352,0.058753,0.557206,1.944943,2.593258
own,p03,p01,impostor,live,,dim,0.093606,0.118360,0.134159,-0.028191,1.481862,1.667094
own,p03,p01,impostor,live,,dim,0.070783,0.090142,0.126535,3.642647,4.260352,6.112679
own,p03,p01,impostor,live,,dim,0.068337,0.104900,0.116747,1.790101,1.528170,1.667094
own,p03,p01,impostor,live,,dim,0.058679,0.103084,0.079463,0.806121,1.667094,0.463082
own,p03,p01,impostor,live,,dim,0.048106,0.074238,0.074861,2.363841,0.555698,1.111396
own,p03,p01,impostor,live,,dim,0.114695,0.153606,0.159333,1.275115,-0.926163,0.463082
own,p03,p01,impostor,live,,dim,0.099826,0.111804,0.146013,3.655234,3.797270,3.612038
own,p03,p01,impostor,live,,dim,0.084510,0.099071,0.092386,3.807098,5.649597,5.186516
own,p03,p01,impostor,live,,dim,0.112276,0.158447,0.134127,4.910089,6.297912,5.001283
own,p03,p01,impostor,live,,dim,0.110363,0.134204,0.143213,1.528475,3.704654,2.130176
own,p03,p01,impostor,live,,dim,0.127087,0.159965,0.169545,1.385122,2.037560,2.871107
own,p03,p01,impostor,live,,dim,0.121036,0.122853,0.146660,-1.394957,-0.926163,-1.157704
own,p03,p01,impostor,live,,dim,0.149929,0.137636,0.164703,0.298454,1.018780,-0.277849
own,p03,p01,impostor,live,,dim,-0.038484,-0.001268,-0.006840,1.079059,3.612038,2.454333
own,p03,p01,impostor,live,,dim,0.031432,0.040288,0.055765,-0.076654,1.852327,1.759711
own,p03,p01,impostor,live,,dim,0.015460,0.039957,0.047039,-0.172433,1.389245,1.389245
own,p03,p01,impostor,live,,dim,0.044058,0.065616,0.040298,0.801613,3.704654,0.926163
own,p03,p01,impostor,live,,dim,0.085626,0.084482,0.117533,1.653105,3.704654,2.037560
own,p03,p01,impostor,live,,dim,0.044967,0.079079,0.075228,-0.935292,0.370465,0.000000
own,p03,p01,impostor,live,,dim,-0.023398,-0.019413,-0.021333,-0.906536,0.185233,-0.648314
own,p03,p01,impostor,live,,dim,0.018926,0.068951,0.064396,1.438615,1.852327,1.018780
own,p03,p01,impostor,live,,dim,0.063785,0.053861,0.082863,0.890139,2.500641,1.204013
own,p03,p01,impostor,live,,dim,0.080136,0.089627,0.098465,0.786089,2.408025,1.296629
own,p03,p01,impostor,live,,dim,0.047258,0.066434,0.065626,0.590458,2.130176,1.111396
own,p03,p03,genuine,live,,bright,0.945248,0.922636,0.936847,1.717364,6.205296,5.927446
own,p03,p03,genuine,live,,bright,0.945914,0.920309,0.941318,2.012791,6.668377,6.297912
own,p03,p03,genuine,live,,bright,0.906153,0.885253,0.895030,-1.479184,3.889887,3.426805
own,p03,p03,genuine,live,,bright,0.873032,0.844481,0.856086,0.193943,5.371748,4.630817
own,p03,p03,genuine,live,,bright,0.872433,0.840538,0.864334,1.444753,6.205296,4.167736
own,p03,p03,genuine,live,,bright,0.893846,0.875686,0.883002,-2.985671,2.778491,3.334188
own,p03,p03,genuine,live,,bright,0.884166,0.844513,0.873401,3.029631,8.798553,7.965006
own,p03,p03,genuine,live,,bright,0.819773,0.809536,0.810870,1.325386,7.872390,6.760993
own,p03,p03,genuine,live,,bright,0.760332,0.771802,0.784465,0.150372,5.279132,6.575761
own,p03,p03,genuine,live,,bright,0.771109,0.748485,0.758074,3.137476,7.872390,7.270383
own,p03,p03,genuine,live,,bright,0.685434,0.684525,0.666698,6.747310,10.650880,10.095182
own,p03,p03,genuine,live,,bright,0.649291,0.673867,0.630141,5.895594,8.891170,7.687157
own,p03,p03,genuine,live,,bright,0.671336,0.673138,0.641248,7.494550,11.113962,10.465648
own,p03,p03,genuine,live,,bright,0.686316,0.710381,0.660867,6.335730,7.965006,8.613320
own,p03,p03,genuine,live,,bright,0.680960,0.696669,0.643073,7.279799,10.002565,8.705936
own,p03,p03,genuine,live,,bright,0.689406,0.692950,0.638063,6.876523,7.687157,7.316691
own,p03,p03,genuine,live,,bright,0.808790,0.786083,0.790771,4.122457,9.539484,6.760993
own,p03,p03,genuine,live,,bright,0.899484,0.883659,0.897658,2.059027,6.297912,5.649597
own,p03,p03,genuine,live,,bright,0.914685,0.899023,0.911551,1.929098,5.649597,6.112679
own,p03,p03,genuine,live,,bright,0.913421,0.896186,0.895308,1.701869,5.371748,4.352968
own,p03,p03,genuine,live,,bright,0.898489,0.880295,0.888834,1.137384,6.575761,5.556981
own,p03,p03,genuine,live,,bright,0.875924,0.853570,0.869381,-0.213760,5.279132,5.001283
own,p03,p03,genuine,live,,bright,0.864865,0.850757,0.854305,-5.184806,2.593258,1.759711
own,p03,p03,genuine,live,,bright,0.881797,0.865514,0.855304,-0.846239,3.704654,4.167736
own,p03,p03,genuine,live,,bright,0.840249,0.844545,0.832906,-1.681756,0.277849,2.593258
own,p03,p03,genuine,live,,bright,0.746184,0.719079,0.740533,1.473713,2.685874,3.797270
own,p03,p03,genuine,live,,bright,0.764758,0.742626,0.757371,-1.757211,-0.185233,2.871107
own,p03,p03,genuine,live,,bright,0.803935,0.801468,0.796163,-2.038885,0.370465,2.130176
own,p03,p03,genuine,live,,bright,0.827959,0.817837,0.821733,0.154792,2.871107,3.797270
own,p03,p03,genuine,live,,bright,0.871913,0.862943,0.863462,-2.169110,2.778491,3.889887
own,p03,p03,genuine,live,,bright,0.904827,0.879038,0.900402,-4.213462,0.555698,1.111396
own,p03,p03,genuine,live,,bright,0.873339,0.848348,0.853564,-2.649014,5.001283,3.797270
own,p03,p03,genuine,live,,bright,0.853945,0.841372,0.854241,-0.453593,4.630817,4.075119
own,p03,p03,genuine,live,,bright,0.905961,0.878382,0.880556,-0.198652,6.020063,4.075119
own,p03,p03,genuine,live,,bright,0.909014,0.883399,0.888903,-0.472503,6.112679,6.483144
own,p03,p03,genuine,live,,bright,0.923071,0.890105,0.916560,0.625804,8.520704,6.158987
own,p03,p03,genuine,live,,bright,0.861631,0.857329,0.872657,0.718859,5.834830,5.371748
own,p03,p03,genuine,live,,bright,0.813471,0.782776,0.794730,2.364712,7.687157,6.205296
own,p03,p03,genuine,live,,dim,0.422933,0.340760,0.337324,-2.008158,-0.370465,1.018780
own,p03,p03,genuine,live,,dim,0.449888,0.407593,0.393321,-2.105421,-0.185233,0.277849
own,p03,p03,genuine,live,,dim,0.302287,0.298151,0.232193,-2.395928,0.185233,0.740931
own,p03,p03,genuine,live,,dim,0.228815,0.210277,0.183251,-5.265639,-2.130176,-1.944943
own,p03,p03,genuine,live,,dim,0.170753,0.144274,0.139407,-4.038913,-1.667094,-1.018780
own,p03,p03,genuine,live,,dim,0.225344,0.196398,0.206865,-3.275358,-1.481862,-1.944943
own,p03,p03,genuine,live,,dim,0.179863,0.181991,0.167613,-3.674773,-2.037560,-1.204013
own,p03,p03,genuine,live,,dim,0.162553,0.168188,0.163631,-1.645387,0.926163,1.204013
own,p03,p03,genuine,live,,dim,0.399486,0.308878,0.257679,-2.098196,0.092616,0.277849
own,p03,p03,genuine,live,,dim,0.196304,0.184522,0.187820,-2.700625,-0.740931,-1.204013
own,p03,p03,genuine,live,,dim,0.299632,0.228823,0.229392,-5.097242,-1.296629,-0.185233
own,p03,p03,genuine,live,,dim,0.291188,0.230206,0.272857,-4.661693,-3.148956,-1.759711
own,p03,p03,genuine,live,,dim,0.159037,0.180226,0.170974,-4.773860,-0.277849,0.370465
own,p03,p03,genuine,live,,dim,0.357917,0.324824,0.259928,-5.023868,-0.555698,-1.204013
own,p03,p03,genuine,live,,dim,0.363427,0.356242,0.336122,-5.052333,1.018780,-0.833547
own,p03,p03,genuine,live,,dim,0.416492,0.319207,0.385313,-5.970316,0.138925,-1.204013
own,p03,p03,genuine,live,,dim,0.373281,0.347747,0.309501,-4.160893,0.926163,0.092616
own,p03,p03,genuine,live,,dim,0.277406,0.232235,0.227407,-5.568393,-2.408025,-0.926163
own,p03,p03,genuine,live,,dim,0.294797,0.274353,0.217212,-4.539536,-2.408025,-1.759711
own,p03,p03,genuine,live,,dim,0.377573,0.320366,0.304340,-4.709975,-0.370465,0.277849
own,p03,p03,genuine,live,,dim,0.323989,0.258393,0.288510,-3.153956,0.000000,-0.370465
own,p03,p03,genuine,live,,dim,0.294522,0.237725,0.211905,-4.721904,-2.037560,-1.389245
own,p03,p03,genuine,live,,dim,0.421428,0.400445,0.378224,-3.395208,-1.296629,-2.037560
own,p03,p03,genuine,live,,dim,0.198485,0.249139,0.181000,-5.332085,-0.648314,-1.111396
own,p03,p03,genuine,live,,dim,0.194246,0.200852,0.205205,-2.992849,-0.463082,-2.130176
own,p03,p03,genuine,live,,dim,0.214875,0.226860,0.147277,-2.668650,-0.555698,-1.018780
own,p03,p03,genuine,live,,dim,0.332921,0.387305,0.283486,-2.484222,-0.555698,-1.481862
own,p03,p03,genuine,live,,dim,0.321980,0.375188,0.318460,-3.176260,-0.370465,-0.926163
own,p03,p03,genuine,live,,dim,0.316358,0.317283,0.287707,-3.060285,-0.740931,0.370465
own,p03,p03,genuine,live,,dim,0.335819,0.315153,0.288518,-2.833528,-0.185233,1.111396
own,p03,p03,genuine,live,,dim,0.144725,0.138440,0.148317,-3.907807,-0.740931,0.185233
own,p03,p03,genuine,live,,dim,0.169866,0.181783,0.161422,-3.189542,1.018780,-1.481862
own,p03,p03,genuine,live,,dim,0.224713,0.188571,0.207101,-3.882572,-0.833547,-0.555698
own,p03,p03,genuine,live,,dim,0.354819,0.260279,0.301607,-5.058899,-1.111396,-2.593258
own,p03,p03,genuine,live,,dim,0.262616,0.177727,0.212473,-6.092273,-0.648314,-1.759711
own,p03,p03,spoof,screen,,bright,0.769155,0.722913,0.717828,-5.922623,-4.816050,-4.908667
own,p03,p03,spoof,screen,,bright,0.760448,0.710168,0.723225,-6.843366,-6.390528,-5.371748
own,p03,p03,spoof,screen,,bright,0.759728,0.724295,0.723283,-9.091401,-8.520704,-7.965006
own,p03,p03,spoof,screen,,bright,0.768454,0.700432,0.730570,-10.528744,-10.650880,-9.354251
own,p03,p03,spoof,screen,,bright,0.796019,0.767111,0.763348,-12.917812,-11.808584,-9.539484
own,p03,p03,spoof,screen,,bright,0.754080,0.726291,0.748123,-9.900845,-8.891170,-7.316691
own,p03,p03,spoof,screen,,bright,0.780735,0.745327,0.752556,-5.953516,-6.112679,-4.075119
own,p03,p03,spoof,screen,,bright,0.797090,0.750346,0.771629,-7.132448,-6.483144,-4.723434
own,p03,p03,spoof,screen,,bright,0.775914,0.732234,0.749493,-8.494948,-7.872390,-7.316691
own,p03,p03,spoof,screen,,bright,0.761549,0.700665,0.734273,-6.000498,-4.260352,-4.352968
own,p03,p03,spoof,screen,,bright,0.785291,0.728774,0.747695,-7.726522,-7.779773,-7.131459
own,p03,p03,spoof,screen,,bright,0.765802,0.747705,0.745237,-6.545715,-7.594541,-5.464365
own,p03,p03,spoof,screen,,bright,0.793653,0.726063,0.764972,-10.125619,-8.798553,-8.057622
own,p03,p03,spoof,screen,,bright,0.783133,0.741888,0.757351,-7.803786,-6.020063,-3.889887
own,p03,p03,spoof,screen,,bright,0.760930,0.723455,0.737406,-7.011169,-7.501925,-5.834830
own,p03,p03,spoof,screen,,bright,0.779778,0.724621,0.729046,-9.181970,-7.687157,-6.020063
own,p03,p03,spoof,screen,,bright,0.779783,0.740896,0.760817,-7.729180,-5.927446,-5.464365
own,p03,p03,spoof,screen,,bright,0.782211,0.729881,0.749134,-6.962660,-7.131459,-6.020063
own,p03,p03,spoof,screen,,bright,0.745391,0.709192,0.719548,-4.726628,-3.334188,-4.630817
own,p03,p03,spoof,screen,,bright,0.789105,0.769578,0.779244,-6.279578,-6.390528,-4.260352
own,p03,p03,spoof,screen,,bright,0.756475,0.735573,0.729808,-8.068363,-7.501925,-6.390528
own,p03,p03,spoof,screen,,bright,0.772509,0.752951,0.758882,-8.684473,-8.705936,-5.649597
own,p03,p03,spoof,screen,,bright,0.788985,0.737428,0.752386,-9.285179,-8.705936,-6.297912
own,p03,p03,spoof,screen,,bright,0.773263,0.740799,0.748593,-6.573731,-3.334188,-3.797270
own,p03,p03,spoof,screen,,bright,0.797022,0.756205,0.787572,-8.934521,-7.779773,-6.575761
own,p03,p03,spoof,screen,,bright,0.760849,0.718479,0.731145,-5.019904,-5.464365,-5.464365
own,p03,p03,spoof,screen,,bright,0.775533,0.745090,0.748558,-1.986022,-1.018780,0.185233
own,p03,p03,spoof,screen,,bright,0.799974,0.747975,0.783131,-7.172870,-3.797270,-4.075119
own,p03,p03,spoof,screen,,bright,0.777414,0.743910,0.758608,-6.153943,-4.260352,-4.445585
own,p03,p03,spoof,screen,,bright,0.786558,0.748040,0.762510,-7.048709,-5.649597,-5.186516
own,p03,p03,spoof,screen,,bright,0.773677,0.751972,0.751882,-3.213881,-0.648314,-1.111396
own,p03,p03,spoof,screen,,bright,0.780916,0.752148,0.756609,-4.968532,-3.982503,-1.944943
own,p03,p03,spoof,screen,,bright,0.779589,0.712258,0.745509,-9.005404,-6.390528,-5.093899
own,p03,p03,spoof,screen,,bright,0.793618,0.766371,0.763698,-5.332191,-3.334188,-1.111396
own,p03,p03,spoof,screen,,bright,0.788741,0.735092,0.768960,-7.764601,-4.723434,-4.723434
own,p03,p03,spoof,screen,,bright,0.790842,0.725915,0.764843,-3.594766,-2.963723,-0.277849
own,p03,p03,spoof,screen,,bright,0.762475,0.736046,0.721746,-5.269450,-4.167736,-2.130176
own,p03,p03,spoof,screen,,bright,0.794166,0.741079,0.757125,-6.693859,-5.927446,-3.982503
own,p03,p03,spoof,screen,,dim,0.612194,0.609994,0.571355,-11.080660,-10.187799,-10.465648
own,p03,p03,spoof,screen,,dim,0.601056,0.640266,0.592662,-7.706521,-7.038843,-7.872390
own,p03,p03,spoof,screen,,dim,0.496215,0.516505,0.490894,-10.097551,-9.724717,-9.539484
own,p03,p03,spoof,screen,,dim,0.504832,0.549618,0.534040,-6.340685,-5.649597,-6.020063
own,p03,p03,spoof,screen,,dim,0.519480,0.563731,0.524878,-5.104281,-4.445585,-4.816050
own,p03,p03,spoof,screen,,dim,0.607633,0.672795,0.623130,-7.338801,-5.927446,-5.186516
own,p03,p03,spoof,screen,,dim,0.346869,0.387242,0.370768,-8.363774,-5.834830,-6.112679
own,p03,p03,spoof,screen,,dim,0.545608,0.584531,0.547953,-7.397890,-6.390528,-6.297912
own,p03,p03,spoof,screen,,dim,0.667952,0.676953,0.658961,-5.134628,-2.037560,-2.871107
own,p03,p03,spoof,screen,,dim,0.414686,0.438074,0.415613,-5.979850,-3.982503,-5.001283
own,p03,p03,spoof,screen,,dim,0.518652,0.563463,0.527901,-4.760829,-4.538201,-3.241572
own,p03,p03,spoof,screen,,dim,0.511499,0.530002,0.524035,-5.963686,-6.112679,-5.742214
own,p03,p03,spoof,screen,,dim,0.587899,0.626724,0.610356,-4.946039,-3.612038,-4.075119
own,p03,p03,spoof,screen,,dim,0.505989,0.574341,0.549878,-7.823503,-6.946226,-7.501925
own,p03,p03,spoof,screen,,dim,0.549235,0.607453,0.552314,-6.033753,-5.001283,-4.816050
own,p03,p03,spoof,screen,,dim,0.665748,0.672638,0.675781,-5.170867,-4.723434,-2.871107
own,p03,p03,spoof,screen,,dim,0.518721,0.547688,0.541555,-5.625259,-5.371748,-4.075119
own,p03,p03,spoof,screen,,dim,0.337366,0.413760,0.358587,-5.957518,-5.186516,-5.093899
own,p03,p03,spoof,screen,,dim,0.592451,0.612554,0.580083,-8.026698,-4.630817,-6.020063
own,p03,p03,spoof,screen,,dim,0.410868,0.426464,0.432830,-6.827364,-6.020063,-5.279132
own,p03,p03,spoof,screen,,dim,0.418993,0.430368,0.407466,-6.727046,-6.853610,-6.575761
own,p03,p03,spoof,screen,,dim,0.610768,0.657267,0.611819,-8.709356,-7.594541,-8.335471
own,p03,p03,spoof,screen,,dim,0.679944,0.694257,0.655931,-4.933668,-2.315409,-2.500641
own,p03,p03,spoof,screen,,dim,0.454562,0.455991,0.471736,-4.036878,-3.704654,-2.315409
own,p03,p03,spoof,screen,,dim,0.637419,0.642900,0.621104,-6.533256,-3.889887,-4.538201
own,p03,p03,spoof,screen,,dim,0.651850,0.650902,0.636634,-5.406854,-2.593258,-2.778491
own,p03,p03,spoof,screen,,dim,0.690881,0.696495,0.702216,-5.451036,-4.075119,-4.630817
own,p03,p03,spoof,screen,,dim,0.435365,0.477311,0.447292,-5.715026,-4.167736,-3.797270
own,p03,p03,spoof,screen,,dim,0.597248,0.639485,0.602694,-3.216531,-2.963723,-3.334188
own,p03,p03,spoof,screen,,dim,0.652452,0.657169,0.656863,-6.075130,-4.075119,-4.445585
own,p03,p03,spoof,screen,,dim,0.564376,0.592474,0.553305,-5.035730,-3.519421,-2.685874
own,p03,p03,spoof,screen,,dim,0.521369,0.559587,0.522711,-7.160931,-7.316691,-5.834830
own,p03,p03,spoof,screen,,dim,0.524222,0.552454,0.535491,-6.983200,-7.316691,-5.279132
own,p03,p03,spoof,screen,,dim,0.549636,0.576927,0.522213,-5.235091,-4.630817,-4.816050
own,p03,p03,spoof,screen,,dim,0.667385,0.648891,0.640314,-5.663776,-2.500641,-3.519421
own,p03,p03,spoof,screen,,dim,0.583086,0.591977,0.592353,-5.836117,-5.279132,-4.445585
own,p03,p02,impostor,live,,bright,0.098679,0.102094,0.093407,3.755604,3.889887,6.575761
own,p03,p02,impostor,live,,bright,0.112499,0.127601,0.127803,4.260632,4.260352,5.927446
own,p03,p02,impostor,live,,bright,0.083504,0.112802,0.085366,2.382358,5.001283,5.371748
own,p03,p02,impostor,live,,bright,0.083867,0.094038,0.065727,1.796386,1.667094,2.593258
own,p03,p02,impostor,live,,bright,0.092099,0.108170,0.101554,2.740025,3.148956,4.445585
own,p03,p02,impostor,live,,bright,0.076177,0.095657,0.075036,0.815785,1.481862,1.667094
own,p03,p02,impostor,live,,bright,0.081280,0.099045,0.094794,1.567172,0.185233,2.685874
own,p03,p02,impostor,live,,bright,0.073723,0.077742,0.078047,2.500371,3.056340,4.445585
own,p03,p02,impostor,live,,bright,0.057083,0.094432,0.054535,3.478359,2.963723,4.352968
own,p03,p02,impostor,live,,bright,0.091228,0.129364,0.107659,11.236039,10.002565,11.577044
own,p03,p02,impostor,live,,bright,0.079183,0.106557,0.078611,12.621320,11.808584,11.808584
own,p03,p02,impostor,live,,bright,0.053183,0.061245,0.040547,8.495095,10.928729,11.808584
own,p03,p02,impostor,live,,bright,0.111836,0.141747,0.106385,6.815099,7.594541,9.076403
own,p03,p02,impostor,live,,bright,0.077256,0.082889,0.077879,6.713605,7.131459,8.983786
own,p03,p02,impostor,live,,bright,0.089642,0.082544,0.072009,5.135967,6.297912,7.409308
own,p03,p02,impostor,live,,bright,0.087872,0.083024,0.073397,2.829977,3.797270,4.816050
own,p03,p02,impostor,live,,bright,0.093229,0.100864,0.100170,4.950467,4.630817,7.038843
own,p03,p02,impostor,live,,bright,0.062067,0.082468,0.065475,3.800910,3.704654,7.594541
own,p03,p02,impostor,live,,bright,0.075992,0.085121,0.079409,0.763012,1.389245,3.889887
own,p03,p02,impostor,live,,bright,0.069672,0.081259,0.074106,4.234601,3.982503,6.946226
own,p03,p02,impostor,live,,bright,0.077089,0.063669,0.052894,4.489017,5.834830,8.057622
own,p03,p02,impostor,live,,bright,0.074064,0.109559,0.075813,3.591541,2.500641,6.390528
own,p03,p02,impostor,live,,bright,0.071241,0.099384,0.071918,6.315420,6.112679,7.501925
own,p03,p02,impostor,live,,bright,0.097908,0.104588,0.097903,4.551800,4.816050,7.779773
own,p03,p02,impostor,live,,bright,0.083893,0.097901,0.065296,7.870830,8.150239,9.307943
own,p03,p02,impostor,live,,bright,0.087316,0.106230,0.072375,3.015389,3.889887,6.205296
own,p03,p02,impostor,live,,bright,0.052372,0.080110,0.026363,5.652782,5.279132,7.131459
own,p03,p02,impostor,live,,bright,0.075416,0.091427,0.049145,6.300109,6.946226,7.224075
own,p03,p02,impostor,live,,bright,0.068972,0.091098,0.070447,4.616129,5.186516,7.131459
own,p03,p02,impostor,live,,bright,0.119535,0.120700,0.102588,3.766401,3.519421,4.908667
own,p03,p02,impostor,live,,bright,0.067281,0.100485,0.051431,5.975120,4.816050,6.112679
own,p03,p02,impostor,live,,bright,0.105763,0.125803,0.108687,4.232133,6.575761,7.965006
own,p03,p02,impostor,live,,bright,0.099725,0.112985,0.077405,2.299363,2.315409,6.297912
own,p03,p02,impostor,live,,bright,0.105200,0.111988,0.094697,5.503399,6.760993,10.187799
own,p03,p02,impostor,live,,bright,0.103380,0.113739,0.096817,3.472459,7.316691,7.965006
own,p03,p02,impostor,live,,bright,0.102986,0.105979,0.076473,5.111015,6.575761,7.687157
own,p03,p02,impostor,live,,dim,0.089257,0.138182,0.126344,1.614400,1.759711,2.130176
own,p03,p02,impostor,live,,dim,0.063174,0.093022,0.102180,0.140657,1.204013,1.204013
own,p03,p02,impostor,live,,dim,0.078514,0.122454,0.117914,1.087843,2.778491,2.130176
own,p03,p02,impostor,live,,dim,0.080361,0.103952,0.096964,-0.160921,1.296629,1.759711
own,p03,p02,impostor,live,,dim,0.080889,0.114254,0.129735,3.958960,4.352968,4.167736
own,p03,p02,impostor,live,,dim,0.066757,0.091254,0.103438,1.334990,3.056340,3.334188
own,p03,p02,impostor,live,,dim,0.073567,0.086764,0.092348,2.935074,4.260352,4.260352
own,p03,p02,impostor,live,,dim,0.063170,0.092996,0.105389,4.447600,4.260352,4.908667
own,p03,p02,impostor,live,,dim,0.040169,0.092414,0.065101,4.077869,5.742214,3.612038
own,p03,p02,impostor,live,,dim,0.039802,0.070397,0.040194,4.356565,3.889887,3.519421
own,p03,p02,impostor,live,,dim,0.048129,0.054349,0.060851,-0.491157,0.555698,1.204013
own,p03,p02,impostor,live,,dim,0.047823,0.009577,0.034921,1.574260,2.222792,2.500641
own,p03,p02,impostor,live,,dim,0.081660,0.104860,0.092175,0.030661,0.185233,2.222792
own,p03,p02,impostor,live,,dim,0.060985,0.059266,0.056786,-0.259123,-2.130176,1.018780
own,p03,p02,impostor,live,,dim,0.027536,0.036066,0.039329,1.475504,-0.185233,1.574478
own,p03,p02,impostor,live,,dim,0.041892,0.043346,0.037923,2.872842,2.778491,3.612038
own,p03,p02,impostor,live,,dim,0.088418,0.133432,0.108542,6.950501,6.297912,6.575761
own,p03,p02,impostor,live,,dim,0.100671,0.127124,0.130766,4.341983,4.260352,3.056340
own,p03,p02,impostor,live,,dim,0.018300,0.056624,0.027050,4.849400,5.464365,4.352968
own,p03,p02,impostor,live,,dim,0.080561,0.095102,0.097653,4.404273,3.889887,4.908667
own,p03,p02,impostor,live,,dim,0.112875,0.097274,0.109571,5.902541,5.464365,5.186516
own,p03,p02,impostor,live,,dim,0.052087,0.086905,0.044009,5.486970,6.112679,5.371748
own,p03,p02,impostor,live,,dim,0.042863,0.074131,0.058405,5.982813,4.075119,5.927446
own,p03,p02,impostor,live,,dim,0.072034,0.070299,0.085799,7.301259,6.205296,6.483144
own,p03,p02,impostor,live,,dim,0.109559,0.112884,0.120373,6.725647,6.575761,7.131459
own,p03,p02,impostor,live,,dim,0.080955,0.130230,0.084449,5.603920,5.649597,6.390528
own,p03,p02,impostor,live,,dim,0.049915,0.065177,0.076087,5.326342,6.390528,6.205296
own,p03,p02,impostor,live,,dim,0.092199,0.091202,0.103781,4.945825,6.205296,6.483144
own,p03,p02,impostor,live,,dim,0.078739,0.100724,0.111476,5.615490,5.556981,5.834830
own,p03,p02,impostor,live,,dim,0.070397,0.096598,0.073443,5.081802,6.483144,4.908667
own,p03,p02,impostor,live,,dim,0.068059,0.099404,0.097917,5.127796,4.538201,4.538201
own,p03,p02,impostor,live,,dim,0.062853,0.098986,0.096679,3.400517,4.538201,4.075119
own,p03,p02,impostor,live,,dim,0.069990,0.094127,0.090038,5.305588,5.464365,5.093899
own,p03,p02,impostor,live,,dim,0.065447,0.093815,0.088016,6.397864,6.297912,7.872390
own,p03,p02,impostor,live,,dim,0.066410,0.078892,0.081305,5.446049,5.556981,3.889887
own,p02,p01,impostor,live,,bright,0.001077,0.021620,0.001421,8.006834,9.724717,9.817333
own,p02,p01,impostor,live,,bright,0.039740,0.054174,0.010955,3.613026,5.742214,5.742214
own,p02,p01,impostor,live,,bright,0.054214,0.085544,0.058074,8.320075,10.743497,8.520704
own,p02,p01,impostor,live,,bright,0.016087,0.052905,0.007079,11.447156,11.808584,11.484427
own,p02,p01,impostor,live,,bright,0.060987,0.082384,0.053226,11.179269,11.299194,10.002565
own,p02,p01,impostor,live,,bright,0.063716,0.071994,0.046006,4.380630,4.538201,5.649597
own,p02,p01,impostor,live,,bright,0.108031,0.092786,0.097367,7.810622,8.520704,9.076403
own,p02,p01,impostor,live,,bright,0.076222,0.096248,0.072791,6.145577,6.946226,7.965006
own,p02,p01,impostor,live,,bright,0.094718,0.068818,0.081563,7.133256,8.705936,8.057622
own,p02,p01,impostor,live,,bright,0.070404,0.055356,0.070018,9.608784,7.779773,8.613320
own,p02,p01,impostor,live,,bright,0.057887,0.056511,0.075229,9.408839,10.187799,9.261635
own,p02,p01,impostor,live,,bright,0.016557,0.024805,0.008325,1.778096,4.723434,4.630817
own,p02,p01,impostor,live,,bright,0.021873,0.063210,0.017695,4.288159,8.613320,6.390528
own,p02,p01,impostor,live,,bright,0.025942,0.033740,0.021805,5.118111,9.724717,9.076403
own,p02,p01,impostor,live,,bright,0.035671,0.054390,0.043073,5.829726,7.965006,7.965006
own,p02,p01,impostor,live,,bright,0.029840,0.039076,0.024667,4.007070,7.779773,7.131459
own,p02,p01,impostor,live,,bright,0.032691,0.047298,0.031752,4.446158,7.872390,8.613320
own,p02,p01,impostor,live,,bright,0.028008,0.058457,0.011543,6.419505,8.613320,9.539484
own,p02,p01,impostor,live,,bright,0.037409,0.056697,0.025924,5.310634,8.242855,7.965006
own,p02,p01,impostor,live,,bright,0.036466,0.068369,0.038563,7.383054,9.724717,9.539484
own,p02,p01,impostor,live,,bright,0.043510,0.077482,0.026940,8.566290,11.391811,10.002565
own,p02,p01,impostor,live,,bright,-0.007914,-0.018519,-0.005972,-1.289774,0.092616,1.667094
own,p02,p01,impostor,live,,bright,0.052626,0.062843,0.084773,4.719772,4.538201,6.390528
own,p02,p01,impostor,live,,bright,0.075949,0.087885,0.072625,4.071667,6.483144,7.038843
own,p02,p01,impostor,live,,bright,0.028687,0.048561,0.030001,4.973032,6.575761,6.946226
own,p02,p01,impostor,live,,bright,0.037780,0.052711,0.047534,6.829670,7.687157,8.705936
own,p02,p01,impostor,live,,bright,0.060708,0.072297,0.058741,5.994864,8.150239,8.057622
own,p02,p01,impostor,live,,bright,0.060513,0.075125,0.046953,9.512590,11.530735,11.113962
own,p02,p01,impostor,live,,bright,-0.010265,0.016388,-0.015211,1.452851,2.130176,2.685874
own,p02,p01,impostor,live,,bright,-0.073345,-0.014670,-0.054178,3.696531,5.834830,4.630817
own,p02,p01,impostor,live,,bright,-0.017295,-0.001550,-0.007264,3.802598,5.093899,5.834830
own,p02,p01,impostor,live,,bright,-0.003097,0.033122,-0.000350,4.402287,6.483144,6.205296
own,p02,p01,impostor,live,,bright,0.008956,0.014496,0.005550,5.119274,6.297912,8.057622
own,p02,p01,impostor,live,,bright,0.083536,0.091397,0.078688,8.042761,8.150239,8.705936
own,p02,p01,impostor,live,,bright,-0.008744,-0.028523,-0.017018,1.879941,4.630817,2.408025
own,p02,p01,impostor,live,,bright,0.030946,0.043869,0.031519,6.481619,7.038843,6.020063
own,p02,p01,impostor,live,,bright,0.021113,0.034808,0.015439,5.730724,7.965006,6.297912
own,p02,p01,impostor,live,,bright,0.019230,0.063036,0.013007,6.624269,7.965006,8.613320
own,p02,p01,impostor,live,,dim,0.058974,0.067861,0.073197,1.009099,1.481862,2.037560
own,p02,p01,impostor,live,,dim,0.040718,0.057545,0.042348,0.558763,2.130176,1.111396
own,p02,p01,impostor,live,,dim,0.025766,0.059908,0.055353,0.661089,1.018780,1.296629
own,p02,p01,impostor,live,,dim,0.080103,0.071858,0.072343,1.508723,2.778491,3.519421
own,p02,p01,impostor,live,,dim,0.022924,0.049644,0.039842,2.092346,3.704654,3.889887
own,p02,p01,impostor,live,,dim,0.064387,0.068012,0.082256,2.749763,4.352968,4.445585
own,p02,p01,impostor,live,,dim,0.070489,0.090162,0.107688,3.116078,3.056340,3.148956
own,p02,p01,impostor,live,,dim,0.021521,0.035927,0.048662,0.557206,1.944943,2.593258
own,p02,p01,impostor,live,,dim,0.023897,0.037040,0.043453,-0.028191,1.481862,1.667094
own,p02,p01,impostor,live,,dim,0.094458,0.081906,0.086194,3.642647,4.260352,6.112679
own,p02,p01,impostor,live,,dim,-0.058553,-0.024233,-0.011324,1.790101,1.528170,1.667094
own,p02,p01,impostor,live,,dim,-0.039458,-0.011899,-0.035105,0.806121,1.667094,0.463082
own,p02,p01,impostor,live,,dim,0.006122,0.053985,0.015792,2.363841,0.555698,1.111396
own,p02,p01,impostor,live,,dim,0.075137,0.106784,0.098817,1.275115,-0.926163,0.463082
own,p02,p01,impostor,live,,dim,0.078163,0.079767,0.078702,3.655234,3.797270,3.612038
own,p02,p01,impostor,live,,dim,0.083212,0.074922,0.062230,3.807098,5.649597,5.186516
own,p02,p01,impostor,live,,dim,0.051147,0.050873,0.072319,4.910089,6.297912,5.001283
own,p02,p01,impostor,live,,dim,0.032424,0.036365,0.036232,1.528475,3.704654,2.130176
own,p02,p01,impostor,live,,dim,0.002779,0.003785,-0.017593,1.385122,2.037560,2.871107
own,p02,p01,impostor,live,,dim,-0.033226,-0.012985,-0.035747,-1.394957,-0.926163,-1.157704
own,p02,p01,impostor,live,,dim,0.056250,0.078882,0.050538,0.298454,1.018780,-0.277849
own,p02,p01,impostor,live,,dim,-0.004949,0.009344,0.002015,1.079059,3.612038,2.454333
own,p02,p01,impostor,live,,dim,-0.052709,-0.021698,-0.049495,-0.076654,1.852327,1.759711
own,p02,p01,impostor,live,,dim,0.020081,0.030043,-0.001691,-0.172433,1.389245,1.389245
own,p02,p01,impostor,live,,dim,-0.011662,0.002143,-0.022131,0.801613,3.704654,0.926163
own,p02,p01,impostor,live,,dim,-0.018677,0.001118,0.002929,1.653105,3.704654,2.037560
own,p02,p01,impostor,live,,dim,0.078133,0.109789,0.091227,-0.935292,0.370465,0.000000
own,p02,p01,impostor,live,,dim,0.002810,-0.005452,-0.004285,-0.906536,0.185233,-0.648314
own,p02,p01,impostor,live,,dim,0.039833,0.102681,0.022544,1.438615,1.852327,1.018780
own,p02,p01,impostor,live,,dim,0.034305,0.048175,0.011050,0.890139,2.500641,1.204013
own,p02,p01,impostor,live,,dim,0.016761,0.036669,0.015241,0.786089,2.408025,1.296629
own,p02,p01,impostor,live,,dim,0.022515,0.075595,0.024536,0.590458,2.130176,1.111396
own,p02,p03,impostor,live,,bright,0.103016,0.112262,0.103522,1.717364,6.205296,5.927446
own,p02,p03,impostor,live,,bright,0.096080,0.099332,0.086252,2.012791,6.668377,6.297912
own,p02,p03,impostor,live,,bright,0.085999,0.111938,0.090641,-1.479184,3.889887,3.426805
own,p02,p03,impostor,live,,bright,0.060458,0.033376,0.022166,0.193943,5.371748,4.630817
own,p02,p03,impostor,live,,bright,0.022648,0.011573,-0.007713,1.444753,6.205296,4.167736
own,p02,p03,impostor,live,,bright,0.017480,0.031335,0.010992,-2.985671,2.778491,3.334188
own,p02,p03,impostor,live,,bright,0.060837,0.053525,0.060303,3.029631,8.798553,7.965006
own,p02,p03,impostor,live,,bright,0.071459,0.076387,0.072122,1.325386,7.872390,6.760993
own,p02,p03,impostor,live,,bright,0.062182,0.048345,0.051507,0.150372,5.279132,6.575761
own,p02,p03,impostor,live,,bright,0.064965,0.027453,0.046887,3.137476,7.872390,7.270383
own,p02,p03,impostor,live,,bright,0.147306,0.118147,0.107763,6.747310,10.650880,10.095182
own,p02,p03,impostor,live,,bright,0.080474,0.130399,0.096640,5.895594,8.891170,7.687157
own,p02,p03,impostor,live,,bright,0.104240,0.086926,0.100932,7.494550,11.113962,10.465648
own,p02,p03,impostor,live,,bright,0.102060,0.124038,0.104239,6.335730,7.965006,8.613320
own,p02,p03,impostor,live,,bright,0.090506,0.103183,0.095859,7.279799,10.002565,8.705936
own,p02,p03,impostor,live,,bright,0.093837,0.110278,0.096175,6.876523,7.687157,7.316691
own,p02,p03,impostor,live,,bright,0.108176,0.115790,0.098234,4.122457,9.539484,6.760993
own,p02,p03,impostor,live,,bright,0.091348,0.091291,0.085761,2.059027,6.297912,5.649597
own,p02,p03,impostor,live,,bright,0.081395,0.109398,0.099026,1.929098,5.649597,6.112679
own,p02,p03,impostor,live,,bright,0.071897,0.088860,0.080881,1.701869,5.371748,4.352968
own,p02,p03,impostor,live,,bright,0.080631,0.087743,0.094000,1.137384,6.575761,5.556981
own,p02,p03,impostor,live,,bright,0.127293,0.111579,0.130656,-0.213760,5.279132,5.001283
own,p02,p03,impostor,live,,bright,0.126137,0.127713,0.124931,-5.184806,2.593258,1.759711
own,p02,p03,impostor,live,,bright,0.083929,0.066956,0.086155,-0.846239,3.704654,4.167736
own,p02,p03,impostor,live,,bright,0.103830,0.085431,0.087868,-1.681756,0.277849,2.593258
own,p02,p03,impostor,live,,bright,0.007255,-0.021336,-0.013959,1.473713,2.685874,3.797270
own,p02,p03,impostor,live,,bright,-0.009806,0.008639,-0.026351,-1.757211,-0.185233,2.871107
own,p02,p03,impostor,live,,bright,0.069587,0.041140,0.063684,-2.038885,0.370465,2.130176
own,p02,p03,impostor,live,,bright,0.050871,0.004361,0.034981,0.154792,2.871107,3.797270
own,p02,p03,impostor,live,,bright,0.085307,0.084338,0.045823,-2.169110,2.778491,3.889887
own,p02,p03,impostor,live,,bright,0.088482,0.069083,0.069359,-4.213462,0.555698,1.111396
own,p02,p03,impostor,live,,bright,0.090452,0.135842,0.131528,-2.649014,5.001283,3.797270
own,p02,p03,impostor,live,,bright,0.017521,0.006772,0.013843,-0.453593,4.630817,4.075119
own,p02,p03,impostor,live,,bright,0.029496,0.052994,0.026052,-0.198652,6.020063,4.075119
own,p02,p03,impostor,live,,bright,0.133372,0.141900,0.141136,-0.472503,6.112679,6.483144
own,p02,p03,impostor,live,,bright,0.096356,0.103927,0.105496,0.625804,8.520704,6.158987
own,p02,p03,impostor,live,,bright,0.107355,0.114393,0.084961,0.718859,5.834830,5.371748
own,p02,p03,impostor,live,,bright,0.085467,0.131195,0.113310,2.364712,7.687157,6.205296
own,p02,p03,impostor,live,,dim,0.113918,0.144323,0.113237,-2.008158,-0.370465,1.018780
own,p02,p03,impostor,live,,dim,0.112031,0.152451,0.129199,-2.105421,-0.185233,0.277849
own,p02,p03,impostor,live,,dim,-0.009149,0.053646,0.057474,-2.395928,0.185233,0.740931
own,p02,p03,impostor,live,,dim,0.044016,0.057580,0.053459,-5.265639,-2.130176,-1.944943
own,p02,p03,impostor,live,,dim,-0.017342,0.024897,0.016237,-4.038913,-1.667094,-1.018780
own,p02,p03,impostor,live,,dim,0.002223,0.046852,0.015604,-3.275358,-1.481862,-1.944943
own,p02,p03,impostor,live,,dim,0.015579,0.048711,0.019751,-3.674773,-2.037560,-1.204013
own,p02,p03,impostor,live,,dim,0.021635,0.071506,0.055963,-1.645387,0.926163,1.204013
own,p02,p03,impostor,live,,dim,0.039139,0.040842,0.048511,-2.098196,0.092616,0.277849
own,p02,p03,impostor,live,,dim,0.075598,0.008105,0.016506,-2.700625,-0.740931,-1.204013
own,p02,p03,impostor,live,,dim,0.044932,0.007732,0.018401,-5.097242,-1.296629,-0.185233
own,p02,p03,impostor,live,,dim,0.011915,-0.000037,0.021851,-4.661693,-3.148956,-1.759711
own,p02,p03,impostor,live,,dim,0.027767,0.050006,0.057398,-4.773860,-0.277849,0.370465
own,p02,p03,impostor,live,,dim,0.044493,0.022418,0.013168,-5.023868,-0.555698,-1.204013
own,p02,p03,impostor,live,,dim,0.139738,0.106384,0.145995,-5.052333,1.018780,-0.833547
own,p02,p03,impostor,live,,dim,0.105337,0.106652,0.147560,-5.970316,0.138925,-1.204013
own,p02,p03,impostor,live,,dim,0.110822,0.081713,0.119390,-4.160893,0.926163,0.092616
own,p02,p03,impostor,live,,dim,0.103806,0.059617,0.060600,-5.568393,-2.408025,-0.926163
own,p02,p03,impostor,live,,dim,0.080079,0.068998,0.089676,-4.539536,-2.408025,-1.759711
own,p02,p03,impostor,live,,dim,0.093847,0.071762,0.049743,-4.709975,-0.370465,0.277849
own,p02,p03,impostor,live,,dim,0.044988,0.064427,0.095218,-3.153956,0.000000,-0.370465
own,p02,p03,impostor,live,,dim,0.085755,0.082408,0.119116,-4.721904,-2.037560,-1.389245
own,p02,p03,impostor,live,,dim,0.054048,0.067811,0.050479,-3.395208,-1.296629,-2.037560
own,p02,p03,impostor,live,,dim,0.028792,0.055268,0.046507,-5.332085,-0.648314,-1.111396
own,p02,p03,impostor,live,,dim,0.088208,0.088769,0.106765,-2.992849,-0.463082,-2.130176
own,p02,p03,impostor,live,,dim,0.044787,0.073321,0.047858,-2.668650,-0.555698,-1.018780
own,p02,p03,impostor,live,,dim,0.047023,0.039621,0.060087,-2.484222,-0.555698,-1.481862
own,p02,p03,impostor,live,,dim,0.067711,0.037282,0.042349,-3.176260,-0.370465,-0.926163
own,p02,p03,impostor,live,,dim,0.009173,0.070827,0.003347,-3.060285,-0.740931,0.370465
own,p02,p03,impostor,live,,dim,-0.023528,-0.025744,-0.032157,-2.833528,-0.185233,1.111396
own,p02,p03,impostor,live,,dim,-0.033911,-0.023968,-0.031472,-3.907807,-0.740931,0.185233
own,p02,p03,impostor,live,,dim,0.002831,0.008178,-0.030686,-3.189542,1.018780,-1.481862
own,p02,p03,impostor,live,,dim,0.016552,0.055747,0.030937,-3.882572,-0.833547,-0.555698
own,p02,p03,impostor,live,,dim,0.048020,0.058225,0.047532,-5.058899,-1.111396,-2.593258
own,p02,p03,impostor,live,,dim,0.034127,0.076435,0.003363,-6.092273,-0.648314,-1.759711
own,p02,p02,genuine,live,,bright,0.904225,0.906782,0.910929,3.755604,3.889887,6.575761
own,p02,p02,genuine,live,,bright,0.889317,0.893149,0.888275,4.260632,4.260352,5.927446
own,p02,p02,genuine,live,,bright,0.850825,0.853399,0.848870,2.382358,5.001283,5.371748
own,p02,p02,genuine,live,,bright,0.862758,0.861954,0.859106,1.796386,1.667094,2.593258
own,p02,p02,genuine,live,,bright,0.824967,0.824343,0.839570,2.740025,3.148956,4.445585
own,p02,p02,genuine,live,,bright,0.859039,0.858538,0.849742,0.815785,1.481862,1.667094
own,p02,p02,genuine,live,,bright,0.891947,0.887798,0.888118,1.567172,0.185233,2.685874
own,p02,p02,genuine,live,,bright,0.914560,0.895134,0.907613,2.500371,3.056340,4.445585
own,p02,p02,genuine,live,,bright,0.886813,0.877012,0.877930,3.478359,2.963723,4.352968
own,p02,p02,genuine,live,,bright,0.750247,0.747820,0.726937,11.236039,10.002565,11.577044
own,p02,p02,genuine,live,,bright,0.763823,0.760454,0.756965,12.621320,11.808584,11.808584
own,p02,p02,genuine,live,,bright,0.791240,0.764733,0.775228,8.495095,10.928729,11.808584
own,p02,p02,genuine,live,,bright,0.902206,0.884005,0.889883,6.815099,7.594541,9.076403
own,p02,p02,genuine,live,,bright,0.828391,0.825878,0.821362,6.713605,7.131459,8.983786
own,p02,p02,genuine,live,,bright,0.853828,0.834845,0.844849,5.135967,6.297912,7.409308
own,p02,p02,genuine,live,,bright,0.852838,0.852785,0.835079,2.829977,3.797270,4.816050
own,p02,p02,genuine,live,,bright,0.812853,0.812796,0.815803,4.950467,4.630817,7.038843
own,p02,p02,genuine,live,,bright,0.867332,0.880807,0.852919,3.800910,3.704654,7.594541
own,p02,p02,genuine,live,,bright,0.887736,0.883033,0.880757,0.763012,1.389245,3.889887
own,p02,p02,genuine,live,,bright,0.834999,0.828846,0.840057,4.234601,3.982503,6.946226
own,p02,p02,genuine,live,,bright,0.792530,0.769740,0.781399,4.489017,5.834830,8.057622
own,p02,p02,genuine,live,,bright,0.868195,0.866541,0.858770,3.591541,2.500641,6.390528
own,p02,p02,genuine,live,,bright,0.859307,0.860224,0.853354,6.315420,6.112679,7.501925
own,p02,p02,genuine,live,,bright,0.899874,0.896267,0.879273,4.551800,4.816050,7.779773
own,p02,p02,genuine,live,,bright,0.929008,0.925879,0.925098,7.870830,8.150239,9.307943
own,p02,p02,genuine,live,,bright,0.953993,0.955170,0.949172,3.015389,3.889887,6.205296
own,p02,p02,genuine,live,,bright,0.917821,0.919059,0.899917,5.652782,5.279132,7.131459
own,p02,p02,genuine,live,,bright,0.947058,0.942005,0.930765,6.300109,6.946226,7.224075
own,p02,p02,genuine,live,,bright,0.948775,0.934567,0.931776,4.616129,5.186516,7.131459
own,p02,p02,genuine,live,,bright,0.918709,0.906657,0.905594,3.766401,3.519421,4.908667
own,p02,p02,genuine,live,,bright,0.888288,0.884114,0.854670,5.975120,4.816050,6.112679
own,p02,p02,genuine,live,,bright,0.881961,0.864129,0.855284,4.232133,6.575761,7.965006
own,p02,p02,genuine,live,,bright,0.900377,0.891696,0.888766,2.299363,2.315409,6.297912
own,p02,p02,genuine,live,,bright,0.897179,0.903198,0.880403,5.503399,6.760993,10.187799
own,p02,p02,genuine,live,,bright,0.899332,0.887993,0.887879,3.472459,7.316691,7.965006
own,p02,p02,genuine,live,,bright,0.915182,0.910106,0.905024,5.111015,6.575761,7.687157
own,p02,p02,genuine,live,,dim,0.665494,0.623717,0.655773,1.614400,1.759711,2.130176
own,p02,p02,genuine,live,,dim,0.624128,0.592640,0.635167,0.140657,1.204013,1.204013
own,p02,p02,genuine,live,,dim,0.659170,0.614343,0.660320,1.087843,2.778491,2.130176
own,p02,p02,genuine,live,,dim,0.657578,0.593743,0.631409,-0.160921,1.296629,1.759711
own,p02,p02,genuine,live,,dim,0.650102,0.610720,0.633637,3.958960,4.352968,4.167736
own,p02,p02,genuine,live,,dim,0.710718,0.657010,0.692607,1.334990,3.056340,3.334188
own,p02,p02,genuine,live,,dim,0.751321,0.730704,0.748056,2.935074,4.260352,4.260352
own,p02,p02,genuine,live,,dim,0.751158,0.700772,0.734370,4.447600,4.260352,4.908667
own,p02,p02,genuine,live,,dim,0.762400,0.722658,0.751323,4.077869,5.742214,3.612038
own,p02,p02,genuine,live,,dim,0.744070,0.692111,0.710791,4.356565,3.889887,3.519421
own,p02,p02,genuine,live,,dim,0.603275,0.563361,0.582725,-0.491157,0.555698,1.204013
own,p02,p02,genuine,live,,dim,0.615721,0.576586,0.620179,1.574260,2.222792,2.500641
own,p02,p02,genuine,live,,dim,0.554820,0.511951,0.541198,0.030661,0.185233,2.222792
own,p02,p02,genuine,live,,dim,0.629960,0.625482,0.647720,-0.259123,-2.130176,1.018780
own,p02,p02,genuine,live,,dim,0.678735,0.628402,0.671294,1.475504,-0.185233,1.574478
own,p02,p02,genuine,live,,dim,0.762543,0.730875,0.743757,2.872842,2.778491,3.612038
own,p02,p02,genuine,live,,dim,0.705025,0.710399,0.725857,6.950501,6.297912,6.575761
own,p02,p02,genuine,live,,dim,0.659680,0.623756,0.656491,4.341983,4.260352,3.056340
own,p02,p02,genuine,live,,dim,0.667296,0.675471,0.659755,4.849400,5.464365,4.352968
own,p02,p02,genuine,live,,dim,0.643572,0.607837,0.636924,4.404273,3.889887,4.908667
own,p02,p02,genuine,live,,dim,0.683896,0.662678,0.686885,5.902541,5.464365,5.186516
own,p02,p02,genuine,live,,dim,0.700842,0.694592,0.701949,5.486970,6.112679,5.371748
own,p02,p02,genuine,live,,dim,0.731077,0.679356,0.733269,5.982813,4.075119,5.927446
own,p02,p02,genuine,live,,dim,0.757263,0.718230,0.761481,7.301259,6.205296,6.483144
own,p02,p02,genuine,live,,dim,0.715396,0.688773,0.722046,6.725647,6.575761,7.131459
own,p02,p02,genuine,live,,dim,0.683236,0.646314,0.664227,5.603920,5.649597,6.390528
own,p02,p02,genuine,live,,dim,0.704842,0.644309,0.697466,5.326342,6.390528,6.205296
own,p02,p02,genuine,live,,dim,0.711745,0.691290,0.725102,4.945825,6.205296,6.483144
own,p02,p02,genuine,live,,dim,0.738644,0.724747,0.726261,5.615490,5.556981,5.834830
own,p02,p02,genuine,live,,dim,0.735116,0.701952,0.750566,5.081802,6.483144,4.908667
own,p02,p02,genuine,live,,dim,0.727447,0.722663,0.725887,5.127796,4.538201,4.538201
own,p02,p02,genuine,live,,dim,0.745921,0.747957,0.732132,3.400517,4.538201,4.075119
own,p02,p02,genuine,live,,dim,0.790238,0.770925,0.781351,5.305588,5.464365,5.093899
own,p02,p02,genuine,live,,dim,0.760889,0.749821,0.763275,6.397864,6.297912,7.872390
own,p02,p02,genuine,live,,dim,0.772511,0.732370,0.771580,5.446049,5.556981,3.889887
own,p02,p02,spoof,screen,,bright,0.606191,0.575532,0.603832,-8.012049,-6.483144,-6.020063
own,p02,p02,spoof,screen,,bright,0.611762,0.603574,0.608271,-7.890145,-6.020063,-6.668377
own,p02,p02,spoof,screen,,bright,0.616074,0.606316,0.608571,-7.559084,-7.594541,-7.131459
own,p02,p02,spoof,screen,,bright,0.661526,0.643067,0.662815,-7.947176,-7.594541,-7.872390
own,p02,p02,spoof,screen,,bright,0.610176,0.598644,0.614324,-6.093696,-5.371748,-3.982503
own,p02,p02,spoof,screen,,bright,0.612086,0.598667,0.604879,-7.497270,-6.483144,-6.297912
own,p02,p02,spoof,screen,,bright,0.564575,0.551268,0.562325,-5.218844,-4.816050,-4.167736
own,p02,p02,spoof,screen,,bright,0.597448,0.599039,0.586067,-8.259888,-8.335471,-6.297912
own,p02,p02,spoof,screen,,bright,0.602284,0.605600,0.620117,-8.906734,-11.206578,-11.299194
own,p02,p02,spoof,screen,,bright,0.625336,0.628627,0.600818,-10.240372,-9.493176,-9.724717
own,p02,p02,spoof,screen,,bright,0.610132,0.584188,0.591821,-7.355532,-6.760993,-5.371748
own,p02,p02,spoof,screen,,bright,0.591240,0.587303,0.576944,-7.676707,-7.131459,-6.760993
own,p02,p02,spoof,screen,,bright,0.618001,0.602251,0.625539,-5.902094,-3.426805,-2.778491
own,p02,p02,spoof,screen,,bright,0.644517,0.643847,0.625287,-5.285518,-3.704654,-4.538201
own,p02,p02,spoof,screen,,bright,0.641753,0.626670,0.623924,-6.788938,-6.390528,-6.483144
own,p02,p02,spoof,screen,,bright,0.626512,0.597843,0.633830,-7.863732,-7.918698,-6.205296
own,p02,p02,spoof,screen,,bright,0.659217,0.622060,0.643994,-8.643553,-8.428088,-8.242855
own,p02,p02,spoof,screen,,bright,0.632954,0.604582,0.611677,-9.551771,-9.817333,-8.613320
own,p02,p02,spoof,screen,,bright,0.631879,0.616844,0.631443,-7.781821,-6.946226,-8.428088
own,p02,p02,spoof,screen,,bright,0.623914,0.617387,0.615969,-8.282980,-8.891170,-8.242855
own,p02,p02,spoof,screen,,bright,0.620965,0.611783,0.586865,-5.164765,-5.001283,-6.205296
own,p02,p02,spoof,screen,,bright,0.598568,0.577706,0.583131,-7.009428,-7.872390,-7.779773
own,p02,p02,spoof,screen,,bright,0.581581,0.564047,0.569994,-6.055828,-6.853610,-6.760993
own,p02,p02,spoof,screen,,bright,0.600323,0.618401,0.586182,-8.799156,-8.335471,-6.853610
own,p02,p02,spoof,screen,,bright,0.587753,0.569765,0.566785,-7.550553,-9.261635,-7.872390
own,p02,p02,spoof,screen,,bright,0.617280,0.603887,0.606800,-5.506347,-5.742214,-4.723434
own,p02,p02,spoof,screen,,bright,0.631116,0.604138,0.614940,-7.925133,-7.224075,-5.093899
own,p02,p02,spoof,screen,,bright,0.608457,0.593675,0.602617,-7.066953,-6.020063,-6.112679
own,p02,p02,spoof,screen,,bright,0.651906,0.649094,0.649700,-6.906688,-5.649597,-5.834830
own,p02,p02,spoof,screen,,bright,0.585003,0.588176,0.604206,-9.583075,-8.705936,-8.705936
own,p02,p02,spoof,screen,,bright,0.613976,0.590142,0.605037,-6.908490,-6.205296,-5.464365
own,p02,p02,spoof,screen,,bright,0.659625,0.612065,0.656056,-5.588173,-5.649597,-4.630817
own,p02,p02,spoof,screen,,bright,0.569676,0.554652,0.556371,-7.232131,-7.687157,-8.057622
own,p02,p02,spoof,screen,,bright,0.613354,0.621307,0.607471,-8.115525,-8.520704,-8.983786
own,p02,p02,spoof,screen,,bright,0.588759,0.592548,0.586078,-5.827522,-6.483144,-3.889887
own,p02,p02,spoof,screen,,dim,0.586706,0.598933,0.578158,-10.324965,-8.891170,-7.316691
own,p02,p02,spoof,screen,,dim,0.549105,0.545533,0.530657,-10.812391,-9.724717,-9.076403
own,p02,p02,spoof,screen,,dim,0.580765,0.553738,0.577626,-9.190460,-6.853610,-8.242855
own,p02,p02,spoof,screen,,dim,0.583709,0.584905,0.570224,-12.604731,-10.558264,-9.724717
own,p02,p02,spoof,screen,,dim,0.596242,0.598631,0.583700,-11.361255,-8.335471,-8.150239
own,p02,p02,spoof,screen,,dim,0.606583,0.597144,0.591317,-11.959722,-10.558264,-8.520704
own,p02,p02,spoof,screen,,dim,0.540313,0.535204,0.502511,-12.879662,-11.299194,-9.354251
own,p02,p02,spoof,screen,,dim,0.556557,0.545071,0.530044,-8.392788,-5.556981,-4.630817
own,p02,p02,spoof,screen,,dim,0.536796,0.532839,0.511454,-10.111761,-6.483144,-4.723434
own,p02,p02,spoof,screen,,dim,0.597257,0.588337,0.592052,-10.193104,-6.205296,-5.556981
own,p02,p02,spoof,screen,,dim,0.611263,0.622471,0.602521,-9.152420,-7.224075,-7.038843
own,p02,p02,spoof,screen,,dim,0.538065,0.551227,0.531456,-8.933222,-6.483144,-6.575761
own,p02,p02,spoof,screen,,dim,0.618478,0.590926,0.603062,-9.374157,-9.076403,-7.131459
own,p02,p02,spoof,screen,,dim,0.530325,0.500393,0.537644,-12.205338,-11.808584,-9.724717
own,p02,p02,spoof,screen,,dim,0.603950,0.564903,0.552643,-11.288610,-10.650880,-9.817333
own,p02,p02,spoof,screen,,dim,0.616735,0.612305,0.586181,-11.572948,-8.335471,-7.501925
own,p02,p02,spoof,screen,,dim,0.555175,0.523345,0.538287,-12.371530,-9.909949,-9.446868
own,p02,p02,spoof,screen,,dim,0.595343,0.570274,0.564131,-12.695072,-9.539484,-9.632100
own,p02,p02,spoof,screen,,dim,0.599332,0.572525,0.572249,-12.501392,-10.095182,-8.428088
own,p02,p02,spoof,screen,,dim,0.549008,0.522105,0.504394,-12.562672,-10.465648,-10.465648
own,p02,p02,spoof,screen,,dim,0.584125,0.578919,0.572678,-14.176079,-11.299194,-10.187799
own,p02,p02,spoof,screen,,dim,0.584913,0.567823,0.577646,-11.107162,-8.613320,-7.687157
own,p02,p02,spoof,screen,,dim,0.586845,0.578600,0.570504,-10.598858,-10.095182,-6.668377
own,p02,p02,spoof,screen,,dim,0.593166,0.560151,0.568714,-12.178463,-8.705936,-6.946226
own,p02,p02,spoof,screen,,dim,0.614758,0.597586,0.585238,-11.650272,-9.909949,-8.335471
own,p02,p02,spoof,screen,,dim,0.602538,0.568315,0.559064,-10.673341,-10.511955,-6.668377
own,p02,p02,spoof,screen,,dim,0.569271,0.579782,0.567614,-11.085629,-9.909949,-8.891170
own,p02,p02,spoof,screen,,dim,0.574927,0.540092,0.559433,-10.247849,-8.891170,-8.891170
own,p02,p02,spoof,screen,,dim,0.548502,0.577604,0.543176,-11.141233,-7.501925,-5.834830
own,p02,p02,spoof,screen,,dim,0.568257,0.544106,0.539606,-10.780067,-8.705936,-7.224075
own,p02,p02,spoof,screen,,dim,0.581717,0.556664,0.571158,-10.820265,-8.242855,-8.242855
own,p02,p02,spoof,screen,,dim,0.605012,0.583652,0.584701,-12.220532,-10.650880,-8.613320
own,p02,p02,spoof,screen,,dim,0.563188,0.546815,0.546335,-9.139033,-5.556981,-4.908667
own,p02,p02,spoof,screen,,dim,0.575475,0.542155,0.550552,-9.624576,-6.946226,-5.649597
kaggle,kg9f53589e,kg9f53589e,spoof,print,cutout_printout,na,0.721162,0.660961,0.685951,-5.074444,-2.685874,-2.315409
kaggle,kg9f53589e,kg9f53589e,spoof,print,cutout_printout,na,0.727050,0.701835,0.695540,-5.485977,-3.334188,-1.296629
kaggle,kg9f53589e,kg9f53589e,spoof,print,cutout_printout,na,0.734512,0.709510,0.719455,-7.653684,-5.001283,-6.205296
kaggle,kg9f53589e,kg9f53589e,spoof,print,cutout_printout,na,0.745119,0.722898,0.698434,-5.953109,-4.167736,-4.816050
kaggle,kg9f53589e,kg9f53589e,spoof,print,cutout_printout,na,0.775582,0.764923,0.752734,-0.074042,2.593258,2.315409
kaggle,kg9f53589e,kg9f53589e,spoof,print,cutout_printout,na,0.778404,0.755457,0.750830,2.577741,4.816050,3.704654
kaggle,kg9f53589e,kg9f53589e,spoof,print,cutout_printout,na,0.783568,0.757744,0.744967,-4.235497,-2.963723,-3.056340
kaggle,kg9f53589e,kg9f53589e,spoof,print,cutout_printout,na,0.770065,0.739223,0.717194,-2.879976,-1.342937,-2.963723
kaggle,kg9f53589e,kg9f53589e,genuine,live,video,na,0.863824,0.848485,0.855169,-1.301005,-2.222792,-1.574478
kaggle,kg9f53589e,kg9f53589e,genuine,live,video,na,0.659950,0.621150,0.650352,-1.792603,-1.852327,-0.926163
kaggle,kg9f53589e,kg9f53589e,genuine,live,video,na,0.633352,0.615397,0.615816,-2.285546,-0.185233,-2.500641
kaggle,kg9f53589e,kg9f53589e,genuine,live,video,na,0.911253,0.870721,0.857813,0.170933,0.231541,0.092616
kaggle,kg9f53589e,kg9f53589e,genuine,live,video,na,0.687451,0.647543,0.667170,3.122657,2.408025,4.816050
kaggle,kg9f53589e,kg9f53589e,genuine,live,video,na,0.944410,0.910593,0.908008,-1.104956,0.000000,-0.926163
kaggle,kg9f53589e,kg9f53589e,genuine,live,video,na,0.820080,0.792303,0.793929,-0.604424,-0.833547,-1.667094
kaggle,kg9f53589e,kg9f53589e,genuine,live,video,na,0.580599,0.564760,0.567517,-0.116954,0.740931,-0.370465
kaggle,kg9f53589e,kg9f53589e,genuine,live,video,na,0.939585,0.889431,0.878346,1.099818,1.759711,0.277849
kaggle,kg9f53589e,kg9f53589e,genuine,live,video,na,0.766052,0.719806,0.727199,-3.292315,-2.593258,-1.204013
kaggle,kg9f53589e,kg9f53589e,genuine,live,video,na,0.888263,0.863902,0.853087,-0.792595,-0.555698,-1.111396
kaggle,kg9f53589e,kg5bb369f3,impostor,live,video,na,0.011441,0.003057,0.030844,1.318947,0.185233,1.111396
kaggle,kg9f53589e,kg5bb369f3,impostor,live,video,na,0.022096,0.036106,0.043469,1.838693,1.204013,1.574478
kaggle,kg9f53589e,kg5bb369f3,impostor,live,video,na,0.028581,0.012836,0.020559,-0.290793,-0.370465,-1.111396
kaggle,kg9f53589e,kg5bb369f3,impostor,live,video,na,0.076124,0.064812,0.089930,2.597053,0.926163,2.130176
kaggle,kg9f53589e,kg5bb369f3,impostor,live,video,na,0.095222,0.079003,0.097553,2.633537,0.185233,1.944943
kaggle,kg9f53589e,kg5bb369f3,impostor,live,video,na,0.025943,0.006652,0.050208,-0.665989,-0.277849,0.000000
kaggle,kg9f53589e,kg5bb369f3,impostor,live,video,na,0.059643,0.064347,0.085845,-1.060271,-2.685874,-1.759711
kaggle,kg9f53589e,kg5bb369f3,impostor,live,video,na,0.062726,0.047310,0.040115,-4.139737,-4.445585,-3.612038
kaggle,kg9f53589e,kg5bb369f3,impostor,live,video,na,0.155818,0.113082,0.121017,0.003361,0.833547,3.148956
kaggle,kg9f53589e,kg5bb369f3,impostor,live,video,na,0.016318,0.037656,0.046303,2.369602,4.816050,4.908667
kaggle,kg9f53589e,kg5bb369f3,impostor,live,video,na,0.022260,0.043028,0.054533,4.264641,5.834830,5.556981
kaggle,kg9f53589e,kg5569a12b,impostor,live,video,na,0.190387,0.248681,0.209683,-0.683110,-0.463082,-0.926163
kaggle,kg9f53589e,kg5569a12b,impostor,live,video,na,0.147390,0.191234,0.162979,-1.595283,-0.740931,-0.648314
kaggle,kg9f53589e,kg5569a12b,impostor,live,video,na,0.103454,0.144435,0.105339,-2.671414,-2.037560,-2.685874
kaggle,kg9f53589e,kg5569a12b,impostor,live,video,na,0.188977,0.253193,0.229555,-2.102694,-3.612038,-1.667094
kaggle,kg9f53589e,kg5569a12b,impostor,live,video,na,0.188783,0.213418,0.226246,1.349787,1.667094,3.982503
kaggle,kg9f53589e,kg5569a12b,impostor,live,video,na,0.100434,0.136501,0.150412,0.569942,2.778491,0.833547
kaggle,kg9f53589e,kg5569a12b,impostor,live,video,na,0.161538,0.167886,0.199929,1.101155,2.222792,2.130176
kaggle,kg9f53589e,kg5569a12b,impostor,live,video,na,0.175924,0.225111,0.169111,-2.752770,-2.315409,-1.574478
kaggle,kg9f53589e,kg5569a12b,impostor,live,video,na,0.036959,0.072471,0.068072,-3.005921,-1.574478,-0.833547
kaggle,kg9f53589e,kg5569a12b,impostor,live,video,na,0.043404,0.081563,0.084587,-3.325739,-3.982503,-1.296629
kaggle,kg9f53589e,kg5569a12b,impostor,live,video,na,0.141625,0.182496,0.166832,-0.310315,0.926163,0.277849
kaggle,kg9f53589e,kg5569a12b,impostor,live,video,na,0.177560,0.257640,0.177180,2.463571,1.759711,1.759711
kaggle,kg9f53589e,kg5569a12b,impostor,live,video,na,0.140450,0.246009,0.163181,0.598975,0.740931,-0.648314
kaggle,kg9f53589e,kg5569a12b,impostor,live,video,na,0.143992,0.216558,0.170184,-1.863188,-1.667094,-0.833547
kaggle,kg9f53589e,kg6aade0ea,impostor,live,video,na,0.111241,0.135953,0.132745,1.743282,3.426805,6.297912
kaggle,kg9f53589e,kg6aade0ea,impostor,live,video,na,0.112417,0.136735,0.138559,1.104554,4.260352,7.316691
kaggle,kg9f53589e,kg6aade0ea,impostor,live,video,na,0.070632,0.090531,0.084402,-0.225537,1.667094,1.944943
kaggle,kg9f53589e,kg6aade0ea,impostor,live,video,na,0.105764,0.122334,0.129329,3.672187,4.723434,6.575761
kaggle,kg9f53589e,kg6aade0ea,impostor,live,video,na,0.133597,0.163273,0.154434,-1.194926,0.926163,4.167736
kaggle,kg9f53589e,kg6aade0ea,impostor,live,video,na,0.113293,0.169798,0.132107,-0.279476,1.944943,4.167736
kaggle,kg9f53589e,kg6aade0ea,impostor,live,video,na,0.133051,0.183242,0.163392,0.058539,2.222792,2.963723
kaggle,kg9f53589e,kg6aade0ea,impostor,live,video,na,0.106832,0.091317,0.100947,4.594021,5.093899,8.613320
kaggle,kg9f53589e,kg6aade0ea,impostor,live,video,na,0.096241,0.094485,0.102591,6.129418,4.816050,8.150239
kaggle,kg9f53589e,kg6aade0ea,impostor,live,video,na,0.115579,0.152427,0.149594,3.337297,7.224075,8.798553
kaggle,kg9f53589e,kg6aade0ea,impostor,live,video,na,0.098850,0.143932,0.127144,2.645266,5.742214,5.279132
kaggle,kg9f53589e,kg6aade0ea,impostor,live,video,na,0.121567,0.159102,0.155657,2.087784,5.186516,6.020063
kaggle,kg9f53589e,kg6aafbe45,impostor,live,video,na,0.043587,0.044834,0.060987,9.763212,8.242855,8.937477
kaggle,kg9f53589e,kg6aafbe45,impostor,live,video,na,0.027259,0.024486,-0.011865,8.482172,8.150239,8.150239
kaggle,kg9f53589e,kg6aafbe45,impostor,live,video,na,0.067247,0.083894,0.043476,7.194654,5.556981,6.853610
kaggle,kg9f53589e,kg6aafbe45,impostor,live,video,na,0.023717,0.011733,0.011414,9.671059,9.539484,9.076403
kaggle,kg9f53589e,kg6aafbe45,impostor,live,video,na,0.065414,0.033570,0.051693,6.924478,7.270383,7.594541
kaggle,kg9f53589e,kg6aafbe45,impostor,live,video,na,0.040409,0.034573,0.044837,11.227123,11.577044,11.762277
kaggle,kg9f53589e,kg6aafbe45,impostor,live,video,na,0.071905,0.042132,0.057500,7.275872,6.483144,6.575761
kaggle,kg9f53589e,kg6aafbe45,impostor,live,video,na,-0.026740,-0.048812,-0.029689,5.837343,5.371748,6.390528
kaggle,kg9f53589e,kg6aafbe45,impostor,live,video,na,0.060954,0.032118,0.061891,9.554701,8.335471,9.817333
kaggle,kg9f53589e,kg6aafbe45,impostor,live,video,na,0.014228,0.036573,0.052471,8.568602,8.150239,10.280415
kaggle,kg9f53589e,kg6aafbe45,impostor,live,video,na,0.040712,0.015265,0.044162,9.646116,9.169019,9.446868
kaggle,kg9f53589e,kg884d9fd3,impostor,live,video,na,-0.093319,-0.029682,-0.083910,2.190204,4.816050,4.630817
kaggle,kg9f53589e,kg884d9fd3,impostor,live,video,na,-0.034757,0.002518,-0.042245,-2.402517,-0.277849,-0.463082
kaggle,kg9f53589e,kg884d9fd3,impostor,live,video,na,-0.056462,-0.013068,-0.047446,-3.106637,-0.370465,-1.018780
kaggle,kg9f53589e,kg884d9fd3,impostor,live,video,na,0.004400,0.025714,-0.007468,-0.905839,7.131459,3.797270
kaggle,kg9f53589e,kg884d9fd3,impostor,live,video,na,-0.106511,-0.091909,-0.109914,2.825641,7.131459,7.131459
kaggle,kg9f53589e,kg884d9fd3,impostor,live,video,na,-0.016807,-0.021669,-0.003616,0.489732,0.555698,3.148956
kaggle,kg9f53589e,kg884d9fd3,impostor,live,video,na,-0.014596,0.029785,0.020088,1.747877,2.500641,2.685874
kaggle,kg9f53589e,kg884d9fd3,impostor,live,video,na,0.001377,0.007220,0.013242,-0.822287,4.445585,4.260352
kaggle,kg9f53589e,kg4e8af551,impostor,live,video,na,0.049662,0.057749,0.065618,9.207690,7.779773,8.983786
kaggle,kg9f53589e,kg4e8af551,impostor,live,video,na,0.035548,0.047391,0.031397,5.749075,4.538201,5.371748
kaggle,kg9f53589e,kg4e8af551,impostor,live,video,na,0.063194,0.050646,0.081875,8.879217,11.484427,10.465648
kaggle,kg9f53589e,kg4e8af551,impostor,live,video,na,0.018791,0.038225,0.034497,9.462034,9.122711,9.446868
kaggle,kg9f53589e,kg4e8af551,impostor,live,video,na,-0.047200,-0.049004,-0.054468,7.205741,5.279132,7.316691
kaggle,kg9f53589e,kg4e8af551,impostor,live,video,na,-0.017455,-0.031944,-0.033696,6.617940,8.057622,8.983786
kaggle,kg9f53589e,kg4e8af551,impostor,live,video,na,0.044046,0.069675,0.071872,6.432570,7.316691,6.575761
kaggle,kg9f53589e,kg4e8af551,impostor,live,video,na,0.017502,0.000647,-0.000558,9.412885,10.187799,10.928729
kaggle,kg9f53589e,kg4e8af551,impostor,live,video,na,0.036099,0.043148,0.035189,10.323269,9.724717,10.465648
kaggle,kg9f53589e,kg4e8af551,impostor,live,video,na,0.034347,0.037139,0.025402,10.016835,11.299194,11.808584
kaggle,kg9f53589e,kg4e8af551,impostor,live,video,na,0.035061,0.040314,0.029396,9.748549,9.446868,11.808584
kaggle,kg9f53589e,kg58c89e41,impostor,live,video,na,0.049072,0.067110,0.076097,2.200030,1.296629,3.797270
kaggle,kg9f53589e,kg58c89e41,impostor,live,video,na,0.094825,0.103553,0.101016,-4.899954,-3.889887,-4.167736
kaggle,kg9f53589e,kg58c89e41,impostor,live,video,na,0.099897,0.098631,0.102003,2.464984,1.759711,2.871107
kaggle,kg9f53589e,kg58c89e41,impostor,live,video,na,0.114937,0.091491,0.099014,0.564325,0.277849,2.315409
kaggle,kg9f53589e,kg58c89e41,impostor,live,video,na,0.063631,0.041663,0.056889,3.845716,6.020063,6.483144
kaggle,kg9f53589e,kg58c89e41,impostor,live,video,na,0.079932,0.090890,0.083119,3.313477,2.315409,4.538201
kaggle,kg9f53589e,kg58c89e41,impostor,live,video,na,0.095474,0.109756,0.094402,-3.218995,-2.871107,-2.871107
kaggle,kg9f53589e,kg58c89e41,impostor,live,video,na,0.111926,0.122413,0.108584,-0.388910,0.648314,1.759711
kaggle,kg9f53589e,kg58c89e41,impostor,live,video,na,0.108415,0.112455,0.104219,2.151283,2.685874,3.797270
kaggle,kg9f53589e,kg58c89e41,impostor,live,video,na,0.073063,0.094306,0.088788,3.854321,2.685874,3.426805
kaggle,kg9f53589e,kg58c89e41,impostor,live,video,na,0.069175,0.087672,0.088190,3.362516,4.630817,4.445585
kaggle,kg9f53589e,kg58c89e41,impostor,live,video,na,0.077952,0.089245,0.086699,4.684412,4.630817,5.279132
kaggle,kg9f53589e,kg58c89e41,impostor,live,video,na,0.081684,0.098435,0.096706,5.681985,4.908667,8.242855
kaggle,kg9f53589e,kg9973bcb4,impostor,live,video,na,-0.059363,-0.028946,-0.047177,-0.102935,1.944943,3.426805
kaggle,kg9f53589e,kg9973bcb4,impostor,live,video,na,-0.135686,-0.101740,-0.105511,6.218391,7.131459,10.095182
kaggle,kg9f53589e,kg9973bcb4,impostor,live,video,na,0.036580,0.033772,0.035833,5.082590,3.334188,6.853610
kaggle,kg9f53589e,kg9973bcb4,impostor,live,video,na,-0.004527,-0.006270,-0.001629,2.990785,2.037560,5.371748
kaggle,kg9f53589e,kg9973bcb4,impostor,live,video,na,-0.111353,-0.069492,-0.095599,0.868921,4.723434,5.834830
kaggle,kg9f53589e,kg9973bcb4,impostor,live,video,na,-0.086650,-0.082966,-0.071662,-3.276545,-1.018780,-0.277849
kaggle,kg9f53589e,kg9973bcb4,impostor,live,video,na,-0.015774,-0.048515,-0.027459,-3.664316,-1.111396,-3.889887
kaggle,kg9f53589e,kg9973bcb4,impostor,live,video,na,-0.046070,-0.036068,-0.047219,-0.757619,1.296629,1.759711
kaggle,kg9f53589e,kg9973bcb4,impostor,live,video,na,-0.064525,-0.080945,-0.068276,-1.160551,2.408025,3.056340
kaggle,kg9f53589e,kg9973bcb4,impostor,live,video,na,-0.004988,-0.001686,-0.011572,1.007703,7.224075,7.594541
kaggle,kg9f53589e,kg9973bcb4,impostor,live,video,na,-0.072340,-0.068790,-0.052064,0.212600,5.556981,7.131459
kaggle,kg9f53589e,kg9973bcb4,impostor,live,video,na,-0.049298,-0.000051,-0.004221,-1.679043,-0.185233,1.574478
kaggle,kg9f53589e,kg9973bcb4,impostor,live,video,na,0.020294,0.030217,0.030773,-0.910340,0.092616,0.185233
kaggle,kg9f53589e,kg9973bcb4,impostor,live,video,na,-0.094527,-0.045526,-0.070557,-2.253716,0.648314,2.130176
kaggle,kg9f53589e,kg9973bcb4,impostor,live,video,na,-0.087394,-0.056371,-0.068272,-3.776007,-2.500641,-1.389245
kaggle,kg9f53589e,kg9f53589e,spoof,print,a4_printout,na,0.890193,0.825113,0.841649,-9.193369,-9.632100,-9.169019
kaggle,kg9f53589e,kg9f53589e,spoof,print,a4_printout,na,0.865557,0.824321,0.842277,-9.904716,-9.817333,-9.261635
kaggle,kg9f53589e,kg9f53589e,spoof,print,a4_printout,na,0.876323,0.807672,0.841821,-12.506512,-11.808584,-11.808584
kaggle,kg9f53589e,kg9f53589e,spoof,print,a4_printout,na,0.829108,0.812371,0.799671,-11.306248,-9.539484,-10.373032
kaggle,kg9f53589e,kg9f53589e,spoof,print,a4_printout,na,0.820820,0.772137,0.785092,-9.224163,-7.687157,-8.335471
kaggle,kg9f53589e,kg9f53589e,spoof,print,a4_printout,na,0.851457,0.820629,0.833933,-14.927182,-11.808584,-11.808584
kaggle,kg9f53589e,kg9f53589e,spoof,print,a4_printout,na,0.832252,0.793203,0.791741,-10.568480,-7.872390,-8.613320
kaggle,kg9f53589e,kg9f53589e,spoof,print,a4_printout,na,0.804500,0.771361,0.805598,-7.809432,-6.205296,-5.279132
kaggle,kg9f53589e,kg9f53589e,spoof,print,a4_printout,na,0.793881,0.761976,0.791340,-7.086871,-5.371748,-3.334188
kaggle,kg9f53589e,kg9f53589e,spoof,print,a4_printout,na,0.797040,0.778563,0.775470,-8.600191,-5.973755,-6.668377
kaggle,kg5bb369f3,kg5bb369f3,spoof,print,cutout_printout,na,0.873426,0.826980,0.841066,-4.644073,-1.204013,-1.667094
kaggle,kg5bb369f3,kg5bb369f3,spoof,print,cutout_printout,na,0.857825,0.787484,0.808668,-4.076496,-3.797270,-4.445585
kaggle,kg5bb369f3,kg5bb369f3,spoof,print,cutout_printout,na,0.866493,0.813995,0.838898,-4.325600,-2.963723,-3.056340
kaggle,kg5bb369f3,kg5bb369f3,spoof,print,cutout_printout,na,0.870336,0.818680,0.840157,-3.625219,-2.871107,-2.222792
kaggle,kg5bb369f3,kg5bb369f3,spoof,print,cutout_printout,na,0.853049,0.792945,0.826375,-5.135807,-3.426805,-5.001283
kaggle,kg5bb369f3,kg5bb369f3,spoof,print,cutout_printout,na,0.890816,0.829801,0.855624,-3.974813,-3.982503,-4.816050
kaggle,kg5bb369f3,kg5bb369f3,spoof,print,cutout_printout,na,0.842716,0.769085,0.809010,-5.441467,-5.093899,-5.927446
kaggle,kg5bb369f3,kg5bb369f3,spoof,print,cutout_printout,na,0.857865,0.816393,0.824449,-5.688834,-6.297912,-6.390528
kaggle,kg5bb369f3,kg5bb369f3,spoof,print,cutout_printout,na,0.869595,0.814606,0.838280,-7.002635,-6.205296,-6.020063
kaggle,kg5bb369f3,kg9f53589e,impostor,live,video,na,0.076424,0.107843,0.092207,-1.301005,-2.222792,-1.574478
kaggle,kg5bb369f3,kg9f53589e,impostor,live,video,na,0.095720,0.087677,0.095550,-1.792603,-1.852327,-0.926163
kaggle,kg5bb369f3,kg9f53589e,impostor,live,video,na,0.089485,0.049856,0.083493,-2.285546,-0.185233,-2.500641
kaggle,kg5bb369f3,kg9f53589e,impostor,live,video,na,0.096808,0.132571,0.106212,0.170933,0.231541,0.092616
kaggle,kg5bb369f3,kg9f53589e,impostor,live,video,na,0.029102,0.029537,0.021547,3.122657,2.408025,4.816050
kaggle,kg5bb369f3,kg9f53589e,impostor,live,video,na,0.087411,0.128878,0.127012,-1.104956,0.000000,-0.926163
kaggle,kg5bb369f3,kg9f53589e,impostor,live,video,na,0.101171,0.099079,0.083834,-0.604424,-0.833547,-1.667094
kaggle,kg5bb369f3,kg9f53589e,impostor,live,video,na,0.079913,0.086762,0.106582,-0.116954,0.740931,-0.370465
kaggle,kg5bb369f3,kg9f53589e,impostor,live,video,na,0.094148,0.120623,0.084351,1.099818,1.759711,0.277849
kaggle,kg5bb369f3,kg9f53589e,impostor,live,video,na,0.067530,0.125296,0.095800,-3.292315,-2.593258,-1.204013
kaggle,kg5bb369f3,kg9f53589e,impostor,live,video,na,0.025192,0.085535,0.071785,-0.792595,-0.555698,-1.111396
kaggle,kg5bb369f3,kg5bb369f3,genuine,live,video,na,0.761970,0.706135,0.736583,1.318947,0.185233,1.111396
kaggle,kg5bb369f3,kg5bb369f3,genuine,live,video,na,0.782525,0.729075,0.751281,1.838693,1.204013,1.574478
kaggle,kg5bb369f3,kg5bb369f3,genuine,live,video,na,0.669564,0.631173,0.632837,-0.290793,-0.370465,-1.111396
kaggle,kg5bb369f3,kg5bb369f3,genuine,live,video,na,0.771138,0.715224,0.740744,2.597053,0.926163,2.130176
kaggle,kg5bb369f3,kg5bb369f3,genuine,live,video,na,0.780849,0.707812,0.751953,2.633537,0.185233,1.944943
kaggle,kg5bb369f3,kg5bb369f3,genuine,live,video,na,0.715777,0.664444,0.699201,-0.665989,-0.277849,0.000000
kaggle,kg5bb369f3,kg5bb369f3,genuine,live,video,na,0.738703,0.678143,0.725265,-1.060271,-2.685874,-1.759711
kaggle,kg5bb369f3,kg5bb369f3,genuine,live,video,na,0.401361,0.354817,0.380968,-4.139737,-4.445585,-3.612038
kaggle,kg5bb369f3,kg5bb369f3,genuine,live,video,na,0.599730,0.562012,0.574402,0.003361,0.833547,3.148956
kaggle,kg5bb369f3,kg5bb369f3,genuine,live,video,na,0.680722,0.650017,0.642488,2.369602,4.816050,4.908667
kaggle,kg5bb369f3,kg5bb369f3,genuine,live,video,na,0.626577,0.585641,0.622713,4.264641,5.834830,5.556981
kaggle,kg5bb369f3,kg5569a12b,impostor,live,video,na,0.022648,0.024245,0.021769,-0.683110,-0.463082,-0.926163
kaggle,kg5bb369f3,kg5569a12b,impostor,live,video,na,0.011844,0.040498,0.019395,-1.595283,-0.740931,-0.648314
kaggle,kg5bb369f3,kg5569a12b,impostor,live,video,na,-0.000535,0.014448,0.026231,-2.671414,-2.037560,-2.685874
kaggle,kg5bb369f3,kg5569a12b,impostor,live,video,na,0.024869,0.012193,0.042291,-2.102694,-3.612038,-1.667094
kaggle,kg5bb369f3,kg5569a12b,impostor,live,video,na,-0.012428,-0.057558,-0.002268,1.349787,1.667094,3.982503
kaggle,kg5bb369f3,kg5569a12b,impostor,live,video,na,-0.025787,-0.026137,-0.015473,0.569942,2.778491,0.833547
kaggle,kg5bb369f3,kg5569a12b,impostor,live,video,na,-0.011488,-0.043481,0.003541,1.101155,2.222792,2.130176
kaggle,kg5bb369f3,kg5569a12b,impostor,live,video,na,0.011745,0.037944,0.034927,-2.752770,-2.315409,-1.574478
kaggle,kg5bb369f3,kg5569a12b,impostor,live,video,na,0.020033,0.031817,0.037714,-3.005921,-1.574478,-0.833547
kaggle,kg5bb369f3,kg5569a12b,impostor,live,video,na,-0.010948,0.024252,0.019933,-3.325739,-3.982503,-1.296629
kaggle,kg5bb369f3,kg5569a12b,impostor,live,video,na,0.006761,-0.006840,0.046565,-0.310315,0.926163,0.277849
kaggle,kg5bb369f3,kg5569a12b,impostor,live,video,na,-0.019846,-0.017244,-0.014963,2.463571,1.759711,1.759711
kaggle,kg5bb369f3,kg5569a12b,impostor,live,video,na,-0.007593,0.010563,0.026477,0.598975,0.740931,-0.648314
kaggle,kg5bb369f3,kg5569a12b,impostor,live,video,na,-0.000193,-0.000806,0.020363,-1.863188,-1.667094,-0.833547
kaggle,kg5bb369f3,kg6aade0ea,impostor,live,video,na,0.106017,0.113783,0.110560,1.743282,3.426805,6.297912
kaggle,kg5bb369f3,kg6aade0ea,impostor,live,video,na,0.094230,0.105485,0.105916,1.104554,4.260352,7.316691
kaggle,kg5bb369f3,kg6aade0ea,impostor,live,video,na,0.067979,0.075605,0.063877,-0.225537,1.667094,1.944943
kaggle,kg5bb369f3,kg6aade0ea,impostor,live,video,na,0.098246,0.098780,0.103343,3.672187,4.723434,6.575761
kaggle,kg5bb369f3,kg6aade0ea,impostor,live,video,na,0.079187,0.074499,0.105767,-1.194926,0.926163,4.167736
kaggle,kg5bb369f3,kg6aade0ea,impostor,live,video,na,0.074268,0.081018,0.073060,-0.279476,1.944943,4.167736
kaggle,kg5bb369f3,kg6aade0ea,impostor,live,video,na,0.066499,0.077251,0.065749,0.058539,2.222792,2.963723
kaggle,kg5bb369f3,kg6aade0ea,impostor,live,video,na,0.059207,0.069531,0.065943,4.594021,5.093899,8.613320
kaggle,kg5bb369f3,kg6aade0ea,impostor,live,video,na,0.049758,0.042873,0.035392,6.129418,4.816050,8.150239
kaggle,kg5bb369f3,kg6aade0ea,impostor,live,video,na,0.104718,0.108434,0.123683,3.337297,7.224075,8.798553
kaggle,kg5bb369f3,kg6aade0ea,impostor,live,video,na,0.080255,0.085520,0.102596,2.645266,5.742214,5.279132
kaggle,kg5bb369f3,kg6aade0ea,impostor,live,video,na,0.100119,0.112542,0.125071,2.087784,5.186516,6.020063
kaggle,kg5bb369f3,kg6aafbe45,impostor,live,video,na,-0.010867,-0.000327,-0.008634,9.763212,8.242855,8.937477
kaggle,kg5bb369f3,kg6aafbe45,impostor,live,video,na,0.031072,0.057515,0.056360,8.482172,8.150239,8.150239
kaggle,kg5bb369f3,kg6aafbe45,impostor,live,video,na,0.022915,0.044162,0.031750,7.194654,5.556981,6.853610
kaggle,kg5bb369f3,kg6aafbe45,impostor,live,video,na,0.016385,0.012233,0.002555,9.671059,9.539484,9.076403
kaggle,kg5bb369f3,kg6aafbe45,impostor,live,video,na,-0.009296,-0.019043,-0.020265,6.924478,7.270383,7.594541
kaggle,kg5bb369f3,kg6aafbe45,impostor,live,video,na,0.033563,0.037885,0.048355,11.227123,11.577044,11.762277
kaggle,kg5bb369f3,kg6aafbe45,impostor,live,video,na,0.008492,0.026607,0.017462,7.275872,6.483144,6.575761
kaggle,kg5bb369f3,kg6aafbe45,impostor,live,video,na,-0.043647,-0.058749,-0.063058,5.837343,5.371748,6.390528
kaggle,kg5bb369f3,kg6aafbe45,impostor,live,video,na,0.023414,0.023463,0.022627,9.554701,8.335471,9.817333
kaggle,kg5bb369f3,kg6aafbe45,impostor,live,video,na,0.061653,0.045378,0.067819,8.568602,8.150239,10.280415
kaggle,kg5bb369f3,kg6aafbe45,impostor,live,video,na,0.007410,0.009133,0.011539,9.646116,9.169019,9.446868
kaggle,kg5bb369f3,kg884d9fd3,impostor,live,video,na,0.072397,0.091825,0.079885,2.190204,4.816050,4.630817
kaggle,kg5bb369f3,kg884d9fd3,impostor,live,video,na,0.066169,0.061848,0.062660,-2.402517,-0.277849,-0.463082
kaggle,kg5bb369f3,kg884d9fd3,impostor,live,video,na,0.085200,0.056088,0.073013,-3.106637,-0.370465,-1.018780
kaggle,kg5bb369f3,kg884d9fd3,impostor,live,video,na,0.032392,0.047930,0.033836,-0.905839,7.131459,3.797270
kaggle,kg5bb369f3,kg884d9fd3,impostor,live,video,na,0.036586,0.040291,0.014931,2.825641,7.131459,7.131459
kaggle,kg5bb369f3,kg884d9fd3,impostor,live,video,na,-0.029012,0.006736,-0.017870,0.489732,0.555698,3.148956
kaggle,kg5bb369f3,kg884d9fd3,impostor,live,video,na,0.085785,0.083106,0.066519,1.747877,2.500641,2.685874
kaggle,kg5bb369f3,kg884d9fd3,impostor,live,video,na,-0.030366,0.006852,-0.087312,-0.822287,4.445585,4.260352
kaggle,kg5bb369f3,kg4e8af551,impostor,live,video,na,0.192483,0.143023,0.176154,9.207690,7.779773,8.983786
kaggle,kg5bb369f3,kg4e8af551,impostor,live,video,na,0.159472,0.105862,0.122579,5.749075,4.538201,5.371748
kaggle,kg5bb369f3,kg4e8af551,impostor,live,video,na,0.061462,0.020681,0.064434,8.879217,11.484427,10.465648
kaggle,kg5bb369f3,kg4e8af551,impostor,live,video,na,0.167067,0.141527,0.154356,9.462034,9.122711,9.446868
kaggle,kg5bb369f3,kg4e8af551,impostor,live,video,na,0.058885,0.028056,0.062357,7.205741,5.279132,7.316691
kaggle,kg5bb369f3,kg4e8af551,impostor,live,video,na,0.044533,0.032053,0.066500,6.617940,8.057622,8.983786
kaggle,kg5bb369f3,kg4e8af551,impostor,live,video,na,0.178321,0.142079,0.167873,6.432570,7.316691,6.575761
kaggle,kg5bb369f3,kg4e8af551,impostor,live,video,na,0.156171,0.121455,0.157372,9.412885,10.187799,10.928729
kaggle,kg5bb369f3,kg4e8af551,impostor,live,video,na,0.155614,0.122219,0.128513,10.323269,9.724717,10.465648
kaggle,kg5bb369f3,kg4e8af551,impostor,live,video,na,0.211279,0.167057,0.184616,10.016835,11.299194,11.808584
kaggle,kg5bb369f3,kg4e8af551,impostor,live,video,na,0.157216,0.118846,0.153479,9.748549,9.446868,11.808584
kaggle,kg5bb369f3,kg58c89e41,impostor,live,video,na,0.097667,0.088366,0.105271,2.200030,1.296629,3.797270
kaggle,kg5bb369f3,kg58c89e41,impostor,live,video,na,0.154474,0.158987,0.160317,-4.899954,-3.889887,-4.167736
kaggle,kg5bb369f3,kg58c89e41,impostor,live,video,na,0.149449,0.148721,0.150097,2.464984,1.759711,2.871107
kaggle,kg5bb369f3,kg58c89e41,impostor,live,video,na,0.144082,0.120798,0.122707,0.564325,0.277849,2.315409
kaggle,kg5bb369f3,kg58c89e41,impostor,live,video,na,0.151073,0.130044,0.143684,3.845716,6.020063,6.483144
kaggle,kg5bb369f3,kg58c89e41,impostor,live,video,na,0.090886,0.072716,0.095905,3.313477,2.315409,4.538201
kaggle,kg5bb369f3,kg58c89e41,impostor,live,video,na,0.140923,0.155079,0.141269,-3.218995,-2.871107,-2.871107
kaggle,kg5bb369f3,kg58c89e41,impostor,live,video,na,0.149373,0.129886,0.134995,-0.388910,0.648314,1.759711
kaggle,kg5bb369f3,kg58c89e41,impostor,live,video,na,0.146462,0.122862,0.123921,2.151283,2.685874,3.797270
kaggle,kg5bb369f3,kg58c89e41,impostor,live,video,na,0.097757,0.079888,0.096022,3.854321,2.685874,3.426805
kaggle,kg5bb369f3,kg58c89e41,impostor,live,video,na,0.138325,0.125107,0.125079,3.362516,4.630817,4.445585
kaggle,kg5bb369f3,kg58c89e41,impostor,live,video,na,0.117160,0.113799,0.100732,4.684412,4.630817,5.279132
kaggle,kg5bb369f3,kg58c89e41,impostor,live,video,na,0.115702,0.101465,0.112897,5.681985,4.908667,8.242855
kaggle,kg5bb369f3,kg9973bcb4,impostor,live,video,na,0.044833,0.047544,0.058169,-0.102935,1.944943,3.426805
kaggle,kg5bb369f3,kg9973bcb4,impostor,live,video,na,0.014998,0.018683,0.035983,6.218391,7.131459,10.095182
kaggle,kg5bb369f3,kg9973bcb4,impostor,live,video,na,0.071648,0.047101,0.061171,5.082590,3.334188,6.853610
kaggle,kg5bb369f3,kg9973bcb4,impostor,live,video,na,0.056865,0.026253,0.043560,2.990785,2.037560,5.371748
kaggle,kg5bb369f3,kg9973bcb4,impostor,live,video,na,-0.002604,0.018104,0.013548,0.868921,4.723434,5.834830
kaggle,kg5bb369f3,kg9973bcb4,impostor,live,video,na,-0.019623,-0.061721,-0.025744,-3.276545,-1.018780,-0.277849
kaggle,kg5bb369f3,kg9973bcb4,impostor,live,video,na,0.011809,-0.030153,-0.000151,-3.664316,-1.111396,-3.889887
kaggle,kg5bb369f3,kg9973bcb4,impostor,live,video,na,0.025732,0.024431,0.019925,-0.757619,1.296629,1.759711
kaggle,kg5bb369f3,kg9973bcb4,impostor,live,video,na,-0.043778,-0.069093,-0.052493,-1.160551,2.408025,3.056340
kaggle,kg5bb369f3,kg9973bcb4,impostor,live,video,na,-0.055460,-0.065191,-0.031740,1.007703,7.224075,7.594541
kaggle,kg5bb369f3,kg9973bcb4,impostor,live,video,na,-0.011685,-0.058208,-0.011143,0.212600,5.556981,7.131459
kaggle,kg5bb369f3,kg9973bcb4,impostor,live,video,na,-0.006050,0.028581,0.000926,-1.679043,-0.185233,1.574478
kaggle,kg5bb369f3,kg9973bcb4,impostor,live,video,na,-0.147207,-0.113181,-0.141495,-0.910340,0.092616,0.185233
kaggle,kg5bb369f3,kg9973bcb4,impostor,live,video,na,-0.010561,-0.015997,-0.005673,-2.253716,0.648314,2.130176
kaggle,kg5bb369f3,kg9973bcb4,impostor,live,video,na,0.012519,-0.020592,0.018010,-3.776007,-2.500641,-1.389245
kaggle,kg5bb369f3,kg5bb369f3,spoof,print,a4_printout,na,0.611964,0.532064,0.556941,-8.093363,-3.426805,-3.889887
kaggle,kg5bb369f3,kg5bb369f3,spoof,print,a4_printout,na,0.760088,0.681811,0.714389,-10.968491,-10.002565,-9.539484
kaggle,kg5bb369f3,kg5bb369f3,spoof,print,a4_printout,na,0.819622,0.756660,0.787272,-10.998117,-6.575761,-8.335471
kaggle,kg5bb369f3,kg5bb369f3,spoof,print,a4_printout,na,0.835171,0.789460,0.811448,-12.047911,-8.705936,-8.891170
kaggle,kg5bb369f3,kg5bb369f3,spoof,print,a4_printout,na,0.817662,0.762082,0.782426,-11.474707,-9.261635,-10.280415
kaggle,kg5bb369f3,kg5bb369f3,spoof,print,a4_printout,na,0.840464,0.786093,0.809917,-8.600102,-4.816050,-6.112679
kaggle,kg5bb369f3,kg5bb369f3,spoof,print,a4_printout,na,0.822341,0.755351,0.783331,-8.619068,-6.020063,-6.112679
kaggle,kg5569a12b,kg5569a12b,spoof,print,cutout_printout,na,0.708066,0.677065,0.692011,-6.437741,0.833547,-1.667094
kaggle,kg5569a12b,kg5569a12b,spoof,print,cutout_printout,na,0.730329,0.669110,0.694864,-8.242079,-2.130176,-3.612038
kaggle,kg5569a12b,kg5569a12b,spoof,print,cutout_printout,na,0.741531,0.697872,0.717571,-6.458526,-3.704654,-5.001283
kaggle,kg5569a12b,kg5569a12b,spoof,print,cutout_printout,na,0.721755,0.702341,0.728039,-6.505075,-4.816050,-5.927446
kaggle,kg5569a12b,kg5569a12b,spoof,print,cutout_printout,na,0.736376,0.714468,0.728326,-4.843315,-2.130176,-3.519421
kaggle,kg5569a12b,kg5569a12b,spoof,print,cutout_printout,na,0.771325,0.730557,0.728563,-3.564015,-0.555698,-3.148956
kaggle,kg5569a12b,kg5569a12b,spoof,print,cutout_printout,na,0.779709,0.705364,0.745817,-4.409281,-1.759711,-2.685874
kaggle,kg5569a12b,kg5569a12b,spoof,print,cutout_printout,na,0.786650,0.721432,0.769567,-3.892329,-2.130176,-1.759711
kaggle,kg5569a12b,kg5569a12b,spoof,print,cutout_printout,na,0.753094,0.699760,0.728469,-4.205980,-1.296629,-3.148956
kaggle,kg5569a12b,kg5569a12b,spoof,print,cutout_printout,na,0.738825,0.685237,0.736821,-0.597173,0.555698,0.833547
kaggle,kg5569a12b,kg9f53589e,impostor,live,video,na,0.188797,0.216071,0.192039,-1.301005,-2.222792,-1.574478
kaggle,kg5569a12b,kg9f53589e,impostor,live,video,na,0.170370,0.231484,0.190843,-1.792603,-1.852327,-0.926163
kaggle,kg5569a12b,kg9f53589e,impostor,live,video,na,0.134562,0.193783,0.154760,-2.285546,-0.185233,-2.500641
kaggle,kg5569a12b,kg9f53589e,impostor,live,video,na,0.156616,0.198955,0.130153,0.170933,0.231541,0.092616
kaggle,kg5569a12b,kg9f53589e,impostor,live,video,na,0.131537,0.171016,0.130717,3.122657,2.408025,4.816050
kaggle,kg5569a12b,kg9f53589e,impostor,live,video,na,0.156771,0.233910,0.175744,-1.104956,0.000000,-0.926163
kaggle,kg5569a12b,kg9f53589e,impostor,live,video,na,0.142335,0.225480,0.179853,-0.604424,-0.833547,-1.667094
kaggle,kg5569a12b,kg9f53589e,impostor,live,video,na,0.135327,0.201806,0.197670,-0.116954,0.740931,-0.370465
kaggle,kg5569a12b,kg9f53589e,impostor,live,video,na,0.161360,0.242273,0.170685,1.099818,1.759711,0.277849
kaggle,kg5569a12b,kg9f53589e,impostor,live,video,na,0.148546,0.168292,0.151323,-3.292315,-2.593258,-1.204013
kaggle,kg5569a12b,kg9f53589e,impostor,live,video,na,0.199281,0.214481,0.184521,-0.792595,-0.555698,-1.111396
kaggle,kg5569a12b,kg5bb369f3,impostor,live,video,na,0.024488,0.043442,0.033192,1.318947,0.185233,1.111396
kaggle,kg5569a12b,kg5bb369f3,impostor,live,video,na,0.032392,0.054447,0.034661,1.838693,1.204013,1.574478
kaggle,kg5569a12b,kg5bb369f3,impostor,live,video,na,-0.031241,-0.003545,0.000162,-0.290793,-0.370465,-1.111396
kaggle,kg5569a12b,kg5bb369f3,impostor,live,video,na,0.034124,0.064343,0.054330,2.597053,0.926163,2.130176
kaggle,kg5569a12b,kg5bb369f3,impostor,live,video,na,0.032586,0.051268,0.027626,2.633537,0.185233,1.944943
kaggle,kg5569a12b,kg5bb369f3,impostor,live,video,na,0.031202,0.052758,0.034694,-0.665989,-0.277849,0.000000
kaggle,kg5569a12b,kg5bb369f3,impostor,live,video,na,0.023185,0.033504,0.023084,-1.060271,-2.685874,-1.759711
kaggle,kg5569a12b,kg5bb369f3,impostor,live,video,na,0.027569,0.030495,0.039199,-4.139737,-4.445585,-3.612038
kaggle,kg5569a12b,kg5bb369f3,impostor,live,video,na,0.025341,0.021755,0.023738,0.003361,0.833547,3.148956
kaggle,kg5569a12b,kg5bb369f3,impostor,live,video,na,-0.032373,0.014118,-0.022542,2.369602,4.816050,4.908667
kaggle,kg5569a12b,kg5bb369f3,impostor,live,video,na,-0.010011,0.011490,-0.023448,4.264641,5.834830,5.556981
kaggle,kg5569a12b,kg5569a12b,genuine,live,video,na,0.933097,0.909494,0.904375,-0.683110,-0.463082,-0.926163
kaggle,kg5569a12b,kg5569a12b,genuine,live,video,na,0.841038,0.819667,0.801181,-1.595283,-0.740931,-0.648314
kaggle,kg5569a12b,kg5569a12b,genuine,live,video,na,0.667876,0.608998,0.618863,-2.671414,-2.037560,-2.685874
kaggle,kg5569a12b,kg5569a12b,genuine,live,video,na,0.892029,0.877709,0.863038,-2.102694,-3.612038,-1.667094
kaggle,kg5569a12b,kg5569a12b,genuine,live,video,na,0.700885,0.651896,0.664344,1.349787,1.667094,3.982503
kaggle,kg5569a12b,kg5569a12b,genuine,live,video,na,0.537638,0.528386,0.518022,0.569942,2.778491,0.833547
kaggle,kg5569a12b,kg5569a12b,genuine,live,video,na,0.741868,0.697340,0.711521,1.101155,2.222792,2.130176
kaggle,kg5569a12b,kg5569a12b,genuine,live,video,na,0.798768,0.748955,0.787011,-2.752770,-2.315409,-1.574478
kaggle,kg5569a12b,kg5569a12b,genuine,live,video,na,0.386854,0.373018,0.401638,-3.005921,-1.574478,-0.833547
kaggle,kg5569a12b,kg5569a12b,genuine,live,video,na,0.531711,0.492879,0.518759,-3.325739,-3.982503,-1.296629
kaggle,kg5569a12b,kg5569a12b,genuine,live,video,na,0.905967,0.884576,0.880457,-0.310315,0.926163,0.277849
kaggle,kg5569a12b,kg5569a12b,genuine,live,video,na,0.833502,0.799920,0.802442,2.463571,1.759711,1.759711
kaggle,kg5569a12b,kg5569a12b,genuine,live,video,na,0.755074,0.714797,0.708260,0.598975,0.740931,-0.648314
kaggle,kg5569a12b,kg5569a12b,genuine,live,video,na,0.854356,0.813149,0.826125,-1.863188,-1.667094,-0.833547
kaggle,kg5569a12b,kg6aade0ea,impostor,live,video,na,0.148379,0.152224,0.143448,1.743282,3.426805,6.297912
kaggle,kg5569a12b,kg6aade0ea,impostor,live,video,na,0.152661,0.143079,0.150317,1.104554,4.260352,7.316691
kaggle,kg5569a12b,kg6aade0ea,impostor,live,video,na,0.112719,0.126263,0.129086,-0.225537,1.667094,1.944943
kaggle,kg5569a12b,kg6aade0ea,impostor,live,video,na,0.161586,0.156111,0.157446,3.672187,4.723434,6.575761
kaggle,kg5569a12b,kg6aade0ea,impostor,live,video,na,0.137839,0.127983,0.133383,-1.194926,0.926163,4.167736
kaggle,kg5569a12b,kg6aade0ea,impostor,live,video,na,0.171926,0.157728,0.178843,-0.279476,1.944943,4.167736
kaggle,kg5569a12b,kg6aade0ea,impostor,live,video,na,0.160496,0.160568,0.167340,0.058539,2.222792,2.963723
kaggle,kg5569a12b,kg6aade0ea,impostor,live,video,na,0.129512,0.110840,0.138236,4.594021,5.093899,8.613320
kaggle,kg5569a12b,kg6aade0ea,impostor,live,video,na,0.110232,0.099638,0.091908,6.129418,4.816050,8.150239
kaggle,kg5569a12b,kg6aade0ea,impostor,live,video,na,0.166147,0.171787,0.157129,3.337297,7.224075,8.798553
kaggle,kg5569a12b,kg6aade0ea,impostor,live,video,na,0.160786,0.160507,0.141561,2.645266,5.742214,5.279132
kaggle,kg5569a12b,kg6aade0ea,impostor,live,video,na,0.172140,0.159664,0.156638,2.087784,5.186516,6.020063
kaggle,kg5569a12b,kg6aafbe45,impostor,live,video,na,-0.032541,-0.013535,-0.018081,9.763212,8.242855,8.937477
kaggle,kg5569a12b,kg6aafbe45,impostor,live,video,na,-0.026327,-0.010815,-0.047980,8.482172,8.150239,8.150239
kaggle,kg5569a12b,kg6aafbe45,impostor,live,video,na,-0.034724,-0.027422,-0.013520,7.194654,5.556981,6.853610
kaggle,kg5569a12b,kg6aafbe45,impostor,live,video,na,-0.029515,-0.008808,-0.000600,9.671059,9.539484,9.076403
kaggle,kg5569a12b,kg6aafbe45,impostor,live,video,na,-0.040682,0.005086,-0.027230,6.924478,7.270383,7.594541
kaggle,kg5569a12b,kg6aafbe45,impostor,live,video,na,-0.061118,-0.038942,-0.007458,11.227123,11.577044,11.762277
kaggle,kg5569a12b,kg6aafbe45,impostor,live,video,na,-0.030537,-0.010554,-0.023006,7.275872,6.483144,6.575761
kaggle,kg5569a12b,kg6aafbe45,impostor,live,video,na,0.010302,0.003327,0.049850,5.837343,5.371748,6.390528
kaggle,kg5569a12b,kg6aafbe45,impostor,live,video,na,-0.003530,0.005506,-0.026872,9.554701,8.335471,9.817333
kaggle,kg5569a12b,kg6aafbe45,impostor,live,video,na,-0.014959,0.010697,0.041045,8.568602,8.150239,10.280415
kaggle,kg5569a12b,kg6aafbe45,impostor,live,video,na,-0.014047,-0.002442,-0.017798,9.646116,9.169019,9.446868
kaggle,kg5569a12b,kg884d9fd3,impostor,live,video,na,0.127255,0.142518,0.165212,2.190204,4.816050,4.630817
kaggle,kg5569a12b,kg884d9fd3,impostor,live,video,na,0.170443,0.172158,0.206144,-2.402517,-0.277849,-0.463082
kaggle,kg5569a12b,kg884d9fd3,impostor,live,video,na,0.147324,0.181087,0.186608,-3.106637,-0.370465,-1.018780
kaggle,kg5569a12b,kg884d9fd3,impostor,live,video,na,0.052266,0.057825,0.064156,-0.905839,7.131459,3.797270
kaggle,kg5569a12b,kg884d9fd3,impostor,live,video,na,0.073740,0.088297,0.091290,2.825641,7.131459,7.131459
kaggle,kg5569a12b,kg884d9fd3,impostor,live,video,na,0.003574,0.015751,-0.001750,0.489732,0.555698,3.148956
kaggle,kg5569a12b,kg884d9fd3,impostor,live,video,na,0.124416,0.145917,0.173453,1.747877,2.500641,2.685874
kaggle,kg5569a12b,kg884d9fd3,impostor,live,video,na,-0.034286,-0.045963,-0.038652,-0.822287,4.445585,4.260352
kaggle,kg5569a12b,kg4e8af551,impostor,live,video,na,-0.091911,-0.102876,-0.086712,9.207690,7.779773,8.983786
kaggle,kg5569a12b,kg4e8af551,impostor,live,video,na,-0.107998,-0.089677,-0.073754,5.749075,4.538201,5.371748
kaggle,kg5569a12b,kg4e8af551,impostor,live,video,na,-0.137732,-0.128406,-0.093204,8.879217,11.484427,10.465648
kaggle,kg5569a12b,kg4e8af551,impostor,live,video,na,-0.095255,-0.104115,-0.070694,9.462034,9.122711,9.446868
kaggle,kg5569a12b,kg4e8af551,impostor,live,video,na,-0.083315,-0.117519,-0.085347,7.205741,5.279132,7.316691
kaggle,kg5569a12b,kg4e8af551,impostor,live,video,na,-0.109490,-0.141679,-0.117042,6.617940,8.057622,8.983786
kaggle,kg5569a12b,kg4e8af551,impostor,live,video,na,-0.110461,-0.114199,-0.090198,6.432570,7.316691,6.575761
kaggle,kg5569a12b,kg4e8af551,impostor,live,video,na,-0.122926,-0.136098,-0.088346,9.412885,10.187799,10.928729
kaggle,kg5569a12b,kg4e8af551,impostor,live,video,na,-0.136802,-0.122273,-0.099659,10.323269,9.724717,10.465648
kaggle,kg5569a12b,kg4e8af551,impostor,live,video,na,-0.133649,-0.141849,-0.121587,10.016835,11.299194,11.808584
kaggle,kg5569a12b,kg4e8af551,impostor,live,video,na,-0.127706,-0.128516,-0.103751,9.748549,9.446868,11.808584
kaggle,kg5569a12b,kg58c89e41,impostor,live,video,na,0.072014,0.078018,0.084363,2.200030,1.296629,3.797270
kaggle,kg5569a12b,kg58c89e41,impostor,live,video,na,0.054797,0.041651,0.051691,-4.899954,-3.889887,-4.167736
kaggle,kg5569a12b,kg58c89e41,impostor,live,video,na,0.072352,0.082571,0.076639,2.464984,1.759711,2.871107
kaggle,kg5569a12b,kg58c89e41,impostor,live,video,na,0.056684,0.029648,0.048720,0.564325,0.277849,2.315409
kaggle,kg5569a12b,kg58c89e41,impostor,live,video,na,0.083644,0.066485,0.070087,3.845716,6.020063,6.483144
kaggle,kg5569a12b,kg58c89e41,impostor,live,video,na,0.115702,0.125263,0.139480,3.313477,2.315409,4.538201
kaggle,kg5569a12b,kg58c89e41,impostor,live,video,na,0.073070,0.091736,0.092544,-3.218995,-2.871107,-2.871107
kaggle,kg5569a12b,kg58c89e41,impostor,live,video,na,0.067578,0.069685,0.069773,-0.388910,0.648314,1.759711
kaggle,kg5569a12b,kg58c89e41,impostor,live,video,na,0.081306,0.088565,0.082432,2.151283,2.685874,3.797270
kaggle,kg5569a12b,kg58c89e41,impostor,live,video,na,0.073384,0.077272,0.090152,3.854321,2.685874,3.426805
kaggle,kg5569a12b,kg58c89e41,impostor,live,video,na,0.086005,0.093258,0.083780,3.362516,4.630817,4.445585
kaggle,kg5569a12b,kg58c89e41,impostor,live,video,na,0.068728,0.061571,0.078836,4.684412,4.630817,5.279132
kaggle,kg5569a12b,kg58c89e41,impostor,live,video,na,0.066125,0.068368,0.071366,5.681985,4.908667,8.242855
kaggle,kg5569a12b,kg9973bcb4,impostor,live,video,na,0.027973,0.048126,0.029590,-0.102935,1.944943,3.426805
kaggle,kg5569a12b,kg9973bcb4,impostor,live,video,na,0.006321,-0.000211,0.020310,6.218391,7.131459,10.095182
kaggle,kg5569a12b,kg9973bcb4,impostor,live,video,na,0.036068,0.026267,0.018660,5.082590,3.334188,6.853610
kaggle,kg5569a12b,kg9973bcb4,impostor,live,video,na,0.034560,0.024303,0.033400,2.990785,2.037560,5.371748
kaggle,kg5569a12b,kg9973bcb4,impostor,live,video,na,0.011673,0.000345,0.015946,0.868921,4.723434,5.834830
kaggle,kg5569a12b,kg9973bcb4,impostor,live,video,na,0.037365,0.031233,0.045350,-3.276545,-1.018780,-0.277849
kaggle,kg5569a12b,kg9973bcb4,impostor,live,video,na,0.091557,0.080677,0.072865,-3.664316,-1.111396,-3.889887
kaggle,kg5569a12b,kg9973bcb4,impostor,live,video,na,0.063917,0.051277,0.042425,-0.757619,1.296629,1.759711
kaggle,kg5569a12b,kg9973bcb4,impostor,live,video,na,-0.026988,-0.030423,-0.029753,-1.160551,2.408025,3.056340
kaggle,kg5569a12b,kg9973bcb4,impostor,live,video,na,-0.058395,-0.082467,-0.056340,1.007703,7.224075,7.594541
kaggle,kg5569a12b,kg9973bcb4,impostor,live,video,na,-0.010266,-0.007816,-0.008068,0.212600,5.556981,7.131459
kaggle,kg5569a12b,kg9973bcb4,impostor,live,video,na,0.029174,0.027361,0.032378,-1.679043,-0.185233,1.574478
kaggle,kg5569a12b,kg9973bcb4,impostor,live,video,na,0.035604,0.024996,0.027127,-0.910340,0.092616,0.185233
kaggle,kg5569a12b,kg9973bcb4,impostor,live,video,na,0.048394,0.055621,0.045066,-2.253716,0.648314,2.130176
kaggle,kg5569a12b,kg9973bcb4,impostor,live,video,na,0.027866,0.027880,0.025166,-3.776007,-2.500641,-1.389245
kaggle,kg5569a12b,kg5569a12b,spoof,print,a4_printout,na,0.873974,0.827033,0.851098,-4.807603,-5.186516,-4.908667
kaggle,kg5569a12b,kg5569a12b,spoof,print,a4_printout,na,0.862202,0.834059,0.830433,-5.112553,-3.148956,-3.148956
kaggle,kg5569a12b,kg5569a12b,spoof,print,a4_printout,na,0.873771,0.818330,0.828483,-5.862914,-4.167736,-3.797270
kaggle,kg5569a12b,kg5569a12b,spoof,print,a4_printout,na,0.860078,0.798027,0.825375,-5.767488,-4.723434,-4.723434
kaggle,kg5569a12b,kg5569a12b,spoof,print,a4_printout,na,0.834879,0.782193,0.789936,-4.511832,-3.519421,-3.982503
kaggle,kg5569a12b,kg5569a12b,spoof,print,a4_printout,na,0.844079,0.791246,0.817476,-8.854984,-7.594541,-7.594541
kaggle,kg5569a12b,kg5569a12b,spoof,print,a4_printout,na,0.812995,0.743186,0.793047,-10.912255,-11.391811,-9.724717
kaggle,kg5569a12b,kg5569a12b,spoof,print,a4_printout,na,0.767375,0.713584,0.737277,-9.075434,-8.335471,-9.354251
kaggle,kg5569a12b,kg5569a12b,spoof,print,a4_printout,na,0.757255,0.703416,0.737037,-8.987099,-8.705936,-8.289164
kaggle,kg5569a12b,kg5569a12b,spoof,print,a4_printout,na,0.761833,0.679039,0.721553,-11.476526,-9.909949,-10.095182
kaggle,kg6aade0ea,kg6aade0ea,spoof,print,cutout_printout,na,0.788375,0.793873,0.772238,-8.395563,-6.483144,-6.112679
kaggle,kg6aade0ea,kg6aade0ea,spoof,print,cutout_printout,na,0.831932,0.799430,0.804277,-8.853626,-7.131459,-6.205296
kaggle,kg6aade0ea,kg6aade0ea,spoof,print,cutout_printout,na,0.827551,0.827436,0.816069,-10.451731,-7.687157,-7.594541
kaggle,kg6aade0ea,kg6aade0ea,spoof,print,cutout_printout,na,0.859250,0.838112,0.836613,-4.988676,-2.315409,-3.704654
kaggle,kg6aade0ea,kg6aade0ea,spoof,print,cutout_printout,na,0.864456,0.852471,0.830220,-8.824897,-7.501925,-8.150239
kaggle,kg6aade0ea,kg6aade0ea,spoof,print,cutout_printout,na,0.831979,0.824605,0.806310,-9.340086,-7.501925,-9.261635
kaggle,kg6aade0ea,kg6aade0ea,spoof,print,cutout_printout,na,0.857881,0.852977,0.834568,-8.777071,-6.205296,-7.224075
kaggle,kg6aade0ea,kg6aade0ea,spoof,print,cutout_printout,na,0.851133,0.831222,0.820211,-10.298718,-8.613320,-10.465648
kaggle,kg6aade0ea,kg9f53589e,impostor,live,video,na,0.101014,0.119005,0.111995,-1.301005,-2.222792,-1.574478
kaggle,kg6aade0ea,kg9f53589e,impostor,live,video,na,0.046109,0.052623,0.087874,-1.792603,-1.852327,-0.926163
kaggle,kg6aade0ea,kg9f53589e,impostor,live,video,na,0.004498,0.039811,0.049136,-2.285546,-0.185233,-2.500641
kaggle,kg6aade0ea,kg9f53589e,impostor,live,video,na,0.041218,0.043015,0.032373,0.170933,0.231541,0.092616
kaggle,kg6aade0ea,kg9f53589e,impostor,live,video,na,0.001148,0.053528,0.032100,3.122657,2.408025,4.816050
kaggle,kg6aade0ea,kg9f53589e,impostor,live,video,na,0.048709,0.095054,0.100377,-1.104956,0.000000,-0.926163
kaggle,kg6aade0ea,kg9f53589e,impostor,live,video,na,0.034088,0.090528,0.016725,-0.604424,-0.833547,-1.667094
kaggle,kg6aade0ea,kg9f53589e,impostor,live,video,na,0.036855,0.059804,0.043990,-0.116954,0.740931,-0.370465
kaggle,kg6aade0ea,kg9f53589e,impostor,live,video,na,0.027328,0.056753,0.044547,1.099818,1.759711,0.277849
kaggle,kg6aade0ea,kg9f53589e,impostor,live,video,na,0.049087,0.052711,0.050023,-3.292315,-2.593258,-1.204013
kaggle,kg6aade0ea,kg9f53589e,impostor,live,video,na,0.066265,0.057129,0.106768,-0.792595,-0.555698,-1.111396
kaggle,kg6aade0ea,kg5bb369f3,impostor,live,video,na,0.042623,-0.000529,0.009388,1.318947,0.185233,1.111396
kaggle,kg6aade0ea,kg5bb369f3,impostor,live,video,na,0.061903,0.042768,0.037128,1.838693,1.204013,1.574478
kaggle,kg6aade0ea,kg5bb369f3,impostor,live,video,na,0.027898,0.041963,0.016477,-0.290793,-0.370465,-1.111396
kaggle,kg6aade0ea,kg5bb369f3,impostor,live,video,na,0.100269,0.073499,0.094194,2.597053,0.926163,2.130176
kaggle,kg6aade0ea,kg5bb369f3,impostor,live,video,na,0.073570,0.038411,0.053228,2.633537,0.185233,1.944943
kaggle,kg6aade0ea,kg5bb369f3,impostor,live,video,na,0.119058,0.105678,0.085840,-0.665989,-0.277849,0.000000
kaggle,kg6aade0ea,kg5bb369f3,impostor,live,video,na,-0.010314,-0.010598,-0.002083,-1.060271,-2.685874,-1.759711
kaggle,kg6aade0ea,kg5bb369f3,impostor,live,video,na,0.009024,0.016515,0.018385,-4.139737,-4.445585,-3.612038
kaggle,kg6aade0ea,kg5bb369f3,impostor,live,video,na,0.050341,0.023229,0.031186,0.003361,0.833547,3.148956
kaggle,kg6aade0ea,kg5bb369f3,impostor,live,video,na,0.081878,0.086861,0.081718,2.369602,4.816050,4.908667
kaggle,kg6aade0ea,kg5bb369f3,impostor,live,video,na,0.059224,0.079312,0.075472,4.264641,5.834830,5.556981
kaggle,kg6aade0ea,kg5569a12b,impostor,live,video,na,0.150213,0.148203,0.161381,-0.683110,-0.463082,-0.926163
kaggle,kg6aade0ea,kg5569a12b,impostor,live,video,na,0.153269,0.121749,0.159541,-1.595283,-0.740931,-0.648314
kaggle,kg6aade0ea,kg5569a12b,impostor,live,video,na,0.082698,0.073246,0.064076,-2.671414,-2.037560,-2.685874
kaggle,kg6aade0ea,kg5569a12b,impostor,live,video,na,0.134247,0.097645,0.142895,-2.102694,-3.612038,-1.667094
kaggle,kg6aade0ea,kg5569a12b,impostor,live,video,na,0.170463,0.133309,0.173605,1.349787,1.667094,3.982503
kaggle,kg6aade0ea,kg5569a12b,impostor,live,video,na,0.144337,0.128593,0.151259,0.569942,2.778491,0.833547
kaggle,kg6aade0ea,kg5569a12b,impostor,live,video,na,0.146981,0.115509,0.133217,1.101155,2.222792,2.130176
kaggle,kg6aade0ea,kg5569a12b,impostor,live,video,na,0.074388,0.068581,0.063997,-2.752770,-2.315409,-1.574478
kaggle,kg6aade0ea,kg5569a12b,impostor,live,video,na,0.100166,0.101984,0.097329,-3.005921,-1.574478,-0.833547
kaggle,kg6aade0ea,kg5569a12b,impostor,live,video,na,0.083870,0.065371,0.055775,-3.325739,-3.982503,-1.296629
kaggle,kg6aade0ea,kg5569a12b,impostor,live,video,na,0.104642,0.071333,0.091872,-0.310315,0.926163,0.277849
kaggle,kg6aade0ea,kg5569a12b,impostor,live,video,na,0.141523,0.111133,0.143177,2.463571,1.759711,1.759711
kaggle,kg6aade0ea,kg5569a12b,impostor,live,video,na,0.165879,0.129274,0.152819,0.598975,0.740931,-0.648314
kaggle,kg6aade0ea,kg5569a12b,impostor,live,video,na,0.112146,0.084551,0.109614,-1.863188,-1.667094,-0.833547
kaggle,kg6aade0ea,kg6aade0ea,genuine,live,video,na,0.941196,0.922369,0.916578,1.743282,3.426805,6.297912
kaggle,kg6aade0ea,kg6aade0ea,genuine,live,video,na,0.944283,0.916070,0.917731,1.104554,4.260352,7.316691
kaggle,kg6aade0ea,kg6aade0ea,genuine,live,video,na,0.827173,0.806728,0.793758,-0.225537,1.667094,1.944943
kaggle,kg6aade0ea,kg6aade0ea,genuine,live,video,na,0.947412,0.921074,0.917153,3.672187,4.723434,6.575761
kaggle,kg6aade0ea,kg6aade0ea,genuine,live,video,na,0.928927,0.914289,0.913749,-1.194926,0.926163,4.167736
kaggle,kg6aade0ea,kg6aade0ea,genuine,live,video,na,0.905150,0.870936,0.865429,-0.279476,1.944943,4.167736
kaggle,kg6aade0ea,kg6aade0ea,genuine,live,video,na,0.920171,0.890558,0.899938,0.058539,2.222792,2.963723
kaggle,kg6aade0ea,kg6aade0ea,genuine,live,video,na,0.881146,0.859336,0.859963,4.594021,5.093899,8.613320
kaggle,kg6aade0ea,kg6aade0ea,genuine,live,video,na,0.814261,0.772981,0.796405,6.129418,4.816050,8.150239
kaggle,kg6aade0ea,kg6aade0ea,genuine,live,video,na,0.949200,0.929889,0.924804,3.337297,7.224075,8.798553
kaggle,kg6aade0ea,kg6aade0ea,genuine,live,video,na,0.953964,0.940806,0.939258,2.645266,5.742214,5.279132
kaggle,kg6aade0ea,kg6aade0ea,genuine,live,video,na,0.949787,0.934425,0.935050,2.087784,5.186516,6.020063
kaggle,kg6aade0ea,kg6aafbe45,impostor,live,video,na,0.072039,0.096252,0.092130,9.763212,8.242855,8.937477
kaggle,kg6aade0ea,kg6aafbe45,impostor,live,video,na,0.087345,0.088163,0.078823,8.482172,8.150239,8.150239
kaggle,kg6aade0ea,kg6aafbe45,impostor,live,video,na,0.016696,0.047751,0.024137,7.194654,5.556981,6.853610
kaggle,kg6aade0ea,kg6aafbe45,impostor,live,video,na,-0.005868,0.019546,-0.007342,9.671059,9.539484,9.076403
kaggle,kg6aade0ea,kg6aafbe45,impostor,live,video,na,0.003230,0.000324,0.009921,6.924478,7.270383,7.594541
kaggle,kg6aade0ea,kg6aafbe45,impostor,live,video,na,0.002180,0.018247,0.006729,11.227123,11.577044,11.762277
kaggle,kg6aade0ea,kg6aafbe45,impostor,live,video,na,0.067493,0.087449,0.095197,7.275872,6.483144,6.575761
kaggle,kg6aade0ea,kg6aafbe45,impostor,live,video,na,-0.012841,-0.003506,0.020089,5.837343,5.371748,6.390528
kaggle,kg6aade0ea,kg6aafbe45,impostor,live,video,na,0.040183,0.058917,0.049799,9.554701,8.335471,9.817333
kaggle,kg6aade0ea,kg6aafbe45,impostor,live,video,na,0.051712,0.037146,0.053478,8.568602,8.150239,10.280415
kaggle,kg6aade0ea,kg6aafbe45,impostor,live,video,na,0.029924,0.031983,0.006948,9.646116,9.169019,9.446868
kaggle,kg6aade0ea,kg884d9fd3,impostor,live,video,na,0.050317,0.066426,0.057164,2.190204,4.816050,4.630817
kaggle,kg6aade0ea,kg884d9fd3,impostor,live,video,na,0.015985,0.001357,-0.011239,-2.402517,-0.277849,-0.463082
kaggle,kg6aade0ea,kg884d9fd3,impostor,live,video,na,0.021110,0.017998,0.023356,-3.106637,-0.370465,-1.018780
kaggle,kg6aade0ea,kg884d9fd3,impostor,live,video,na,0.040324,0.067737,0.051467,-0.905839,7.131459,3.797270
kaggle,kg6aade0ea,kg884d9fd3,impostor,live,video,na,0.023552,0.002919,0.017321,2.825641,7.131459,7.131459
kaggle,kg6aade0ea,kg884d9fd3,impostor,live,video,na,0.050945,0.062954,0.032515,0.489732,0.555698,3.148956
kaggle,kg6aade0ea,kg884d9fd3,impostor,live,video,na,-0.011207,0.016330,-0.020248,1.747877,2.500641,2.685874
kaggle,kg6aade0ea,kg884d9fd3,impostor,live,video,na,0.036067,0.004068,0.000968,-0.822287,4.445585,4.260352
kaggle,kg6aade0ea,kg4e8af551,impostor,live,video,na,0.115545,0.126400,0.138679,9.207690,7.779773,8.983786
kaggle,kg6aade0ea,kg4e8af551,impostor,live,video,na,0.030403,0.053228,0.050317,5.749075,4.538201,5.371748
kaggle,kg6aade0ea,kg4e8af551,impostor,live,video,na,0.028636,0.051946,0.064240,8.879217,11.484427,10.465648
kaggle,kg6aade0ea,kg4e8af551,impostor,live,video,na,0.084937,0.113850,0.131954,9.462034,9.122711,9.446868
kaggle,kg6aade0ea,kg4e8af551,impostor,live,video,na,0.126705,0.136389,0.139047,7.205741,5.279132,7.316691
kaggle,kg6aade0ea,kg4e8af551,impostor,live,video,na,0.071943,0.086282,0.096328,6.617940,8.057622,8.983786
kaggle,kg6aade0ea,kg4e8af551,impostor,live,video,na,0.084382,0.110421,0.099470,6.432570,7.316691,6.575761
kaggle,kg6aade0ea,kg4e8af551,impostor,live,video,na,0.041098,0.058389,0.074482,9.412885,10.187799,10.928729
kaggle,kg6aade0ea,kg4e8af551,impostor,live,video,na,0.045432,0.081964,0.067695,10.323269,9.724717,10.465648
kaggle,kg6aade0ea,kg4e8af551,impostor,live,video,na,0.049661,0.068429,0.077479,10.016835,11.299194,11.808584
kaggle,kg6aade0ea,kg4e8af551,impostor,live,video,na,0.088700,0.112503,0.114432,9.748549,9.446868,11.808584
kaggle,kg6aade0ea,kg58c89e41,impostor,live,video,na,0.063824,0.090629,0.066044,2.200030,1.296629,3.797270
kaggle,kg6aade0ea,kg58c89e41,impostor,live,video,na,0.060028,0.071463,0.053991,-4.899954,-3.889887,-4.167736
kaggle,kg6aade0ea,kg58c89e41,impostor,live,video,na,0.139700,0.158263,0.146397,2.464984,1.759711,2.871107
kaggle,kg6aade0ea,kg58c89e41,impostor,live,video,na,0.054229,0.061047,0.055846,0.564325,0.277849,2.315409
kaggle,kg6aade0ea,kg58c89e41,impostor,live,video,na,0.159528,0.142739,0.138657,3.845716,6.020063,6.483144
kaggle,kg6aade0ea,kg58c89e41,impostor,live,video,na,0.082283,0.101978,0.091259,3.313477,2.315409,4.538201
kaggle,kg6aade0ea,kg58c89e41,impostor,live,video,na,0.074523,0.066125,0.068070,-3.218995,-2.871107,-2.871107
kaggle,kg6aade0ea,kg58c89e41,impostor,live,video,na,0.122846,0.112892,0.126260,-0.388910,0.648314,1.759711
kaggle,kg6aade0ea,kg58c89e41,impostor,live,video,na,0.117199,0.124630,0.111625,2.151283,2.685874,3.797270
kaggle,kg6aade0ea,kg58c89e41,impostor,live,video,na,0.086319,0.122194,0.100633,3.854321,2.685874,3.426805
kaggle,kg6aade0ea,kg58c89e41,impostor,live,video,na,0.111050,0.128365,0.121751,3.362516,4.630817,4.445585
kaggle,kg6aade0ea,kg58c89e41,impostor,live,video,na,0.087593,0.098480,0.091336,4.684412,4.630817,5.279132
kaggle,kg6aade0ea,kg58c89e41,impostor,live,video,na,0.120936,0.144428,0.130735,5.681985,4.908667,8.242855
kaggle,kg6aade0ea,kg9973bcb4,impostor,live,video,na,0.038939,0.057095,0.087884,-0.102935,1.944943,3.426805
kaggle,kg6aade0ea,kg9973bcb4,impostor,live,video,na,0.028563,0.064422,0.079373,6.218391,7.131459,10.095182
kaggle,kg6aade0ea,kg9973bcb4,impostor,live,video,na,-0.033079,-0.001554,-0.027298,5.082590,3.334188,6.853610
kaggle,kg6aade0ea,kg9973bcb4,impostor,live,video,na,-0.052124,-0.025564,-0.014444,2.990785,2.037560,5.371748
kaggle,kg6aade0ea,kg9973bcb4,impostor,live,video,na,-0.007319,0.000927,-0.012967,0.868921,4.723434,5.834830
kaggle,kg6aade0ea,kg9973bcb4,impostor,live,video,na,-0.025638,0.010559,-0.016599,-3.276545,-1.018780,-0.277849
kaggle,kg6aade0ea,kg9973bcb4,impostor,live,video,na,0.025168,0.018782,0.038115,-3.664316,-1.111396,-3.889887
kaggle,kg6aade0ea,kg9973bcb4,impostor,live,video,na,-0.030081,-0.025919,-0.021266,-0.757619,1.296629,1.759711
kaggle,kg6aade0ea,kg9973bcb4,impostor,live,video,na,0.057177,0.086587,0.067245,-1.160551,2.408025,3.056340
kaggle,kg6aade0ea,kg9973bcb4,impostor,live,video,na,0.016654,0.033010,0.028630,1.007703,7.224075,7.594541
kaggle,kg6aade0ea,kg9973bcb4,impostor,live,video,na,-0.020390,-0.030489,-0.012295,0.212600,5.556981,7.131459
kaggle,kg6aade0ea,kg9973bcb4,impostor,live,video,na,0.029573,0.046198,0.042327,-1.679043,-0.185233,1.574478
kaggle,kg6aade0ea,kg9973bcb4,impostor,live,video,na,0.047094,0.029937,0.041203,-0.910340,0.092616,0.185233
kaggle,kg6aade0ea,kg9973bcb4,impostor,live,video,na,0.093791,0.138995,0.121886,-2.253716,0.648314,2.130176
kaggle,kg6aade0ea,kg9973bcb4,impostor,live,video,na,-0.005684,0.033133,-0.012237,-3.776007,-2.500641,-1.389245
kaggle,kg6aade0ea,kg6aade0ea,spoof,print,a4_printout,na,0.872687,0.833073,0.838154,-11.072797,-9.539484,-8.891170
kaggle,kg6aade0ea,kg6aade0ea,spoof,print,a4_printout,na,0.852374,0.824991,0.826794,-6.877952,-5.001283,-5.371748
kaggle,kg6aade0ea,kg6aade0ea,spoof,print,a4_printout,na,0.855259,0.833592,0.825017,-9.959845,-8.150239,-7.131459
kaggle,kg6aade0ea,kg6aade0ea,spoof,print,a4_printout,na,0.877957,0.851081,0.859979,-10.463017,-8.891170,-8.520704
kaggle,kg6aade0ea,kg6aade0ea,spoof,print,a4_printout,na,0.865929,0.848199,0.836783,-8.628867,-7.501925,-5.927446
kaggle,kg6aade0ea,kg6aade0ea,spoof,print,a4_printout,na,0.886748,0.856597,0.828364,-8.481334,-6.020063,-5.186516
kaggle,kg6aade0ea,kg6aade0ea,spoof,print,a4_printout,na,0.872214,0.826030,0.819055,-7.664448,-6.390528,-7.038843
kaggle,kg6aade0ea,kg6aade0ea,spoof,print,a4_printout,na,0.860127,0.852444,0.853758,-10.375202,-6.946226,-7.965006
kaggle,kg6aade0ea,kg6aade0ea,spoof,print,a4_printout,na,0.823315,0.813805,0.812265,-10.622161,-8.705936,-8.891170
kaggle,kg6aade0ea,kg6aade0ea,spoof,print,a4_printout,na,0.847046,0.820349,0.815399,-8.350533,-6.575761,-5.279132
kaggle,kg6aade0ea,kg6aade0ea,spoof,print,a4_printout,na,0.852477,0.811013,0.827818,-8.603382,-8.335471,-8.242855
kaggle,kg6aade0ea,kg6aade0ea,spoof,print,a4_printout,na,0.854642,0.838259,0.836878,-9.113492,-6.760993,-8.150239
kaggle,kg6aade0ea,kg6aade0ea,spoof,print,a4_printout,na,0.836350,0.817467,0.821066,-9.227818,-7.594541,-6.297912
kaggle,kg6aade0ea,kg6aade0ea,spoof,print,a4_printout,na,0.839259,0.821807,0.815808,-8.727350,-6.946226,-6.760993
kaggle,kg6aade0ea,kg6aade0ea,spoof,print,a4_printout,na,0.832198,0.799602,0.798523,-9.671770,-7.779773,-8.150239
kaggle,kg6aafbe45,kg6aafbe45,spoof,print,cutout_printout,na,0.641027,0.626741,0.616214,1.721860,3.056340,3.982503
kaggle,kg6aafbe45,kg6aafbe45,spoof,print,cutout_printout,na,0.663388,0.630037,0.623883,-0.054185,0.185233,0.277849
kaggle,kg6aafbe45,kg6aafbe45,spoof,print,cutout_printout,na,0.561692,0.539199,0.542186,1.246171,0.277849,3.148956
kaggle,kg6aafbe45,kg6aafbe45,spoof,print,cutout_printout,na,0.640323,0.604731,0.616794,1.587102,-1.204013,1.204013
kaggle,kg6aafbe45,kg6aafbe45,spoof,print,cutout_printout,na,0.655490,0.649646,0.624490,-5.470340,-3.334188,-4.260352
kaggle,kg6aafbe45,kg6aafbe45,spoof,print,cutout_printout,na,0.653310,0.590982,0.594360,-7.816016,-8.983786,-6.668377
kaggle,kg6aafbe45,kg6aafbe45,spoof,print,cutout_printout,na,0.588122,0.530312,0.542225,-9.051001,-9.446868,-6.760993
kaggle,kg6aafbe45,kg6aafbe45,spoof,print,cutout_printout,na,0.571309,0.521802,0.554487,-8.382371,-9.169019,-8.891170
kaggle,kg6aafbe45,kg9f53589e,impostor,live,video,na,0.114414,0.119260,0.083987,-1.301005,-2.222792,-1.574478
kaggle,kg6aafbe45,kg9f53589e,impostor,live,video,na,0.019435,0.031421,-0.030547,-1.792603,-1.852327,-0.926163
kaggle,kg6aafbe45,kg9f53589e,impostor,live,video,na,0.017378,-0.005633,-0.046855,-2.285546,-0.185233,-2.500641
kaggle,kg6aafbe45,kg9f53589e,impostor,live,video,na,0.083323,0.080803,0.050656,0.170933,0.231541,0.092616
kaggle,kg6aafbe45,kg9f53589e,impostor,live,video,na,0.046064,0.044386,0.041537,3.122657,2.408025,4.816050
kaggle,kg6aafbe45,kg9f53589e,impostor,live,video,na,0.087379,0.092920,0.067153,-1.104956,0.000000,-0.926163
kaggle,kg6aafbe45,kg9f53589e,impostor,live,video,na,0.053225,0.031988,0.001556,-0.604424,-0.833547,-1.667094
kaggle,kg6aafbe45,kg9f53589e,impostor,live,video,na,-0.039491,-0.037379,-0.065588,-0.116954,0.740931,-0.370465
kaggle,kg6aafbe45,kg9f53589e,impostor,live,video,na,0.095456,0.075398,0.034758,1.099818,1.759711,0.277849
kaggle,kg6aafbe45,kg9f53589e,impostor,live,video,na,0.118240,0.081514,0.058413,-3.292315,-2.593258,-1.204013
kaggle,kg6aafbe45,kg9f53589e,impostor,live,video,na,0.126824,0.126813,0.099779,-0.792595,-0.555698,-1.111396
kaggle,kg6aafbe45,kg5bb369f3,impostor,live,video,na,0.039634,0.035282,0.042323,1.318947,0.185233,1.111396
kaggle,kg6aafbe45,kg5bb369f3,impostor,live,video,na,0.034957,0.046924,0.035589,1.838693,1.204013,1.574478
kaggle,kg6aafbe45,kg5bb369f3,impostor,live,video,na,0.013915,-0.010209,0.013946,-0.290793,-0.370465,-1.111396
kaggle,kg6aafbe45,kg5bb369f3,impostor,live,video,na,-0.012872,-0.025869,-0.000743,2.597053,0.926163,2.130176
kaggle,kg6aafbe45,kg5bb369f3,impostor,live,video,na,0.035520,0.045753,0.043575,2.633537,0.185233,1.944943
kaggle,kg6aafbe45,kg5bb369f3,impostor,live,video,na,0.042290,0.013570,0.026402,-0.665989,-0.277849,0.000000
kaggle,kg6aafbe45,kg5bb369f3,impostor,live,video,na,0.042899,0.050821,0.052332,-1.060271,-2.685874,-1.759711
kaggle,kg6aafbe45,kg5bb369f3,impostor,live,video,na,0.066792,0.101236,0.061071,-4.139737,-4.445585,-3.612038
kaggle,kg6aafbe45,kg5bb369f3,impostor,live,video,na,0.015113,0.027930,0.032713,0.003361,0.833547,3.148956
kaggle,kg6aafbe45,kg5bb369f3,impostor,live,video,na,0.003785,-0.008380,-0.001110,2.369602,4.816050,4.908667
kaggle,kg6aafbe45,kg5bb369f3,impostor,live,video,na,0.018845,0.078010,0.043792,4.264641,5.834830,5.556981
kaggle,kg6aafbe45,kg5569a12b,impostor,live,video,na,0.014339,0.063384,0.018265,-0.683110,-0.463082,-0.926163
kaggle,kg6aafbe45,kg5569a12b,impostor,live,video,na,0.010867,0.030373,-0.013727,-1.595283,-0.740931,-0.648314
kaggle,kg6aafbe45,kg5569a12b,impostor,live,video,na,0.012075,0.022588,-0.010854,-2.671414,-2.037560,-2.685874
kaggle,kg6aafbe45,kg5569a12b,impostor,live,video,na,0.009987,0.054013,0.013290,-2.102694,-3.612038,-1.667094
kaggle,kg6aafbe45,kg5569a12b,impostor,live,video,na,-0.048443,-0.023665,-0.028745,1.349787,1.667094,3.982503
kaggle,kg6aafbe45,kg5569a12b,impostor,live,video,na,-0.034856,-0.007424,-0.039340,0.569942,2.778491,0.833547
kaggle,kg6aafbe45,kg5569a12b,impostor,live,video,na,0.024238,0.044144,0.030567,1.101155,2.222792,2.130176
kaggle,kg6aafbe45,kg5569a12b,impostor,live,video,na,0.030409,0.065279,0.025185,-2.752770,-2.315409,-1.574478
kaggle,kg6aafbe45,kg5569a12b,impostor,live,video,na,0.026613,0.093428,0.033349,-3.005921,-1.574478,-0.833547
kaggle,kg6aafbe45,kg5569a12b,impostor,live,video,na,0.015349,0.042683,0.008897,-3.325739,-3.982503,-1.296629
kaggle,kg6aafbe45,kg5569a12b,impostor,live,video,na,0.068798,0.075482,0.058583,-0.310315,0.926163,0.277849
kaggle,kg6aafbe45,kg5569a12b,impostor,live,video,na,0.010602,0.034878,0.006313,2.463571,1.759711,1.759711
kaggle,kg6aafbe45,kg5569a12b,impostor,live,video,na,-0.020164,0.007581,0.016476,0.598975,0.740931,-0.648314
kaggle,kg6aafbe45,kg5569a12b,impostor,live,video,na,0.051671,0.088672,0.070881,-1.863188,-1.667094,-0.833547
kaggle,kg6aafbe45,kg6aade0ea,impostor,live,video,na,0.105238,0.078913,0.112512,1.743282,3.426805,6.297912
kaggle,kg6aafbe45,kg6aade0ea,impostor,live,video,na,0.098233,0.061325,0.090899,1.104554,4.260352,7.316691
kaggle,kg6aafbe45,kg6aade0ea,impostor,live,video,na,0.070703,0.085677,0.105029,-0.225537,1.667094,1.944943
kaggle,kg6aafbe45,kg6aade0ea,impostor,live,video,na,0.094424,0.059722,0.077136,3.672187,4.723434,6.575761
kaggle,kg6aafbe45,kg6aade0ea,impostor,live,video,na,0.089335,0.080892,0.094769,-1.194926,0.926163,4.167736
kaggle,kg6aafbe45,kg6aade0ea,impostor,live,video,na,0.085266,0.073660,0.095929,-0.279476,1.944943,4.167736
kaggle,kg6aafbe45,kg6aade0ea,impostor,live,video,na,0.082649,0.066276,0.080403,0.058539,2.222792,2.963723
kaggle,kg6aafbe45,kg6aade0ea,impostor,live,video,na,0.118026,0.091739,0.096336,4.594021,5.093899,8.613320
kaggle,kg6aafbe45,kg6aade0ea,impostor,live,video,na,0.130351,0.112988,0.119697,6.129418,4.816050,8.150239
kaggle,kg6aafbe45,kg6aade0ea,impostor,live,video,na,0.090341,0.074441,0.091993,3.337297,7.224075,8.798553
kaggle,kg6aafbe45,kg6aade0ea,impostor,live,video,na,0.092757,0.069616,0.104198,2.645266,5.742214,5.279132
kaggle,kg6aafbe45,kg6aade0ea,impostor,live,video,na,0.082709,0.082532,0.083189,2.087784,5.186516,6.020063
kaggle,kg6aafbe45,kg6aafbe45,genuine,live,video,na,0.819407,0.807197,0.810108,9.763212,8.242855,8.937477
kaggle,kg6aafbe45,kg6aafbe45,genuine,live,video,na,0.571917,0.563522,0.555515,8.482172,8.150239,8.150239
kaggle,kg6aafbe45,kg6aafbe45,genuine,live,video,na,0.461853,0.452834,0.474565,7.194654,5.556981,6.853610
kaggle,kg6aafbe45,kg6aafbe45,genuine,live,video,na,0.761911,0.745520,0.733712,9.671059,9.539484,9.076403
kaggle,kg6aafbe45,kg6aafbe45,genuine,live,video,na,0.379955,0.320576,0.360654,6.924478,7.270383,7.594541
kaggle,kg6aafbe45,kg6aafbe45,genuine,live,video,na,0.750697,0.698948,0.713293,11.227123,11.577044,11.762277
kaggle,kg6aafbe45,kg6aafbe45,genuine,live,video,na,0.687626,0.695834,0.687173,7.275872,6.483144,6.575761
kaggle,kg6aafbe45,kg6aafbe45,genuine,live,video,na,0.211335,0.223920,0.214360,5.837343,5.371748,6.390528
kaggle,kg6aafbe45,kg6aafbe45,genuine,live,video,na,0.815576,0.793753,0.788523,9.554701,8.335471,9.817333
kaggle,kg6aafbe45,kg6aafbe45,genuine,live,video,na,0.469671,0.482232,0.457848,8.568602,8.150239,10.280415
kaggle,kg6aafbe45,kg6aafbe45,genuine,live,video,na,0.758659,0.758582,0.738543,9.646116,9.169019,9.446868
kaggle,kg6aafbe45,kg884d9fd3,impostor,live,video,na,0.148451,0.120055,0.157956,2.190204,4.816050,4.630817
kaggle,kg6aafbe45,kg884d9fd3,impostor,live,video,na,0.112720,0.093713,0.116859,-2.402517,-0.277849,-0.463082
kaggle,kg6aafbe45,kg884d9fd3,impostor,live,video,na,0.105375,0.085158,0.095534,-3.106637,-0.370465,-1.018780
kaggle,kg6aafbe45,kg884d9fd3,impostor,live,video,na,0.141014,0.117110,0.081922,-0.905839,7.131459,3.797270
kaggle,kg6aafbe45,kg884d9fd3,impostor,live,video,na,0.129386,0.097443,0.092424,2.825641,7.131459,7.131459
kaggle,kg6aafbe45,kg884d9fd3,impostor,live,video,na,0.071883,0.082624,0.033616,0.489732,0.555698,3.148956
kaggle,kg6aafbe45,kg884d9fd3,impostor,live,video,na,0.152340,0.148264,0.142248,1.747877,2.500641,2.685874
kaggle,kg6aafbe45,kg884d9fd3,impostor,live,video,na,-0.047249,-0.027269,-0.039914,-0.822287,4.445585,4.260352
kaggle,kg6aafbe45,kg4e8af551,impostor,live,video,na,0.035849,0.015507,0.050014,9.207690,7.779773,8.983786
kaggle,kg6aafbe45,kg4e8af551,impostor,live,video,na,0.069143,0.034323,0.103017,5.749075,4.538201,5.371748
kaggle,kg6aafbe45,kg4e8af551,impostor,live,video,na,0.053448,0.008361,0.089897,8.879217,11.484427,10.465648
kaggle,kg6aafbe45,kg4e8af551,impostor,live,video,na,0.035207,0.017741,0.064802,9.462034,9.122711,9.446868
kaggle,kg6aafbe45,kg4e8af551,impostor,live,video,na,0.033672,0.019839,0.066127,7.205741,5.279132,7.316691
kaggle,kg6aafbe45,kg4e8af551,impostor,live,video,na,-0.006463,-0.015852,0.013866,6.617940,8.057622,8.983786
kaggle,kg6aafbe45,kg4e8af551,impostor,live,video,na,0.057067,0.053632,0.070944,6.432570,7.316691,6.575761
kaggle,kg6aafbe45,kg4e8af551,impostor,live,video,na,0.009524,-0.027808,0.032334,9.412885,10.187799,10.928729
kaggle,kg6aafbe45,kg4e8af551,impostor,live,video,na,-0.006647,-0.012451,0.008581,10.323269,9.724717,10.465648
kaggle,kg6aafbe45,kg4e8af551,impostor,live,video,na,0.017590,-0.019951,0.031768,10.016835,11.299194,11.808584
kaggle,kg6aafbe45,kg4e8af551,impostor,live,video,na,0.044566,0.026831,0.058521,9.748549,9.446868,11.808584
kaggle,kg6aafbe45,kg58c89e41,impostor,live,video,na,0.044947,0.002357,0.033402,2.200030,1.296629,3.797270
kaggle,kg6aafbe45,kg58c89e41,impostor,live,video,na,0.079850,0.054102,0.081007,-4.899954,-3.889887,-4.167736
kaggle,kg6aafbe45,kg58c89e41,impostor,live,video,na,0.080021,0.052402,0.077150,2.464984,1.759711,2.871107
kaggle,kg6aafbe45,kg58c89e41,impostor,live,video,na,-0.005518,-0.061341,-0.008318,0.564325,0.277849,2.315409
kaggle,kg6aafbe45,kg58c89e41,impostor,live,video,na,0.069166,0.052656,0.036797,3.845716,6.020063,6.483144
kaggle,kg6aafbe45,kg58c89e41,impostor,live,video,na,0.019861,0.007683,0.022941,3.313477,2.315409,4.538201
kaggle,kg6aafbe45,kg58c89e41,impostor,live,video,na,0.028547,0.015590,0.021281,-3.218995,-2.871107,-2.871107
kaggle,kg6aafbe45,kg58c89e41,impostor,live,video,na,0.076603,0.031336,0.068055,-0.388910,0.648314,1.759711
kaggle,kg6aafbe45,kg58c89e41,impostor,live,video,na,0.072843,0.040936,0.051101,2.151283,2.685874,3.797270
kaggle,kg6aafbe45,kg58c89e41,impostor,live,video,na,0.045881,-0.010339,0.021318,3.854321,2.685874,3.426805
kaggle,kg6aafbe45,kg58c89e41,impostor,live,video,na,0.049844,-0.000100,0.035653,3.362516,4.630817,4.445585
kaggle,kg6aafbe45,kg58c89e41,impostor,live,video,na,0.052282,-0.001734,0.039827,4.684412,4.630817,5.279132
kaggle,kg6aafbe45,kg58c89e41,impostor,live,video,na,0.050610,0.016025,0.035973,5.681985,4.908667,8.242855
kaggle,kg6aafbe45,kg9973bcb4,impostor,live,video,na,-0.044991,-0.080158,-0.053922,-0.102935,1.944943,3.426805
kaggle,kg6aafbe45,kg9973bcb4,impostor,live,video,na,-0.114347,-0.118103,-0.093023,6.218391,7.131459,10.095182
kaggle,kg6aafbe45,kg9973bcb4,impostor,live,video,na,-0.070047,-0.050157,-0.050484,5.082590,3.334188,6.853610
kaggle,kg6aafbe45,kg9973bcb4,impostor,live,video,na,-0.051545,-0.049293,-0.030551,2.990785,2.037560,5.371748
kaggle,kg6aafbe45,kg9973bcb4,impostor,live,video,na,-0.044253,-0.057337,-0.020606,0.868921,4.723434,5.834830
kaggle,kg6aafbe45,kg9973bcb4,impostor,live,video,na,-0.059551,-0.065960,-0.046671,-3.276545,-1.018780,-0.277849
kaggle,kg6aafbe45,kg9973bcb4,impostor,live,video,na,-0.014850,-0.010106,0.006900,-3.664316,-1.111396,-3.889887
kaggle,kg6aafbe45,kg9973bcb4,impostor,live,video,na,-0.028143,-0.048814,-0.032424,-0.757619,1.296629,1.759711
kaggle,kg6aafbe45,kg9973bcb4,impostor,live,video,na,0.002094,0.007653,0.027990,-1.160551,2.408025,3.056340
kaggle,kg6aafbe45,kg9973bcb4,impostor,live,video,na,-0.028665,-0.025230,0.013928,1.007703,7.224075,7.594541
kaggle,kg6aafbe45,kg9973bcb4,impostor,live,video,na,-0.013207,-0.015963,0.008481,0.212600,5.556981,7.131459
kaggle,kg6aafbe45,kg9973bcb4,impostor,live,video,na,-0.071358,-0.067449,-0.054079,-1.679043,-0.185233,1.574478
kaggle,kg6aafbe45,kg9973bcb4,impostor,live,video,na,-0.084466,-0.076172,-0.096739,-0.910340,0.092616,0.185233
kaggle,kg6aafbe45,kg9973bcb4,impostor,live,video,na,-0.075628,-0.080481,-0.082056,-2.253716,0.648314,2.130176
kaggle,kg6aafbe45,kg9973bcb4,impostor,live,video,na,-0.039392,-0.065637,-0.023303,-3.776007,-2.500641,-1.389245
kaggle,kg6aafbe45,kg6aafbe45,spoof,print,a4_printout,na,0.720746,0.722526,0.701663,2.827014,2.130176,2.315409
kaggle,kg6aafbe45,kg6aafbe45,spoof,print,a4_printout,na,0.718944,0.686620,0.692928,1.006010,0.463082,1.759711
kaggle,kg6aafbe45,kg6aafbe45,spoof,print,a4_printout,na,0.509466,0.451309,0.496970,0.471221,0.648314,-0.463082
kaggle,kg6aafbe45,kg6aafbe45,spoof,print,a4_printout,na,0.687551,0.601107,0.667247,5.057833,6.668377,7.594541
kaggle,kg6aafbe45,kg6aafbe45,spoof,print,a4_printout,na,0.720917,0.668306,0.696794,2.919383,6.112679,3.982503
kaggle,kg6aafbe45,kg6aafbe45,spoof,print,a4_printout,na,0.710702,0.688491,0.669011,-2.746269,-2.500641,0.000000
kaggle,kg884d9fd3,kg884d9fd3,spoof,print,cutout_printout,na,0.834113,0.811152,0.780140,-7.473933,-6.483144,-6.853610
kaggle,kg884d9fd3,kg884d9fd3,spoof,print,cutout_printout,na,0.788823,0.750148,0.716191,-6.374163,-5.649597,-5.186516
kaggle,kg884d9fd3,kg884d9fd3,spoof,print,cutout_printout,na,0.805412,0.788245,0.759008,-7.047084,-6.483144,-4.723434
kaggle,kg884d9fd3,kg884d9fd3,spoof,print,cutout_printout,na,0.834846,0.815337,0.789079,-11.490139,-9.076403,-10.465648
kaggle,kg884d9fd3,kg884d9fd3,spoof,print,cutout_printout,na,0.844704,0.843722,0.824705,-8.789989,-6.205296,-6.853610
kaggle,kg884d9fd3,kg884d9fd3,spoof,print,cutout_printout,na,0.855461,0.840833,0.823361,-7.269913,-5.371748,-5.464365
kaggle,kg884d9fd3,kg884d9fd3,spoof,print,cutout_printout,na,0.863748,0.853158,0.828383,-6.226818,-5.001283,-5.742214
kaggle,kg884d9fd3,kg884d9fd3,spoof,print,cutout_printout,na,0.784269,0.762229,0.733046,-7.027518,-9.169019,-6.390528
kaggle,kg884d9fd3,kg884d9fd3,spoof,print,cutout_printout,na,0.856997,0.838105,0.837560,-7.443778,-8.428088,-7.316691
kaggle,kg884d9fd3,kg884d9fd3,spoof,print,cutout_printout,na,0.867983,0.849967,0.832833,-7.826515,-6.946226,-6.390528
kaggle,kg884d9fd3,kg884d9fd3,spoof,print,cutout_printout,na,0.860730,0.813297,0.816420,-7.030522,-7.038843,-6.760993
kaggle,kg884d9fd3,kg884d9fd3,spoof,print,cutout_printout,na,0.863501,0.843444,0.814068,-8.323824,-6.483144,-6.760993
kaggle,kg884d9fd3,kg9f53589e,impostor,live,video,na,-0.032008,0.022772,-0.008317,-1.301005,-2.222792,-1.574478
kaggle,kg884d9fd3,kg9f53589e,impostor,live,video,na,-0.029638,0.054275,0.034865,-1.792603,-1.852327,-0.926163
kaggle,kg884d9fd3,kg9f53589e,impostor,live,video,na,-0.023294,0.017697,0.002811,-2.285546,-0.185233,-2.500641
kaggle,kg884d9fd3,kg9f53589e,impostor,live,video,na,-0.017291,0.009310,-0.018400,0.170933,0.231541,0.092616
kaggle,kg884d9fd3,kg9f53589e,impostor,live,video,na,0.004860,0.013823,-0.014866,3.122657,2.408025,4.816050
kaggle,kg884d9fd3,kg9f53589e,impostor,live,video,na,-0.040369,0.001483,-0.019394,-1.104956,0.000000,-0.926163
kaggle,kg884d9fd3,kg9f53589e,impostor,live,video,na,-0.047582,-0.004529,-0.038443,-0.604424,-0.833547,-1.667094
kaggle,kg884d9fd3,kg9f53589e,impostor,live,video,na,-0.113677,-0.071432,-0.083773,-0.116954,0.740931,-0.370465
kaggle,kg884d9fd3,kg9f53589e,impostor,live,video,na,-0.090830,-0.002140,-0.048202,1.099818,1.759711,0.277849
kaggle,kg884d9fd3,kg9f53589e,impostor,live,video,na,-0.028705,0.040913,-0.005500,-3.292315,-2.593258,-1.204013
kaggle,kg884d9fd3,kg9f53589e,impostor,live,video,na,-0.028839,0.007390,-0.012837,-0.792595,-0.555698,-1.111396
kaggle,kg884d9fd3,kg5bb369f3,impostor,live,video,na,0.070694,0.060363,0.059080,1.318947,0.185233,1.111396
kaggle,kg884d9fd3,kg5bb369f3,impostor,live,video,na,0.099521,0.081956,0.083429,1.838693,1.204013,1.574478
kaggle,kg884d9fd3,kg5bb369f3,impostor,live,video,na,0.012299,0.004447,0.001725,-0.290793,-0.370465,-1.111396
kaggle,kg884d9fd3,kg5bb369f3,impostor,live,video,na,0.036851,0.047545,0.026363,2.597053,0.926163,2.130176
kaggle,kg884d9fd3,kg5bb369f3,impostor,live,video,na,0.102912,0.076770,0.085931,2.633537,0.185233,1.944943
kaggle,kg884d9fd3,kg5bb369f3,impostor,live,video,na,0.031611,0.036479,-0.000552,-0.665989,-0.277849,0.000000
kaggle,kg884d9fd3,kg5bb369f3,impostor,live,video,na,-0.002967,-0.027151,-0.021001,-1.060271,-2.685874,-1.759711
kaggle,kg884d9fd3,kg5bb369f3,impostor,live,video,na,0.156559,0.161693,0.132809,-4.139737,-4.445585,-3.612038
kaggle,kg884d9fd3,kg5bb369f3,impostor,live,video,na,0.055490,0.058990,0.054867,0.003361,0.833547,3.148956
kaggle,kg884d9fd3,kg5bb369f3,impostor,live,video,na,-0.020596,-0.036253,-0.036389,2.369602,4.816050,4.908667
kaggle,kg884d9fd3,kg5bb369f3,impostor,live,video,na,-0.001159,0.016458,0.006745,4.264641,5.834830,5.556981
kaggle,kg884d9fd3,kg5569a12b,impostor,live,video,na,0.084888,0.120949,0.102119,-0.683110,-0.463082,-0.926163
kaggle,kg884d9fd3,kg5569a12b,impostor,live,video,na,0.060883,0.087807,0.053839,-1.595283,-0.740931,-0.648314
kaggle,kg884d9fd3,kg5569a12b,impostor,live,video,na,0.089127,0.132525,0.068982,-2.671414,-2.037560,-2.685874
kaggle,kg884d9fd3,kg5569a12b,impostor,live,video,na,0.088305,0.130167,0.113018,-2.102694,-3.612038,-1.667094
kaggle,kg884d9fd3,kg5569a12b,impostor,live,video,na,0.008695,-0.008158,-0.014061,1.349787,1.667094,3.982503
kaggle,kg884d9fd3,kg5569a12b,impostor,live,video,na,-0.015871,0.017217,0.014312,0.569942,2.778491,0.833547
kaggle,kg884d9fd3,kg5569a12b,impostor,live,video,na,0.053080,0.052213,0.050383,1.101155,2.222792,2.130176
kaggle,kg884d9fd3,kg5569a12b,impostor,live,video,na,0.094384,0.098093,0.128386,-2.752770,-2.315409,-1.574478
kaggle,kg884d9fd3,kg5569a12b,impostor,live,video,na,-0.047719,-0.009563,-0.017128,-3.005921,-1.574478,-0.833547
kaggle,kg884d9fd3,kg5569a12b,impostor,live,video,na,-0.025650,-0.002931,-0.008938,-3.325739,-3.982503,-1.296629
kaggle,kg884d9fd3,kg5569a12b,impostor,live,video,na,0.099496,0.115353,0.114257,-0.310315,0.926163,0.277849
kaggle,kg884d9fd3,kg5569a12b,impostor,live,video,na,0.050812,0.106514,0.088005,2.463571,1.759711,1.759711
kaggle,kg884d9fd3,kg5569a12b,impostor,live,video,na,0.054898,0.106476,0.070960,0.598975,0.740931,-0.648314
kaggle,kg884d9fd3,kg5569a12b,impostor,live,video,na,0.110608,0.140367,0.145170,-1.863188,-1.667094,-0.833547
kaggle,kg884d9fd3,kg6aade0ea,impostor,live,video,na,0.055206,0.083924,0.073204,1.743282,3.426805,6.297912
kaggle,kg884d9fd3,kg6aade0ea,impostor,live,video,na,0.067146,0.084516,0.091607,1.104554,4.260352,7.316691
kaggle,kg884d9fd3,kg6aade0ea,impostor,live,video,na,0.040066,0.080059,0.070839,-0.225537,1.667094,1.944943
kaggle,kg884d9fd3,kg6aade0ea,impostor,live,video,na,0.078603,0.098624,0.094301,3.672187,4.723434,6.575761
kaggle,kg884d9fd3,kg6aade0ea,impostor,live,video,na,0.071165,0.069587,0.090042,-1.194926,0.926163,4.167736
kaggle,kg884d9fd3,kg6aade0ea,impostor,live,video,na,0.043960,0.052422,0.042989,-0.279476,1.944943,4.167736
kaggle,kg884d9fd3,kg6aade0ea,impostor,live,video,na,0.044606,0.048624,0.060433,0.058539,2.222792,2.963723
kaggle,kg884d9fd3,kg6aade0ea,impostor,live,video,na,0.010067,0.025599,0.027658,4.594021,5.093899,8.613320
kaggle,kg884d9fd3,kg6aade0ea,impostor,live,video,na,-0.042716,-0.045802,-0.046870,6.129418,4.816050,8.150239
kaggle,kg884d9fd3,kg6aade0ea,impostor,live,video,na,0.059355,0.077516,0.065792,3.337297,7.224075,8.798553
kaggle,kg884d9fd3,kg6aade0ea,impostor,live,video,na,0.060856,0.070092,0.084804,2.645266,5.742214,5.279132
kaggle,kg884d9fd3,kg6aade0ea,impostor,live,video,na,0.067852,0.070255,0.054817,2.087784,5.186516,6.020063
kaggle,kg884d9fd3,kg6aafbe45,impostor,live,video,na,0.115393,0.114029,0.101237,9.763212,8.242855,8.937477
kaggle,kg884d9fd3,kg6aafbe45,impostor,live,video,na,0.020813,0.027362,-0.024274,8.482172,8.150239,8.150239
kaggle,kg884d9fd3,kg6aafbe45,impostor,live,video,na,-0.073172,-0.042700,-0.036260,7.194654,5.556981,6.853610
kaggle,kg884d9fd3,kg6aafbe45,impostor,live,video,na,0.068634,0.082242,0.090355,9.671059,9.539484,9.076403
kaggle,kg884d9fd3,kg6aafbe45,impostor,live,video,na,-0.045209,0.026822,-0.016461,6.924478,7.270383,7.594541
kaggle,kg884d9fd3,kg6aafbe45,impostor,live,video,na,0.087779,0.088591,0.080789,11.227123,11.577044,11.762277
kaggle,kg884d9fd3,kg6aafbe45,impostor,live,video,na,0.125160,0.110810,0.145365,7.275872,6.483144,6.575761
kaggle,kg884d9fd3,kg6aafbe45,impostor,live,video,na,0.065022,0.068328,0.083736,5.837343,5.371748,6.390528
kaggle,kg884d9fd3,kg6aafbe45,impostor,live,video,na,0.127899,0.120210,0.110852,9.554701,8.335471,9.817333
kaggle,kg884d9fd3,kg6aafbe45,impostor,live,video,na,0.030270,0.048147,0.034780,8.568602,8.150239,10.280415
kaggle,kg884d9fd3,kg6aafbe45,impostor,live,video,na,0.129922,0.120382,0.143215,9.646116,9.169019,9.446868
kaggle,kg884d9fd3,kg884d9fd3,genuine,live,video,na,0.921088,0.878694,0.898325,2.190204,4.816050,4.630817
kaggle,kg884d9fd3,kg884d9fd3,genuine,live,video,na,0.753919,0.699844,0.709119,-2.402517,-0.277849,-0.463082
kaggle,kg884d9fd3,kg884d9fd3,genuine,live,video,na,0.710947,0.666911,0.682486,-3.106637,-0.370465,-1.018780
kaggle,kg884d9fd3,kg884d9fd3,genuine,live,video,na,0.601324,0.548447,0.561146,-0.905839,7.131459,3.797270
kaggle,kg884d9fd3,kg884d9fd3,genuine,live,video,na,0.647773,0.607138,0.630714,2.825641,7.131459,7.131459
kaggle,kg884d9fd3,kg884d9fd3,genuine,live,video,na,0.510673,0.485070,0.471500,0.489732,0.555698,3.148956
kaggle,kg884d9fd3,kg884d9fd3,genuine,live,video,na,0.812741,0.779925,0.779437,1.747877,2.500641,2.685874
kaggle,kg884d9fd3,kg884d9fd3,genuine,live,video,na,0.228018,0.210562,0.202808,-0.822287,4.445585,4.260352
kaggle,kg884d9fd3,kg4e8af551,impostor,live,video,na,0.105240,0.104440,0.080207,9.207690,7.779773,8.983786
kaggle,kg884d9fd3,kg4e8af551,impostor,live,video,na,0.074996,0.072562,0.063384,5.749075,4.538201,5.371748
kaggle,kg884d9fd3,kg4e8af551,impostor,live,video,na,0.056010,0.048877,0.038135,8.879217,11.484427,10.465648
kaggle,kg884d9fd3,kg4e8af551,impostor,live,video,na,0.102714,0.084030,0.074164,9.462034,9.122711,9.446868
kaggle,kg884d9fd3,kg4e8af551,impostor,live,video,na,0.047549,0.026732,0.039566,7.205741,5.279132,7.316691
kaggle,kg884d9fd3,kg4e8af551,impostor,live,video,na,0.005627,-0.009299,-0.013650,6.617940,8.057622,8.983786
kaggle,kg884d9fd3,kg4e8af551,impostor,live,video,na,0.086061,0.080721,0.050640,6.432570,7.316691,6.575761
kaggle,kg884d9fd3,kg4e8af551,impostor,live,video,na,0.132598,0.079147,0.118305,9.412885,10.187799,10.928729
kaggle,kg884d9fd3,kg4e8af551,impostor,live,video,na,0.113405,0.076498,0.095326,10.323269,9.724717,10.465648
kaggle,kg884d9fd3,kg4e8af551,impostor,live,video,na,0.133062,0.100444,0.115574,10.016835,11.299194,11.808584
kaggle,kg884d9fd3,kg4e8af551,impostor,live,video,na,0.099901,0.091716,0.097297,9.748549,9.446868,11.808584
kaggle,kg884d9fd3,kg58c89e41,impostor,live,video,na,0.025515,0.016986,0.015215,2.200030,1.296629,3.797270
kaggle,kg884d9fd3,kg58c89e41,impostor,live,video,na,-0.012302,-0.021617,-0.013222,-4.899954,-3.889887,-4.167736
kaggle,kg884d9fd3,kg58c89e41,impostor,live,video,na,0.003445,0.007931,0.011539,2.464984,1.759711,2.871107
kaggle,kg884d9fd3,kg58c89e41,impostor,live,video,na,0.012113,-0.006280,-0.001960,0.564325,0.277849,2.315409
kaggle,kg884d9fd3,kg58c89e41,impostor,live,video,na,0.054407,0.022501,0.045340,3.845716,6.020063,6.483144
kaggle,kg884d9fd3,kg58c89e41,impostor,live,video,na,0.024203,0.016889,0.023928,3.313477,2.315409,4.538201
kaggle,kg884d9fd3,kg58c89e41,impostor,live,video,na,-0.060360,-0.033566,-0.035569,-3.218995,-2.871107,-2.871107
kaggle,kg884d9fd3,kg58c89e41,impostor,live,video,na,0.005186,0.009627,0.006386,-0.388910,0.648314,1.759711
kaggle,kg884d9fd3,kg58c89e41,impostor,live,video,na,-0.002762,-0.010159,-0.016878,2.151283,2.685874,3.797270
kaggle,kg884d9fd3,kg58c89e41,impostor,live,video,na,0.008362,-0.011497,0.017640,3.854321,2.685874,3.426805
kaggle,kg884d9fd3,kg58c89e41,impostor,live,video,na,0.014812,0.017789,0.020913,3.362516,4.630817,4.445585
kaggle,kg884d9fd3,kg58c89e41,impostor,live,video,na,0.027222,0.008398,0.015956,4.684412,4.630817,5.279132
kaggle,kg884d9fd3,kg58c89e41,impostor,live,video,na,0.026649,0.017305,0.016841,5.681985,4.908667,8.242855
kaggle,kg884d9fd3,kg9973bcb4,impostor,live,video,na,0.057199,0.053982,0.055870,-0.102935,1.944943,3.426805
kaggle,kg884d9fd3,kg9973bcb4,impostor,live,video,na,0.045194,0.044323,0.045995,6.218391,7.131459,10.095182
kaggle,kg884d9fd3,kg9973bcb4,impostor,live,video,na,-0.006071,0.034040,-0.019756,5.082590,3.334188,6.853610
kaggle,kg884d9fd3,kg9973bcb4,impostor,live,video,na,0.033857,0.021342,0.024031,2.990785,2.037560,5.371748
kaggle,kg884d9fd3,kg9973bcb4,impostor,live,video,na,0.091004,0.096629,0.091662,0.868921,4.723434,5.834830
kaggle,kg884d9fd3,kg9973bcb4,impostor,live,video,na,0.069409,0.063344,0.075677,-3.276545,-1.018780,-0.277849
kaggle,kg884d9fd3,kg9973bcb4,impostor,live,video,na,0.059732,0.048439,0.064318,-3.664316,-1.111396,-3.889887
kaggle,kg884d9fd3,kg9973bcb4,impostor,live,video,na,0.090051,0.081718,0.095351,-0.757619,1.296629,1.759711
kaggle,kg884d9fd3,kg9973bcb4,impostor,live,video,na,0.092038,0.077019,0.098485,-1.160551,2.408025,3.056340
kaggle,kg884d9fd3,kg9973bcb4,impostor,live,video,na,0.054943,0.085771,0.074353,1.007703,7.224075,7.594541
kaggle,kg884d9fd3,kg9973bcb4,impostor,live,video,na,0.079345,0.061422,0.046297,0.212600,5.556981,7.131459
kaggle,kg884d9fd3,kg9973bcb4,impostor,live,video,na,0.077163,0.079408,0.072275,-1.679043,-0.185233,1.574478
kaggle,kg884d9fd3,kg9973bcb4,impostor,live,video,na,-0.071053,-0.060411,-0.069049,-0.910340,0.092616,0.185233
kaggle,kg884d9fd3,kg9973bcb4,impostor,live,video,na,0.038337,0.037400,0.028861,-2.253716,0.648314,2.130176
kaggle,kg884d9fd3,kg9973bcb4,impostor,live,video,na,0.067798,0.059737,0.061751,-3.776007,-2.500641,-1.389245
kaggle,kg884d9fd3,kg884d9fd3,spoof,print,a4_printout,na,0.921714,0.861552,0.872289,-5.927691,-3.473113,-3.334188
kaggle,kg884d9fd3,kg884d9fd3,spoof,print,a4_printout,na,0.925180,0.885003,0.869539,-5.782398,-3.056340,-5.279132
kaggle,kg884d9fd3,kg884d9fd3,spoof,print,a4_printout,na,0.918030,0.870175,0.888770,-6.934784,-5.927446,-4.538201
kaggle,kg884d9fd3,kg884d9fd3,spoof,print,a4_printout,na,0.905638,0.869554,0.878759,-7.684858,-4.538201,-6.020063
kaggle,kg884d9fd3,kg884d9fd3,spoof,print,a4_printout,na,0.915510,0.870108,0.875473,-8.822296,-8.150239,-8.428088
kaggle,kg884d9fd3,kg884d9fd3,spoof,print,a4_printout,na,0.916153,0.863578,0.857473,-13.687353,-9.632100,-10.465648
kaggle,kg884d9fd3,kg884d9fd3,spoof,print,a4_printout,na,0.902144,0.871487,0.881686,-6.241276,-1.852327,-2.222792
kaggle,kg884d9fd3,kg884d9fd3,spoof,print,a4_printout,na,0.890519,0.823831,0.867066,-8.630838,-7.316691,-7.224075
kaggle,kg884d9fd3,kg884d9fd3,spoof,print,a4_printout,na,0.855811,0.786517,0.823069,-4.852267,-2.315409,-1.481862
kaggle,kg884d9fd3,kg884d9fd3,spoof,print,a4_printout,na,0.844490,0.790786,0.796037,-4.357924,-2.037560,-3.195264
kaggle,kg884d9fd3,kg884d9fd3,spoof,print,a4_printout,na,0.857840,0.792019,0.823728,-5.933992,-2.685874,-2.871107
kaggle,kg4e8af551,kg4e8af551,spoof,print,cutout_printout,na,0.842340,0.789626,0.804913,-5.795413,-2.037560,-2.963723
kaggle,kg4e8af551,kg4e8af551,spoof,print,cutout_printout,na,0.842845,0.791391,0.803099,0.914887,1.481862,1.574478
kaggle,kg4e8af551,kg4e8af551,spoof,print,cutout_printout,na,0.819701,0.767044,0.768738,-3.060834,-0.740931,-0.370465
kaggle,kg4e8af551,kg4e8af551,spoof,print,cutout_printout,na,0.825507,0.774760,0.796632,1.638236,5.279132,3.148956
kaggle,kg4e8af551,kg4e8af551,spoof,print,cutout_printout,na,0.793737,0.736555,0.753736,-2.026467,-0.463082,1.111396
kaggle,kg4e8af551,kg4e8af551,spoof,print,cutout_printout,na,0.807960,0.751520,0.763094,-2.738369,-0.463082,1.389245
kaggle,kg4e8af551,kg4e8af551,spoof,print,cutout_printout,na,0.808434,0.758236,0.754849,-4.878011,-2.500641,-3.056340
kaggle,kg4e8af551,kg4e8af551,spoof,print,cutout_printout,na,0.823602,0.771824,0.764482,-1.970520,-0.555698,-1.481862
kaggle,kg4e8af551,kg4e8af551,spoof,print,cutout_printout,na,0.814951,0.738911,0.761963,-1.678092,-0.648314,-0.648314
kaggle,kg4e8af551,kg9f53589e,impostor,live,video,na,0.023761,0.076966,0.035424,-1.301005,-2.222792,-1.574478
kaggle,kg4e8af551,kg9f53589e,impostor,live,video,na,0.049249,0.000183,0.039971,-1.792603,-1.852327,-0.926163
kaggle,kg4e8af551,kg9f53589e,impostor,live,video,na,0.018610,-0.002768,0.026968,-2.285546,-0.185233,-2.500641
kaggle,kg4e8af551,kg9f53589e,impostor,live,video,na,0.051470,0.083722,0.068920,0.170933,0.231541,0.092616
kaggle,kg4e8af551,kg9f53589e,impostor,live,video,na,0.060987,0.029096,0.047250,3.122657,2.408025,4.816050
kaggle,kg4e8af551,kg9f53589e,impostor,live,video,na,0.014392,0.026162,0.046180,-1.104956,0.000000,-0.926163
kaggle,kg4e8af551,kg9f53589e,impostor,live,video,na,0.020423,0.060761,0.009998,-0.604424,-0.833547,-1.667094
kaggle,kg4e8af551,kg9f53589e,impostor,live,video,na,0.140282,0.111187,0.117026,-0.116954,0.740931,-0.370465
kaggle,kg4e8af551,kg9f53589e,impostor,live,video,na,0.005894,0.047465,0.005086,1.099818,1.759711,0.277849
kaggle,kg4e8af551,kg9f53589e,impostor,live,video,na,0.019162,0.048477,0.028801,-3.292315,-2.593258,-1.204013
kaggle,kg4e8af551,kg9f53589e,impostor,live,video,na,0.006580,0.030252,0.029009,-0.792595,-0.555698,-1.111396
kaggle,kg4e8af551,kg5bb369f3,impostor,live,video,na,0.244650,0.205360,0.236752,1.318947,0.185233,1.111396
kaggle,kg4e8af551,kg5bb369f3,impostor,live,video,na,0.247387,0.178824,0.224413,1.838693,1.204013,1.574478
kaggle,kg4e8af551,kg5bb369f3,impostor,live,video,na,0.182244,0.151452,0.151878,-0.290793,-0.370465,-1.111396
kaggle,kg4e8af551,kg5bb369f3,impostor,live,video,na,0.255251,0.215816,0.233326,2.597053,0.926163,2.130176
kaggle,kg4e8af551,kg5bb369f3,impostor,live,video,na,0.273757,0.219660,0.253602,2.633537,0.185233,1.944943
kaggle,kg4e8af551,kg5bb369f3,impostor,live,video,na,0.115405,0.089608,0.091930,-0.665989,-0.277849,0.000000
kaggle,kg4e8af551,kg5bb369f3,impostor,live,video,na,0.172762,0.110794,0.149919,-1.060271,-2.685874,-1.759711
kaggle,kg4e8af551,kg5bb369f3,impostor,live,video,na,0.139500,0.094531,0.115111,-4.139737,-4.445585,-3.612038
kaggle,kg4e8af551,kg5bb369f3,impostor,live,video,na,0.202527,0.175394,0.167487,0.003361,0.833547,3.148956
kaggle,kg4e8af551,kg5bb369f3,impostor,live,video,na,0.180678,0.131116,0.136180,2.369602,4.816050,4.908667
kaggle,kg4e8af551,kg5bb369f3,impostor,live,video,na,0.136960,0.108359,0.109051,4.264641,5.834830,5.556981
kaggle,kg4e8af551,kg5569a12b,impostor,live,video,na,-0.097384,-0.089764,-0.086507,-0.683110,-0.463082,-0.926163
kaggle,kg4e8af551,kg5569a12b,impostor,live,video,na,-0.066279,-0.072872,-0.076338,-1.595283,-0.740931,-0.648314
kaggle,kg4e8af551,kg5569a12b,impostor,live,video,na,-0.016117,-0.038903,-0.015531,-2.671414,-2.037560,-2.685874
kaggle,kg4e8af551,kg5569a12b,impostor,live,video,na,-0.083500,-0.081844,-0.074736,-2.102694,-3.612038,-1.667094
kaggle,kg4e8af551,kg5569a12b,impostor,live,video,na,-0.063268,-0.063821,-0.038177,1.349787,1.667094,3.982503
kaggle,kg4e8af551,kg5569a12b,impostor,live,video,na,-0.002465,-0.020699,0.015388,0.569942,2.778491,0.833547
kaggle,kg4e8af551,kg5569a12b,impostor,live,video,na,-0.091063,-0.068358,-0.047212,1.101155,2.222792,2.130176
kaggle,kg4e8af551,kg5569a12b,impostor,live,video,na,-0.128326,-0.124785,-0.124155,-2.752770,-2.315409,-1.574478
kaggle,kg4e8af551,kg5569a12b,impostor,live,video,na,-0.048227,-0.060043,-0.028417,-3.005921,-1.574478,-0.833547
kaggle,kg4e8af551,kg5569a12b,impostor,live,video,na,-0.119146,-0.136895,-0.110718,-3.325739,-3.982503,-1.296629
kaggle,kg4e8af551,kg5569a12b,impostor,live,video,na,-0.130573,-0.136378,-0.112475,-0.310315,0.926163,0.277849
kaggle,kg4e8af551,kg5569a12b,impostor,live,video,na,-0.080732,-0.074101,-0.070912,2.463571,1.759711,1.759711
kaggle,kg4e8af551,kg5569a12b,impostor,live,video,na,-0.051633,-0.045716,-0.023011,0.598975,0.740931,-0.648314
kaggle,kg4e8af551,kg5569a12b,impostor,live,video,na,-0.129653,-0.132595,-0.118130,-1.863188,-1.667094,-0.833547
kaggle,kg4e8af551,kg6aade0ea,impostor,live,video,na,0.116466,0.134187,0.145654,1.743282,3.426805,6.297912
kaggle,kg4e8af551,kg6aade0ea,impostor,live,video,na,0.096884,0.125592,0.123148,1.104554,4.260352,7.316691
kaggle,kg4e8af551,kg6aade0ea,impostor,live,video,na,0.111649,0.130936,0.110700,-0.225537,1.667094,1.944943
kaggle,kg4e8af551,kg6aade0ea,impostor,live,video,na,0.097464,0.120869,0.115361,3.672187,4.723434,6.575761
kaggle,kg4e8af551,kg6aade0ea,impostor,live,video,na,0.069675,0.065157,0.101969,-1.194926,0.926163,4.167736
kaggle,kg4e8af551,kg6aade0ea,impostor,live,video,na,0.085888,0.102496,0.105383,-0.279476,1.944943,4.167736
kaggle,kg4e8af551,kg6aade0ea,impostor,live,video,na,0.083083,0.103764,0.083009,0.058539,2.222792,2.963723
kaggle,kg4e8af551,kg6aade0ea,impostor,live,video,na,0.084895,0.101782,0.109156,4.594021,5.093899,8.613320
kaggle,kg4e8af551,kg6aade0ea,impostor,live,video,na,0.053911,0.072999,0.076426,6.129418,4.816050,8.150239
kaggle,kg4e8af551,kg6aade0ea,impostor,live,video,na,0.101799,0.117377,0.122396,3.337297,7.224075,8.798553
kaggle,kg4e8af551,kg6aade0ea,impostor,live,video,na,0.090924,0.103328,0.125947,2.645266,5.742214,5.279132
kaggle,kg4e8af551,kg6aade0ea,impostor,live,video,na,0.093080,0.120307,0.114256,2.087784,5.186516,6.020063
kaggle,kg4e8af551,kg6aafbe45,impostor,live,video,na,0.092820,0.067636,0.062357,9.763212,8.242855,8.937477
kaggle,kg4e8af551,kg6aafbe45,impostor,live,video,na,0.109389,0.056103,0.097836,8.482172,8.150239,8.150239
kaggle,kg4e8af551,kg6aafbe45,impostor,live,video,na,0.003441,0.027386,0.015793,7.194654,5.556981,6.853610
kaggle,kg4e8af551,kg6aafbe45,impostor,live,video,na,0.093859,0.059008,0.063484,9.671059,9.539484,9.076403
kaggle,kg4e8af551,kg6aafbe45,impostor,live,video,na,0.021303,-0.000412,0.024829,6.924478,7.270383,7.594541
kaggle,kg4e8af551,kg6aafbe45,impostor,live,video,na,0.132784,0.097907,0.130301,11.227123,11.577044,11.762277
kaggle,kg4e8af551,kg6aafbe45,impostor,live,video,na,0.060248,0.089661,0.102121,7.275872,6.483144,6.575761
kaggle,kg4e8af551,kg6aafbe45,impostor,live,video,na,0.050904,0.061430,0.050279,5.837343,5.371748,6.390528
kaggle,kg4e8af551,kg6aafbe45,impostor,live,video,na,0.122216,0.087049,0.123216,9.554701,8.335471,9.817333
kaggle,kg4e8af551,kg6aafbe45,impostor,live,video,na,0.091440,0.094113,0.097795,8.568602,8.150239,10.280415
kaggle,kg4e8af551,kg6aafbe45,impostor,live,video,na,0.114923,0.095814,0.099736,9.646116,9.169019,9.446868
kaggle,kg4e8af551,kg884d9fd3,impostor,live,video,na,0.163254,0.166850,0.160526,2.190204,4.816050,4.630817
kaggle,kg4e8af551,kg884d9fd3,impostor,live,video,na,0.076855,0.037553,0.055132,-2.402517,-0.277849,-0.463082
kaggle,kg4e8af551,kg884d9fd3,impostor,live,video,na,0.140062,0.104445,0.128188,-3.106637,-0.370465,-1.018780
kaggle,kg4e8af551,kg884d9fd3,impostor,live,video,na,0.165198,0.122849,0.130452,-0.905839,7.131459,3.797270
kaggle,kg4e8af551,kg884d9fd3,impostor,live,video,na,0.210743,0.176894,0.180217,2.825641,7.131459,7.131459
kaggle,kg4e8af551,kg884d9fd3,impostor,live,video,na,0.151749,0.135236,0.182485,0.489732,0.555698,3.148956
kaggle,kg4e8af551,kg884d9fd3,impostor,live,video,na,0.136053,0.125193,0.115438,1.747877,2.500641,2.685874
kaggle,kg4e8af551,kg884d9fd3,impostor,live,video,na,0.001642,0.072105,0.044170,-0.822287,4.445585,4.260352
kaggle,kg4e8af551,kg4e8af551,genuine,live,video,na,0.927279,0.919866,0.912071,9.207690,7.779773,8.983786
kaggle,kg4e8af551,kg4e8af551,genuine,live,video,na,0.814475,0.796277,0.787922,5.749075,4.538201,5.371748
kaggle,kg4e8af551,kg4e8af551,genuine,live,video,na,0.702333,0.682811,0.691641,8.879217,11.484427,10.465648
kaggle,kg4e8af551,kg4e8af551,genuine,live,video,na,0.860155,0.849265,0.831017,9.462034,9.122711,9.446868
kaggle,kg4e8af551,kg4e8af551,genuine,live,video,na,0.747886,0.714253,0.720943,7.205741,5.279132,7.316691
kaggle,kg4e8af551,kg4e8af551,genuine,live,video,na,0.658867,0.638475,0.630096,6.617940,8.057622,8.983786
kaggle,kg4e8af551,kg4e8af551,genuine,live,video,na,0.937030,0.924736,0.913658,6.432570,7.316691,6.575761
kaggle,kg4e8af551,kg4e8af551,genuine,live,video,na,0.833559,0.797687,0.815612,9.412885,10.187799,10.928729
kaggle,kg4e8af551,kg4e8af551,genuine,live,video,na,0.810182,0.773183,0.765463,10.323269,9.724717,10.465648
kaggle,kg4e8af551,kg4e8af551,genuine,live,video,na,0.895599,0.861531,0.858438,10.016835,11.299194,11.808584
kaggle,kg4e8af551,kg4e8af551,genuine,live,video,na,0.924619,0.901710,0.905116,9.748549,9.446868,11.808584
kaggle,kg4e8af551,kg58c89e41,impostor,live,video,na,0.128710,0.100651,0.130072,2.200030,1.296629,3.797270
kaggle,kg4e8af551,kg58c89e41,impostor,live,video,na,0.165303,0.139047,0.143892,-4.899954,-3.889887,-4.167736
kaggle,kg4e8af551,kg58c89e41,impostor,live,video,na,0.139242,0.112725,0.140863,2.464984,1.759711,2.871107
kaggle,kg4e8af551,kg58c89e41,impostor,live,video,na,0.099146,0.067762,0.082520,0.564325,0.277849,2.315409
kaggle,kg4e8af551,kg58c89e41,impostor,live,video,na,0.092625,0.073801,0.082530,3.845716,6.020063,6.483144
kaggle,kg4e8af551,kg58c89e41,impostor,live,video,na,0.158355,0.138331,0.182755,3.313477,2.315409,4.538201
kaggle,kg4e8af551,kg58c89e41,impostor,live,video,na,0.159418,0.151455,0.162637,-3.218995,-2.871107,-2.871107
kaggle,kg4e8af551,kg58c89e41,impostor,live,video,na,0.152886,0.128121,0.155380,-0.388910,0.648314,1.759711
kaggle,kg4e8af551,kg58c89e41,impostor,live,video,na,0.138087,0.097494,0.144961,2.151283,2.685874,3.797270
kaggle,kg4e8af551,kg58c89e41,impostor,live,video,na,0.136425,0.109314,0.149586,3.854321,2.685874,3.426805
kaggle,kg4e8af551,kg58c89e41,impostor,live,video,na,0.137446,0.106678,0.134317,3.362516,4.630817,4.445585
kaggle,kg4e8af551,kg58c89e41,impostor,live,video,na,0.137555,0.105082,0.136668,4.684412,4.630817,5.279132
kaggle,kg4e8af551,kg58c89e41,impostor,live,video,na,0.140062,0.104873,0.118510,5.681985,4.908667,8.242855
kaggle,kg4e8af551,kg9973bcb4,impostor,live,video,na,0.075317,0.095887,0.112565,-0.102935,1.944943,3.426805
kaggle,kg4e8af551,kg9973bcb4,impostor,live,video,na,0.107058,0.142271,0.123977,6.218391,7.131459,10.095182
kaggle,kg4e8af551,kg9973bcb4,impostor,live,video,na,0.194311,0.163024,0.164108,5.082590,3.334188,6.853610
kaggle,kg4e8af551,kg9973bcb4,impostor,live,video,na,0.206714,0.149222,0.184170,2.990785,2.037560,5.371748
kaggle,kg4e8af551,kg9973bcb4,impostor,live,video,na,0.111153,0.142468,0.127086,0.868921,4.723434,5.834830
kaggle,kg4e8af551,kg9973bcb4,impostor,live,video,na,0.172287,0.136381,0.146992,-3.276545,-1.018780,-0.277849
kaggle,kg4e8af551,kg9973bcb4,impostor,live,video,na,0.192337,0.170203,0.191723,-3.664316,-1.111396,-3.889887
kaggle,kg4e8af551,kg9973bcb4,impostor,live,video,na,0.153573,0.173947,0.159615,-0.757619,1.296629,1.759711
kaggle,kg4e8af551,kg9973bcb4,impostor,live,video,na,0.141720,0.147855,0.164952,-1.160551,2.408025,3.056340
kaggle,kg4e8af551,kg9973bcb4,impostor,live,video,na,0.142317,0.132973,0.139632,1.007703,7.224075,7.594541
kaggle,kg4e8af551,kg9973bcb4,impostor,live,video,na,0.093505,0.119407,0.111798,0.212600,5.556981,7.131459
kaggle,kg4e8af551,kg9973bcb4,impostor,live,video,na,0.038959,0.082358,0.040763,-1.679043,-0.185233,1.574478
kaggle,kg4e8af551,kg9973bcb4,impostor,live,video,na,-0.017077,0.004114,-0.019781,-0.910340,0.092616,0.185233
kaggle,kg4e8af551,kg9973bcb4,impostor,live,video,na,0.093017,0.097460,0.088848,-2.253716,0.648314,2.130176
kaggle,kg4e8af551,kg9973bcb4,impostor,live,video,na,0.105196,0.126316,0.127738,-3.776007,-2.500641,-1.389245
kaggle,kg4e8af551,kg4e8af551,spoof,print,a4_printout,na,0.817716,0.784498,0.779886,-12.443229,-10.465648,-11.391811
kaggle,kg4e8af551,kg4e8af551,spoof,print,a4_printout,na,0.855739,0.787744,0.786531,-11.642721,-11.808584,-10.465648
kaggle,kg4e8af551,kg4e8af551,spoof,print,a4_printout,na,0.859285,0.818297,0.827662,-9.784149,-8.798553,-8.057622
kaggle,kg4e8af551,kg4e8af551,spoof,print,a4_printout,na,0.856870,0.812852,0.833453,-11.800748,-10.002565,-9.354251
kaggle,kg4e8af551,kg4e8af551,spoof,print,a4_printout,na,0.862614,0.819576,0.847704,-9.388489,-6.020063,-3.426805
kaggle,kg4e8af551,kg4e8af551,spoof,print,a4_printout,na,0.852955,0.812988,0.813709,-10.497648,-9.261635,-7.501925
kaggle,kg4e8af551,kg4e8af551,spoof,print,a4_printout,na,0.824971,0.789588,0.816482,-9.207711,-8.844862,-4.816050
kaggle,kg4e8af551,kg4e8af551,spoof,print,a4_printout,na,0.843908,0.806905,0.820097,-9.990546,-8.798553,-8.798553
kaggle,kg4e8af551,kg4e8af551,spoof,print,a4_printout,na,0.846178,0.803269,0.811112,-12.693845,-8.705936,-7.779773
kaggle,kg4e8af551,kg4e8af551,spoof,print,a4_printout,na,0.833010,0.791705,0.784222,-9.845783,-7.872390,-7.872390
kaggle,kg4e8af551,kg4e8af551,spoof,print,a4_printout,na,0.821605,0.774190,0.776541,-9.236020,-9.169019,-6.946226
kaggle,kg4e8af551,kg4e8af551,spoof,print,a4_printout,na,0.816898,0.769231,0.768055,-7.963394,-4.075119,-5.186516
kaggle,kg4e8af551,kg4e8af551,spoof,print,a4_printout,na,0.803180,0.773177,0.783533,-4.816913,-4.445585,-4.352968
kaggle,kg4e8af551,kg4e8af551,spoof,print,a4_printout,na,0.801604,0.760651,0.773409,-2.949346,-1.944943,-2.685874
kaggle,kg4e8af551,kg4e8af551,spoof,print,a4_printout,na,0.803405,0.754741,0.774274,-5.892664,-3.889887,-3.519421
kaggle,kg58c89e41,kg58c89e41,spoof,print,cutout_printout,na,0.851530,0.829939,0.841461,-5.837031,-3.982503,-3.982503
kaggle,kg58c89e41,kg58c89e41,spoof,print,cutout_printout,na,0.841453,0.836713,0.841123,-5.301285,-3.889887,-3.241572
kaggle,kg58c89e41,kg58c89e41,spoof,print,cutout_printout,na,0.849848,0.830380,0.845412,-6.797935,-5.186516,-5.927446
kaggle,kg58c89e41,kg58c89e41,spoof,print,cutout_printout,na,0.852670,0.848890,0.858343,-3.920935,-3.612038,-2.408025
kaggle,kg58c89e41,kg58c89e41,spoof,print,cutout_printout,na,0.843261,0.824699,0.831570,-1.741721,-0.555698,-0.370465
kaggle,kg58c89e41,kg58c89e41,spoof,print,cutout_printout,na,0.858701,0.844400,0.844923,-5.038300,-3.982503,-3.519421
kaggle,kg58c89e41,kg58c89e41,spoof,print,cutout_printout,na,0.853138,0.818443,0.840404,-4.592031,-3.334188,-3.889887
kaggle,kg58c89e41,kg58c89e41,spoof,print,cutout_printout,na,0.848950,0.815540,0.824274,-5.506288,-5.371748,-4.075119
kaggle,kg58c89e41,kg58c89e41,spoof,print,cutout_printout,na,0.854302,0.835267,0.858738,-5.414133,-4.723434,-3.334188
kaggle,kg58c89e41,kg9f53589e,impostor,live,video,na,0.123001,0.136265,0.103536,-1.301005,-2.222792,-1.574478
kaggle,kg58c89e41,kg9f53589e,impostor,live,video,na,0.081747,0.092883,0.077177,-1.792603,-1.852327,-0.926163
kaggle,kg58c89e41,kg9f53589e,impostor,live,video,na,0.106896,0.093547,0.074645,-2.285546,-0.185233,-2.500641
kaggle,kg58c89e41,kg9f53589e,impostor,live,video,na,0.086196,0.073622,0.039286,0.170933,0.231541,0.092616
kaggle,kg58c89e41,kg9f53589e,impostor,live,video,na,0.038212,0.051793,0.037275,3.122657,2.408025,4.816050
kaggle,kg58c89e41,kg9f53589e,impostor,live,video,na,0.100245,0.131233,0.084853,-1.104956,0.000000,-0.926163
kaggle,kg58c89e41,kg9f53589e,impostor,live,video,na,0.064340,0.113105,0.029448,-0.604424,-0.833547,-1.667094
kaggle,kg58c89e41,kg9f53589e,impostor,live,video,na,0.074655,0.079793,0.063610,-0.116954,0.740931,-0.370465
kaggle,kg58c89e41,kg9f53589e,impostor,live,video,na,0.101992,0.116427,0.073470,1.099818,1.759711,0.277849
kaggle,kg58c89e41,kg9f53589e,impostor,live,video,na,0.155028,0.155078,0.111981,-3.292315,-2.593258,-1.204013
kaggle,kg58c89e41,kg9f53589e,impostor,live,video,na,0.106311,0.101138,0.104193,-0.792595,-0.555698,-1.111396
kaggle,kg58c89e41,kg5bb369f3,impostor,live,video,na,0.145659,0.143665,0.126492,1.318947,0.185233,1.111396
kaggle,kg58c89e41,kg5bb369f3,impostor,live,video,na,0.152712,0.159180,0.136626,1.838693,1.204013,1.574478
kaggle,kg58c89e41,kg5bb369f3,impostor,live,video,na,0.115337,0.146278,0.124117,-0.290793,-0.370465,-1.111396
kaggle,kg58c89e41,kg5bb369f3,impostor,live,video,na,0.127188,0.119047,0.140734,2.597053,0.926163,2.130176
kaggle,kg58c89e41,kg5bb369f3,impostor,live,video,na,0.125149,0.112195,0.109781,2.633537,0.185233,1.944943
kaggle,kg58c89e41,kg5bb369f3,impostor,live,video,na,0.177297,0.151398,0.145920,-0.665989,-0.277849,0.000000
kaggle,kg58c89e41,kg5bb369f3,impostor,live,video,na,0.094151,0.093149,0.114872,-1.060271,-2.685874,-1.759711
kaggle,kg58c89e41,kg5bb369f3,impostor,live,video,na,0.047168,0.063385,0.051628,-4.139737,-4.445585,-3.612038
kaggle,kg58c89e41,kg5bb369f3,impostor,live,video,na,0.138166,0.132228,0.137392,0.003361,0.833547,3.148956
kaggle,kg58c89e41,kg5bb369f3,impostor,live,video,na,0.104832,0.106419,0.122636,2.369602,4.816050,4.908667
kaggle,kg58c89e41,kg5bb369f3,impostor,live,video,na,0.057541,0.013823,0.079662,4.264641,5.834830,5.556981
kaggle,kg58c89e41,kg5569a12b,impostor,live,video,na,0.052183,0.064737,0.036619,-0.683110,-0.463082,-0.926163
kaggle,kg58c89e41,kg5569a12b,impostor,live,video,na,0.074548,0.088758,0.091876,-1.595283,-0.740931,-0.648314
kaggle,kg58c89e41,kg5569a12b,impostor,live,video,na,0.049204,0.061961,0.074235,-2.671414,-2.037560,-2.685874
kaggle,kg58c89e41,kg5569a12b,impostor,live,video,na,0.070936,0.073079,0.072088,-2.102694,-3.612038,-1.667094
kaggle,kg58c89e41,kg5569a12b,impostor,live,video,na,0.011657,0.001693,0.007787,1.349787,1.667094,3.982503
kaggle,kg58c89e41,kg5569a12b,impostor,live,video,na,-0.014964,-0.035704,-0.009756,0.569942,2.778491,0.833547
kaggle,kg58c89e41,kg5569a12b,impostor,live,video,na,0.029059,0.054211,0.043225,1.101155,2.222792,2.130176
kaggle,kg58c89e41,kg5569a12b,impostor,live,video,na,0.067205,0.085764,0.042436,-2.752770,-2.315409,-1.574478
kaggle,kg58c89e41,kg5569a12b,impostor,live,video,na,0.056226,0.050342,0.060008,-3.005921,-1.574478,-0.833547
kaggle,kg58c89e41,kg5569a12b,impostor,live,video,na,0.049614,0.044557,0.066274,-3.325739,-3.982503,-1.296629
kaggle,kg58c89e41,kg5569a12b,impostor,live,video,na,0.070484,0.046232,0.069867,-0.310315,0.926163,0.277849
kaggle,kg58c89e41,kg5569a12b,impostor,live,video,na,0.050995,0.051083,0.054734,2.463571,1.759711,1.759711
kaggle,kg58c89e41,kg5569a12b,impostor,live,video,na,0.075234,0.085090,0.093722,0.598975,0.740931,-0.648314
kaggle,kg58c89e41,kg5569a12b,impostor,live,video,na,0.046650,0.061964,0.041933,-1.863188,-1.667094,-0.833547
kaggle,kg58c89e41,kg6aade0ea,impostor,live,video,na,0.205221,0.183478,0.192402,1.743282,3.426805,6.297912
kaggle,kg58c89e41,kg6aade0ea,impostor,live,video,na,0.181777,0.189306,0.171188,1.104554,4.260352,7.316691
kaggle,kg58c89e41,kg6aade0ea,impostor,live,video,na,0.087368,0.088036,0.074632,-0.225537,1.667094,1.944943
kaggle,kg58c89e41,kg6aade0ea,impostor,live,video,na,0.178536,0.163137,0.168105,3.672187,4.723434,6.575761
kaggle,kg58c89e41,kg6aade0ea,impostor,live,video,na,0.136775,0.152169,0.145299,-1.194926,0.926163,4.167736
kaggle,kg58c89e41,kg6aade0ea,impostor,live,video,na,0.131931,0.129955,0.111112,-0.279476,1.944943,4.167736
kaggle,kg58c89e41,kg6aade0ea,impostor,live,video,na,0.126417,0.126989,0.137289,0.058539,2.222792,2.963723
kaggle,kg58c89e41,kg6aade0ea,impostor,live,video,na,0.159614,0.144335,0.145245,4.594021,5.093899,8.613320
kaggle,kg58c89e41,kg6aade0ea,impostor,live,video,na,0.132427,0.145430,0.149472,6.129418,4.816050,8.150239
kaggle,kg58c89e41,kg6aade0ea,impostor,live,video,na,0.187286,0.179288,0.185483,3.337297,7.224075,8.798553
kaggle,kg58c89e41,kg6aade0ea,impostor,live,video,na,0.177543,0.176873,0.169960,2.645266,5.742214,5.279132
kaggle,kg58c89e41,kg6aade0ea,impostor,live,video,na,0.161000,0.150511,0.161729,2.087784,5.186516,6.020063
kaggle,kg58c89e41,kg6aafbe45,impostor,live,video,na,-0.031649,-0.044706,0.013320,9.763212,8.242855,8.937477
kaggle,kg58c89e41,kg6aafbe45,impostor,live,video,na,-0.100758,-0.100990,-0.086341,8.482172,8.150239,8.150239
kaggle,kg58c89e41,kg6aafbe45,impostor,live,video,na,-0.033421,-0.041163,0.001545,7.194654,5.556981,6.853610
kaggle,kg58c89e41,kg6aafbe45,impostor,live,video,na,-0.084812,-0.066267,-0.066520,9.671059,9.539484,9.076403
kaggle,kg58c89e41,kg6aafbe45,impostor,live,video,na,0.042347,0.041260,0.051332,6.924478,7.270383,7.594541
kaggle,kg58c89e41,kg6aafbe45,impostor,live,video,na,-0.056401,-0.059836,-0.029208,11.227123,11.577044,11.762277
kaggle,kg58c89e41,kg6aafbe45,impostor,live,video,na,-0.122338,-0.148958,-0.093159,7.275872,6.483144,6.575761
kaggle,kg58c89e41,kg6aafbe45,impostor,live,video,na,-0.054185,-0.039947,-0.021846,5.837343,5.371748,6.390528
kaggle,kg58c89e41,kg6aafbe45,impostor,live,video,na,0.006871,0.008082,0.029188,9.554701,8.335471,9.817333
kaggle,kg58c89e41,kg6aafbe45,impostor,live,video,na,0.004298,0.011312,0.008640,8.568602,8.150239,10.280415
kaggle,kg58c89e41,kg6aafbe45,impostor,live,video,na,0.000100,-0.018477,0.016317,9.646116,9.169019,9.446868
kaggle,kg58c89e41,kg884d9fd3,impostor,live,video,na,-0.027496,-0.050735,-0.012327,2.190204,4.816050,4.630817
kaggle,kg58c89e41,kg884d9fd3,impostor,live,video,na,0.003734,-0.038595,0.001919,-2.402517,-0.277849,-0.463082
kaggle,kg58c89e41,kg884d9fd3,impostor,live,video,na,0.040323,0.031714,0.037339,-3.106637,-0.370465,-1.018780
kaggle,kg58c89e41,kg884d9fd3,impostor,live,video,na,0.004641,0.008761,-0.007884,-0.905839,7.131459,3.797270
kaggle,kg58c89e41,kg884d9fd3,impostor,live,video,na,-0.033225,-0.018750,-0.020699,2.825641,7.131459,7.131459
kaggle,kg58c89e41,kg884d9fd3,impostor,live,video,na,-0.010873,-0.018361,-0.024899,0.489732,0.555698,3.148956
kaggle,kg58c89e41,kg884d9fd3,impostor,live,video,na,-0.077667,-0.054127,-0.069481,1.747877,2.500641,2.685874
kaggle,kg58c89e41,kg884d9fd3,impostor,live,video,na,-0.010856,0.016964,0.009039,-0.822287,4.445585,4.260352
kaggle,kg58c89e41,kg4e8af551,impostor,live,video,na,0.235199,0.188357,0.267598,9.207690,7.779773,8.983786
kaggle,kg58c89e41,kg4e8af551,impostor,live,video,na,0.176496,0.144521,0.205408,5.749075,4.538201,5.371748
kaggle,kg58c89e41,kg4e8af551,impostor,live,video,na,0.210719,0.192543,0.250769,8.879217,11.484427,10.465648
kaggle,kg58c89e41,kg4e8af551,impostor,live,video,na,0.246527,0.222335,0.264498,9.462034,9.122711,9.446868
kaggle,kg58c89e41,kg4e8af551,impostor,live,video,na,0.157682,0.154014,0.188313,7.205741,5.279132,7.316691
kaggle,kg58c89e41,kg4e8af551,impostor,live,video,na,0.083409,0.044715,0.133131,6.617940,8.057622,8.983786
kaggle,kg58c89e41,kg4e8af551,impostor,live,video,na,0.192685,0.162141,0.217877,6.432570,7.316691,6.575761
kaggle,kg58c89e41,kg4e8af551,impostor,live,video,na,0.182866,0.153226,0.190014,9.412885,10.187799,10.928729
kaggle,kg58c89e41,kg4e8af551,impostor,live,video,na,0.205695,0.200852,0.218672,10.323269,9.724717,10.465648
kaggle,kg58c89e41,kg4e8af551,impostor,live,video,na,0.179402,0.170517,0.193529,10.016835,11.299194,11.808584
kaggle,kg58c89e41,kg4e8af551,impostor,live,video,na,0.211945,0.185104,0.227318,9.748549,9.446868,11.808584
kaggle,kg58c89e41,kg58c89e41,genuine,live,video,na,0.883859,0.865895,0.876176,2.200030,1.296629,3.797270
kaggle,kg58c89e41,kg58c89e41,genuine,live,video,na,0.815532,0.778081,0.807161,-4.899954,-3.889887,-4.167736
kaggle,kg58c89e41,kg58c89e41,genuine,live,video,na,0.904283,0.875425,0.904172,2.464984,1.759711,2.871107
kaggle,kg58c89e41,kg58c89e41,genuine,live,video,na,0.752887,0.721061,0.730660,0.564325,0.277849,2.315409
kaggle,kg58c89e41,kg58c89e41,genuine,live,video,na,0.649359,0.606097,0.627910,3.845716,6.020063,6.483144
kaggle,kg58c89e41,kg58c89e41,genuine,live,video,na,0.780219,0.753776,0.766707,3.313477,2.315409,4.538201
kaggle,kg58c89e41,kg58c89e41,genuine,live,video,na,0.778429,0.729624,0.771034,-3.218995,-2.871107,-2.871107
kaggle,kg58c89e41,kg58c89e41,genuine,live,video,na,0.878254,0.841988,0.868527,-0.388910,0.648314,1.759711
kaggle,kg58c89e41,kg58c89e41,genuine,live,video,na,0.897756,0.873140,0.882920,2.151283,2.685874,3.797270
kaggle,kg58c89e41,kg58c89e41,genuine,live,video,na,0.875412,0.839124,0.858670,3.854321,2.685874,3.426805
kaggle,kg58c89e41,kg58c89e41,genuine,live,video,na,0.876370,0.840348,0.868282,3.362516,4.630817,4.445585
kaggle,kg58c89e41,kg58c89e41,genuine,live,video,na,0.879742,0.865230,0.877082,4.684412,4.630817,5.279132
kaggle,kg58c89e41,kg58c89e41,genuine,live,video,na,0.892957,0.854776,0.882557,5.681985,4.908667,8.242855
kaggle,kg58c89e41,kg9973bcb4,impostor,live,video,na,-0.063223,-0.054766,-0.054285,-0.102935,1.944943,3.426805
kaggle,kg58c89e41,kg9973bcb4,impostor,live,video,na,-0.074188,-0.091484,-0.062698,6.218391,7.131459,10.095182
kaggle,kg58c89e41,kg9973bcb4,impostor,live,video,na,-0.013624,-0.031317,-0.011297,5.082590,3.334188,6.853610
kaggle,kg58c89e41,kg9973bcb4,impostor,live,video,na,-0.018182,-0.063110,-0.023647,2.990785,2.037560,5.371748
kaggle,kg58c89e41,kg9973bcb4,impostor,live,video,na,-0.081960,-0.088827,-0.080988,0.868921,4.723434,5.834830
kaggle,kg58c89e41,kg9973bcb4,impostor,live,video,na,-0.036318,-0.045514,-0.042306,-3.276545,-1.018780,-0.277849
kaggle,kg58c89e41,kg9973bcb4,impostor,live,video,na,-0.008083,-0.038906,-0.007698,-3.664316,-1.111396,-3.889887
kaggle,kg58c89e41,kg9973bcb4,impostor,live,video,na,-0.036158,-0.061276,-0.039514,-0.757619,1.296629,1.759711
kaggle,kg58c89e41,kg9973bcb4,impostor,live,video,na,0.040111,-0.004457,0.015687,-1.160551,2.408025,3.056340
kaggle,kg58c89e41,kg9973bcb4,impostor,live,video,na,0.034919,0.038151,0.048104,1.007703,7.224075,7.594541
kaggle,kg58c89e41,kg9973bcb4,impostor,live,video,na,-0.067334,-0.062930,-0.044562,0.212600,5.556981,7.131459
kaggle,kg58c89e41,kg9973bcb4,impostor,live,video,na,-0.026491,-0.023071,-0.004928,-1.679043,-0.185233,1.574478
kaggle,kg58c89e41,kg9973bcb4,impostor,live,video,na,0.012286,-0.005882,0.010279,-0.910340,0.092616,0.185233
kaggle,kg58c89e41,kg9973bcb4,impostor,live,video,na,-0.058706,-0.041281,-0.041415,-2.253716,0.648314,2.130176
kaggle,kg58c89e41,kg9973bcb4,impostor,live,video,na,-0.044552,-0.040676,-0.025918,-3.776007,-2.500641,-1.389245
kaggle,kg58c89e41,kg58c89e41,spoof,print,a4_printout,na,0.876688,0.848597,0.832535,-6.495494,-6.483144,-5.927446
kaggle,kg58c89e41,kg58c89e41,spoof,print,a4_printout,na,0.901072,0.884378,0.865807,-3.357985,-3.797270,-3.519421
kaggle,kg58c89e41,kg58c89e41,spoof,print,a4_printout,na,0.901264,0.876551,0.859462,-1.233133,-2.500641,-0.463082
kaggle,kg58c89e41,kg58c89e41,spoof,print,a4_printout,na,0.891091,0.876429,0.868439,-3.111959,-3.797270,-3.426805
kaggle,kg58c89e41,kg58c89e41,spoof,print,a4_printout,na,0.890966,0.864861,0.864500,-4.123010,-5.001283,-3.612038
kaggle,kg58c89e41,kg58c89e41,spoof,print,a4_printout,na,0.894552,0.867755,0.878219,-2.627522,-0.926163,-2.963723
kaggle,kg58c89e41,kg58c89e41,spoof,print,a4_printout,na,0.889242,0.871219,0.865232,-1.969577,-2.685874,-3.797270
kaggle,kg58c89e41,kg58c89e41,spoof,print,a4_printout,na,0.843400,0.843127,0.828341,-3.102069,-3.704654,-3.704654
kaggle,kg58c89e41,kg58c89e41,spoof,print,a4_printout,na,0.829349,0.828059,0.814381,-4.175512,-4.630817,-3.889887
kaggle,kg58c89e41,kg58c89e41,spoof,print,a4_printout,na,0.831218,0.828667,0.812431,-3.482655,-5.279132,-4.260352
kaggle,kg9973bcb4,kg9973bcb4,spoof,print,cutout_printout,na,0.890385,0.855565,0.872203,-1.476165,0.463082,1.111396
kaggle,kg9973bcb4,kg9973bcb4,spoof,print,cutout_printout,na,0.886995,0.857000,0.880695,-0.567247,1.389245,0.555698
kaggle,kg9973bcb4,kg9973bcb4,spoof,print,cutout_printout,na,0.895347,0.876237,0.881006,-3.303967,-1.944943,-1.296629
kaggle,kg9973bcb4,kg9973bcb4,spoof,print,cutout_printout,na,0.881699,0.845304,0.867096,-2.364882,0.648314,-2.222792
kaggle,kg9973bcb4,kg9973bcb4,spoof,print,cutout_printout,na,0.872923,0.835999,0.858927,-4.274663,-3.612038,-3.519421
kaggle,kg9973bcb4,kg9973bcb4,spoof,print,cutout_printout,na,0.871967,0.814374,0.841216,-2.589409,-1.759711,-3.612038
kaggle,kg9973bcb4,kg9973bcb4,spoof,print,cutout_printout,na,0.864074,0.823878,0.859323,-6.788106,-6.853610,-7.038843
kaggle,kg9973bcb4,kg9973bcb4,spoof,print,cutout_printout,na,0.842339,0.801058,0.830208,-7.042369,-6.390528,-6.575761
kaggle,kg9973bcb4,kg9973bcb4,spoof,print,cutout_printout,na,0.867533,0.822256,0.850293,-5.386353,-6.390528,-4.723434
kaggle,kg9973bcb4,kg9f53589e,impostor,live,video,na,-0.071015,-0.034038,-0.082217,-1.301005,-2.222792,-1.574478
kaggle,kg9973bcb4,kg9f53589e,impostor,live,video,na,-0.017916,0.004384,-0.036535,-1.792603,-1.852327,-0.926163
kaggle,kg9973bcb4,kg9f53589e,impostor,live,video,na,-0.009304,0.045098,0.005000,-2.285546,-0.185233,-2.500641
kaggle,kg9973bcb4,kg9f53589e,impostor,live,video,na,-0.103799,-0.075541,-0.126178,0.170933,0.231541,0.092616
kaggle,kg9973bcb4,kg9f53589e,impostor,live,video,na,-0.040141,-0.009766,-0.033416,3.122657,2.408025,4.816050
kaggle,kg9973bcb4,kg9f53589e,impostor,live,video,na,-0.107454,-0.073670,-0.106248,-1.104956,0.000000,-0.926163
kaggle,kg9973bcb4,kg9f53589e,impostor,live,video,na,-0.076469,-0.071244,-0.099077,-0.604424,-0.833547,-1.667094
kaggle,kg9973bcb4,kg9f53589e,impostor,live,video,na,0.027975,0.071661,0.037651,-0.116954,0.740931,-0.370465
kaggle,kg9973bcb4,kg9f53589e,impostor,live,video,na,-0.084384,-0.047839,-0.076823,1.099818,1.759711,0.277849
kaggle,kg9973bcb4,kg9f53589e,impostor,live,video,na,-0.078449,-0.039222,-0.071771,-3.292315,-2.593258,-1.204013
kaggle,kg9973bcb4,kg9f53589e,impostor,live,video,na,-0.077181,-0.033924,-0.069382,-0.792595,-0.555698,-1.111396
kaggle,kg9973bcb4,kg5bb369f3,impostor,live,video,na,-0.002906,-0.057882,-0.023372,1.318947,0.185233,1.111396
kaggle,kg9973bcb4,kg5bb369f3,impostor,live,video,na,-0.006963,-0.063156,-0.029345,1.838693,1.204013,1.574478
kaggle,kg9973bcb4,kg5bb369f3,impostor,live,video,na,0.055909,0.037997,0.051920,-0.290793,-0.370465,-1.111396
kaggle,kg9973bcb4,kg5bb369f3,impostor,live,video,na,0.020070,0.041364,0.027978,2.597053,0.926163,2.130176
kaggle,kg9973bcb4,kg5bb369f3,impostor,live,video,na,-0.057704,-0.068158,-0.056513,2.633537,0.185233,1.944943
kaggle,kg9973bcb4,kg5bb369f3,impostor,live,video,na,-0.008043,-0.006553,-0.028080,-0.665989,-0.277849,0.000000
kaggle,kg9973bcb4,kg5bb369f3,impostor,live,video,na,-0.040937,-0.056014,-0.050500,-1.060271,-2.685874,-1.759711
kaggle,kg9973bcb4,kg5bb369f3,impostor,live,video,na,0.025944,0.057742,0.035032,-4.139737,-4.445585,-3.612038
kaggle,kg9973bcb4,kg5bb369f3,impostor,live,video,na,0.002696,0.031894,0.017831,0.003361,0.833547,3.148956
kaggle,kg9973bcb4,kg5bb369f3,impostor,live,video,na,0.160040,0.155442,0.144891,2.369602,4.816050,4.908667
kaggle,kg9973bcb4,kg5bb369f3,impostor,live,video,na,0.073093,0.076319,0.052899,4.264641,5.834830,5.556981
kaggle,kg9973bcb4,kg5569a12b,impostor,live,video,na,-0.027444,-0.005196,-0.011985,-0.683110,-0.463082,-0.926163
kaggle,kg9973bcb4,kg5569a12b,impostor,live,video,na,0.040194,0.057382,0.060018,-1.595283,-0.740931,-0.648314
kaggle,kg9973bcb4,kg5569a12b,impostor,live,video,na,0.106214,0.097210,0.121016,-2.671414,-2.037560,-2.685874
kaggle,kg9973bcb4,kg5569a12b,impostor,live,video,na,0.008020,-0.001668,0.010294,-2.102694,-3.612038,-1.667094
kaggle,kg9973bcb4,kg5569a12b,impostor,live,video,na,0.027838,0.028799,0.056277,1.349787,1.667094,3.982503
kaggle,kg9973bcb4,kg5569a12b,impostor,live,video,na,0.022655,0.051137,0.051030,0.569942,2.778491,0.833547
kaggle,kg9973bcb4,kg5569a12b,impostor,live,video,na,0.017128,0.035267,0.018017,1.101155,2.222792,2.130176
kaggle,kg9973bcb4,kg5569a12b,impostor,live,video,na,0.067767,0.088933,0.073132,-2.752770,-2.315409,-1.574478
kaggle,kg9973bcb4,kg5569a12b,impostor,live,video,na,0.032314,0.052403,0.041338,-3.005921,-1.574478,-0.833547
kaggle,kg9973bcb4,kg5569a12b,impostor,live,video,na,0.058188,0.087124,0.054532,-3.325739,-3.982503,-1.296629
kaggle,kg9973bcb4,kg5569a12b,impostor,live,video,na,0.043206,0.036077,0.036908,-0.310315,0.926163,0.277849
kaggle,kg9973bcb4,kg5569a12b,impostor,live,video,na,0.017502,0.031812,0.028058,2.463571,1.759711,1.759711
kaggle,kg9973bcb4,kg5569a12b,impostor,live,video,na,0.000051,0.034699,0.044865,0.598975,0.740931,-0.648314
kaggle,kg9973bcb4,kg5569a12b,impostor,live,video,na,0.027867,0.032365,0.019559,-1.863188,-1.667094,-0.833547
kaggle,kg9973bcb4,kg6aade0ea,impostor,live,video,na,-0.023297,0.010963,0.006352,1.743282,3.426805,6.297912
kaggle,kg9973bcb4,kg6aade0ea,impostor,live,video,na,-0.028478,-0.000571,-0.007217,1.104554,4.260352,7.316691
kaggle,kg9973bcb4,kg6aade0ea,impostor,live,video,na,-0.040530,0.015955,-0.023029,-0.225537,1.667094,1.944943
kaggle,kg9973bcb4,kg6aade0ea,impostor,live,video,na,-0.027039,0.006214,-0.000009,3.672187,4.723434,6.575761
kaggle,kg9973bcb4,kg6aade0ea,impostor,live,video,na,0.021564,0.060744,0.055329,-1.194926,0.926163,4.167736
kaggle,kg9973bcb4,kg6aade0ea,impostor,live,video,na,0.009528,0.048628,0.052339,-0.279476,1.944943,4.167736
kaggle,kg9973bcb4,kg6aade0ea,impostor,live,video,na,-0.003228,0.059362,0.023300,0.058539,2.222792,2.963723
kaggle,kg9973bcb4,kg6aade0ea,impostor,live,video,na,-0.027326,0.005237,0.015996,4.594021,5.093899,8.613320
kaggle,kg9973bcb4,kg6aade0ea,impostor,live,video,na,-0.042967,-0.034932,-0.035120,6.129418,4.816050,8.150239
kaggle,kg9973bcb4,kg6aade0ea,impostor,live,video,na,-0.031199,0.006314,0.002434,3.337297,7.224075,8.798553
kaggle,kg9973bcb4,kg6aade0ea,impostor,live,video,na,-0.032661,-0.008078,-0.013636,2.645266,5.742214,5.279132
kaggle,kg9973bcb4,kg6aade0ea,impostor,live,video,na,-0.033258,-0.011594,-0.001319,2.087784,5.186516,6.020063
kaggle,kg9973bcb4,kg6aafbe45,impostor,live,video,na,0.017414,0.009454,0.011786,9.763212,8.242855,8.937477
kaggle,kg9973bcb4,kg6aafbe45,impostor,live,video,na,0.003171,-0.019614,-0.005573,8.482172,8.150239,8.150239
kaggle,kg9973bcb4,kg6aafbe45,impostor,live,video,na,-0.059183,-0.060764,-0.051862,7.194654,5.556981,6.853610
kaggle,kg9973bcb4,kg6aafbe45,impostor,live,video,na,-0.008366,-0.025708,-0.022141,9.671059,9.539484,9.076403
kaggle,kg9973bcb4,kg6aafbe45,impostor,live,video,na,0.029806,0.078112,0.022755,6.924478,7.270383,7.594541
kaggle,kg9973bcb4,kg6aafbe45,impostor,live,video,na,-0.018178,-0.032881,-0.033633,11.227123,11.577044,11.762277
kaggle,kg9973bcb4,kg6aafbe45,impostor,live,video,na,0.032912,0.038841,0.034452,7.275872,6.483144,6.575761
kaggle,kg9973bcb4,kg6aafbe45,impostor,live,video,na,0.059875,0.077523,0.073801,5.837343,5.371748,6.390528
kaggle,kg9973bcb4,kg6aafbe45,impostor,live,video,na,-0.001816,0.017319,-0.009552,9.554701,8.335471,9.817333
kaggle,kg9973bcb4,kg6aafbe45,impostor,live,video,na,0.038308,0.000251,0.041708,8.568602,8.150239,10.280415
kaggle,kg9973bcb4,kg6aafbe45,impostor,live,video,na,-0.023252,-0.033902,-0.036138,9.646116,9.169019,9.446868
kaggle,kg9973bcb4,kg884d9fd3,impostor,live,video,na,0.088060,0.081458,0.102776,2.190204,4.816050,4.630817
kaggle,kg9973bcb4,kg884d9fd3,impostor,live,video,na,0.051166,0.064268,0.057617,-2.402517,-0.277849,-0.463082
kaggle,kg9973bcb4,kg884d9fd3,impostor,live,video,na,0.071051,0.087750,0.094055,-3.106637,-0.370465,-1.018780
kaggle,kg9973bcb4,kg884d9fd3,impostor,live,video,na,0.039814,0.049226,0.019822,-0.905839,7.131459,3.797270
kaggle,kg9973bcb4,kg884d9fd3,impostor,live,video,na,0.041279,0.050347,0.060089,2.825641,7.131459,7.131459
kaggle,kg9973bcb4,kg884d9fd3,impostor,live,video,na,-0.019275,-0.006060,-0.016681,0.489732,0.555698,3.148956
kaggle,kg9973bcb4,kg884d9fd3,impostor,live,video,na,0.074807,0.064463,0.067539,1.747877,2.500641,2.685874
kaggle,kg9973bcb4,kg884d9fd3,impostor,live,video,na,0.015937,0.043380,-0.021696,-0.822287,4.445585,4.260352
kaggle,kg9973bcb4,kg4e8af551,impostor,live,video,na,0.108885,0.157886,0.145603,9.207690,7.779773,8.983786
kaggle,kg9973bcb4,kg4e8af551,impostor,live,video,na,0.063410,0.070216,0.077647,5.749075,4.538201,5.371748
kaggle,kg9973bcb4,kg4e8af551,impostor,live,video,na,0.016566,0.052857,0.033098,8.879217,11.484427,10.465648
kaggle,kg9973bcb4,kg4e8af551,impostor,live,video,na,0.093325,0.124209,0.118100,9.462034,9.122711,9.446868
kaggle,kg9973bcb4,kg4e8af551,impostor,live,video,na,0.183429,0.179679,0.204977,7.205741,5.279132,7.316691
kaggle,kg9973bcb4,kg4e8af551,impostor,live,video,na,0.169385,0.212969,0.204258,6.617940,8.057622,8.983786
kaggle,kg9973bcb4,kg4e8af551,impostor,live,video,na,0.075612,0.146333,0.104224,6.432570,7.316691,6.575761
kaggle,kg9973bcb4,kg4e8af551,impostor,live,video,na,0.130798,0.142269,0.127417,9.412885,10.187799,10.928729
kaggle,kg9973bcb4,kg4e8af551,impostor,live,video,na,0.134745,0.149114,0.137900,10.323269,9.724717,10.465648
kaggle,kg9973bcb4,kg4e8af551,impostor,live,video,na,0.117136,0.137587,0.115964,10.016835,11.299194,11.808584
kaggle,kg9973bcb4,kg4e8af551,impostor,live,video,na,0.076998,0.137928,0.074955,9.748549,9.446868,11.808584
kaggle,kg9973bcb4,kg58c89e41,impostor,live,video,na,-0.033380,-0.025112,-0.038279,2.200030,1.296629,3.797270
kaggle,kg9973bcb4,kg58c89e41,impostor,live,video,na,-0.034969,-0.021375,-0.045981,-4.899954,-3.889887,-4.167736
kaggle,kg9973bcb4,kg58c89e41,impostor,live,video,na,-0.041564,-0.022112,-0.047098,2.464984,1.759711,2.871107
kaggle,kg9973bcb4,kg58c89e41,impostor,live,video,na,-0.016878,0.017969,-0.007258,0.564325,0.277849,2.315409
kaggle,kg9973bcb4,kg58c89e41,impostor,live,video,na,0.003805,0.012164,-0.004648,3.845716,6.020063,6.483144
kaggle,kg9973bcb4,kg58c89e41,impostor,live,video,na,-0.053694,-0.032033,-0.021199,3.313477,2.315409,4.538201
kaggle,kg9973bcb4,kg58c89e41,impostor,live,video,na,-0.010129,0.011109,-0.023704,-3.218995,-2.871107,-2.871107
kaggle,kg9973bcb4,kg58c89e41,impostor,live,video,na,-0.052453,-0.037902,-0.044062,-0.388910,0.648314,1.759711
kaggle,kg9973bcb4,kg58c89e41,impostor,live,video,na,-0.044699,-0.029209,-0.052290,2.151283,2.685874,3.797270
kaggle,kg9973bcb4,kg58c89e41,impostor,live,video,na,-0.045980,-0.027637,-0.044888,3.854321,2.685874,3.426805
kaggle,kg9973bcb4,kg58c89e41,impostor,live,video,na,-0.015588,-0.003537,-0.017212,3.362516,4.630817,4.445585
kaggle,kg9973bcb4,kg58c89e41,impostor,live,video,na,-0.016909,-0.020300,-0.017556,4.684412,4.630817,5.279132
kaggle,kg9973bcb4,kg58c89e41,impostor,live,video,na,-0.024650,-0.015526,-0.034502,5.681985,4.908667,8.242855
kaggle,kg9973bcb4,kg9973bcb4,genuine,live,video,na,0.887952,0.868662,0.880462,-0.102935,1.944943,3.426805
kaggle,kg9973bcb4,kg9973bcb4,genuine,live,video,na,0.864501,0.851881,0.849127,6.218391,7.131459,10.095182
kaggle,kg9973bcb4,kg9973bcb4,genuine,live,video,na,0.629634,0.643139,0.617132,5.082590,3.334188,6.853610
kaggle,kg9973bcb4,kg9973bcb4,genuine,live,video,na,0.637946,0.628048,0.614663,2.990785,2.037560,5.371748
kaggle,kg9973bcb4,kg9973bcb4,genuine,live,video,na,0.871768,0.853264,0.870317,0.868921,4.723434,5.834830
kaggle,kg9973bcb4,kg9973bcb4,genuine,live,video,na,0.674168,0.633355,0.653534,-3.276545,-1.018780,-0.277849
kaggle,kg9973bcb4,kg9973bcb4,genuine,live,video,na,0.578907,0.531164,0.542440,-3.664316,-1.111396,-3.889887
kaggle,kg9973bcb4,kg9973bcb4,genuine,live,video,na,0.803261,0.761778,0.784065,-0.757619,1.296629,1.759711
kaggle,kg9973bcb4,kg9973bcb4,genuine,live,video,na,0.649231,0.650232,0.636607,-1.160551,2.408025,3.056340
kaggle,kg9973bcb4,kg9973bcb4,genuine,live,video,na,0.320026,0.296742,0.301104,1.007703,7.224075,7.594541
kaggle,kg9973bcb4,kg9973bcb4,genuine,live,video,na,0.758372,0.745348,0.743586,0.212600,5.556981,7.131459
kaggle,kg9973bcb4,kg9973bcb4,genuine,live,video,na,0.761389,0.761407,0.721762,-1.679043,-0.185233,1.574478
kaggle,kg9973bcb4,kg9973bcb4,genuine,live,video,na,0.504190,0.495992,0.476318,-0.910340,0.092616,0.185233
kaggle,kg9973bcb4,kg9973bcb4,genuine,live,video,na,0.783577,0.791271,0.749463,-2.253716,0.648314,2.130176
kaggle,kg9973bcb4,kg9973bcb4,genuine,live,video,na,0.857838,0.838788,0.848086,-3.776007,-2.500641,-1.389245
kaggle,kg9973bcb4,kg9973bcb4,spoof,print,a4_printout,na,0.873664,0.827895,0.835997,-7.823012,-4.075119,-5.464365
kaggle,kg9973bcb4,kg9973bcb4,spoof,print,a4_printout,na,0.899781,0.857493,0.864228,-7.742926,-5.742214,-6.668377
kaggle,kg9973bcb4,kg9973bcb4,spoof,print,a4_printout,na,0.903334,0.862325,0.886239,-6.629192,-2.871107,-1.852327
kaggle,kg9973bcb4,kg9973bcb4,spoof,print,a4_printout,na,0.907922,0.850656,0.877549,-3.903071,-4.075119,-3.612038
kaggle,kg9973bcb4,kg9973bcb4,spoof,print,a4_printout,na,0.916906,0.882078,0.890542,-7.292103,-6.112679,-6.483144
kaggle,kg9973bcb4,kg9973bcb4,spoof,print,a4_printout,na,0.888777,0.867682,0.871515,-8.573271,-6.668377,-5.001283
kaggle,kg9973bcb4,kg9973bcb4,spoof,print,a4_printout,na,0.902944,0.872064,0.884887,-4.864606,-3.334188,-1.111396
kaggle,kg9973bcb4,kg9973bcb4,spoof,print,a4_printout,na,0.884244,0.862620,0.858469,-8.682993,-8.891170,-5.649597
kaggle,kg9973bcb4,kg9973bcb4,spoof,print,a4_printout,na,0.851139,0.827591,0.833365,-9.727171,-8.705936,-6.483144
kaggle,kg9973bcb4,kg9973bcb4,spoof,print,a4_printout,na,0.844053,0.802624,0.826336,-7.660213,-6.946226,-6.112679
kaggle,kg9973bcb4,kg9973bcb4,spoof,print,a4_printout,na,0.842472,0.801338,0.834505,-10.052614,-7.131459,-8.242855
kaggle,kg9973bcb4,kg9973bcb4,spoof,print,a4_printout,na,0.841346,0.814894,0.817276,-7.649236,-6.575761,-6.020063
