pair,same,sim_fp32,sim_int8pt,sim_int8pc
Abel_Pacheco_0001|Abel_Pacheco_0004,1,0.564596,0.549598,0.569487
Akhmed_Zakayev_0001|Akhmed_Zakayev_0003,1,0.820562,0.793826,0.812272
Akhmed_Zakayev_0002|Akhmed_Zakayev_0003,1,0.740614,0.721926,0.720327
Amber_Tamblyn_0001|Amber_Tamblyn_0002,1,0.677875,0.636353,0.650677
Anders_Fogh_Rasmussen_0001|Anders_Fogh_Rasmussen_0003,1,0.649512,0.669795,0.643620
Anders_Fogh_Rasmussen_0001|Anders_Fogh_Rasmussen_0004,1,0.537129,0.532146,0.504934
Angela_Bassett_0001|Angela_Bassett_0005,1,0.675171,0.664993,0.667931
Angela_Bassett_0002|Angela_Bassett_0005,1,0.476511,0.460155,0.447519
Angela_Bassett_0003|Angela_Bassett_0004,1,0.446663,0.436101,0.441370
Ann_Veneman_0003|Ann_Veneman_0005,1,0.768403,0.769021,0.763982
Ann_Veneman_0006|Ann_Veneman_0010,1,0.604230,0.578713,0.596441
Ann_Veneman_0010|Ann_Veneman_0011,1,0.489783,0.496152,0.493823
Anthony_Fauci_0001|Anthony_Fauci_0002,1,0.722693,0.722611,0.702820
Antony_Leung_0001|Antony_Leung_0002,1,0.597431,0.612593,0.567187
Antony_Leung_0002|Antony_Leung_0003,1,0.596237,0.579277,0.560271
Anwar_Ibrahim_0001|Anwar_Ibrahim_0002,1,0.562040,0.570877,0.563009
Augusto_Pinochet_0001|Augusto_Pinochet_0002,1,0.841986,0.831873,0.825512
Barbara_Brezigar_0001|Barbara_Brezigar_0002,1,0.588701,0.514371,0.534013
Benjamin_Netanyahu_0001|Benjamin_Netanyahu_0004,1,0.696390,0.666493,0.638741
Benjamin_Netanyahu_0004|Benjamin_Netanyahu_0005,1,0.688959,0.641412,0.655657
Bernard_Law_0002|Bernard_Law_0003,1,0.491700,0.531388,0.533671
Bernard_Law_0003|Bernard_Law_0004,1,0.677727,0.704398,0.653395
Bertrand_Bonello_0001|Bertrand_Bonello_0002,1,0.659153,0.606632,0.609147
Bill_Frist_0002|Bill_Frist_0009,1,0.587093,0.572720,0.560362
Bill_Frist_0004|Bill_Frist_0005,1,0.501114,0.469321,0.470579
Bob_Graham_0002|Bob_Graham_0004,1,0.562434,0.598778,0.584029
Bob_Graham_0003|Bob_Graham_0006,1,0.549118,0.549155,0.561163
Bob_Graham_0004|Bob_Graham_0006,1,0.560911,0.576051,0.558430
Bob_Graham_0005|Bob_Graham_0006,1,0.566719,0.550147,0.558194
Boris_Becker_0002|Boris_Becker_0006,1,0.601313,0.582098,0.601718
Brad_Johnson_0001|Brad_Johnson_0003,1,0.551945,0.539912,0.537061
Brad_Johnson_0002|Brad_Johnson_0003,1,0.661307,0.686773,0.661614
Brad_Johnson_0002|Brad_Johnson_0004,1,0.558055,0.554652,0.573625
Brian_Griese_0001|Brian_Griese_0002,1,0.751194,0.713344,0.734738
Candice_Bergen_0001|Candice_Bergen_0002,1,0.548196,0.528118,0.545629
Candice_Bergen_0002|Candice_Bergen_0003,1,0.543278,0.563426,0.558640
Carla_Myers_0001|Carla_Myers_0002,1,0.500928,0.448347,0.486281
Cathy_Freeman_0001|Cathy_Freeman_0002,1,0.574783,0.541854,0.534433
Chang_Dae-whan_0001|Chang_Dae-whan_0002,1,0.647294,0.641037,0.633566
Charles_Grassley_0001|Charles_Grassley_0002,1,0.566111,0.549471,0.513530
Clare_Short_0001|Clare_Short_0003,1,0.522408,0.490667,0.513903
Clare_Short_0001|Clare_Short_0004,1,0.531075,0.512103,0.517589
Corinne_Coman_0001|Corinne_Coman_0002,1,0.746528,0.693819,0.718546
Dai_Bachtiar_0001|Dai_Bachtiar_0002,1,0.720265,0.693253,0.712182
Dale_Earnhardt_Jr_0001|Dale_Earnhardt_Jr_0003,1,0.392611,0.350940,0.386483
David_Caruso_0001|David_Caruso_0002,1,0.523268,0.482642,0.498320
Demi_Moore_0001|Demi_Moore_0003,1,0.488649,0.453431,0.484248
Dick_Vermeil_0001|Dick_Vermeil_0002,1,0.430473,0.429439,0.392008
Doris_Roberts_0001|Doris_Roberts_0002,1,0.645478,0.647281,0.632243
Doris_Roberts_0001|Doris_Roberts_0003,1,0.605764,0.604971,0.581847
Drew_Barrymore_0001|Drew_Barrymore_0002,1,0.367399,0.379239,0.373068
Edmund_Stoiber_0004|Edmund_Stoiber_0007,1,0.538727,0.552920,0.550207
Edmund_Stoiber_0005|Edmund_Stoiber_0007,1,0.516722,0.466224,0.506438
Edmund_Stoiber_0007|Edmund_Stoiber_0012,1,0.417438,0.435511,0.426430
Edmund_Stoiber_0009|Edmund_Stoiber_0011,1,0.615319,0.608623,0.577214
Elinor_Caplan_0001|Elinor_Caplan_0002,1,0.694153,0.668988,0.681096
Emmanuelle_Beart_0001|Emmanuelle_Beart_0002,1,0.620559,0.624007,0.599120
Emmanuelle_Beart_0001|Emmanuelle_Beart_0003,1,0.824316,0.805610,0.782500
Federico_Trillo_0001|Federico_Trillo_0002,1,0.540393,0.544137,0.554441
Federico_Trillo_0001|Federico_Trillo_0003,1,0.516521,0.466021,0.472696
Federico_Trillo_0002|Federico_Trillo_0003,1,0.781852,0.754190,0.755632
Francis_Ford_Coppola_0001|Francis_Ford_Coppola_0002,1,0.594333,0.563951,0.557916
Fred_Thompson_0001|Fred_Thompson_0002,1,0.593013,0.585344,0.587377
Fred_Thompson_0001|Fred_Thompson_0003,1,0.615717,0.558743,0.572649
Fred_Thompson_0002|Fred_Thompson_0003,1,0.721488,0.697957,0.699056
Garry_Trudeau_0001|Garry_Trudeau_0002,1,0.676850,0.617595,0.640112
Gary_Williams_0001|Gary_Williams_0002,1,0.551853,0.508238,0.535948
Gene_Robinson_0001|Gene_Robinson_0002,1,0.647067,0.603893,0.631439
Gene_Robinson_0001|Gene_Robinson_0003,1,0.562810,0.545202,0.528320
Gene_Robinson_0002|Gene_Robinson_0003,1,0.557108,0.511212,0.514475
George_Galloway_0001|George_Galloway_0003,1,0.518227,0.524820,0.520753
George_Galloway_0002|George_Galloway_0003,1,0.830858,0.820381,0.826847
George_Galloway_0002|George_Galloway_0004,1,0.471025,0.437562,0.459111
Geraldine_Chaplin_0001|Geraldine_Chaplin_0002,1,0.751706,0.684821,0.735897
Geraldine_Chaplin_0001|Geraldine_Chaplin_0004,1,0.605148,0.596626,0.612630
Geraldine_Chaplin_0003|Geraldine_Chaplin_0004,1,0.842886,0.801076,0.807831
Gerardo_Gambala_0001|Gerardo_Gambala_0002,1,0.659742,0.651435,0.651101
Gian_Marco_0001|Gian_Marco_0002,1,0.685660,0.664996,0.668654
Gian_Marco_0002|Gian_Marco_0003,1,0.533661,0.534773,0.483537
Gillian_Anderson_0001|Gillian_Anderson_0002,1,0.401837,0.354272,0.371018
Gordon_Brown_0006|Gordon_Brown_0009,1,0.657423,0.597229,0.617474
Gordon_Brown_0010|Gordon_Brown_0013,1,0.660488,0.666588,0.629195
Grant_Hackett_0001|Grant_Hackett_0002,1,0.778860,0.759930,0.761211
Grant_Hackett_0001|Grant_Hackett_0003,1,0.755385,0.760545,0.746820
Grant_Hackett_0001|Grant_Hackett_0005,1,0.729868,0.731803,0.720793
Gray_Davis_0007|Gray_Davis_0022,1,0.638288,0.599345,0.597316
Gray_Davis_0021|Gray_Davis_0026,1,0.660840,0.668224,0.647814
Gregg_Popovich_0001|Gregg_Popovich_0005,1,0.586057,0.533075,0.577523
Gregg_Popovich_0003|Gregg_Popovich_0004,1,0.542848,0.556031,0.536673
Guy_Ritchie_0001|Guy_Ritchie_0002,1,0.481252,0.472067,0.467177
Hamzah_Haz_0001|Hamzah_Haz_0002,1,0.576378,0.570407,0.564681
Harbhajan_Singh_0001|Harbhajan_Singh_0002,1,0.687290,0.663573,0.654253
Hootie_Johnson_0001|Hootie_Johnson_0002,1,0.366798,0.347931,0.348099
Hugo_Chavez_0002|Hugo_Chavez_0027,1,0.556368,0.534015,0.537720
Hugo_Chavez_0027|Hugo_Chavez_0053,1,0.574450,0.555254,0.559434
Hugo_Chavez_0036|Hugo_Chavez_0051,1,0.660055,0.670617,0.644950
Hugo_Chavez_0041|Hugo_Chavez_0050,1,0.646801,0.633353,0.638284
Hugo_Chavez_0045|Hugo_Chavez_0056,1,0.620538,0.602927,0.603865
Isaiah_Washington_0001|Isaiah_Washington_0002,1,0.296472,0.281625,0.302476
Jack_Grubman_0001|Jack_Grubman_0002,1,0.800263,0.763359,0.765885
Jacques_Rogge_0001|Jacques_Rogge_0009,1,0.659655,0.638454,0.648714
Jacques_Rogge_0003|Jacques_Rogge_0007,1,0.681120,0.667457,0.652974
Jacques_Rogge_0003|Jacques_Rogge_0010,1,0.743751,0.717630,0.729879
Jacques_Rogge_0004|Jacques_Rogge_0006,1,0.673834,0.677074,0.649647
Jacques_Rogge_0004|Jacques_Rogge_0009,1,0.700656,0.665270,0.672495
Jacques_Rogge_0005|Jacques_Rogge_0008,1,0.593197,0.532593,0.549380
Jacques_Rogge_0006|Jacques_Rogge_0008,1,0.558024,0.530286,0.524930
James_Caan_0001|James_Caan_0002,1,0.701091,0.668057,0.691746
James_Caan_0001|James_Caan_0003,1,0.699722,0.677879,0.693371
James_Caan_0002|James_Caan_0003,1,0.782651,0.761464,0.780353
James_Jones_0001|James_Jones_0002,1,0.496240,0.507201,0.487524
Jamling_Norgay_0001|Jamling_Norgay_0002,1,0.697389,0.660126,0.661947
Janica_Kostelic_0001|Janica_Kostelic_0002,1,0.217848,0.249742,0.228372
Jeanne_Moreau_0001|Jeanne_Moreau_0002,1,0.607894,0.608532,0.580497
Jeffrey_Archer_0001|Jeffrey_Archer_0002,1,0.666686,0.664567,0.657227
Jennifer_Garner_0001|Jennifer_Garner_0003,1,0.439020,0.509859,0.430501
Jennifer_Garner_0004|Jennifer_Garner_0009,1,0.621599,0.571861,0.594120
Jennifer_Garner_0005|Jennifer_Garner_0006,1,0.568119,0.583348,0.542960
Jennifer_Garner_0005|Jennifer_Garner_0009,1,0.660912,0.687109,0.662930
Jennifer_Garner_0007|Jennifer_Garner_0012,1,0.610236,0.577038,0.594939
Jennifer_Garner_0008|Jennifer_Garner_0011,1,0.552568,0.490229,0.525651
Jeremy_Greenstock_0002|Jeremy_Greenstock_0024,1,0.580129,0.584991,0.591471
Jeremy_Greenstock_0003|Jeremy_Greenstock_0022,1,0.466366,0.478470,0.447802
Jeremy_Greenstock_0005|Jeremy_Greenstock_0011,1,0.580308,0.574390,0.539599
Jeremy_Greenstock_0010|Jeremy_Greenstock_0014,1,0.591227,0.591917,0.570606
Jeremy_Greenstock_0017|Jeremy_Greenstock_0021,1,0.614359,0.635231,0.630732
Jessica_Lange_0001|Jessica_Lange_0002,1,0.463761,0.453732,0.442670
Jimmy_Carter_0001|Jimmy_Carter_0007,1,0.598222,0.577291,0.576138
Jimmy_Carter_0004|Jimmy_Carter_0006,1,0.730656,0.722287,0.716133
Jimmy_Carter_0005|Jimmy_Carter_0008,1,0.695114,0.675249,0.662621
Jimmy_Carter_0006|Jimmy_Carter_0007,1,0.603594,0.583091,0.577523
Jodie_Foster_0001|Jodie_Foster_0002,1,0.548390,0.561381,0.523249
John_Manley_0001|John_Manley_0006,1,0.455051,0.407871,0.457509
John_Manley_0002|John_Manley_0005,1,0.755088,0.762168,0.736260
John_McCain_0002|John_McCain_0003,1,0.599738,0.586459,0.604864
John_McCain_0003|John_McCain_0007,1,0.648706,0.599343,0.639796
John_McCain_0006|John_McCain_0007,1,0.632529,0.615245,0.606832
John_Snow_0003|John_Snow_0015,1,0.588357,0.593857,0.576538
John_Snow_0004|John_Snow_0016,1,0.637503,0.639532,0.652429
John_Snow_0009|John_Snow_0011,1,0.689980,0.651229,0.676707
Johnson_Panjaitan_0001|Johnson_Panjaitan_0002,1,0.808800,0.790992,0.798955
Jorge_Castaneda_0001|Jorge_Castaneda_0002,1,0.591158,0.601755,0.586044
Jose_Serra_0001|Jose_Serra_0009,1,0.699896,0.650749,0.666080
Jose_Serra_0002|Jose_Serra_0008,1,0.772878,0.751736,0.763681
Jose_Serra_0003|Jose_Serra_0005,1,0.456099,0.469934,0.450077
Jose_Serra_0003|Jose_Serra_0007,1,0.571906,0.568325,0.545750
Jose_Serra_0006|Jose_Serra_0009,1,0.721172,0.697073,0.709081
Jose_Theodore_0001|Jose_Theodore_0002,1,0.542759,0.488220,0.484703
Joseph_Blatter_0001|Joseph_Blatter_0002,1,0.640554,0.610553,0.628738
Joseph_Ralston_0001|Joseph_Ralston_0002,1,0.610240,0.568269,0.613476
Juan_Pablo_Montoya_0001|Juan_Pablo_Montoya_0008,1,0.344772,0.348453,0.350099
Juan_Pablo_Montoya_0002|Juan_Pablo_Montoya_0004,1,0.572883,0.541141,0.550272
Juan_Pablo_Montoya_0004|Juan_Pablo_Montoya_0005,1,0.408305,0.421395,0.419166
Julianna_Margulies_0001|Julianna_Margulies_0002,1,0.742118,0.689630,0.718682
Justin_Guarini_0001|Justin_Guarini_0002,1,0.464788,0.398994,0.436495
Justin_Guarini_0002|Justin_Guarini_0003,1,0.713646,0.720471,0.673706
Justine_Henin_0002|Justine_Henin_0003,1,0.533508,0.529995,0.498280
Kate_Winslet_0001|Kate_Winslet_0002,1,0.694980,0.677492,0.710384
Kate_Winslet_0001|Kate_Winslet_0004,1,0.484793,0.474516,0.436457
Kate_Winslet_0002|Kate_Winslet_0003,1,0.741514,0.716022,0.711861
Kate_Winslet_0002|Kate_Winslet_0004,1,0.590507,0.586482,0.575800
Kathy_Winters_0001|Kathy_Winters_0002,1,0.867997,0.838682,0.846507
Kelvin_Sampson_0001|Kelvin_Sampson_0002,1,0.716989,0.687149,0.679499
Kevin_Stallings_0001|Kevin_Stallings_0002,1,0.624246,0.607681,0.595472
Kim_Jong-Il_0002|Kim_Jong-Il_0003,1,0.746013,0.717080,0.739381
Kristin_Davis_0001|Kristin_Davis_0002,1,0.837174,0.816575,0.825754
Kristin_Davis_0002|Kristin_Davis_0003,1,0.736241,0.703857,0.703319
Lance_Armstrong_0001|Lance_Armstrong_0017,1,0.557791,0.570713,0.558664
Lance_Armstrong_0005|Lance_Armstrong_0010,1,0.457321,0.441851,0.423373
Lance_Armstrong_0007|Lance_Armstrong_0011,1,0.537582,0.526631,0.532621
Lance_Armstrong_0010|Lance_Armstrong_0018,1,0.537176,0.549328,0.520093
Lance_Armstrong_0014|Lance_Armstrong_0017,1,0.372558,0.356392,0.354082
Laurent_Jalabert_0001|Laurent_Jalabert_0002,1,0.722656,0.698085,0.692420
Lindsey_Graham_0001|Lindsey_Graham_0002,1,0.630949,0.629899,0.620699
Lisa_Gottsegen_0001|Lisa_Gottsegen_0002,1,0.726694,0.758974,0.729055
Lleyton_Hewitt_0001|Lleyton_Hewitt_0013,1,0.676391,0.683685,0.661707
Lleyton_Hewitt_0016|Lleyton_Hewitt_0027,1,0.712389,0.722828,0.706114
Lleyton_Hewitt_0018|Lleyton_Hewitt_0037,1,0.591484,0.620610,0.560345
Lleyton_Hewitt_0024|Lleyton_Hewitt_0036,1,0.669837,0.661406,0.642095
Luis_Ernesto_Derbez_Bautista_0003|Luis_Ernesto_Derbez_Bautista_0006,1,0.444556,0.395053,0.419158
Mario_Dumont_0001|Mario_Dumont_0002,1,0.501709,0.490877,0.514183
Mark_Wahlberg_0001|Mark_Wahlberg_0003,1,0.318681,0.353730,0.334643
Mark_Wahlberg_0002|Mark_Wahlberg_0003,1,0.585712,0.572560,0.565255
Mark_Wahlberg_0002|Mark_Wahlberg_0004,1,0.667781,0.643157,0.668310
Marlene_Weingartner_0001|Marlene_Weingartner_0002,1,0.394847,0.366623,0.374544
Martha_Bowen_0001|Martha_Bowen_0002,1,0.150537,0.200538,0.162933
Martin_Cauchon_0001|Martin_Cauchon_0002,1,0.774826,0.775216,0.768985
Martin_Hoellwarth_0001|Martin_Hoellwarth_0002,1,0.462112,0.453370,0.447904
Martin_Sheen_0001|Martin_Sheen_0002,1,0.639259,0.593073,0.623150
Matthew_Broderick_0001|Matthew_Broderick_0004,1,0.436673,0.427085,0.435662
Matthew_Broderick_0002|Matthew_Broderick_0003,1,0.536952,0.511879,0.493218
Mike_Krzyzewski_0001|Mike_Krzyzewski_0006,1,0.605983,0.561219,0.594402
Mikhail_Gorbachev_0001|Mikhail_Gorbachev_0002,1,0.588213,0.594623,0.593961
Monica_Bellucci_0001|Monica_Bellucci_0004,1,0.557782,0.522004,0.574240
Monica_Bellucci_0002|Monica_Bellucci_0004,1,0.526377,0.527177,0.537313
Naomi_Campbell_0001|Naomi_Campbell_0002,1,0.618007,0.609239,0.602958
Nestor_Kirchner_0003|Nestor_Kirchner_0030,1,0.632016,0.625732,0.611458
Nestor_Kirchner_0012|Nestor_Kirchner_0021,1,0.730459,0.701568,0.699487
Nestor_Kirchner_0017|Nestor_Kirchner_0025,1,0.705225,0.716698,0.712667
Nicolas_Lapentti_0001|Nicolas_Lapentti_0002,1,0.705373,0.669497,0.652304
Noah_Wyle_0002|Noah_Wyle_0003,1,0.645995,0.623893,0.624703
Nora_Bendijo_0001|Nora_Bendijo_0002,1,0.242361,0.260096,0.252758
Nursultan_Nazarbayev_0001|Nursultan_Nazarbayev_0002,1,0.460257,0.449320,0.431955
Pamela_Anderson_0001|Pamela_Anderson_0002,1,0.513154,0.493191,0.451553
Pamela_Anderson_0001|Pamela_Anderson_0005,1,0.485657,0.456583,0.437862
Patricia_Heaton_0001|Patricia_Heaton_0002,1,0.568552,0.531046,0.543048
Patty_Schnyder_0001|Patty_Schnyder_0002,1,0.453788,0.425200,0.442521
Patty_Schnyder_0002|Patty_Schnyder_0003,1,0.499235,0.461380,0.505464
Patty_Schnyder_0002|Patty_Schnyder_0004,1,0.665272,0.630246,0.668537
Patty_Schnyder_0003|Patty_Schnyder_0004,1,0.561149,0.498346,0.573373
Paul_Bremer_0006|Paul_Bremer_0017,1,0.631115,0.583965,0.630790
Paul_Bremer_0007|Paul_Bremer_0010,1,0.746150,0.740735,0.705856
Paul_Bremer_0009|Paul_Bremer_0015,1,0.652202,0.631235,0.628865
Paul_Bremer_0014|Paul_Bremer_0016,1,0.642707,0.664966,0.640018
Paul_Sarbanes_0001|Paul_Sarbanes_0003,1,0.591285,0.581562,0.569527
Paul_Sarbanes_0002|Paul_Sarbanes_0003,1,0.665750,0.648731,0.674712
Paul_William_Hurley_0001|Paul_William_Hurley_0002,1,0.760230,0.723678,0.758072
Pervez_Musharraf_0001|Pervez_Musharraf_0006,1,0.654469,0.624645,0.655777
Pervez_Musharraf_0002|Pervez_Musharraf_0016,1,0.663286,0.636884,0.647137
Pervez_Musharraf_0003|Pervez_Musharraf_0010,1,0.716335,0.695753,0.701223
Pervez_Musharraf_0004|Pervez_Musharraf_0014,1,0.731978,0.722825,0.723185
Pervez_Musharraf_0005|Pervez_Musharraf_0007,1,0.533085,0.545001,0.517153
Pervez_Musharraf_0005|Pervez_Musharraf_0015,1,0.623603,0.641726,0.633548
Phil_Gramm_0001|Phil_Gramm_0002,1,0.544887,0.546372,0.538001
Prince_Edward_0001|Prince_Edward_0002,1,0.549232,0.522958,0.518946
Ricardo_Lagos_0003|Ricardo_Lagos_0012,1,0.708375,0.720635,0.684960
Ricardo_Lagos_0023|Ricardo_Lagos_0027,1,0.687922,0.666978,0.676216
Ricardo_Monasterio_0001|Ricardo_Monasterio_0002,1,0.760854,0.718631,0.733374
Rich_Gannon_0001|Rich_Gannon_0002,1,0.723603,0.724018,0.709763
Rick_Perry_0001|Rick_Perry_0004,1,0.631475,0.608699,0.612246
Rick_Perry_0001|Rick_Perry_0005,1,0.575777,0.553184,0.574269
Rick_Perry_0002|Rick_Perry_0004,1,0.620479,0.584248,0.580329
Rick_Perry_0003|Rick_Perry_0004,1,0.759632,0.717304,0.736512
Robert_Bonner_0002|Robert_Bonner_0003,1,0.639565,0.616888,0.652856
Robert_Evans_0002|Robert_Evans_0003,1,0.598077,0.572221,0.596222
Robert_Fico_0001|Robert_Fico_0002,1,0.670714,0.631344,0.641428
Romano_Prodi_0003|Romano_Prodi_0005,1,0.436681,0.420974,0.401059
Roy_Moore_0002|Roy_Moore_0005,1,0.605792,0.571831,0.593375
Roy_Moore_0003|Roy_Moore_0006,1,0.522821,0.528530,0.524137
Sachiko_Yamada_0001|Sachiko_Yamada_0002,1,0.685374,0.659455,0.660085
Sachiko_Yamada_0001|Sachiko_Yamada_0004,1,0.461763,0.497353,0.449965
Sachiko_Yamada_0002|Sachiko_Yamada_0003,1,0.686712,0.709939,0.684301
Sachiko_Yamada_0002|Sachiko_Yamada_0004,1,0.410230,0.476001,0.422377
Saeb_Erekat_0001|Saeb_Erekat_0002,1,0.481390,0.481514,0.449632
Sam_Bith_0001|Sam_Bith_0002,1,0.700008,0.702580,0.678036
Sam_Bith_0001|Sam_Bith_0003,1,0.593294,0.569164,0.590457
Sam_Bith_0002|Sam_Bith_0003,1,0.547678,0.535013,0.539406
Sean_Hayes_0001|Sean_Hayes_0002,1,0.764174,0.733602,0.726497
Sergio_Garcia_0001|Sergio_Garcia_0002,1,0.656908,0.661905,0.636716
Silvia_Farina_Elia_0001|Silvia_Farina_Elia_0002,1,0.648569,0.613358,0.628414
Steve_Ballmer_0001|Steve_Ballmer_0002,1,0.614334,0.591379,0.634481
Steve_Ballmer_0001|Steve_Ballmer_0003,1,0.600343,0.585990,0.617937
Stockard_Channing_0001|Stockard_Channing_0003,1,0.561368,0.557866,0.547496
Stockard_Channing_0002|Stockard_Channing_0003,1,0.528422,0.545615,0.532237
Terry_McAuliffe_0001|Terry_McAuliffe_0002,1,0.509799,0.483999,0.496228
Terry_McAuliffe_0001|Terry_McAuliffe_0003,1,0.599862,0.613647,0.577544
Thomas_Rupprath_0001|Thomas_Rupprath_0003,1,0.509428,0.503810,0.517971
Thomas_Rupprath_0002|Thomas_Rupprath_0003,1,0.598490,0.603561,0.568240
Tom_Ridge_0006|Tom_Ridge_0016,1,0.580315,0.594950,0.610450
Tom_Ridge_0008|Tom_Ridge_0025,1,0.618541,0.614078,0.621370
Tom_Ridge_0009|Tom_Ridge_0026,1,0.604800,0.581050,0.577604
Tom_Ridge_0018|Tom_Ridge_0022,1,0.713690,0.682393,0.699497
Tommy_Haas_0004|Tommy_Haas_0005,1,0.506679,0.519949,0.486139
Tommy_Thompson_0001|Tommy_Thompson_0002,1,0.529044,0.512144,0.535329
Tommy_Thompson_0001|Tommy_Thompson_0007,1,0.552501,0.528847,0.564014
Tommy_Thompson_0002|Tommy_Thompson_0008,1,0.704712,0.668378,0.684938
Tommy_Thompson_0004|Tommy_Thompson_0008,1,0.723566,0.704926,0.696061
Tommy_Thompson_0006|Tommy_Thompson_0009,1,0.610395,0.602130,0.590744
Tomoko_Hagiwara_0001|Tomoko_Hagiwara_0002,1,0.550967,0.544144,0.557910
Trent_Lott_0001|Trent_Lott_0002,1,0.590936,0.553101,0.549143
Trent_Lott_0002|Trent_Lott_0003,1,0.567809,0.573895,0.554963
Trent_Lott_0002|Trent_Lott_0008,1,0.601592,0.603121,0.583315
Trent_Lott_0006|Trent_Lott_0011,1,0.634397,0.610636,0.621919
Trent_Lott_0007|Trent_Lott_0010,1,0.604859,0.614050,0.604540
Trent_Lott_0008|Trent_Lott_0016,1,0.682075,0.658109,0.669404
Tsutomu_Takebe_0001|Tsutomu_Takebe_0002,1,0.788079,0.772949,0.777400
Tyler_Hamilton_0001|Tyler_Hamilton_0002,1,0.479174,0.465125,0.501145
Tyra_Banks_0001|Tyra_Banks_0002,1,0.650837,0.642383,0.628139
Vaclav_Havel_0002|Vaclav_Havel_0004,1,0.618794,0.618747,0.615335
Vaclav_Havel_0002|Vaclav_Havel_0005,1,0.548743,0.539832,0.528157
Vaclav_Havel_0002|Vaclav_Havel_0006,1,0.590621,0.593421,0.599113
Vaclav_Havel_0004|Vaclav_Havel_0009,1,0.727555,0.722637,0.737608
Vaclav_Havel_0005|Vaclav_Havel_0007,1,0.717481,0.710775,0.711266
Valerie_Harper_0001|Valerie_Harper_0002,1,0.633536,0.594290,0.594134
Vince_Carter_0003|Vince_Carter_0004,1,0.632484,0.639631,0.602006
Vincent_Brooks_0002|Vincent_Brooks_0003,1,0.773892,0.730326,0.771886
Vincent_Brooks_0002|Vincent_Brooks_0007,1,0.792256,0.772149,0.776865
Vincent_Brooks_0004|Vincent_Brooks_0005,1,0.734971,0.701355,0.714094
Vincent_Brooks_0004|Vincent_Brooks_0007,1,0.664824,0.669907,0.673679
Vincent_Gallo_0001|Vincent_Gallo_0002,1,0.789664,0.767899,0.752211
Vitali_Klitschko_0001|Vitali_Klitschko_0002,1,0.520831,0.492331,0.486854
Vitali_Klitschko_0003|Vitali_Klitschko_0004,1,0.527992,0.508167,0.541224
William_Macy_0001|William_Macy_0004,1,0.704874,0.685580,0.705972
William_Macy_0002|William_Macy_0004,1,0.513435,0.524380,0.522126
William_Macy_0003|William_Macy_0004,1,0.900090,0.882335,0.897442
Woody_Allen_0002|Woody_Allen_0004,1,0.455432,0.439740,0.454997
Woody_Allen_0003|Woody_Allen_0005,1,0.597468,0.611307,0.596177
Yukiko_Okudo_0001|Yukiko_Okudo_0002,1,0.366708,0.359528,0.366015
Zico_0001|Zico_0002,1,0.780635,0.779202,0.756876
Zico_0002|Zico_0003,1,0.770460,0.751532,0.757116
Abdel_Madi_Shabneh_0001|Dean_Barker_0001,0,-0.014342,0.020908,-0.008884
Abdel_Madi_Shabneh_0001|Giancarlo_Fisichella_0001,0,-0.061393,-0.002442,-0.064587
Abdel_Madi_Shabneh_0001|Mikhail_Gorbachev_0001,0,-0.064450,-0.034470,-0.087770
Abdul_Rahman_0001|Portia_de_Rossi_0001,0,-0.062344,-0.071355,-0.062058
Abel_Pacheco_0001|Jong_Thae_Hwa_0002,0,0.050142,0.037097,0.054132
Abel_Pacheco_0002|Jean-Francois_Lemounier_0001,0,-0.176241,-0.155306,-0.151243
Afton_Smith_0001|Dwayne_Wade_0001,0,0.063730,0.050164,0.062313
Ahmad_Jbarah_0001|James_Comey_0001,0,-0.058401,-0.025315,-0.084243
Akhmed_Zakayev_0002|Donna_Morrissey_0001,0,-0.080283,-0.050604,-0.060556
Alan_Dershowitz_0001|Bertrand_Bonello_0001,0,0.083283,0.055117,0.088324
Alanis_Morissette_0001|Martin_Cauchon_0001,0,-0.082723,-0.067455,-0.079282
Alexander_Lukashenko_0001|Heather_Chinnock_0001,0,-0.029928,0.010312,-0.013555
Alfonso_Cuaron_0001|Jason_Priestley_0001,0,0.139241,0.146320,0.124095
Alfonso_Cuaron_0001|Patty_Schnyder_0002,0,-0.145187,-0.114546,-0.100147
Alfonso_Soriano_0001|Bill_Nelson_0002,0,-0.079690,-0.054443,-0.080153
Alfonso_Soriano_0001|Julio_De_Brun_0001,0,0.087232,0.108320,0.097806
Alfonso_Soriano_0001|Patty_Schnyder_0003,0,0.030069,0.006329,0.028519
Alonzo_Mourning_0001|Cecilia_Cheung_0001,0,0.075638,0.068539,0.070739
Amber_Tamblyn_0002|Benjamin_Netanyahu_0001,0,0.061771,0.059098,0.075384
Amporn_Falise_0001|Joe_Pantoliano_0001,0,-0.078862,-0.099414,-0.080887
Anders_Fogh_Rasmussen_0002|Johnson_Panjaitan_0002,0,0.157651,0.156500,0.164074
Andre_Bucher_0001|Joseph_Ralston_0001,0,-0.022409,-0.045110,-0.058071
Andre_Bucher_0001|Maria_Garcia_0001,0,0.039086,0.019397,0.021746
Andrew_Gilligan_0001|Henry_Castellanos_0001,0,0.057038,0.068022,0.074330
Andrew_Shutley_0001|Edmund_Stoiber_0005,0,-0.100687,-0.045510,-0.077580
Andrew_Shutley_0001|Mitchell_Swartz_0001,0,0.030903,0.050725,0.045355
Andrew_Shutley_0001|Saeb_Erekat_0002,0,0.056039,0.063663,0.051757
Andy_Dick_0001|Simon_Yam_0001,0,0.025326,0.010730,0.037620
Andy_Griffith_0001|Osrat_Iosef_0001,0,-0.066608,0.016950,-0.025674
Andy_Wisecarver_0001|Dimitar_Berbatov_0001,0,0.031792,0.021174,0.018324
Angela_Lansbury_0001|Steven_Van_Zandt_0001,0,-0.053290,-0.055723,-0.040561
Angela_Lansbury_0002|John_Coomber_0001,0,-0.031845,-0.040308,-0.024036
Ann_Veneman_0006|Sergio_Garcia_0002,0,-0.042866,-0.025716,-0.047409
Ann_Veneman_0008|Ted_Williams_0001,0,-0.028783,0.007261,-0.005608
Annie-Jeanne_Reynaud_0001|SJ_Twu_0001,0,0.020360,0.043925,0.041870
Anthony_Carter_0001|Eliza_Dushku_0001,0,-0.011378,0.007783,0.008202
Antonio_Cassano_0001|Paul_Celluci_0001,0,-0.036593,0.038543,-0.015648
Anwar_Ibrahim_0001|David_Alpay_0001,0,-0.139067,-0.129871,-0.141910
Armand_Sargen_0001|Daryl_Sabara_0001,0,0.010414,-0.039149,-0.000913
Armand_Sargen_0001|Kelvin_Sampson_0003,0,0.002762,0.017582,-0.004490
Armand_Sargen_0001|Lisa_Gottsegen_0002,0,-0.051313,-0.030793,-0.059924
Atom_Egoyan_0001|Bill_Stapleton_0001,0,-0.064406,-0.069614,-0.086415
Atom_Egoyan_0001|Janis_Ruth_Coulter_0001,0,0.046143,0.060166,0.054319
Barbara_Brezigar_0002|Doris_Roberts_0002,0,-0.039612,-0.029726,-0.032985
Barbara_Felt-Miller_0001|Leticia_Dolera_0001,0,0.155113,0.125079,0.174383
Bart_Freundlich_0001|Ernie_Grunfeld_0001,0,0.024791,0.068182,0.034623
Bart_Freundlich_0001|Kirsten_Gilham_0001,0,0.048972,0.033294,0.051340
Benjamin_Martinez_0001|Garry_McCoy_0001,0,0.084611,0.078020,0.058540
Benjamin_Netanyahu_0001|Maria_Callas_0001,0,-0.028307,0.033064,-0.016246
Benjamin_Netanyahu_0005|Frank_Beamer_0001,0,-0.048480,-0.039956,-0.060898
Bernard_Law_0001|Liu_Xiaoqing_0001,0,-0.072414,-0.056460,-0.062966
Bernard_Law_0003|Valerie_Harper_0002,0,0.021758,0.033746,0.032934
Bertrand_Bonello_0001|Jong_Thae_Hwa_0002,0,0.056835,0.083838,0.062601
Bill_Bradley_0001|Chen_Tsai-chin_0001,0,0.011328,0.030049,-0.002403
Bill_Bradley_0001|Helen_Alvare_0001,0,-0.039194,0.035492,-0.028990
Bill_Elliott_0001|Mary_Anne_Souza_0001,0,-0.008211,0.040928,0.007240
Bill_Frist_0005|Jimmy_Kimmel_0002,0,-0.100324,-0.114867,-0.118323
Bill_Maher_0001|Brad_Russ_0001,0,0.071868,0.099350,0.066732
Bill_Maher_0001|Juliette_Binoche_0001,0,0.008323,0.007132,0.002022
Bill_Nelson_0001|Kim_Jong-Il_0003,0,-0.084069,-0.065377,-0.079607
Bill_Nelson_0002|Gillian_Anderson_0001,0,0.028552,0.038778,0.038637
Bill_Stapleton_0001|Sedigh_Barmak_0001,0,0.107383,0.119661,0.098282
Bill_Stapleton_0001|Valerie_Harper_0001,0,-0.042051,-0.017698,-0.038496
Billy_Bob_Thornton_0001|Herb_Dhaliwal_0001,0,0.084573,0.088764,0.059984
Billy_Bob_Thornton_0001|Nong_Duc_Manh_0001,0,0.174609,0.199969,0.178892
Bob_Alper_0001|Kevin_Millwood_0001,0,-0.012610,0.024122,-0.003338
Bob_Graham_0002|Dwayne_Wade_0001,0,-0.008589,0.016503,-0.003153
Bob_Petrino_0001|Geraldine_Chaplin_0004,0,0.023916,0.036452,0.035308
Bob_Petrino_0001|Jorge_Castaneda_0001,0,-0.120378,-0.082217,-0.125107
Boris_Becker_0004|Julianna_Margulies_0002,0,-0.026736,-0.031595,-0.033467
Brad_Russ_0001|Hana_Urushima_0001,0,-0.015399,-0.033093,-0.043129
Brad_Russ_0001|Romeo_Gigli_0001,0,-0.121595,-0.111099,-0.140488
Brawley_King_0001|Tom_Glavine_0002,0,-0.011306,0.021663,-0.024846
Brian_Griese_0002|Jeffrey_Archer_0002,0,0.017412,0.052726,-0.002573
Brian_Griese_0002|Laura_Elena_Harring_0001,0,-0.015610,0.026448,0.015530
Brian_Griese_0002|Nicolas_Lapentti_0002,0,0.006416,0.031399,0.043737
Bryan_Adams_0001|Michael_Kors_0001,0,-0.116680,-0.096105,-0.086393
Bryan_Adams_0001|Mohamed_Seineldin_0001,0,-0.014091,-0.006977,0.001457
Calbert_Cheaney_0001|Ian_Smith_0001,0,-0.067544,-0.063654,-0.076620
Calbert_Cheaney_0001|Robert_Downey_Jr_0001,0,0.011442,0.049960,-0.008902
Carl_Reiner_0001|Hamid_Efendi_0001,0,-0.005313,0.035646,0.016125
Carl_Reiner_0002|John_Engler_0001,0,0.024312,0.038982,0.027312
Carl_Reiner_0002|Prince_Rainier_III_0001,0,0.002402,0.002912,0.025480
Carl_Reiner_0002|Tom_Glavine_0002,0,-0.019488,-0.034736,-0.040371
Carlo_Azeglio_Ciampi_0001|Francis_Ford_Coppola_0001,0,-0.018974,-0.027814,-0.029236
Carlos_Arroyo_0001|Shane_Phillips_0001,0,-0.104888,-0.032405,-0.057688
Carlos_Paternina_0001|Emily_Stevens_0001,0,-0.061773,-0.033325,-0.074489
Carlos_Paternina_0001|Paul_Sarbanes_0001,0,0.062480,0.074754,0.055863
Casey_Mears_0001|Mike_Davis_0001,0,0.100512,0.113189,0.116744
Casey_Mears_0001|Yukiko_Okudo_0001,0,0.029212,0.013509,-0.004611
Cathy_Freeman_0002|William_Martin_0002,0,0.038811,0.057093,0.002513
Cecilia_Cheung_0001|Daryl_Parks_0001,0,0.105443,0.127312,0.125477
Cecilia_Cheung_0001|Pascal_Affi_Nguessan_0001,0,0.051486,0.054713,0.019431
Chen_Tsai-chin_0001|Dereck_Whittenburg_0001,0,-0.031120,0.011679,-0.004481
Chen_Tsai-chin_0001|Mamdouh_Habib_0001,0,-0.121228,-0.082893,-0.110379
Cho_Myung-kyun_0001|David_Bell_0001,0,0.040714,0.070982,0.057757
Cho_Myung-kyun_0001|Fernando_Sanz_0001,0,-0.057205,-0.022510,-0.064137
Cho_Myung-kyun_0001|Georgia_Giddings_0001,0,0.030648,0.059285,0.038810
Cho_Myung-kyun_0001|Richard_Fine_0001,0,0.010576,0.043418,0.015446
Choi_Yun-yong_0001|Chuck_Eidson_0001,0,-0.047813,0.008008,-0.036682
Chris_Dodd_0001|Taylor_Twellman_0001,0,-0.018288,0.028140,-0.009903
Chris_Swecker_0001|Tom_Vilsack_0001,0,0.080510,0.046439,0.059492
Christian_Lacroix_0001|Laura_Elena_Harring_0001,0,-0.006987,0.019271,-0.002241
Christian_Lacroix_0001|Ornella_Muti_0001,0,-0.045967,-0.021650,-0.041900
Chuck_Eidson_0001|Sigourney_Weaver_0001,0,0.117249,0.117453,0.129182
Clare_Short_0004|Don_Carcieri_0001,0,0.107747,0.119145,0.111405
Coco_dEste_0001|Darvis_Patton_0001,0,0.019818,0.065839,0.016985
Coco_dEste_0001|Melina_Kanakaredes_0001,0,0.119272,0.110524,0.113438
Coco_dEste_0001|Tom_Rouen_0001,0,0.055282,0.108760,0.078288
Coleen_Rowley_0001|Nong_Duc_Manh_0001,0,0.015318,0.034028,0.014615
Corinne_Coman_0002|Frank_Beamer_0001,0,0.055753,0.009710,0.061720
Dale_Earnhardt_Jr_0001|Nick_Reilly_0001,0,-0.004697,0.018270,0.028312
Dario_Franchitti_0001|Henry_Castellanos_0001,0,-0.053576,-0.020235,-0.052744
Darren_Campel_0001|Hilary_McKay_0001,0,-0.057501,-0.056456,-0.054507
Darvis_Patton_0001|Gerard_Tronche_0001,0,-0.052560,-0.037643,-0.035894
Darvis_Patton_0001|William_Macy_0004,0,0.046448,0.045614,0.042985
Daryl_Parks_0001|Guus_Hiddink_0001,0,0.137880,0.148167,0.117209
Daryl_Sabara_0001|Nick_Reilly_0001,0,-0.023436,-0.000106,-0.003900
Daryl_Sabara_0001|Valentina_Tereshkova_0001,0,0.034530,0.041284,0.035270
Dave_Johnson_0001|Howard_Stern_0001,0,-0.055459,-0.019183,-0.026042
Dave_Tucker_0001|Gary_Gitnick_0001,0,-0.023381,-0.010688,-0.004618
David_Collenette_0001|Salman_Khan_0001,0,-0.141313,-0.177368,-0.178506
David_Westerfield_0001|Stan_Kroenke_0001,0,0.119064,0.129679,0.113981
Dean_Jacek_0001|Larry_Wilmore_0001,0,-0.122692,-0.097051,-0.116852
Demi_Moore_0002|Fred_Thompson_0001,0,0.123456,0.148017,0.117654
Demi_Moore_0002|Linus_Roache_0001,0,0.117763,0.175977,0.139608
Dereck_Whittenburg_0001|Lindsey_Graham_0002,0,-0.042831,-0.032161,-0.063283
Dianne_Reeves_0001|Larry_Wilmore_0001,0,0.066322,0.066947,0.017148
Dianne_Reeves_0001|Romeo_Gigli_0001,0,-0.101946,-0.115474,-0.123168
Don_Carcieri_0001|Janica_Kostelic_0001,0,0.027092,0.110393,0.043015
Dora_Bakoyianni_0001|Richard_Sambrook_0002,0,-0.054831,-0.051385,-0.038965
Dora_Bakoyianni_0001|Saeb_Erekat_0002,0,0.099656,0.108227,0.113866
Doris_Roberts_0001|Nong_Duc_Manh_0001,0,-0.087163,-0.078416,-0.115413
Doug_Wilson_0001|Szu_Yu_Chen_0001,0,-0.004395,0.035048,0.006756
Douglas_Gansler_0001|Martin_Brooke_0001,0,0.084187,0.094079,0.097887
Douglas_Gansler_0001|Ronald_Kadish_0001,0,0.091574,0.136813,0.091125
Dwayne_Wade_0001|Mike_Farrar_0001,0,0.044155,0.031449,0.016109
Edward_Arsenault_0001|Jim_Hardin_0001,0,0.173354,0.152281,0.181919
Einars_Repse_0001|Minnie_Mendoza_0001,0,0.028950,0.063135,0.070024
Einars_Repse_0001|Tim_Blake_Nelson_0001,0,0.095497,0.107587,0.113399
Elinor_Caplan_0001|Hilary_McKay_0001,0,-0.036464,-0.039139,-0.034334
Eliza_Dushku_0001|George_Lucas_0001,0,-0.013113,-0.007580,-0.020535
Eliza_Dushku_0001|Itzhak_Perlman_0001,0,-0.062178,0.010325,-0.050251
Emily_Stevens_0001|Janez_Drnovsek_0001,0,-0.039935,0.012091,-0.032650
Emmanuelle_Beart_0002|Phil_Jackson_0001,0,0.005009,0.028837,0.022029
Eric_Daze_0001|Sterling_Hitchcock_0001,0,0.047765,0.080151,0.073220
Erika_Christensen_0002|Michael_Dell_0001,0,0.109598,0.161750,0.114845
Erika_Christensen_0002|Woody_Allen_0002,0,0.047195,0.093657,0.062684
Eriko_Tamura_0001|Georgia_Giddings_0001,0,0.013709,0.045972,-0.020356
Ernie_Grunfeld_0001|Frank_Coraci_0001,0,0.046390,0.070036,0.031272
Eugene_Melnyk_0001|Mahima_Chaudhari_0001,0,-0.079934,-0.011011,-0.049436
Fatma_Kusibeh_0001|Lee_Baca_0001,0,0.005887,0.039133,0.011921
Federico_Trillo_0001|Jonathan_Woodgate_0001,0,-0.112283,-0.101680,-0.122239
Fernando_Alonso_0001|Sam_Brownback_0001,0,0.010859,-0.018681,-0.005995
Fernando_Sanz_0001|Miranda_Otto_0001,0,0.119862,0.160171,0.133420
Fernando_Sanz_0001|Roy_Moore_0001,0,0.067347,0.091448,0.060103
Flor_Montulo_0002|Juan_Pablo_Montoya_0001,0,-0.066629,-0.032035,-0.055985
Francisco_Garcia_0001|Marsha_Sharp_0001,0,0.063789,0.063182,0.042068
Francois_Ozon_0001|Makiya_Ali_Hassan_0001,0,-0.048279,-0.044546,-0.050136
Frank_Coraci_0001|Tomoko_Hagiwara_0002,0,0.052667,0.086267,0.042779
Frank_Van_Ecke_0001|Tsutomu_Takebe_0001,0,0.076766,0.081834,0.055486
Fred_Thompson_0002|Helen_Alvare_0001,0,0.047017,0.026193,0.025458
Fred_Thompson_0002|Sterling_Hitchcock_0001,0,0.097432,0.092834,0.081107
Fred_Thompson_0003|Magda_Kertasz_0001,0,0.055447,0.037706,0.038852
Garry_Trudeau_0001|Pat_Riley_0001,0,-0.060696,-0.032433,-0.109340
Garry_Witherall_0001|Howard_Stern_0001,0,-0.012779,-0.016337,-0.020982
Garry_Witherall_0001|Ingrid_Betancourt_0001,0,-0.000844,0.040761,0.013374
Garry_Witherall_0001|Martin_Keown_0001,0,0.051609,0.051504,0.031643
Gary_Gero_0001|Kim_Hong-gul_0001,0,-0.022957,-0.001324,-0.047128
Gary_Gero_0001|Phil_Gramm_0001,0,-0.093351,-0.090825,-0.059716
Gavin_Degraw_0001|Jeffrey_Archer_0001,0,-0.069780,-0.052934,-0.061368
Gene_Robinson_0003|Martha_Bowen_0002,0,0.086140,0.110589,0.086915
Georgia_Giddings_0001|Mahima_Chaudhari_0001,0,0.005882,0.030840,0.002524
Geovani_Lapentti_0001|Rodney_Rempt_0001,0,0.002143,0.055896,0.011933
Geovani_Lapentti_0001|Sam_Brownback_0001,0,0.026680,-0.003919,-0.011301
Gerard_de_Cortanze_0001|Mark_Wahlberg_0001,0,0.035997,0.047991,0.018278
Gian_Marco_0002|Kevin_Stallings_0002,0,0.232292,0.226674,0.210985
Giancarlo_Fisichella_0001|Maria_Callas_0001,0,-0.008956,0.000842,-0.029105
Gideon_Yago_0001|Natalie_Williams_0001,0,-0.019493,-0.043797,-0.017938
Gideon_Yago_0001|Paul_William_Hurley_0001,0,0.057683,0.032785,0.029754
Glenn_Plummer_0001|Maria_Garcia_0001,0,-0.043742,0.002497,-0.022722
Grant_Hackett_0001|Todd_Robbins_0001,0,0.116302,0.111331,0.099564
Grant_Hackett_0003|Milo_Djukanovic_0003,0,-0.072774,-0.013900,-0.055344
Gray_Davis_0026|Karen_Lynn_Gorney_0001,0,-0.018968,-0.019052,-0.007609
Gregg_Popovich_0003|Vernon_Forrest_0001,0,0.136525,0.153978,0.144023
Gregor_Gysi_0001|Tomoko_Hagiwara_0001,0,0.068146,0.062018,0.053897
Guy_Ritchie_0002|Herb_Dhaliwal_0001,0,-0.044193,-0.052902,-0.031817
Guy_Ritchie_0002|William_Macy_0001,0,0.108427,0.096134,0.123386
Hamid_Efendi_0001|Jimmy_Carter_0008,0,-0.080650,-0.070406,-0.113521
Hamzah_Haz_0002|Hilary_McKay_0001,0,0.042484,0.101783,0.053236
Harald_Ringstorff_0001|Pat_Riley_0001,0,-0.052206,-0.042150,-0.087953
Harald_Ringstorff_0001|Romano_Prodi_0006,0,0.052765,0.064046,0.036670
Heather_Chinnock_0001|Jean-Francois_Lemounier_0001,0,-0.090997,-0.049394,-0.066018
Helen_Alvare_0001|Milo_Djukanovic_0001,0,0.062536,0.069577,0.071647
Henry_Castellanos_0001|Pamela_Anderson_0004,0,-0.010595,0.005772,-0.014817
Henry_Castellanos_0001|Tommy_Shane_Steiner_0001,0,-0.051888,-0.034745,-0.062843
Herb_Dhaliwal_0001|Hung_Wan-ting_0001,0,-0.121306,-0.061766,-0.084320
Hilary_McKay_0001|Kevin_Millwood_0001,0,0.034004,0.057826,0.041587
Howard_Stern_0001|Maria_Callas_0001,0,0.113955,0.104124,0.113338
Hugo_Chavez_0033|Karen_Lynn_Gorney_0001,0,0.045128,0.069012,0.026774
Hugo_Chavez_0060|Steve_Shiver_0001,0,-0.002877,0.010106,0.003971
Imam_Samudra_0001|Ivana_Trump_0001,0,0.084898,0.094467,0.096424
Imelda_Marcos_0001|Patty_Schnyder_0004,0,0.074782,0.092257,0.087976
Jack_Smith_0001|Mary_Jo_Myers_0001,0,-0.035129,-0.017662,-0.010241
James_Caan_0002|Paul_Sarbanes_0002,0,0.038628,-0.004971,0.034925
James_Comey_0001|Juan_Carlos_Morales_0001,0,0.041623,0.080644,0.080893
James_Comey_0001|Paul_William_Hurley_0001,0,0.026467,0.108980,0.057614
Jamling_Norgay_0001|Zico_0002,0,-0.060639,-0.019261,-0.075631
Jan_Pronk_0001|Kim_Dong-hwa_0001,0,0.048122,0.058856,0.031947
Janez_Drnovsek_0001|Sterling_Hitchcock_0001,0,-0.072922,-0.040729,-0.076853
Janica_Kostelic_0002|Yasushi_Akashi_0001,0,-0.065697,-0.028076,-0.072216
Janice_Abreu_0001|Kevin_Sorbo_0001,0,0.064583,0.083477,0.039001
Jeffrey_Ashby_0001|Michael_Dell_0001,0,-0.000371,-0.001707,0.002079
Jennifer_Garner_0006|Mike_Duke_0001,0,-0.049914,-0.024654,-0.043946
Jennifer_Renee_Short_0001|Taylor_Twellman_0001,0,0.027758,0.090174,0.053136
Jerry_Seinfeld_0001|Tim_Blake_Nelson_0001,0,0.025397,0.032419,0.008350
Jerry_Tarkanian_0001|Thomas_Rupprath_0001,0,-0.048501,-0.023862,-0.044867
Jessica_Lange_0002|Sedigh_Barmak_0001,0,-0.012506,0.005662,-0.013105
Jim_Freudenberg_0001|Nigel_Redden_0001,0,-0.055954,-0.003537,-0.046916
Jim_Freudenberg_0001|Tina_Pisnik_0001,0,0.119895,0.176044,0.137199
Jim_Haslett_0001|Tsutomu_Takebe_0001,0,0.010200,0.056963,0.033001
Jim_Otto_0001|Rafiq_Hariri_0001,0,-0.006150,0.007697,-0.008288
Jimmy_Gurule_0001|Terry_McAuliffe_0001,0,-0.106698,-0.047271,-0.077284
Jodie_Foster_0003|Joe_Pantoliano_0001,0,-0.092170,-0.075893,-0.072114
John_Herrington_0001|Luis_Ernesto_Derbez_Bautista_0002,0,0.022031,-0.009077,-0.009825
John_Richardson_0001|Yasushi_Akashi_0001,0,-0.074562,-0.032533,-0.045477
John_Snow_0017|Se_Hyuk_Joo_0001,0,0.026861,0.065607,0.021127
Jonathan_Arden_0001|Joseph_Ralston_0001,0,-0.012945,-0.014698,-0.021238
Jorge_Castaneda_0001|Robert_Fico_0001,0,0.097629,0.142499,0.102831
Jose_Rosado_0001|Micky_Arison_0001,0,0.065942,0.138379,0.047631
Joseph_Blatter_0001|Ronald_Kadish_0001,0,-0.003554,0.034659,0.012632
Joseph_Ralston_0002|Juan_Pablo_Montoya_0005,0,0.083744,0.101103,0.076192
Joseph_Ralston_0002|Yoshiyuki_Kamei_0001,0,0.057155,0.090602,0.056337
Juliette_Binoche_0001|Matthew_Broderick_0003,0,0.013763,0.090384,0.017170
Julio_De_Brun_0001|Patty_Schnyder_0001,0,-0.011535,0.073955,-0.009868
Julio_De_Brun_0001|Vernon_Forrest_0001,0,-0.006996,0.012767,0.021164
Justin_Guarini_0002|Prince_Edward_0001,0,-0.047568,-0.005502,-0.034332
Kate_Winslet_0002|Mike_Duke_0001,0,-0.037300,-0.075612,-0.031717
Katie_Wagner_0001|Stan_Kroenke_0001,0,-0.058161,-0.012339,-0.063123
Keith_Lowen_0001|Robert_Evans_0002,0,-0.118573,-0.061500,-0.101909
Keith_Lowen_0001|Silvia_Farina_Elia_0002,0,0.084544,0.127852,0.107713
Ken_Loach_0001|Taku_Yamasaki_0001,0,-0.056431,-0.028592,-0.049438
Kevin_Crane_0001|Mike_Krzyzewski_0002,0,0.081830,0.051481,0.057969
Kevin_Millwood_0001|Mitchell_Crooks_0001,0,-0.011642,0.003663,0.034404
Kim_Clijsters_0004|Martin_Short_0001,0,-0.064649,-0.022988,-0.093924
Kim_Hong-gul_0001|Milo_Djukanovic_0003,0,0.116148,0.107771,0.103870
Kim_Jong-Il_0003|Rick_Reed_0001,0,0.032333,0.055617,0.032667
Lance_Armstrong_0009|Maria_Garcia_0001,0,0.105220,0.087560,0.091657
Laurent_Jalabert_0002|Vincent_Gallo_0001,0,0.015835,0.024857,-0.015301
Leon_LaPorte_0001|Ted_Williams_0001,0,0.036111,0.037735,0.005221
Leon_LaPorte_0001|Tommy_Thompson_0005,0,0.165354,0.184293,0.164793
Leonardo_Fernandez_0001|Romano_Prodi_0007,0,0.048793,0.061245,0.024923
Leticia_Dolera_0001|Tom_Glavine_0001,0,-0.064756,-0.053788,-0.056818
Lorraine_Bracco_0001|Momcilo_Perisic_0001,0,0.104392,0.091358,0.082545
Luis_Ernesto_Derbez_Bautista_0001|Tyra_Banks_0001,0,0.061346,0.059611,0.056098
Maria_Burks_0001|Todd_Parrott_0001,0,0.046432,0.082283,0.031805
Mario_Lemieux_0001|Stan_Kroenke_0001,0,0.039918,0.054182,0.069036
Mark_Everson_0001|Martin_Sheen_0002,0,0.044221,0.045058,0.011109
Marquier_Montano_Contreras_0001|SJ_Twu_0001,0,-0.127563,-0.113554,-0.133738
Marsha_Sharp_0001|Steve_Shiver_0001,0,0.108212,0.127725,0.100858
Martin_Cauchon_0002|Vitali_Klitschko_0003,0,0.066555,0.024324,0.067557
Martin_Hoellwarth_0002|Mary_Katherine_Smart_0001,0,0.047179,0.072649,0.068580
Martina_Hingis_0001|Terry_McAuliffe_0002,0,-0.027296,-0.035778,-0.070161
Melina_Kanakaredes_0001|Ornella_Muti_0001,0,-0.082592,-0.034104,-0.081677
Michael_Dell_0001|Mike_Duke_0001,0,0.019129,0.023057,0.003099
Michael_Dell_0001|Nigel_Redden_0001,0,-0.058794,-0.023274,-0.056136
Michael_Richards_0001|Silvia_Farina_Elia_0003,0,-0.010138,0.014151,0.004780
Milan_Kucan_0001|Salman_Khan_0001,0,0.084333,0.147133,0.107473
Nancy_Kerrigan_0001|Sam_Brownback_0001,0,0.068553,0.038632,0.059858
Naomi_Campbell_0001|Tom_Ridge_0016,0,0.002727,-0.021504,-0.000070
Nina_Jacobson_0001|Portia_de_Rossi_0001,0,0.074477,0.075904,0.054236
Noah_Wyle_0003|Robbie_Coltrane_0001,0,0.021577,0.015721,0.018891
Nora_Bendijo_0001|William_Martin_0002,0,-0.018526,0.005113,-0.034762
Nursultan_Nazarbayev_0001|Robert_Bonner_0001,0,0.130405,0.143480,0.131039
Pascal_Affi_Nguessan_0001|Tom_Moss_0001,0,0.067706,0.028659,0.036588
Pat_Summitt_0001|Paul_Celluci_0001,0,0.107676,0.113159,0.130876
Patty_Schnyder_0003|Pernilla_Bjorn_0001,0,-0.007306,-0.050345,0.004973
Patty_Schnyder_0003|Prince_Philippe_0001,0,0.013481,0.013463,0.002749
Patty_Schnyder_0004|Ricardo_Lagos_0025,0,-0.006199,0.030212,-0.025946
Pervez_Musharraf_0003|Richard_Rodriguez_0001,0,0.011565,0.064768,0.025888
Phil_Gramm_0002|Stefan_Tafrov_0001,0,0.011324,-0.000943,-0.010566
Rachel_Kempson_0001|Zorica_Radovic_0001,0,-0.051647,-0.076003,-0.048532
Rachel_Roy_0001|Steve_Shiver_0001,0,-0.054728,-0.066486,-0.065565
Richard_Fine_0001|Richard_Rodriguez_0001,0,0.024472,0.047656,0.021595
Rick_Reed_0001|Ruth_Bader_Ginsburg_0001,0,0.128502,0.119670,0.115801
Robbie_Naish_0001|Zhong_Nanshan_0001,0,0.072089,0.097774,0.056227
Robert_Bonner_0002|Vincent_Brooks_0002,0,-0.030214,-0.004355,-0.004883
Robert_Downey_Jr_0001|Tommy_Shane_Steiner_0001,0,-0.009356,0.032531,0.020548
Robert_Evans_0001|Todd_Robbins_0001,0,-0.054644,0.007348,-0.058878
Romeo_Gigli_0001|Tom_Harkin_0004,0,-0.065185,-0.008188,-0.081296
Saeb_Erekat_0001|Tom_Coverdale_0002,0,-0.100591,-0.110627,-0.101887
Se_Hyuk_Joo_0001|Tom_Rouen_0001,0,-0.033872,-0.032708,-0.037466
Sergio_Garcia_0002|Thomas_Watjen_0001,0,-0.031607,-0.025605,-0.055790
Simon_Yam_0001|Terry_McAuliffe_0003,0,-0.019065,0.018766,-0.027856
Simon_Yam_0001|Tommy_Haas_0005,0,0.019773,0.068162,0.032987
Stan_Kroenke_0001|William_Hyde_0001,0,-0.053954,0.009306,-0.036599
Steve_Ballmer_0001|Tina_Pisnik_0001,0,0.076892,0.082971,0.079796
Steve_Ballmer_0002|Vincent_Gallo_0003,0,-0.007800,-0.017204,-0.016436
Steve_Shiver_0001|Thomas_Rupprath_0003,0,-0.060575,-0.028654,-0.050568
Tina_Fey_0001|Todd_Parrott_0001,0,-0.047411,-0.036926,-0.046068
Abdullah_Gul_0001|Abdullah_Gul_0006,1,0.715173,0.678421,0.703162
Abdullah_Gul_0001|Abdullah_Gul_0008,1,0.683500,0.652695,0.662356
Abdullah_Gul_0007|Abdullah_Gul_0014,1,0.749674,0.741499,0.723240
Abdullah_Gul_0009|Abdullah_Gul_0012,1,0.759720,0.763206,0.732545
Abdullah_Gul_0009|Abdullah_Gul_0015,1,0.643321,0.634284,0.616826
Adolfo_Rodriguez_Saa_0001|Adolfo_Rodriguez_Saa_0002,1,0.521974,0.492911,0.497314
Adrien_Brody_0002|Adrien_Brody_0003,1,0.720971,0.678847,0.687968
Adrien_Brody_0002|Adrien_Brody_0012,1,0.465516,0.485746,0.455074
Adrien_Brody_0005|Adrien_Brody_0010,1,0.543112,0.489057,0.504888
Adrien_Brody_0007|Adrien_Brody_0008,1,0.658832,0.611331,0.610534
Al_Sharpton_0001|Al_Sharpton_0004,1,0.629763,0.617209,0.623750
Al_Sharpton_0002|Al_Sharpton_0004,1,0.723948,0.703017,0.712113
Al_Sharpton_0002|Al_Sharpton_0007,1,0.788025,0.790807,0.792089
Al_Sharpton_0003|Al_Sharpton_0004,1,0.634245,0.609898,0.603226
Alexandra_Stevenson_0001|Alexandra_Stevenson_0002,1,0.673568,0.655375,0.669853
Alexandra_Stevenson_0001|Alexandra_Stevenson_0003,1,0.685236,0.669981,0.674912
Alexandra_Vodjanikova_0001|Alexandra_Vodjanikova_0002,1,0.509252,0.494587,0.443485
Alicia_Silverstone_0001|Alicia_Silverstone_0002,1,0.521510,0.515223,0.503019
Ana_Palacio_0003|Ana_Palacio_0007,1,0.545313,0.523459,0.510344
Ana_Palacio_0006|Ana_Palacio_0008,1,0.501312,0.512464,0.502917
Andre_Agassi_0001|Andre_Agassi_0005,1,0.475379,0.508196,0.441806
Andre_Agassi_0002|Andre_Agassi_0016,1,0.601232,0.597722,0.588235
Andre_Agassi_0004|Andre_Agassi_0033,1,0.486931,0.466298,0.461291
Andre_Agassi_0009|Andre_Agassi_0025,1,0.504324,0.506120,0.481493
Andre_Agassi_0017|Andre_Agassi_0025,1,0.681067,0.653702,0.650847
Anna_Kournikova_0002|Anna_Kournikova_0003,1,0.340688,0.326703,0.320608
Anna_Kournikova_0002|Anna_Kournikova_0012,1,0.427177,0.415115,0.371927
Anna_Kournikova_0003|Anna_Kournikova_0008,1,0.475754,0.452760,0.442052
Anna_Kournikova_0007|Anna_Kournikova_0008,1,0.526134,0.551485,0.567080
Anna_Kournikova_0007|Anna_Kournikova_0011,1,0.227889,0.264462,0.254491
Annette_Lu_0001|Annette_Lu_0002,1,0.550857,0.546077,0.536308
Arnold_Palmer_0001|Arnold_Palmer_0003,1,0.573683,0.577825,0.570150
Arnold_Palmer_0002|Arnold_Palmer_0003,1,0.738729,0.720843,0.719333
Aron_Ralston_0001|Aron_Ralston_0002,1,0.477218,0.466478,0.495709
Arturo_Gatti_0002|Arturo_Gatti_0003,1,0.694599,0.696265,0.695678
Bashar_Assad_0001|Bashar_Assad_0003,1,0.641391,0.616147,0.630691
Bashar_Assad_0002|Bashar_Assad_0004,1,0.664581,0.627419,0.653943
Bernardo_Segura_0001|Bernardo_Segura_0002,1,0.520983,0.499507,0.471382
Bill_Gates_0003|Bill_Gates_0016,1,0.618634,0.623342,0.597982
Bill_Gates_0007|Bill_Gates_0015,1,0.647537,0.661222,0.642787
Bill_Gates_0011|Bill_Gates_0013,1,0.554131,0.543800,0.540095
Bill_Gates_0013|Bill_Gates_0017,1,0.649521,0.643704,0.660762
Bo_Pelini_0001|Bo_Pelini_0002,1,0.795591,0.793305,0.787038
Bob_Stoops_0002|Bob_Stoops_0004,1,0.653500,0.668312,0.644114
Bob_Stoops_0002|Bob_Stoops_0005,1,0.728262,0.717173,0.705122
Bobby_Robson_0001|Bobby_Robson_0002,1,0.637567,0.624538,0.615551
Bode_Miller_0001|Bode_Miller_0002,1,0.541587,0.550256,0.542737
Caroline_Kennedy_0001|Caroline_Kennedy_0003,1,0.754323,0.708257,0.713674
Caroline_Kennedy_0002|Caroline_Kennedy_0003,1,0.742136,0.709923,0.707716
Catherine_Zeta-Jones_0001|Catherine_Zeta-Jones_0011,1,0.442995,0.385600,0.452525
Catherine_Zeta-Jones_0004|Catherine_Zeta-Jones_0009,1,0.456765,0.393516,0.418226
Celso_Amorim_0001|Celso_Amorim_0002,1,0.555914,0.545826,0.554273
Chanda_Rubin_0002|Chanda_Rubin_0005,1,0.566141,0.522529,0.543030
Chanda_Rubin_0004|Chanda_Rubin_0005,1,0.647203,0.619011,0.625176
Charles_Bronson_0001|Charles_Bronson_0002,1,0.296688,0.313232,0.280357
Charles_Kartman_0001|Charles_Kartman_0002,1,0.669439,0.632894,0.638921
Charles_Schumer_0001|Charles_Schumer_0002,1,0.431513,0.453134,0.422795
Chris_Rock_0001|Chris_Rock_0002,1,0.692805,0.649623,0.656271
Christine_Baumgartner_0001|Christine_Baumgartner_0002,1,0.532164,0.520291,0.467132
Christine_Baumgartner_0002|Christine_Baumgartner_0004,1,0.465292,0.477179,0.435356
Colin_Farrell_0001|Colin_Farrell_0007,1,0.514445,0.496887,0.491053
Colin_Farrell_0002|Colin_Farrell_0007,1,0.582193,0.574786,0.566252
Colin_Farrell_0003|Colin_Farrell_0006,1,0.639817,0.614462,0.633056
Colin_Farrell_0004|Colin_Farrell_0008,1,0.521225,0.517478,0.502830
Dalai_Lama_0001|Dalai_Lama_0002,1,0.764150,0.777932,0.764285
Daniel_Radcliffe_0001|Daniel_Radcliffe_0004,1,0.566191,0.569986,0.555601
Daryl_Hannah_0001|Daryl_Hannah_0002,1,0.481495,0.469444,0.437802
David_Anderson_0001|David_Anderson_0002,1,0.619710,0.592097,0.612588
David_Anderson_0001|David_Anderson_0003,1,0.575653,0.531231,0.547761
David_Beckham_0001|David_Beckham_0015,1,0.535174,0.521797,0.493097
David_Beckham_0009|David_Beckham_0016,1,0.496078,0.484885,0.493246
David_Beckham_0011|David_Beckham_0029,1,0.490820,0.478088,0.454139
David_Beckham_0013|David_Beckham_0029,1,0.447990,0.457071,0.439673
David_Beckham_0015|David_Beckham_0024,1,0.548815,0.522277,0.539648
David_Beckham_0020|David_Beckham_0027,1,0.560010,0.531987,0.520512
David_Beckham_0027|David_Beckham_0031,1,0.454224,0.488008,0.436468
Denzel_Washington_0002|Denzel_Washington_0004,1,0.552422,0.550571,0.529871
Denzel_Washington_0003|Denzel_Washington_0005,1,0.675354,0.653782,0.662142
Dianne_Feinstein_0001|Dianne_Feinstein_0002,1,0.709773,0.655628,0.679797
Dianne_Feinstein_0001|Dianne_Feinstein_0003,1,0.669432,0.637139,0.635927
Dianne_Feinstein_0002|Dianne_Feinstein_0003,1,0.589922,0.556629,0.586127
Dick_Clark_0001|Dick_Clark_0002,1,0.531514,0.531658,0.530997
Dick_Clark_0001|Dick_Clark_0003,1,0.661130,0.645219,0.668677
Donald_Fehr_0001|Donald_Fehr_0003,1,0.533742,0.511563,0.539992
Donald_Fehr_0001|Donald_Fehr_0004,1,0.541766,0.535616,0.533108
Donald_Fehr_0002|Donald_Fehr_0003,1,0.547427,0.523165,0.527329
Donald_Fehr_0003|Donald_Fehr_0004,1,0.687540,0.663469,0.668993
Dwayne_Johnson_0001|Dwayne_Johnson_0002,1,0.858260,0.831468,0.843579
Ed_Rosenthal_0001|Ed_Rosenthal_0002,1,0.593552,0.556857,0.589366
Erik_Morales_0001|Erik_Morales_0002,1,0.685536,0.698537,0.679582
Erik_Morales_0002|Erik_Morales_0003,1,0.652646,0.651315,0.638203
Evan_Rachel_Wood_0002|Evan_Rachel_Wood_0003,1,0.626605,0.620465,0.615425
Evander_Holyfield_0001|Evander_Holyfield_0002,1,0.623550,0.594497,0.597971
Eve_Pelletier_0001|Eve_Pelletier_0002,1,0.686807,0.648789,0.654737
Farouk_al-Sharaa_0001|Farouk_al-Sharaa_0002,1,0.664462,0.649838,0.630554
Farouk_al-Sharaa_0001|Farouk_al-Sharaa_0003,1,0.762420,0.753726,0.736780
Farouk_al-Sharaa_0002|Farouk_al-Sharaa_0003,1,0.599608,0.581215,0.574998
Frank_Cassell_0001|Frank_Cassell_0002,1,0.607866,0.578853,0.593276
Frank_Cassell_0001|Frank_Cassell_0003,1,0.591508,0.609654,0.579641
Fujio_Cho_0001|Fujio_Cho_0004,1,0.600670,0.571934,0.586263
Fujio_Cho_0002|Fujio_Cho_0005,1,0.744896,0.763284,0.779127
Fujio_Cho_0003|Fujio_Cho_0005,1,0.866814,0.835833,0.855228
Fujio_Cho_0004|Fujio_Cho_0006,1,0.699233,0.709936,0.700310
Fujio_Cho_0005|Fujio_Cho_0006,1,0.629377,0.593290,0.621087
Gao_Qiang_0001|Gao_Qiang_0002,1,0.692147,0.674375,0.657356
Geoff_Hoon_0001|Geoff_Hoon_0002,1,0.623041,0.637811,0.613312
Geoff_Hoon_0003|Geoff_Hoon_0004,1,0.742284,0.679199,0.692118
Geoff_Hoon_0004|Geoff_Hoon_0005,1,0.672397,0.645859,0.637068
George_Brumley_0001|George_Brumley_0002,1,0.553408,0.534011,0.552836
George_Papandreou_0001|George_Papandreou_0002,1,0.506492,0.482462,0.479336
George_Papandreou_0001|George_Papandreou_0003,1,0.748208,0.708592,0.724240
George_Papandreou_0001|George_Papandreou_0004,1,0.724237,0.683879,0.704100
George_Papandreou_0003|George_Papandreou_0004,1,0.723728,0.683885,0.699484
Gloria_Allred_0001|Gloria_Allred_0002,1,0.649056,0.641723,0.669853
Greg_Ostertag_0001|Greg_Ostertag_0002,1,0.497884,0.473659,0.498825
Greg_Owen_0001|Greg_Owen_0002,1,0.694945,0.686113,0.672449
Hanan_Ashrawi_0001|Hanan_Ashrawi_0002,1,0.599114,0.557559,0.581503
Harry_Kalas_0001|Harry_Kalas_0002,1,0.571175,0.573108,0.570431
Hayley_Tullett_0001|Hayley_Tullett_0002,1,0.415150,0.415657,0.439561
Howard_Dean_0001|Howard_Dean_0003,1,0.775078,0.737100,0.731572
Howard_Dean_0001|Howard_Dean_0007,1,0.741107,0.707601,0.716785
Howard_Dean_0002|Howard_Dean_0008,1,0.555920,0.541176,0.537600
Howard_Dean_0004|Howard_Dean_0005,1,0.560884,0.541123,0.533254
Howard_Dean_0005|Howard_Dean_0012,1,0.635448,0.605140,0.574660
Hu_Jintao_0004|Hu_Jintao_0014,1,0.535117,0.515476,0.527309
Hu_Jintao_0005|Hu_Jintao_0012,1,0.584926,0.560147,0.560951
Hu_Jintao_0005|Hu_Jintao_0015,1,0.663658,0.655786,0.675794
Hu_Jintao_0011|Hu_Jintao_0013,1,0.555807,0.530055,0.551895
Ian_McKellen_0001|Ian_McKellen_0003,1,0.503574,0.462857,0.485413
Ibrahim_Jaafari_0001|Ibrahim_Jaafari_0002,1,0.694026,0.675246,0.676893
Isabella_Rossellini_0001|Isabella_Rossellini_0003,1,0.526446,0.531698,0.526895
Ishaq_Shahryar_0001|Ishaq_Shahryar_0002,1,0.629875,0.623215,0.584644
Ismail_Merchant_0001|Ismail_Merchant_0002,1,0.601976,0.561894,0.587247
Jacques_Chirac_0002|Jacques_Chirac_0043,1,0.667551,0.688662,0.680180
Jacques_Chirac_0019|Jacques_Chirac_0028,1,0.668224,0.672754,0.666800
James_Cameron_0001|James_Cameron_0003,1,0.612247,0.589969,0.599273
James_McGreevey_0001|James_McGreevey_0003,1,0.650976,0.610444,0.596548
James_McGreevey_0001|James_McGreevey_0004,1,0.667562,0.641419,0.633109
Jason_Alexander_0001|Jason_Alexander_0002,1,0.583099,0.600164,0.570843
Jason_Kidd_0002|Jason_Kidd_0008,1,0.542152,0.514516,0.541353
Jason_Kidd_0003|Jason_Kidd_0008,1,0.778912,0.761212,0.771202
Jason_Kidd_0006|Jason_Kidd_0008,1,0.741876,0.690208,0.727555
Jelena_Dokic_0001|Jelena_Dokic_0002,1,0.611478,0.595579,0.581602
Jelena_Dokic_0002|Jelena_Dokic_0008,1,0.580585,0.553501,0.547389
Jelena_Dokic_0005|Jelena_Dokic_0006,1,0.519365,0.468539,0.489019
Jelena_Dokic_0007|Jelena_Dokic_0008,1,0.480229,0.472844,0.490486
Jennifer_Connelly_0001|Jennifer_Connelly_0003,1,0.700914,0.652473,0.675706
Jennifer_Connelly_0001|Jennifer_Connelly_0004,1,0.669260,0.613550,0.628283
Jennifer_Connelly_0002|Jennifer_Connelly_0004,1,0.635424,0.598698,0.587327
Jennifer_Connelly_0003|Jennifer_Connelly_0004,1,0.809418,0.783921,0.776025
Jennifer_Keller_0001|Jennifer_Keller_0004,1,0.606333,0.579556,0.600273
Jennifer_Keller_0003|Jennifer_Keller_0004,1,0.583314,0.532636,0.549505
Jennifer_Reilly_0001|Jennifer_Reilly_0002,1,0.824879,0.783099,0.800905
Jennifer_Thompson_0001|Jennifer_Thompson_0002,1,0.671277,0.686643,0.686328
Jim_Hahn_0001|Jim_Hahn_0003,1,0.722817,0.700789,0.701764
Jim_Hahn_0001|Jim_Hahn_0004,1,0.559283,0.534005,0.575759
Jim_Hahn_0003|Jim_Hahn_0004,1,0.643396,0.599564,0.643485
Johnny_Carson_0001|Johnny_Carson_0002,1,0.569660,0.547480,0.525075
Jorge_Batlle_0001|Jorge_Batlle_0002,1,0.543721,0.470587,0.499130
Jorge_Batlle_0001|Jorge_Batlle_0003,1,0.444809,0.384356,0.411331
Jorge_Rodolfo_Canicoba_Corral_0001|Jorge_Rodolfo_Canicoba_Corral_0002,1,0.686442,0.670650,0.678472
Juan_Ignacio_Chela_0001|Juan_Ignacio_Chela_0002,1,0.554080,0.510875,0.553557
Juan_Ignacio_Chela_0001|Juan_Ignacio_Chela_0003,1,0.701753,0.662281,0.698746
Juan_Ignacio_Chela_0002|Juan_Ignacio_Chela_0003,1,0.484994,0.464294,0.467950
Justin_Gatlin_0001|Justin_Gatlin_0002,1,0.584263,0.604655,0.597238
Karen_Mok_0001|Karen_Mok_0002,1,0.734083,0.687773,0.685951
Katie_Harman_0001|Katie_Harman_0002,1,0.587485,0.586615,0.549223
Katie_Harman_0001|Katie_Harman_0003,1,0.418672,0.402011,0.367582
Katie_Harman_0002|Katie_Harman_0003,1,0.484689,0.484898,0.458369
Kenneth_Branagh_0001|Kenneth_Branagh_0002,1,0.740497,0.725217,0.736905
Kevin_Costner_0001|Kevin_Costner_0003,1,0.805243,0.764410,0.782126
Kevin_Costner_0002|Kevin_Costner_0006,1,0.428362,0.429821,0.392969
Kevin_Costner_0002|Kevin_Costner_0008,1,0.368987,0.388143,0.352132
Kevin_Costner_0006|Kevin_Costner_0008,1,0.746005,0.747359,0.727563
Larry_Lindsey_0001|Larry_Lindsey_0002,1,0.527029,0.529002,0.482454
Leonardo_DiCaprio_0003|Leonardo_DiCaprio_0007,1,0.644843,0.650854,0.640119
Leonardo_DiCaprio_0005|Leonardo_DiCaprio_0006,1,0.779232,0.763514,0.762173
Leonardo_DiCaprio_0006|Leonardo_DiCaprio_0008,1,0.811262,0.821383,0.803174
Lindsay_Davenport_0002|Lindsay_Davenport_0010,1,0.552399,0.537178,0.532107
Lindsay_Davenport_0005|Lindsay_Davenport_0009,1,0.559953,0.543945,0.526465
Lisa_Ling_0001|Lisa_Ling_0002,1,0.481848,0.453344,0.478041
Lucy_Liu_0002|Lucy_Liu_0004,1,0.391469,0.419877,0.393212
Lucy_Liu_0002|Lucy_Liu_0005,1,0.565832,0.567943,0.597535
Lucy_Liu_0003|Lucy_Liu_0005,1,0.699307,0.680557,0.687310
Manfred_Stolpe_0001|Manfred_Stolpe_0002,1,0.835848,0.790230,0.777858
Maria_Luisa_Mendonca_0001|Maria_Luisa_Mendonca_0002,1,0.630559,0.647073,0.621010
Mario_Kreutzberger_0001|Mario_Kreutzberger_0002,1,0.565793,0.517296,0.559395
Melissa_Etheridge_0001|Melissa_Etheridge_0002,1,0.711787,0.718493,0.675139
Michael_Jordan_0001|Michael_Jordan_0002,1,0.495248,0.515091,0.510624
Michael_Jordan_0001|Michael_Jordan_0003,1,0.460957,0.502547,0.459072
Michael_Jordan_0002|Michael_Jordan_0004,1,0.649241,0.657584,0.640275
Mikhail_Youzhny_0001|Mikhail_Youzhny_0002,1,0.749700,0.710526,0.712472
Mitchell_Daniels_0001|Mitchell_Daniels_0002,1,0.737146,0.709960,0.729539
Mitchell_Daniels_0001|Mitchell_Daniels_0004,1,0.728606,0.677609,0.714214
Mitchell_Daniels_0003|Mitchell_Daniels_0004,1,0.702180,0.680059,0.689125
Mohammad_Khatami_0001|Mohammad_Khatami_0005,1,0.611818,0.599935,0.604242
Mohammad_Khatami_0003|Mohammad_Khatami_0009,1,0.543410,0.551911,0.518132
Mohammad_Khatami_0008|Mohammad_Khatami_0010,1,0.584150,0.609045,0.567162
Monique_Garbrecht-Enfeldt_0001|Monique_Garbrecht-Enfeldt_0003,1,0.652675,0.667507,0.643911
Natalie_Maines_0002|Natalie_Maines_0005,1,0.564954,0.515270,0.549716
Natalie_Maines_0004|Natalie_Maines_0005,1,0.583915,0.538213,0.568580
Nelson_Mandela_0001|Nelson_Mandela_0003,1,0.632824,0.568541,0.587952
Norodom_Sihanouk_0001|Norodom_Sihanouk_0003,1,0.610151,0.615803,0.592772
Norodom_Sihanouk_0002|Norodom_Sihanouk_0003,1,0.574747,0.584592,0.559414
Osama_bin_Laden_0002|Osama_bin_Laden_0004,1,0.641206,0.614391,0.616408
Osama_bin_Laden_0003|Osama_bin_Laden_0004,1,0.770768,0.745897,0.742015
Oxana_Fedorova_0001|Oxana_Fedorova_0002,1,0.568781,0.540022,0.528186
Peter_Bacanovic_0001|Peter_Bacanovic_0002,1,0.739761,0.728203,0.715282
Philippe_Noiret_0001|Philippe_Noiret_0002,1,0.488617,0.497577,0.479936
Placido_Domingo_0001|Placido_Domingo_0002,1,0.514723,0.492749,0.485782
Placido_Domingo_0002|Placido_Domingo_0003,1,0.785291,0.770138,0.791503
Prince_William_0001|Prince_William_0002,1,0.574128,0.526399,0.553667
Princess_Aiko_0001|Princess_Aiko_0002,1,0.592012,0.621181,0.596243
Priscilla_Presley_0001|Priscilla_Presley_0002,1,0.671685,0.650955,0.658449
Richard_Haass_0001|Richard_Haass_0002,1,0.589827,0.579664,0.575934
Richard_Shelby_0001|Richard_Shelby_0002,1,0.615194,0.582628,0.597530
Rick_Barnes_0001|Rick_Barnes_0002,1,0.571041,0.569291,0.572552
Rick_Barnes_0001|Rick_Barnes_0003,1,0.723478,0.686906,0.693010
Rick_Dinse_0001|Rick_Dinse_0003,1,0.701386,0.710501,0.690241
Rick_Dinse_0002|Rick_Dinse_0003,1,0.687706,0.707698,0.689523
Rio_Ferdinand_0001|Rio_Ferdinand_0002,1,0.437880,0.401660,0.388033
Rita_Grande_0001|Rita_Grande_0002,1,0.563602,0.527612,0.539367
Rita_Grande_0002|Rita_Grande_0003,1,0.710123,0.667957,0.674778
Robin_McLaurin_Williams_0001|Robin_McLaurin_Williams_0002,1,0.443983,0.408110,0.434746
Saddam_Hussein_0002|Saddam_Hussein_0004,1,0.670583,0.658011,0.646370
Saddam_Hussein_0002|Saddam_Hussein_0010,1,0.289366,0.273664,0.270850
Saddam_Hussein_0003|Saddam_Hussein_0011,1,0.611659,0.567136,0.594710
Saddam_Hussein_0006|Saddam_Hussein_0009,1,0.704456,0.706102,0.688377
Sally_Field_0001|Sally_Field_0002,1,0.721096,0.728859,0.703094
Salma_Hayek_0001|Salma_Hayek_0010,1,0.621556,0.584331,0.570150
Salma_Hayek_0001|Salma_Hayek_0011,1,0.575999,0.590854,0.576740
Sandra_Bullock_0001|Sandra_Bullock_0003,1,0.642866,0.650214,0.617328
Sandra_Bullock_0001|Sandra_Bullock_0004,1,0.463575,0.441045,0.428508
Sandra_Bullock_0002|Sandra_Bullock_0004,1,0.433118,0.408764,0.411297
Sandra_Bullock_0003|Sandra_Bullock_0004,1,0.534623,0.516228,0.527251
Sarah_Hughes_0001|Sarah_Hughes_0006,1,0.347843,0.362090,0.359532
Sarah_Hughes_0002|Sarah_Hughes_0005,1,0.605499,0.593827,0.586302
Sarah_Hughes_0003|Sarah_Hughes_0005,1,0.577431,0.511603,0.535653
Sarah_Hughes_0004|Sarah_Hughes_0006,1,0.299562,0.254875,0.293647
Sharon_Frey_0001|Sharon_Frey_0002,1,0.721264,0.694637,0.684550
Silvio_Berlusconi_0006|Silvio_Berlusconi_0030,1,0.443470,0.443803,0.424077
Silvio_Berlusconi_0008|Silvio_Berlusconi_0023,1,0.571072,0.551571,0.566946
Silvio_Berlusconi_0013|Silvio_Berlusconi_0021,1,0.556971,0.484837,0.509666
Silvio_Berlusconi_0017|Silvio_Berlusconi_0029,1,0.605036,0.624792,0.589870
Silvio_Berlusconi_0018|Silvio_Berlusconi_0025,1,0.549096,0.528689,0.524615
Silvio_Berlusconi_0023|Silvio_Berlusconi_0028,1,0.565010,0.562416,0.568578
Silvio_Berlusconi_0024|Silvio_Berlusconi_0030,1,0.630526,0.637801,0.598607
Silvio_Berlusconi_0026|Silvio_Berlusconi_0032,1,0.717353,0.696384,0.690161
Spencer_Abraham_0003|Spencer_Abraham_0017,1,0.644431,0.640177,0.644868
Steffi_Graf_0002|Steffi_Graf_0005,1,0.611088,0.614744,0.595985
Steffi_Graf_0003|Steffi_Graf_0004,1,0.497801,0.474482,0.486741
Steven_Spielberg_0001|Steven_Spielberg_0005,1,0.588189,0.571336,0.577292
Steven_Spielberg_0001|Steven_Spielberg_0006,1,0.705202,0.670241,0.697571
Steven_Spielberg_0003|Steven_Spielberg_0006,1,0.521923,0.498361,0.510567
Steven_Spielberg_0004|Steven_Spielberg_0006,1,0.673455,0.646182,0.650733
Steven_Spielberg_0004|Steven_Spielberg_0007,1,0.409923,0.363412,0.391112
Steven_Spielberg_0006|Steven_Spielberg_0007,1,0.423327,0.373792,0.422641
Theresa_May_0001|Theresa_May_0002,1,0.806646,0.764397,0.768199
Theresa_May_0002|Theresa_May_0003,1,0.635087,0.616948,0.617366
Tippi_Hedren_0001|Tippi_Hedren_0002,1,0.758709,0.735945,0.733752
Todd_Haynes_0001|Todd_Haynes_0002,1,0.681515,0.667503,0.678903
Todd_Haynes_0001|Todd_Haynes_0003,1,0.453182,0.448601,0.440101
Todd_Haynes_0001|Todd_Haynes_0004,1,0.585992,0.576069,0.589634
Todd_Haynes_0002|Todd_Haynes_0004,1,0.623932,0.613417,0.599067
Tony_Blair_0018|Tony_Blair_0086,1,0.492453,0.449560,0.473914
Tony_Blair_0032|Tony_Blair_0048,1,0.654203,0.640324,0.636994
Tony_Blair_0032|Tony_Blair_0110,1,0.530826,0.477390,0.500691
Tony_Blair_0053|Tony_Blair_0102,1,0.650772,0.662535,0.642055
Tony_Blair_0091|Tony_Blair_0134,1,0.673309,0.666318,0.672940
Tony_Blair_0092|Tony_Blair_0133,1,0.626867,0.619529,0.627317
Tony_Blair_0105|Tony_Blair_0121,1,0.769427,0.755501,0.746741
Vicente_Fox_0004|Vicente_Fox_0030,1,0.636689,0.615525,0.625898
Vicente_Fox_0009|Vicente_Fox_0016,1,0.633198,0.578467,0.598742
Vicente_Fox_0011|Vicente_Fox_0017,1,0.543019,0.485108,0.523052
Vicente_Fox_0015|Vicente_Fox_0030,1,0.597761,0.600722,0.593656
Vojislav_Kostunica_0001|Vojislav_Kostunica_0003,1,0.449982,0.413972,0.424583
Vojislav_Kostunica_0002|Vojislav_Kostunica_0004,1,0.592825,0.607673,0.601195
Vojislav_Kostunica_0004|Vojislav_Kostunica_0007,1,0.774859,0.758146,0.743473
Vojislav_Kostunica_0005|Vojislav_Kostunica_0007,1,0.731166,0.730589,0.689581
Walter_Mondale_0001|Walter_Mondale_0006,1,0.447602,0.435935,0.413031
Walter_Mondale_0001|Walter_Mondale_0007,1,0.374650,0.316495,0.339815
Walter_Mondale_0005|Walter_Mondale_0007,1,0.622105,0.577997,0.610285
Walter_Mondale_0006|Walter_Mondale_0008,1,0.440011,0.455049,0.418313
Walter_Mondale_0007|Walter_Mondale_0009,1,0.602422,0.577462,0.588559
Wang_Yingfan_0002|Wang_Yingfan_0003,1,0.630246,0.605280,0.624832
William_Bratton_0001|William_Bratton_0003,1,0.670027,0.632988,0.638709
William_Donaldson_0001|William_Donaldson_0005,1,0.610334,0.617456,0.585760
William_Donaldson_0003|William_Donaldson_0005,1,0.715187,0.702096,0.702056
William_Donaldson_0004|William_Donaldson_0006,1,0.597179,0.560147,0.576200
Xavier_Malisse_0001|Xavier_Malisse_0003,1,0.697641,0.655987,0.650827
Xavier_Malisse_0003|Xavier_Malisse_0004,1,0.704398,0.673860,0.664404
Xavier_Malisse_0003|Xavier_Malisse_0005,1,0.660383,0.650901,0.632116
Yevgeny_Kafelnikov_0001|Yevgeny_Kafelnikov_0004,1,0.629353,0.646533,0.590325
Zarai_Toledo_0001|Zarai_Toledo_0002,1,0.480666,0.468984,0.454469
Adolfo_Rodriguez_Saa_0001|Dave_Odom_0001,0,0.060584,0.115961,0.028423
Adolfo_Rodriguez_Saa_0001|Nancy_Powell_0001,0,0.027022,0.029064,0.032996
Adrien_Brody_0003|Damon_Dash_0001,0,0.135323,0.146905,0.106571
Ahmed_Ahmed_0001|Mike_Smith_0001,0,0.092565,0.115929,0.090544
Al_Sharpton_0005|Cole_Chapman_0001,0,-0.039826,-0.049822,-0.047633
Alberto_Sordi_0001|James_Cameron_0002,0,0.061153,0.079012,0.044803
Alejandro_Lerner_0001|Jesper_Parnevik_0001,0,-0.080852,-0.077193,-0.094708
Alejandro_Lerner_0001|TA_McLendon_0001,0,0.004492,0.028070,0.001224
Alex_Penelas_0001|Robin_Johansen_0001,0,-0.053633,-0.005415,-0.018176
Alex_Penelas_0002|Gretchen_Mol_0001,0,-0.024476,-0.028035,-0.038031
Alexandra_Stevenson_0003|Ronde_Barber_0001,0,0.043464,0.071681,0.056747
Ali_Adbul_Karim_Madani_0001|Carey_Lowell_0001,0,0.019317,0.047689,0.014774
Ali_Mohammed_Maher_0001|Isabela_Moraes_0001,0,-0.006487,0.023933,-0.012987
Ali_Mohammed_Maher_0001|Isidro_Pastor_0001,0,0.108341,0.119214,0.114720
Alicia_Silverstone_0002|Jennifer_Thompson_0001,0,0.081274,0.165955,0.141605
Alicia_Silverstone_0002|Jonathan_Tiomkin_0001,0,0.048914,0.096913,0.055974
Alicia_Silverstone_0002|Serge_Tchuruk_0001,0,-0.051568,-0.023345,-0.043080
Andre_Agassi_0031|Boris_Jordan_0001,0,0.109840,0.112317,0.108791
Andre_Techine_0001|Lloyd_Richards_0001,0,-0.086628,-0.064082,-0.090842
Andy_Benes_0001|Doug_Moe_0001,0,0.070380,0.124242,0.105925
Andy_Benes_0001|Mitar_Rasevic_0001,0,0.110591,0.121944,0.104171
Andy_Bryant_0001|Mike_Slive_0001,0,0.012310,0.015446,0.007557
Anna_Kournikova_0008|Colin_Farrell_0001,0,-0.028600,-0.007193,-0.006348
Anne_ONeil_0001|Sophie_0001,0,-0.116861,-0.116567,-0.108620
Anthony_Lee_Johnson_0001|Dave_Williams_0001,0,-0.089569,-0.066250,-0.078970
Arnold_Palmer_0001|Stephanie_Zimbalist_0001,0,0.056923,0.078469,0.096190
Arnold_Palmer_0003|Charles_Kartman_0001,0,-0.043816,0.033867,-0.004440
Aron_Ralston_0001|Bill_Fennelly_0001,0,-0.021040,-0.004233,-0.029406
Bart_Hendricks_0001|Philippe_Noiret_0001,0,-0.042464,-0.051461,-0.058877
Ben_Kingsley_0001|Daryl_Hannah_0001,0,0.005753,0.031193,0.012904
Ben_Kingsley_0001|Jean_Nagel_0001,0,-0.022284,0.040434,0.010982
Ben_Kingsley_0001|Perry_Farrell_0001,0,-0.080874,-0.062369,-0.025923
Benjamin_Neulander_0001|Robin_Tunney_0001,0,0.000320,0.024563,0.015559
Bernardo_Segura_0001|Debra_Shank_0001,0,0.088253,0.101294,0.079449
Bernardo_Segura_0002|Douglas_Paal_0001,0,0.079388,0.053373,0.091000
Bernardo_Segura_0002|Jeanette_Stauffer_0001,0,-0.068301,-0.062706,-0.062812
Bill_Pryor_0001|Ronde_Barber_0001,0,-0.017995,-0.044474,-0.071811
Bob_Melvin_0001|Richard_Hamilton_0001,0,0.000059,0.033020,-0.014927
Bob_Stoops_0003|Wayne_Allard_0001,0,0.008105,0.004259,0.016215
Bobby_Jackson_0001|Bruce_Gebhardt_0001,0,0.050125,0.065942,0.066201
Bobby_Jackson_0001|JP_Suarez_0001,0,-0.011243,-0.014620,0.010325
Bobby_Jackson_0001|Madge_Overhouse_0001,0,0.065650,0.067874,0.086104
Bobby_Jackson_0001|Nicola_Wells_0001,0,0.049691,0.081277,0.059916
Bobby_Robson_0001|Rollie_Massimino_0001,0,0.105879,0.112725,0.104262
Bode_Miller_0001|David_Howard_0001,0,-0.043220,-0.004819,-0.082197
Bode_Miller_0001|Steffi_Graf_0001,0,0.033444,0.064355,0.021123
Boris_Jordan_0001|Kim_Weeks_0001,0,0.056973,0.025411,0.054675
Boris_Jordan_0001|Vincent_Sombrotto_0001,0,-0.089623,-0.056574,-0.089321
Brad_Alexander_Smith_0001|Jason_Alexander_0002,0,-0.032932,0.012061,-0.008942
Brad_Alexander_Smith_0001|Kate_Lee_0001,0,0.102217,0.134887,0.135758
Brad_Alexander_Smith_0001|Tatiana_Gratcheva_0001,0,-0.012470,0.007831,-0.006440
Brandon_Webb_0001|Helmut_Panke_0001,0,0.026284,0.073141,0.033301
Brandon_Webb_0001|Larry_Hahn_0001,0,0.044287,0.006104,0.050633
Brandon_Webb_0001|Ryan_Leaf_0001,0,0.033193,0.060115,0.020091
Brennon_Leighton_0001|Laurel_Clark_0001,0,0.012655,0.031309,0.020231
Brett_Hawke_0001|Teri_Files_0001,0,-0.022669,-0.001651,-0.048801
Bruce_Gebhardt_0001|Jean-Luc_Bideau_0001,0,-0.025541,-0.004720,-0.005055
Bruce_Gebhardt_0001|Masao_Azuma_0001,0,0.006665,-0.010127,-0.007750
Bryan_Cooley_0001|Katie_Harman_0003,0,-0.016355,-0.015474,-0.013674
Bryan_Murray_0001|Eric_Schacht_0001,0,-0.058094,-0.024591,-0.070594
Bryan_Murray_0001|Mikhail_Youzhny_0001,0,0.112540,0.131976,0.114330
Bryan_Murray_0001|Mitchell_Daniels_0002,0,0.106164,0.148327,0.116820
Camille_Colvin_0001|Irina_Yatchenko_0001,0,0.102592,0.133733,0.133653
Carey_Lowell_0001|Charlie_Coles_0001,0,0.023786,0.019255,0.012477
Carl_Pope_0001|Larry_Hahn_0001,0,-0.037621,-0.031357,0.003873
Carolina_Barco_0001|Daryl_Hannah_0001,0,-0.031892,-0.022041,-0.024783
Carolina_Barco_0001|Lindsay_Davenport_0022,0,-0.005492,-0.017068,0.017288
Carolina_Barco_0001|Norodom_Sihanouk_0001,0,0.003040,0.001087,-0.013337
Caroline_Kennedy_0003|Henry_Suazo_0001,0,-0.017056,-0.039830,-0.016426
Catherine_Bell_0001|Guillaume_Cannet_0001,0,0.123704,0.181988,0.156745
Catherine_Zeta-Jones_0010|Pier_Ferdinando_Casini_0001,0,0.097965,0.095770,0.087391
Catherine_Zeta-Jones_0011|Hayley_Tullett_0002,0,0.031711,0.014389,0.052013
Celso_Amorim_0002|Juljia_Vysotskij_0001,0,-0.100553,-0.069729,-0.082941
Celso_Amorim_0002|Kevin_Costner_0001,0,-0.052930,-0.021870,-0.052238
Celso_Amorim_0002|Thomas_Stewart_0001,0,0.225644,0.185701,0.200591
Chanda_Rubin_0003|Richard_Tubb_0001,0,-0.032847,-0.022534,-0.037501
Chante_Jawan_Mallard_0001|Stephen_Glassroth_0001,0,0.083767,0.088973,0.063837
Chante_Jawan_Mallard_0001|Vicente_Fox_0023,0,-0.025026,-0.012396,0.003114
Charles_Bronson_0002|Hu_Jintao_0004,0,-0.122957,-0.124944,-0.132563
Charles_Kartman_0001|Debra_Shank_0001,0,0.056308,0.060517,0.040014
Charles_Schumer_0002|James_Watt_0001,0,-0.012747,0.060461,-0.018547
Charles_Schumer_0002|Justin_Gatlin_0002,0,0.089182,0.102887,0.094319
Charles_Schumer_0002|Lionel_Chalmers_0001,0,0.049990,0.092235,0.058406
Chris_Rock_0002|Dalai_Lama_0001,0,0.015937,0.055106,0.020504
Christine_Baumgartner_0002|Vincent_Sombrotto_0001,0,-0.012256,-0.004820,-0.011065
Christine_Baumgartner_0003|Lars_Burgsmuller_0001,0,-0.089160,-0.106983,-0.097114
Chyung_Dai-chul_0001|Dan_Reeves_0001,0,0.060949,0.064186,0.046234
Cindy_Moll_0001|Daniel_Radcliffe_0003,0,0.099647,0.121506,0.109853
Cindy_Moll_0001|James_McPherson_0001,0,-0.060334,-0.036627,-0.025220
Cindy_Moll_0001|Robin_Johansen_0001,0,0.008839,-0.000416,-0.026559
Claire_De_Gryse_0001|Deb_Santos_0001,0,-0.049496,-0.026712,-0.003784
Claire_Tomalin_0001|Steve_Case_0001,0,0.012169,0.011295,0.024573
Clay_Campbell_0001|Leonardo_DiCaprio_0002,0,-0.047727,-0.030847,-0.023876
Cole_Chapman_0001|Marisol_Martinez_Sambran_0001,0,-0.057334,-0.027105,-0.044505
Colin_Phillips_0001|Ian_McKellen_0003,0,-0.018023,0.056671,-0.002045
Colin_Phillips_0001|Lloyd_Richards_0001,0,0.058436,0.121232,0.046582
Colin_Prescot_0001|Laurie_Hobbs_0001,0,-0.048691,-0.071927,-0.068524
Connie_Freydell_0001|Tommy_Maddox_0001,0,-0.012770,-0.049494,-0.032527
Craig_OClair_0001|Steve_Avery_0001,0,0.054277,0.033066,0.043580
Damarius_Bilbo_0001|Juljia_Vysotskij_0001,0,0.098372,0.113846,0.062756
Damon_Dash_0001|Henry_Suazo_0001,0,0.094524,0.103338,0.049152
Daniel_Comisso_Urdaneta_0001|Larry_Ralston_0001,0,0.016794,-0.002194,0.010624
Daniel_Radcliffe_0003|Diane_Green_0002,0,0.074485,0.119223,0.096461
Daniel_Radcliffe_0003|Rick_Barnes_0002,0,0.002018,0.045881,0.015028
Daniel_Radcliffe_0003|Vicente_Fox_0032,0,-0.071508,-0.041306,-0.061157
Dany_Heatley_0001|Richard_Parsons_0001,0,0.024550,0.029245,0.017919
Dany_Heatley_0001|Terry_Hoeppner_0001,0,-0.078808,-0.013891,-0.053524
Dave_Odom_0001|Maritza_Macias_Furano_0001,0,0.016302,0.062296,0.053985
David_Beckham_0022|Laura_Morante_0001,0,0.009063,0.021948,0.027019
David_Duval_0001|Philippe_Noiret_0002,0,-0.117716,-0.070482,-0.086085
David_Ho_0001|Doug_Moe_0001,0,0.008460,0.067174,0.027031
David_Ho_0001|Erskine_Bowles_0001,0,-0.024049,0.004010,-0.014235
David_Ho_0001|Evander_Holyfield_0001,0,-0.022006,-0.009635,-0.033607
David_Howard_0001|Hugo_Conte_0001,0,0.078024,0.069825,0.063905
Denzel_Washington_0004|Henry_Suazo_0001,0,-0.026632,0.003930,-0.003325
Des_Brown_0001|Eliott_Spitzer_0001,0,-0.134954,-0.116180,-0.134217
Des_Brown_0001|Svetislav_Pesic_0001,0,0.028688,0.038473,0.045023
Diana_Ross_0001|Rick_Rickert_0001,0,-0.082934,-0.070048,-0.081979
Dianne_Feinstein_0003|Dwayne_Johnson_0002,0,0.034355,0.040796,0.027485
Dick_Clark_0003|Manfred_Stolpe_0001,0,0.048261,0.050407,0.062905
Dino_Risi_0001|Gabriel_Farhi_0001,0,-0.064897,-0.015314,-0.044266
Doc_Rivers_0001|Melissa_Joan_Hart_0001,0,-0.014169,-0.016338,-0.023795
Dominick_Dunne_0001|Nicoletta_Braschi_0001,0,-0.012772,0.044864,-0.001267
Don_Flanagan_0001|Ed_Sullivan_0001,0,-0.158861,-0.129842,-0.151896
Don_Flanagan_0001|Ratna_Sari_Dewi_Sukarno_0001,0,0.040982,0.035409,0.061782
Donald_Keyser_0001|Salma_Hayek_0002,0,0.034410,0.026642,0.036645
Douglas_Paal_0001|Ed_Sullivan_0001,0,-0.046748,-0.073832,-0.070900
Douglas_Paal_0001|Richard_Hamilton_0001,0,-0.026497,-0.053797,-0.035804
Dusty_Baker_0001|Saddam_Hussein_0002,0,-0.027158,-0.014105,-0.049416
Ed_Rendell_0001|Jamie_Dimon_0001,0,0.003582,-0.017458,-0.001061
Ed_Rendell_0001|Richard_Cohen_0001,0,-0.161777,-0.120593,-0.117389
Eddie_Murray_0001|Kevin_Costner_0007,0,-0.016683,-0.029957,-0.026184
Elaine_Stritch_0001|Richard_Parsons_0001,0,0.032413,0.049212,0.035429
Elena_Tihomirova_0001|Mike_Slive_0001,0,-0.102450,-0.056145,-0.091646
Elena_Tihomirova_0001|Mohammed_Abu_Sharia_0001,0,-0.089169,-0.050979,-0.063325
Eric_Schacht_0001|Jennifer_Keller_0002,0,-0.036552,-0.002935,-0.026515
Erik_Morales_0003|Werner_Schlager_0001,0,0.082809,0.110413,0.085321
Erin_Brockovich_0001|Henry_Suazo_0001,0,0.003024,0.000639,0.018178
Erin_Brockovich_0001|Mike_Carona_0001,0,-0.003612,0.028006,0.023769
Evan_Rachel_Wood_0001|Sharon_Frey_0001,0,0.057916,0.088700,0.059202
Evander_Holyfield_0001|Julio_Rossi_0001,0,-0.036587,0.007814,-0.022954
Evander_Holyfield_0001|Michael_Jordan_0003,0,0.069847,0.070799,0.060020
Evander_Holyfield_0001|Mike_Carona_0001,0,0.072989,0.096726,0.093328
Fatmir_Limaj_0001|Todd_Haynes_0004,0,0.105261,0.125053,0.087097
Felicity_Huffman_0001|Nelson_Acosta_0001,0,0.105684,0.138683,0.098097
Felipe_De_Borbon_0001|Jose_Bove_0001,0,0.034786,0.028798,0.050752
Frank_Cassell_0002|Jesper_Parnevik_0001,0,0.054702,0.088664,0.050630
Frank_Cassell_0003|Ronde_Barber_0001,0,0.010763,0.024995,0.001158
Fred_Durst_0001|Marisol_Martinez_Sambran_0001,0,-0.009916,0.031479,-0.001660
Fred_Durst_0001|Shavon_Earp_0001,0,-0.010826,0.003507,-0.007250
Fujio_Cho_0001|Javier_Vargas_0001,0,-0.044806,-0.037631,-0.029955
Fujio_Cho_0002|Tatsuya_Fuji_0001,0,0.090468,0.132067,0.134197
Fujio_Cho_0003|Michael_Brandon_0001,0,-0.047972,-0.022090,-0.012973
Fujio_Cho_0006|Olene_Walker_0001,0,-0.088256,-0.110924,-0.091724
Gabriel_Farhi_0001|Lars_Burgsmuller_0001,0,0.049618,0.079595,0.078716
Gao_Qiang_0002|Kenneth_Brill_0001,0,-0.019364,0.033626,0.014282
Gary_Stevens_0001|Wanda_Ilene_Barzee_0001,0,0.001125,0.064608,0.018161
Geoff_Hoon_0001|Osama_bin_Laden_0003,0,-0.043489,-0.003230,-0.041138
Geoff_Hoon_0003|Richard_Tubb_0001,0,0.059675,0.100875,0.074965
Geoff_Hoon_0005|Thomas_Stewart_0001,0,0.068623,0.082632,0.050969
George_Brumley_0001|Manfred_Stolpe_0001,0,0.098037,0.050090,0.057225
George_Brumley_0001|Ryan_Leaf_0001,0,-0.045029,0.035415,-0.029283
George_Brumley_0002|Sergei_Yushenkov_0001,0,0.049157,0.006869,0.007545
George_Papandreou_0002|Tatiana_Panova_0001,0,0.021545,0.033578,0.046099
George_Papandreou_0004|Larry_Lindsey_0002,0,-0.006219,0.042501,0.032284
George_Papandreou_0004|Paul_LeClerc_0001,0,-0.137861,-0.142524,-0.158985
Ghassan_Elashi_0001|Rick_Rickert_0001,0,-0.000631,0.039685,-0.004832
Gloria_Allred_0002|Roman_Tam_0001,0,0.108362,0.123498,0.113908
Greg_Kinsey_0001|Priscilla_Presley_0001,0,-0.031998,-0.016319,-0.004863
Greg_Ostertag_0002|Kevin_Costner_0006,0,0.014582,0.007975,-0.011438
Greg_Owen_0001|Mark_Sisk_0001,0,0.116567,0.120403,0.103429
Greg_Owen_0002|Mike_Smith_0001,0,0.059883,0.041917,0.050104
Gretchen_Mol_0001|Isabella_Rossellini_0002,0,0.143389,0.130101,0.092505
Gunilla_Backman_0001|Kathleen_Abernathy_0001,0,-0.076729,-0.045661,-0.058847
Hanan_Ashrawi_0001|Mario_Kreutzberger_0002,0,0.063341,0.062282,0.060401
Hans_Leistritz_0001|Saddam_Hussein_0018,0,-0.104037,-0.104035,-0.112612
Hans_Leistritz_0001|Sue_Grafton_0001,0,-0.022261,-0.035341,-0.014742
Hans_Peter_Briegel_0001|Theresa_May_0002,0,-0.041908,-0.035943,-0.086284
Harriet_Lessy_0001|Mike_Carona_0001,0,0.075049,0.095063,0.053076
Harry_Kalas_0002|Joe_Strummer_0001,0,0.023481,0.062493,0.075710
Harry_Kalas_0002|Lewis_Booth_0001,0,0.042682,0.089025,0.067799
Hayley_Tullett_0001|Ian_McKellen_0001,0,0.002542,-0.003907,-0.013243
Henry_Suazo_0001|Ratna_Sari_Dewi_Sukarno_0001,0,-0.032032,-0.013976,-0.027036
Hernan_Crespo_0001|Ronde_Barber_0001,0,-0.085218,-0.090743,-0.081203
Hiroyuki_Yoshino_0001|Rollie_Massimino_0001,0,-0.015765,-0.021413,-0.020749
Hu_Jintao_0006|Jerome_Jenkins_0001,0,0.006349,0.010740,0.008062
Hugh_Jessiman_0001|Solomon_Passy_0001,0,-0.104549,-0.085361,-0.081786
Hugh_Jessiman_0001|TA_McLendon_0001,0,-0.075047,-0.046613,-0.060882
Hugo_Conte_0001|Laurent_Woulzy_0001,0,0.050372,0.016551,0.041404
Irina_Yatchenko_0001|Katie_Harman_0002,0,0.102498,0.120613,0.094679
Isidro_Pastor_0001|Mark_Butcher_0001,0,0.049407,0.042089,0.027007
Ismail_Merchant_0001|Mack_Brown_0002,0,-0.154219,-0.137403,-0.160075
Ismail_Merchant_0002|Kathleen_Abernathy_0001,0,0.042027,0.029470,0.057133
Ivan_Helguera_0001|William_Donaldson_0004,0,0.061957,0.074537,0.052586
Iveta_Benesova_0001|Jacques_Chirac_0050,0,0.034940,0.035288,0.036545
Jacques_Chirac_0020|Tzipora_Obziler_0001,0,-0.124973,-0.117892,-0.122850
Jacques_Chirac_0035|Richard_Shelby_0002,0,0.109205,0.100213,0.112833
James_Cameron_0001|Richard_Shelby_0002,0,0.074942,0.092638,0.080132
James_McGreevey_0001|Katie_Harman_0002,0,0.032343,0.101736,0.073251
James_McGreevey_0001|Tzipora_Obziler_0001,0,-0.003973,0.055550,0.047750
James_Sensenbrenner_0001|Jimmy_Smits_0001,0,-0.088453,-0.057196,-0.080570
James_Sensenbrenner_0001|Maria_Shkolnikova_0001,0,0.046909,0.096137,0.074052
James_Watt_0001|Priscilla_Presley_0002,0,-0.016427,-0.012849,-0.027332
Jamie_Dimon_0001|Robert_Korzeniowski_0001,0,-0.006791,0.034568,0.014836
Jason_Alexander_0001|Mike_Maroth_0001,0,-0.024427,0.001595,-0.041015
Jason_Alexander_0001|Wayne_Allard_0001,0,-0.021750,-0.012378,-0.017325
Jason_Kidd_0007|Louisa_Baileche_0001,0,0.004539,0.043858,0.037970
Javier_Vargas_0001|Jesse_Helms_0001,0,-0.022444,-0.076026,-0.038723
Jeanette_Gray_0001|Keith_Fotta_0001,0,0.014200,0.071863,0.056949
Jeanette_Stauffer_0001|Marie-Josee_Croze_0001,0,-0.017834,-0.021800,-0.022622
Jeffrey_Donaldson_0001|Leonardo_DiCaprio_0008,0,-0.078333,-0.076789,-0.084055
Jeffrey_Donaldson_0001|Peter_Bacanovic_0001,0,0.004601,0.016331,-0.007727
Jennifer_Connelly_0004|Martin_Bandier_0001,0,-0.055093,-0.042314,-0.068490
Jesper_Parnevik_0001|Justin_Gatlin_0002,0,-0.103869,-0.033559,-0.081217
Jimmy_Smits_0001|Robin_Johansen_0001,0,-0.177052,-0.132905,-0.156741
Jimmy_Smits_0001|Shane_Hmiel_0001,0,0.032649,0.049209,0.060756
Joe_Crede_0001|Tom_DeLay_0001,0,0.084443,0.077962,0.055775
John_Burkett_0001|Leonardo_DiCaprio_0002,0,0.054408,0.101557,0.079541
John_McKay_0001|Mary_Sue_Coleman_0001,0,0.035509,0.029787,0.037134
Johnny_Hallyday_0001|Olene_Walker_0001,0,-0.092941,-0.098129,-0.071920
Jonathan_Tiomkin_0001|Rita_Grande_0002,0,-0.043158,0.011815,-0.040543
Jorge_Rodolfo_Canicoba_Corral_0001|Wayne_Allard_0001,0,-0.131434,-0.093228,-0.150419
Jose_Bove_0001|Juergen_Trittin_0001,0,0.095933,0.102499,0.086823
Juljia_Vysotskij_0001|Patrick_Coleman_0001,0,-0.128445,-0.174588,-0.140171
Kate_Lee_0001|Toshimitsu_Motegi_0001,0,0.087430,0.091401,0.084711
Kathie_Louise_Saunders_0001|Roberto_Lavagna_0001,0,0.088690,0.057039,0.077611
Kathie_Louise_Saunders_0001|Rosalyn_Carter_0001,0,-0.097664,-0.070600,-0.105557
Kenneth_Branagh_0001|Pinar_del_Rio_0001,0,-0.112920,-0.060323,-0.103296
Kevin_Costner_0005|Stephen_Glassroth_0001,0,0.011493,0.053722,0.030085
Khader_Rashid_Rahim_0001|Richard_Cohen_0001,0,-0.046876,-0.006775,-0.017263
Khalid_Khannouchi_0001|Werner_Schlager_0001,0,0.096452,0.088833,0.065345
Kim_Su_Nam_0001|Todd_Haynes_0004,0,0.009118,0.064929,0.025020
Kim_Weeks_0001|Marie-Josee_Croze_0001,0,0.048887,0.021583,0.053529
Kimora_Lee_0001|Robin_Johansen_0001,0,-0.032252,-0.066078,-0.050841
Kurt_Suzuki_0001|Scott_Hoch_0001,0,0.113082,0.123649,0.111812
Larry_Lindsey_0001|Wanda_Ilene_Barzee_0001,0,0.034446,0.082050,0.039633
Larry_Ralston_0001|Richard_Carl_0001,0,0.068077,0.075607,0.092782
Larry_Ralston_0001|William_Donaldson_0006,0,-0.070311,-0.043377,-0.071060
Larry_Ralston_0001|Willie_Wilson_0001,0,-0.058797,-0.039573,-0.055946
Laurel_Clark_0001|Laurent_Woulzy_0001,0,0.066637,0.060457,0.049829
Laurel_Clark_0001|Priscilla_Presley_0001,0,-0.016468,-0.052941,-0.013674
Leandrinho_Barbosa_0001|Melissa_Joan_Hart_0001,0,0.035576,0.029308,0.025977
Leandrinho_Barbosa_0001|Olene_Walker_0001,0,-0.033488,0.001233,-0.016195
Leon_Barmore_0001|Sachin_Tendulkar_0001,0,-0.048524,0.015310,-0.050335
Leon_Barmore_0001|Yusaku_Miyazato_0001,0,-0.001038,0.023705,0.014016
Leonard_Schrank_0001|Marie_Haghal_0001,0,-0.007047,-0.012662,0.001291
Leonard_Schrank_0001|Rick_Rickert_0001,0,0.069086,0.156811,0.101500
Linda_Franklin_0001|Melissa_Joan_Hart_0001,0,0.081000,0.075788,0.069627
Lindsay_Davenport_0001|Martin_Burnham_0001,0,0.031350,0.032079,0.036553
Lindsay_Davenport_0017|Oxana_Fedorova_0003,0,0.042573,0.068802,0.038437
Lionel_Chalmers_0001|Mohammad_Fares_0001,0,-0.054469,-0.051288,-0.046509
Lisa_Ling_0002|Mike_Maroth_0001,0,0.041925,0.039199,0.041476
Lucy_Liu_0003|Prince_William_0001,0,0.025984,0.008411,0.033977
Maria_Luisa_Mendonca_0002|Stephane_Delajoux_0001,0,-0.025024,-0.023698,-0.045648
Maria_Luisa_Mendonca_0002|Terunobu_Maeda_0001,0,0.067755,0.130229,0.041128
Maria_Shkolnikova_0001|Martin_Rodriguez_0001,0,-0.067631,-0.050696,-0.100865
Mariana_Ohata_0001|Xavier_Malisse_0003,0,0.026842,0.051840,0.026702
Mario_Kreutzberger_0001|Shavon_Earp_0001,0,0.072084,0.060702,0.071166
Mario_Kreutzberger_0002|Raul_Cubas_0001,0,0.037700,0.062978,0.028441
Maritza_Macias_Furano_0001|Qusai_Hussein_0001,0,0.070234,0.055457,0.078056
Mark_Butcher_0001|Scott_Hoch_0001,0,-0.001006,0.014155,0.018918
Mark_Sisk_0001|Mehdi_Baala_0001,0,0.156738,0.135774,0.159175
Mark_Sisk_0001|Stephen_Swindal_0001,0,-0.056579,-0.027907,-0.043041
Masao_Azuma_0001|Mikhail_Kalashnikov_0001,0,0.040520,0.043350,0.041787
McGuire_Gibson_0001|Richard_Haass_0001,0,0.021190,0.034065,-0.012207
Mehdi_Baala_0001|Steve_Avery_0001,0,0.037879,0.042884,0.035613
Melissa_Joan_Hart_0001|Mikhail_Kalashnikov_0001,0,-0.196635,-0.175387,-0.214166
Melissa_Joan_Hart_0001|Sue_Grafton_0001,0,0.002520,-0.004329,0.035670
Michael_Brandon_0001|Toshimitsu_Motegi_0001,0,0.018246,0.043892,0.017572
Michael_Shelby_0001|Olene_Walker_0001,0,-0.043611,-0.045052,-0.019027
Michel_Kratochvil_0001|Sheldon_Silver_0001,0,-0.002357,-0.016199,-0.017521
Mike_Eskew_0001|Zarai_Toledo_0001,0,0.035715,0.049648,0.030135
Mike_OConnell_0001|Roberto_Lavagna_0001,0,-0.000855,0.016002,-0.035712
Mike_Sherman_0001|Natalie_Maines_0003,0,0.029568,0.058256,0.039293
Mike_Sherman_0001|Paige_Fitzgerald_0001,0,-0.012875,0.036221,0.019116
Milt_Heflin_0001|Pier_Ferdinando_Casini_0001,0,0.014754,0.025336,0.014157
Nicholoas_DiMarzio_0001|Richard_Parsons_0001,0,0.053927,0.055918,0.084777
Nikki_McKibbin_0001|Stephen_Swindal_0001,0,0.058880,0.108249,0.084976
Nikki_McKibbin_0001|Steven_Tyler_0001,0,-0.094077,-0.101455,-0.087222
Osama_Al_Baz_0001|Patricia_Wartusch_0001,0,-0.030294,-0.035456,-0.040107
Osama_Al_Baz_0001|Sandra_Day_OConner_0001,0,-0.067641,-0.009312,-0.059295
Patricia_Phillips_0001|Thierry_Falise_0002,0,-0.005808,0.041008,0.011489
Paula_Locke_0001|Teri_Files_0001,0,0.111645,0.068153,0.058677
Peter_Bacanovic_0002|Robert_Korzeniowski_0001,0,0.131840,0.158938,0.117537
Pier_Ferdinando_Casini_0001|Ratna_Sari_Dewi_Sukarno_0001,0,0.041403,0.013279,0.032468
Priscilla_Presley_0002|Raul_Rivero_0001,0,0.059768,0.062285,0.069002
Raaf_Schefter_0001|Rick_Dinse_0002,0,-0.013563,-0.028404,-0.033878
Richard_Sterner_0001|Steven_Spielberg_0002,0,-0.037435,-0.017376,-0.054661
Rick_Dinse_0002|Shavon_Earp_0001,0,0.018247,0.042843,0.035956
Roberto_Lavagna_0001|Sandra_Bullock_0004,0,0.058715,0.038065,0.058903
Rod_Stewart_0001|Steffi_Graf_0002,0,0.080753,0.121885,0.103370
Rodolfo_Abalos_0001|Thierry_Falise_0003,0,0.042024,0.075596,0.033727
Roman_Tam_0001|Zalmay_Khalilzad_0001,0,-0.022998,0.027374,-0.009425
Scott_Hoch_0001|Thomas_Stewart_0001,0,0.095556,0.112697,0.090535
Seymour_Cassell_0001|Todd_Haynes_0004,0,-0.092106,-0.080583,-0.091103
Shaun_Rusling_0001|Vincent_Sombrotto_0001,0,-0.043644,-0.033942,-0.019681
Sheldon_Silver_0001|Xavier_Malisse_0003,0,-0.023969,0.006222,-0.006841
Stephane_Delajoux_0001|Tristan_Gretzky_0001,0,0.048578,0.045246,0.004571
Takahiro_Mori_0001|Tony_Blair_0064,0,0.035060,0.042609,0.031274
Thierry_Falise_0002|Werner_Schlager_0001,0,-0.027122,-0.003366,-0.017456
Aaron_Sorkin_0001|Aaron_Sorkin_0002,1,0.615987,0.614531,0.612735
Abdullah_0001|Abdullah_0003,1,0.724942,0.681012,0.673734
Abdullah_0002|Abdullah_0003,1,0.682446,0.640124,0.650956
Abdullah_0002|Abdullah_0004,1,0.668234,0.612867,0.651551
Abdullah_0003|Abdullah_0004,1,0.656056,0.641026,0.637784
Abid_Hamid_Mahmud_Al-Tikriti_0001|Abid_Hamid_Mahmud_Al-Tikriti_0002,1,0.498585,0.464294,0.473205
Abid_Hamid_Mahmud_Al-Tikriti_0001|Abid_Hamid_Mahmud_Al-Tikriti_0003,1,0.566960,0.550134,0.575536
Alan_Ball_0001|Alan_Ball_0002,1,0.897106,0.873045,0.874373
Albert_Costa_0003|Albert_Costa_0005,1,0.565634,0.567893,0.544279
Albert_Costa_0005|Albert_Costa_0006,1,0.742769,0.708911,0.694253
Ali_Khamenei_0001|Ali_Khamenei_0002,1,0.715883,0.673399,0.668908
Ali_Khamenei_0001|Ali_Khamenei_0003,1,0.661713,0.641374,0.645210
Amelia_Vega_0001|Amelia_Vega_0007,1,0.571150,0.536687,0.553693
Amelia_Vega_0002|Amelia_Vega_0007,1,0.564862,0.567337,0.530279
Amelia_Vega_0003|Amelia_Vega_0005,1,0.621706,0.572683,0.589878
Antonio_Banderas_0001|Antonio_Banderas_0005,1,0.540620,0.529499,0.525267
Antonio_Banderas_0002|Antonio_Banderas_0005,1,0.452756,0.456521,0.436191
Antonio_Banderas_0003|Antonio_Banderas_0005,1,0.623212,0.622846,0.612184
Arye_Mekel_0001|Arye_Mekel_0002,1,0.783118,0.746311,0.772007
Azra_Akin_0001|Azra_Akin_0003,1,0.797244,0.741412,0.775947
Azra_Akin_0001|Azra_Akin_0004,1,0.813094,0.766749,0.777491
Bernard_Landry_0002|Bernard_Landry_0003,1,0.563655,0.552704,0.540611
Bernard_Landry_0002|Bernard_Landry_0004,1,0.563002,0.553219,0.578205
Bernard_Landry_0003|Bernard_Landry_0004,1,0.449789,0.472932,0.464035
Biljana_Plavsic_0001|Biljana_Plavsic_0002,1,0.733221,0.704033,0.721678
Biljana_Plavsic_0001|Biljana_Plavsic_0003,1,0.682700,0.648713,0.649487
Biljana_Plavsic_0002|Biljana_Plavsic_0003,1,0.645344,0.616074,0.612213
Bob_Hope_0001|Bob_Hope_0005,1,0.332573,0.302527,0.314711
Bob_Hope_0003|Bob_Hope_0006,1,0.356191,0.320836,0.317571
Bob_Hope_0004|Bob_Hope_0005,1,0.237119,0.238867,0.220700
Bob_Hope_0004|Bob_Hope_0007,1,0.275957,0.309379,0.284786
Bridget_Fonda_0001|Bridget_Fonda_0003,1,0.606281,0.592728,0.568960
Bridget_Fonda_0002|Bridget_Fonda_0003,1,0.699718,0.646222,0.686528
Carlos_Ruiz_0001|Carlos_Ruiz_0003,1,0.341877,0.369409,0.331743
Carlos_Ruiz_0002|Carlos_Ruiz_0003,1,0.518637,0.486933,0.499533
Carly_Fiorina_0001|Carly_Fiorina_0002,1,0.434644,0.405670,0.411509
Carly_Fiorina_0001|Carly_Fiorina_0003,1,0.486330,0.488538,0.463925
Cherie_Blair_0001|Cherie_Blair_0003,1,0.541641,0.528126,0.555088
Cherie_Blair_0001|Cherie_Blair_0004,1,0.542217,0.539798,0.538194
Cherie_Blair_0002|Cherie_Blair_0004,1,0.565428,0.552757,0.551174
Cherie_Blair_0003|Cherie_Blair_0004,1,0.553668,0.539685,0.575457
Chuck_Yeager_0001|Chuck_Yeager_0002,1,0.736231,0.702128,0.732862
Chung_Mong-joon_0001|Chung_Mong-joon_0002,1,0.648678,0.633448,0.619774
Claire_Hentzen_0001|Claire_Hentzen_0002,1,0.809726,0.821736,0.792200
Claire_Leger_0001|Claire_Leger_0002,1,0.671252,0.651849,0.628235
Darren_Clarke_0001|Darren_Clarke_0002,1,0.394529,0.410806,0.394988
David_Caraway_0001|David_Caraway_0002,1,0.670160,0.618712,0.636003
David_Leahy_0001|David_Leahy_0002,1,0.590026,0.579108,0.586523
Dick_Cheney_0002|Dick_Cheney_0014,1,0.606112,0.588533,0.602541
Dick_Cheney_0003|Dick_Cheney_0011,1,0.651176,0.646445,0.644221
Dick_Cheney_0003|Dick_Cheney_0012,1,0.667735,0.658624,0.663790
Dick_Cheney_0008|Dick_Cheney_0010,1,0.615687,0.580166,0.586218
Dino_de_Laurentis_0001|Dino_de_Laurentis_0002,1,0.740467,0.689442,0.691888
Don_Nickles_0001|Don_Nickles_0002,1,0.012147,0.042121,-0.001003
Doris_Schroeder_0001|Doris_Schroeder_0003,1,0.456522,0.418366,0.422292
Doris_Schroeder_0002|Doris_Schroeder_0004,1,0.611971,0.627181,0.608733
Eduardo_Duhalde_0002|Eduardo_Duhalde_0003,1,0.599598,0.557866,0.570686
Eduardo_Duhalde_0002|Eduardo_Duhalde_0012,1,0.678413,0.668691,0.623454
Eduardo_Duhalde_0003|Eduardo_Duhalde_0004,1,0.643662,0.646455,0.654865
Eduardo_Duhalde_0006|Eduardo_Duhalde_0013,1,0.578573,0.534557,0.566966
Eduardo_Duhalde_0007|Eduardo_Duhalde_0010,1,0.575659,0.587146,0.564900
Eduardo_Duhalde_0010|Eduardo_Duhalde_0012,1,0.650080,0.630000,0.609280
Edwin_Edwards_0001|Edwin_Edwards_0003,1,0.618190,0.598693,0.582772
Eric_Rosser_0001|Eric_Rosser_0002,1,0.738857,0.729068,0.692375
Ernie_Eves_0001|Ernie_Eves_0002,1,0.693373,0.657022,0.655169
Ernie_Fletcher_0001|Ernie_Fletcher_0002,1,0.720494,0.675772,0.677995
Eva_Dimas_0001|Eva_Dimas_0002,1,0.565281,0.533370,0.567965
Fernando_Vargas_0001|Fernando_Vargas_0002,1,0.242198,0.242818,0.235251
Fernando_Vargas_0001|Fernando_Vargas_0003,1,0.288277,0.297335,0.258021
Fernando_Vargas_0001|Fernando_Vargas_0004,1,0.217608,0.261897,0.207687
Fernando_Vargas_0002|Fernando_Vargas_0003,1,0.324841,0.342921,0.314800
Fernando_Vargas_0003|Fernando_Vargas_0004,1,0.349753,0.386472,0.334112
Frank_Lautenberg_0001|Frank_Lautenberg_0002,1,0.508050,0.522567,0.480032
George_HW_Bush_0001|George_HW_Bush_0003,1,0.474216,0.487116,0.462309
George_HW_Bush_0002|George_HW_Bush_0013,1,0.469371,0.400247,0.450876
George_HW_Bush_0004|George_HW_Bush_0006,1,0.390852,0.366518,0.344077
George_HW_Bush_0005|George_HW_Bush_0008,1,0.629702,0.585145,0.618156
George_HW_Bush_0009|George_HW_Bush_0010,1,0.647028,0.623768,0.629856
Gisele_Bundchen_0001|Gisele_Bundchen_0002,1,0.538389,0.479617,0.488552
Glafcos_Clerides_0001|Glafcos_Clerides_0002,1,0.661130,0.652723,0.661300
Glafcos_Clerides_0001|Glafcos_Clerides_0003,1,0.702290,0.689850,0.681876
Glafcos_Clerides_0002|Glafcos_Clerides_0003,1,0.801163,0.786777,0.798805
Glafcos_Clerides_0002|Glafcos_Clerides_0004,1,0.603166,0.586949,0.583943
Greg_Gilbert_0001|Greg_Gilbert_0002,1,0.697444,0.667640,0.675040
Hashim_Thaci_0001|Hashim_Thaci_0002,1,0.681087,0.660299,0.658350
Hassan_Wirajuda_0001|Hassan_Wirajuda_0002,1,0.668127,0.659855,0.654781
Hector_Babenco_0001|Hector_Babenco_0003,1,0.640937,0.616793,0.622568
Hector_Babenco_0002|Hector_Babenco_0003,1,0.603100,0.585537,0.602283
Hideki_Matsui_0001|Hideki_Matsui_0002,1,0.508811,0.486085,0.471554
Hillary_Clinton_0001|Hillary_Clinton_0010,1,0.525705,0.501410,0.507615
Hillary_Clinton_0001|Hillary_Clinton_0014,1,0.500185,0.476950,0.476231
Hillary_Clinton_0004|Hillary_Clinton_0005,1,0.569540,0.598768,0.575549
Hillary_Clinton_0007|Hillary_Clinton_0010,1,0.613840,0.623658,0.585700
Hillary_Clinton_0011|Hillary_Clinton_0013,1,0.558662,0.560259,0.529086
Hisao_Oguchi_0001|Hisao_Oguchi_0002,1,0.669609,0.628788,0.630845
Hitomi_Soga_0001|Hitomi_Soga_0004,1,0.542523,0.540569,0.544774
Hitomi_Soga_0001|Hitomi_Soga_0005,1,0.511531,0.552620,0.526993
Hitomi_Soga_0002|Hitomi_Soga_0003,1,0.603662,0.585899,0.592594
Hitomi_Soga_0003|Hitomi_Soga_0004,1,0.662060,0.611785,0.652436
JJ_Redick_0001|JJ_Redick_0002,1,0.434391,0.426507,0.443498
Jean_Brumley_0001|Jean_Brumley_0002,1,0.766020,0.743345,0.736293
Jean_Carnahan_0001|Jean_Carnahan_0002,1,0.492605,0.513612,0.513972
Jeremy_Shockey_0001|Jeremy_Shockey_0002,1,0.841542,0.802997,0.826440
Jerry_Regier_0001|Jerry_Regier_0003,1,0.632508,0.603640,0.588816
Jerry_Regier_0002|Jerry_Regier_0003,1,0.643161,0.602898,0.598830
Jerry_Springer_0001|Jerry_Springer_0002,1,0.547806,0.553958,0.544697
Jerry_Springer_0001|Jerry_Springer_0004,1,0.629159,0.633214,0.626889
Jessica_Lynch_0001|Jessica_Lynch_0002,1,0.511655,0.492916,0.492006
Jiang_Zemin_0001|Jiang_Zemin_0017,1,0.687205,0.676734,0.674738
Jiang_Zemin_0002|Jiang_Zemin_0003,1,0.631060,0.638710,0.638566
Jiang_Zemin_0004|Jiang_Zemin_0010,1,0.405935,0.383094,0.375527
Jiang_Zemin_0007|Jiang_Zemin_0009,1,0.569528,0.571822,0.552034
Jiang_Zemin_0015|Jiang_Zemin_0018,1,0.734833,0.727249,0.731127
Jim_Harrick_0001|Jim_Harrick_0002,1,0.609016,0.563520,0.591314
Jiri_Novak_0003|Jiri_Novak_0004,1,0.793488,0.780729,0.782623
Jiri_Novak_0003|Jiri_Novak_0008,1,0.776268,0.754072,0.776810
Jiri_Novak_0003|Jiri_Novak_0009,1,0.743263,0.719188,0.724293
Jiri_Novak_0005|Jiri_Novak_0006,1,0.834287,0.806666,0.802853
Jiri_Novak_0005|Jiri_Novak_0010,1,0.802472,0.782404,0.789494
Jiri_Novak_0005|Jiri_Novak_0011,1,0.830561,0.803221,0.815045
Jiri_Novak_0007|Jiri_Novak_0010,1,0.768664,0.765995,0.767092
Joe_Torre_0001|Joe_Torre_0003,1,0.702251,0.693558,0.700517
Joe_Torre_0002|Joe_Torre_0004,1,0.590026,0.549533,0.542976
John_Wolf_0001|John_Wolf_0002,1,0.774083,0.763489,0.740004
Jonathan_Edwards_0001|Jonathan_Edwards_0006,1,0.559748,0.561049,0.568128
Jonathan_Edwards_0002|Jonathan_Edwards_0007,1,0.524045,0.531760,0.524424
Jonathan_Edwards_0003|Jonathan_Edwards_0006,1,0.600219,0.590162,0.596190
Jonathan_Edwards_0005|Jonathan_Edwards_0006,1,0.545810,0.530508,0.558790
Jonathan_Edwards_0005|Jonathan_Edwards_0007,1,0.524908,0.545228,0.527837
Jonathan_Edwards_0006|Jonathan_Edwards_0008,1,0.454627,0.440970,0.454440
Jose_Manuel_Durao_Barroso_0001|Jose_Manuel_Durao_Barroso_0002,1,0.502373,0.488302,0.501426
Jose_Manuel_Durao_Barroso_0001|Jose_Manuel_Durao_Barroso_0006,1,0.429599,0.413668,0.404762
Jose_Manuel_Durao_Barroso_0002|Jose_Manuel_Durao_Barroso_0005,1,0.693050,0.673977,0.641026
Jose_Manuel_Durao_Barroso_0003|Jose_Manuel_Durao_Barroso_0005,1,0.699727,0.655820,0.665576
Jose_Manuel_Durao_Barroso_0004|Jose_Manuel_Durao_Barroso_0005,1,0.731316,0.722088,0.712311
Joseph_Biden_0001|Joseph_Biden_0004,1,0.549922,0.505539,0.546075
Joseph_Biden_0002|Joseph_Biden_0003,1,0.483592,0.436985,0.473030
Joseph_Biden_0003|Joseph_Biden_0004,1,0.783142,0.752554,0.760225
Judi_Dench_0001|Judi_Dench_0002,1,0.573213,0.521179,0.560932
Judy_Genshaft_0001|Judy_Genshaft_0002,1,0.718490,0.679490,0.695196
Keanu_Reeves_0004|Keanu_Reeves_0007,1,0.510739,0.474322,0.475266
Keanu_Reeves_0006|Keanu_Reeves_0010,1,0.514594,0.450519,0.466253
Keanu_Reeves_0007|Keanu_Reeves_0012,1,0.374584,0.367006,0.362515
Keira_Knightley_0001|Keira_Knightley_0002,1,0.549787,0.552284,0.553089
Ken_Watanabe_0001|Ken_Watanabe_0002,1,0.509171,0.503855,0.527653
Kieran_Prendergast_0001|Kieran_Prendergast_0002,1,0.860349,0.833988,0.854484
King_Abdullah_II_0001|King_Abdullah_II_0003,1,0.687267,0.606533,0.639185
King_Abdullah_II_0001|King_Abdullah_II_0004,1,0.692211,0.645005,0.658910
King_Abdullah_II_0002|King_Abdullah_II_0005,1,0.536424,0.529530,0.545471
King_Abdullah_II_0003|King_Abdullah_II_0004,1,0.624878,0.584885,0.595974
Kirk_Ferentz_0001|Kirk_Ferentz_0002,1,0.442265,0.444875,0.409426
Kurt_Busch_0001|Kurt_Busch_0002,1,0.520781,0.499315,0.516898
Larry_Bowa_0001|Larry_Bowa_0002,1,0.664603,0.677114,0.665033
Larry_Thompson_0001|Larry_Thompson_0003,1,0.624841,0.613251,0.610544
Larry_Thompson_0001|Larry_Thompson_0004,1,0.675944,0.636493,0.621328
Larry_Thompson_0002|Larry_Thompson_0004,1,0.723555,0.671964,0.669948
Laura_Bush_0001|Laura_Bush_0011,1,0.470243,0.459294,0.466790
Laura_Bush_0021|Laura_Bush_0024,1,0.638324,0.631239,0.607860
Laura_Bush_0021|Laura_Bush_0039,1,0.592941,0.573167,0.581738
Laura_Bush_0026|Laura_Bush_0029,1,0.563405,0.563506,0.571191
Lauren_Hutton_0001|Lauren_Hutton_0002,1,0.534672,0.509167,0.517185
Leslie_Ann_Woodward_0001|Leslie_Ann_Woodward_0002,1,0.930483,0.877579,0.885668
Leslie_Moonves_0001|Leslie_Moonves_0002,1,0.677524,0.640265,0.656143
Lyle_Vanclief_0001|Lyle_Vanclief_0002,1,0.641111,0.649465,0.629755
Magui_Serna_0001|Magui_Serna_0002,1,0.690865,0.651512,0.662511
Makhdoom_Amin_Fahim_0001|Makhdoom_Amin_Fahim_0003,1,0.786488,0.780111,0.789119
Makhdoom_Amin_Fahim_0002|Makhdoom_Amin_Fahim_0003,1,0.777376,0.780059,0.780044
Marc-Andre_Fleury_0001|Marc-Andre_Fleury_0002,1,0.872911,0.865560,0.862615
Marco_Antonio_Barrera_0001|Marco_Antonio_Barrera_0005,1,0.531314,0.519958,0.513308
Marco_Antonio_Barrera_0005|Marco_Antonio_Barrera_0006,1,0.564853,0.550640,0.543907
Marie-Reine_Le_Gougne_0001|Marie-Reine_Le_Gougne_0002,1,0.428846,0.396771,0.402261
Marieta_Chrousala_0001|Marieta_Chrousala_0002,1,0.639633,0.643308,0.640331
Marieta_Chrousala_0001|Marieta_Chrousala_0003,1,0.680017,0.684010,0.661478
Marieta_Chrousala_0002|Marieta_Chrousala_0003,1,0.656728,0.626532,0.661021
Marina_Anissina_0001|Marina_Anissina_0002,1,0.801415,0.775977,0.786216
Mark_Hamister_0001|Mark_Hamister_0002,1,0.809240,0.798958,0.789912
Martha_Stewart_0001|Martha_Stewart_0003,1,0.510268,0.495495,0.497405
Martha_Stewart_0001|Martha_Stewart_0005,1,0.377056,0.352547,0.387974
Martha_Stewart_0002|Martha_Stewart_0003,1,0.772860,0.759028,0.760124
Martha_Stewart_0002|Martha_Stewart_0005,1,0.653020,0.617333,0.645461
Martha_Stewart_0003|Martha_Stewart_0004,1,0.886453,0.863989,0.867890
Martin_Brodeur_0001|Martin_Brodeur_0002,1,0.535446,0.495720,0.513762
Martin_McCauley_0001|Martin_McCauley_0002,1,0.682686,0.670426,0.641753
Martin_Verkerk_0001|Martin_Verkerk_0002,1,0.733425,0.668556,0.695906
Martin_Verkerk_0001|Martin_Verkerk_0003,1,0.775672,0.747020,0.739861
Martin_Verkerk_0002|Martin_Verkerk_0003,1,0.660771,0.631720,0.642644
Martina_McBride_0001|Martina_McBride_0003,1,0.454011,0.447570,0.445609
Martina_McBride_0002|Martina_McBride_0004,1,0.497711,0.489296,0.481303
Matt_Doherty_0001|Matt_Doherty_0002,1,0.667631,0.632997,0.651569
Matt_Doherty_0001|Matt_Doherty_0003,1,0.588787,0.574944,0.579950
Matt_Doherty_0002|Matt_Doherty_0003,1,0.630049,0.571665,0.607016
Matthew_Perry_0001|Matthew_Perry_0006,1,0.451608,0.461702,0.447759
Matthew_Perry_0002|Matthew_Perry_0007,1,0.587350,0.582806,0.593531
Matthew_Perry_0003|Matthew_Perry_0004,1,0.477007,0.452421,0.439004
Megawati_Sukarnoputri_0006|Megawati_Sukarnoputri_0023,1,0.684508,0.642460,0.652281
Megawati_Sukarnoputri_0007|Megawati_Sukarnoputri_0022,1,0.511218,0.472578,0.468191
Megawati_Sukarnoputri_0010|Megawati_Sukarnoputri_0015,1,0.545115,0.551490,0.546928
Megawati_Sukarnoputri_0011|Megawati_Sukarnoputri_0024,1,0.688577,0.640542,0.630777
Megawati_Sukarnoputri_0020|Megawati_Sukarnoputri_0024,1,0.537465,0.530510,0.509128
Megawati_Sukarnoputri_0020|Megawati_Sukarnoputri_0030,1,0.632627,0.572035,0.546372
Meghann_Shaughnessy_0001|Meghann_Shaughnessy_0002,1,0.500565,0.492723,0.481597
Michael_Capellas_0001|Michael_Capellas_0002,1,0.508217,0.515934,0.462956
Michael_Sullivan_0001|Michael_Sullivan_0002,1,0.682570,0.645971,0.678384
Mike_Brey_0001|Mike_Brey_0002,1,0.583868,0.539317,0.541769
Naji_Sabri_0001|Naji_Sabri_0006,1,0.607062,0.612536,0.565518
Naji_Sabri_0002|Naji_Sabri_0004,1,0.681852,0.648736,0.647839
Naji_Sabri_0002|Naji_Sabri_0007,1,0.555205,0.513218,0.523988
Naji_Sabri_0003|Naji_Sabri_0008,1,0.584773,0.545938,0.547351
Naji_Sabri_0006|Naji_Sabri_0007,1,0.415331,0.393670,0.386983
Nanni_Moretti_0001|Nanni_Moretti_0002,1,0.481297,0.469822,0.491137
Nastassia_Kinski_0001|Nastassia_Kinski_0002,1,0.758345,0.714354,0.742373
Natalie_Coughlin_0002|Natalie_Coughlin_0003,1,0.342218,0.356720,0.325802
Natalie_Coughlin_0004|Natalie_Coughlin_0006,1,0.733655,0.704389,0.703288
Natalie_Coughlin_0005|Natalie_Coughlin_0006,1,0.807823,0.807894,0.781690
Norah_Jones_0003|Norah_Jones_0015,1,0.488269,0.395757,0.475984
Norah_Jones_0004|Norah_Jones_0012,1,0.534512,0.523008,0.499286
Norah_Jones_0007|Norah_Jones_0015,1,0.718715,0.692293,0.722167
Norah_Jones_0009|Norah_Jones_0015,1,0.487934,0.424387,0.444512
Norah_Jones_0011|Norah_Jones_0012,1,0.384360,0.382914,0.379904
Norm_Coleman_0005|Norm_Coleman_0007,1,0.512766,0.499232,0.510827
Oscar_De_La_Hoya_0001|Oscar_De_La_Hoya_0003,1,0.618828,0.608961,0.598610
Oscar_De_La_Hoya_0002|Oscar_De_La_Hoya_0006,1,0.652768,0.642803,0.631522
Oscar_De_La_Hoya_0002|Oscar_De_La_Hoya_0007,1,0.631110,0.591749,0.579961
Pascal_Lamy_0001|Pascal_Lamy_0002,1,0.633935,0.641329,0.640828
Pat_Burns_0001|Pat_Burns_0002,1,0.620838,0.592002,0.603272
Paul_McCartney_0003|Paul_McCartney_0004,1,0.660081,0.588331,0.648223
Paul_McCartney_0003|Paul_McCartney_0005,1,0.646385,0.595170,0.643844
Paul_Wellstone_0001|Paul_Wellstone_0002,1,0.654828,0.659197,0.652472
Paul_Wellstone_0001|Paul_Wellstone_0003,1,0.498172,0.481538,0.507511
Paul_Wellstone_0002|Paul_Wellstone_0003,1,0.552752,0.543469,0.556685
Penelope_Cruz_0001|Penelope_Cruz_0002,1,0.518588,0.533782,0.536577
Penelope_Cruz_0001|Penelope_Cruz_0003,1,0.538652,0.539634,0.548345
Pete_Rose_0001|Pete_Rose_0002,1,0.426361,0.412676,0.406340
Prince_Harry_0001|Prince_Harry_0002,1,0.790768,0.758547,0.790034
Prince_Harry_0002|Prince_Harry_0003,1,0.686006,0.664408,0.655853
Princess_Caroline_0001|Princess_Caroline_0002,1,0.723444,0.695658,0.702753
Princess_Caroline_0002|Princess_Caroline_0005,1,0.392603,0.371793,0.359396
Raquel_Welch_0001|Raquel_Welch_0002,1,0.874129,0.849990,0.861448
Reggie_Miller_0001|Reggie_Miller_0002,1,0.666244,0.645016,0.666537
Renee_Zellweger_0002|Renee_Zellweger_0013,1,0.523377,0.541373,0.524438
Renee_Zellweger_0002|Renee_Zellweger_0016,1,0.530125,0.535483,0.498727
Renee_Zellweger_0003|Renee_Zellweger_0016,1,0.550091,0.514642,0.515555
Ricardo_Sanchez_0001|Ricardo_Sanchez_0006,1,0.551989,0.519776,0.526534
Ricardo_Sanchez_0002|Ricardo_Sanchez_0004,1,0.625472,0.617967,0.611041
Richard_Butler_0001|Richard_Butler_0002,1,0.643305,0.606664,0.636909
Rubens_Barrichello_0002|Rubens_Barrichello_0003,1,0.476435,0.449677,0.495126
Rubens_Barrichello_0004|Rubens_Barrichello_0005,1,0.539278,0.541408,0.524028
Rubens_Barrichello_0004|Rubens_Barrichello_0008,1,0.571740,0.540923,0.533876
Rubens_Barrichello_0006|Rubens_Barrichello_0011,1,0.470774,0.397898,0.434436
Rubens_Barrichello_0009|Rubens_Barrichello_0012,1,0.594063,0.609189,0.622214
Samira_Makhmalbaf_0001|Samira_Makhmalbaf_0002,1,0.609591,0.620314,0.614200
Samuel_Waksal_0001|Samuel_Waksal_0002,1,0.731529,0.719374,0.703411
Samuel_Waksal_0001|Samuel_Waksal_0003,1,0.691093,0.682816,0.685708
Samuel_Waksal_0001|Samuel_Waksal_0004,1,0.660473,0.670322,0.681088
Samuel_Waksal_0002|Samuel_Waksal_0004,1,0.568624,0.574260,0.561101
Scott_McClellan_0001|Scott_McClellan_0003,1,0.887574,0.874011,0.864819
Scott_McClellan_0002|Scott_McClellan_0004,1,0.683954,0.650487,0.646685
Scott_McClellan_0002|Scott_McClellan_0005,1,0.592835,0.591353,0.558981
Scott_Rudin_0001|Scott_Rudin_0002,1,0.774537,0.780370,0.769841
Shane_Warne_0001|Shane_Warne_0002,1,0.366211,0.372261,0.396896
Sheila_Wellstone_0001|Sheila_Wellstone_0002,1,0.656952,0.635606,0.644156
Sheryl_Crow_0001|Sheryl_Crow_0003,1,0.527302,0.493622,0.502631
Silvan_Shalom_0002|Silvan_Shalom_0003,1,0.426857,0.403254,0.439250
Silvan_Shalom_0002|Silvan_Shalom_0004,1,0.387383,0.403451,0.398090
Silvan_Shalom_0002|Silvan_Shalom_0006,1,0.533892,0.519851,0.506649
Silvan_Shalom_0003|Silvan_Shalom_0004,1,0.536432,0.502646,0.515871
Silvan_Shalom_0003|Silvan_Shalom_0006,1,0.497782,0.499939,0.455607
Steve_Mariucci_0001|Steve_Mariucci_0003,1,0.726365,0.700754,0.716492
Steve_Mariucci_0002|Steve_Mariucci_0003,1,0.573703,0.596421,0.567932
Steven_Seagal_0001|Steven_Seagal_0002,1,0.625123,0.620868,0.619376
Taha_Yassin_Ramadan_0003|Taha_Yassin_Ramadan_0012,1,0.747298,0.734029,0.731827
Taha_Yassin_Ramadan_0007|Taha_Yassin_Ramadan_0013,1,0.381381,0.394588,0.387001
Tammy_Lynn_Michaels_0001|Tammy_Lynn_Michaels_0002,1,0.643440,0.605578,0.599462
Theodore_Tweed_Roosevelt_0001|Theodore_Tweed_Roosevelt_0002,1,0.713393,0.687557,0.706794
Theodore_Tweed_Roosevelt_0001|Theodore_Tweed_Roosevelt_0003,1,0.688157,0.664587,0.681795
Theodore_Tweed_Roosevelt_0002|Theodore_Tweed_Roosevelt_0003,1,0.693762,0.651364,0.662558
Tom_Crean_0001|Tom_Crean_0002,1,0.589146,0.558427,0.560503
Tom_Crean_0003|Tom_Crean_0005,1,0.641461,0.618079,0.652264
Tom_Crean_0004|Tom_Crean_0005,1,0.432403,0.404119,0.443112
Tony_Bennett_0001|Tony_Bennett_0003,1,0.631880,0.615506,0.625606
Torri_Edwards_0001|Torri_Edwards_0002,1,0.668595,0.634560,0.659490
Tung_Chee-hwa_0001|Tung_Chee-hwa_0002,1,0.514170,0.532211,0.482853
Tung_Chee-hwa_0001|Tung_Chee-hwa_0008,1,0.404312,0.392501,0.360080
Tung_Chee-hwa_0002|Tung_Chee-hwa_0008,1,0.633713,0.607350,0.608528
Vidar_Helgesen_0001|Vidar_Helgesen_0002,1,0.510786,0.459696,0.481145
Warren_Buffett_0001|Warren_Buffett_0002,1,0.566781,0.555809,0.582768
Warren_Buffett_0001|Warren_Buffett_0003,1,0.738659,0.728064,0.731718
Wen_Jiabao_0001|Wen_Jiabao_0012,1,0.587186,0.584566,0.570636
Wen_Jiabao_0002|Wen_Jiabao_0011,1,0.620152,0.571701,0.630038
Wen_Jiabao_0004|Wen_Jiabao_0007,1,0.700786,0.686542,0.676471
Wen_Jiabao_0005|Wen_Jiabao_0006,1,0.518355,0.483495,0.489647
Wen_Jiabao_0007|Wen_Jiabao_0009,1,0.624580,0.593679,0.613017
Wen_Jiabao_0007|Wen_Jiabao_0012,1,0.629949,0.613602,0.602867
Wen_Jiabao_0008|Wen_Jiabao_0012,1,0.658487,0.645500,0.637269
Wen_Jiabao_0010|Wen_Jiabao_0011,1,0.768449,0.745853,0.749798
Wen_Jiabao_0011|Wen_Jiabao_0012,1,0.638041,0.587541,0.609031
Wesley_Clark_0001|Wesley_Clark_0002,1,0.641731,0.629450,0.627714
Yuri_Malenchenko_0001|Yuri_Malenchenko_0002,1,0.582706,0.545890,0.548659
Abbas_Kiarostami_0001|Fujio_Mitarai_0001,0,0.028637,0.025086,0.019890
Abdullah_0001|Teresa_Heinz_Kerry_0001,0,0.022891,0.056850,0.019283
Abdullah_0003|Samuel_Waksal_0001,0,-0.014493,0.019749,-0.026077
Abdullah_0004|Julio_Cesar_Franco_0001,0,0.003065,0.026214,0.021531
Abid_Hamid_Mahmud_Al-Tikriti_0001|Anjum_Hussain_0001,0,-0.004027,0.004027,-0.007740
Abid_Hamid_Mahmud_Al-Tikriti_0002|Doris_Schroeder_0001,0,-0.037761,-0.009610,-0.002241
Adam_Freier_0001|Hillary_Clinton_0003,0,-0.047277,-0.023980,-0.032026
Adam_Freier_0001|Princess_Caroline_0001,0,-0.002860,-0.014456,-0.001021
Adam_Freier_0001|Regina_Ip_0001,0,-0.021172,-0.033056,-0.019075
Alan_Ball_0001|Kristin_Scott_Thomas_0001,0,0.007461,-0.004864,-0.003477
Alan_Ball_0002|Yuri_Malenchenko_0001,0,-0.039436,-0.031366,-0.020782
Albert_Costa_0006|Gary_Barnett_0001,0,0.018488,0.039374,0.030569
Albert_Costa_0006|John_Marburger_0001,0,0.044658,0.060177,0.036691
Albert_Costa_0006|Wen_Jiabao_0007,0,-0.092196,-0.047638,-0.084177
Alberta_Lee_0001|Babe_Ruth_0001,0,-0.095849,-0.071877,-0.068987
Alex_Popov_0001|Kent_Rominger_0002,0,0.086014,0.075754,0.081665
Alex_Popov_0001|Matthew_During_0001,0,-0.064820,-0.085888,-0.070228
Ali_Khamenei_0002|Roberto_Canessa_0001,0,0.047461,0.012642,-0.017125
Amelia_Vega_0001|Gina_Lollobrigida_0001,0,-0.086899,-0.044063,-0.057954
Amelia_Vega_0005|Jim_Harrick_0001,0,0.023332,0.057099,0.035435
Amy_Pascal_0001|Eduardo_Duhalde_0007,0,0.024744,0.070107,0.016517
Amy_Pascal_0001|Hank_Azaria_0001,0,-0.065808,-0.042544,-0.059057
Amy_Pascal_0001|John_Marburger_0001,0,0.063707,0.079856,0.060653
Amy_Redford_0001|Roman_Coppola_0001,0,0.002088,-0.010213,-0.039447
Amy_Redford_0001|Victor_Kraatz_0001,0,-0.068591,-0.027170,-0.056120
Anderson_Varejao_0001|Dennis_Oswald_0001,0,-0.040947,-0.017803,-0.041439
Anderson_Varejao_0001|Garth_Drabinsky_0001,0,0.047161,0.066811,0.072637
Andrei_Nikolishin_0001|Angelica_Romero_0001,0,-0.026402,-0.011178,-0.028586
Andrew_Bernard_0001|Don_Nickles_0002,0,-0.014927,0.030299,0.020846
Andrew_Bernard_0001|Hassan_Wirajuda_0001,0,0.088085,0.108595,0.086386
Andrew_Bernard_0001|Mark_Broxmeyer_0001,0,-0.069129,-0.057368,-0.085146
Andrew_Fastow_0001|Luca_Cordero_di_Montezemolo_0001,0,-0.162735,-0.121863,-0.142496
Andrew_Fastow_0001|Meghann_Shaughnessy_0001,0,-0.058241,-0.006991,-0.029301
Andrew_Fastow_0001|Tomas_Malik_0001,0,0.044887,0.090606,0.053533
Andrew_Luster_0001|Eric_Rosser_0001,0,0.031707,0.031312,0.022468
Andrew_Luster_0001|Jose_Manuel_Durao_Barroso_0006,0,-0.014219,-0.001672,-0.032655
Andrew_Luster_0001|Lisa_Murkowski_0001,0,0.030760,0.071070,0.014924
Anita_DeFrantz_0001|Carla_Gay_Balingit_0001,0,0.066341,0.081217,0.082374
Anita_DeFrantz_0001|Penny_Lancaster_0001,0,-0.010032,0.026769,-0.000390
Anjum_Hussain_0001|David_Caraway_0002,0,0.030637,0.016595,0.025727
Anne_Cavers_0001|James_Barksdale_0001,0,0.095740,0.086586,0.082155
Anne_Cavers_0001|Stephen_Oake_0001,0,0.102817,0.082399,0.100073
Anthony_Hazen_0001|Debra_Yang_0001,0,-0.001842,0.008559,0.003585
Antonio_Catania_0001|Barry_Bonds_0001,0,-0.039713,-0.043897,-0.060974
Antonio_Catania_0001|Taylyn_Solomon_0001,0,0.016191,0.026191,0.036841
Aretha_Franklin_0001|Jean_Brumley_0001,0,-0.010423,-0.009632,-0.016443
Aretha_Franklin_0001|Teruaki_Masumoto_0001,0,0.070999,0.098631,0.074869
Art_Lopez_0001|Diane_Lane_0001,0,0.003166,0.000259,0.003589
Arthur_Johnson_0001|Selma_Phoenix_0001,0,-0.071299,-0.044063,-0.046388
Arye_Mekel_0002|Chung_Mong-joon_0001,0,-0.078237,-0.040943,-0.060891
Arye_Mekel_0002|Georgina_Papin_0001,0,-0.070250,-0.061282,-0.083215
Babe_Ruth_0001|Jim_Harrick_0001,0,-0.096074,-0.081703,-0.076996
Babe_Ruth_0001|Pete_Aldridge_0001,0,-0.094972,-0.046649,-0.096420
Barry_Bonds_0001|James_Barksdale_0001,0,0.170132,0.143180,0.171640
Barry_Bonds_0001|Mickey_Sherman_0001,0,0.062172,0.066362,0.063081
Barry_Switzer_0001|Jiang_Zemin_0011,0,-0.039613,-0.040265,-0.032546
Barry_Switzer_0001|Kirk_Ferentz_0002,0,0.094391,0.085161,0.095729
Bernard_Giraudeau_0001|Keira_Knightley_0001,0,-0.090152,-0.008676,-0.056083
Bernard_Landry_0003|Stacey_Jones_0001,0,0.091937,0.123982,0.081583
Bernard_Landry_0004|Sylvia_Plachy_0001,0,-0.027604,0.011505,-0.027740
Biljana_Plavsic_0001|Kieran_Prendergast_0002,0,0.044639,0.032575,0.015685
Bill_Cartwright_0001|Claude_Jorda_0001,0,0.115046,0.140561,0.127988
Bill_Lerach_0001|Martin_Verkerk_0002,0,0.114412,0.097508,0.128319
Bob_Hope_0001|Stanley_Ho_0001,0,0.026105,0.017387,0.005215
Bob_Hope_0005|Micah_Knorr_0001,0,-0.040787,-0.005385,-0.040730
Bob_Hope_0005|Mitchell_Potter_0001,0,0.076031,0.120761,0.089780
Bob_Menendez_0001|David_Caraway_0002,0,0.027852,0.036731,0.047697
Bob_Menendez_0001|Lauren_Hutton_0001,0,0.096542,0.119897,0.108429
Bob_Riley_0001|Danny_Ainge_0001,0,0.078423,0.105079,0.081701
Bob_Riley_0001|Nastassia_Kinski_0002,0,0.053702,0.002679,0.015183
Bob_Riley_0001|Sheila_Wellstone_0002,0,-0.092282,-0.056194,-0.094829
Brad_Wilk_0001|Phil_Cline_0001,0,0.005072,0.025762,0.015614
Brad_Wilk_0001|Scott_Dalton_0001,0,0.044458,0.059953,0.053060
Brian_Grazier_0001|Tomas_Malik_0001,0,0.188194,0.196733,0.197700
Brian_StPierre_0001|Steve_Mariucci_0002,0,-0.051544,0.017146,-0.042842
Cari_Davis_0001|Don_Henley_0001,0,-0.096413,-0.089486,-0.101755
Cari_Davis_0001|Mark_Broxmeyer_0001,0,0.060198,0.046730,0.029308
Carin_Koch_0001|John_Banko_0002,0,0.039383,0.032413,0.005530
Carla_Gay_Balingit_0001|Frank_Lautenberg_0002,0,-0.028141,-0.004826,-0.042029
Carla_Gay_Balingit_0001|Paula_Dobriansky_0001,0,0.034600,0.021364,0.023894
Carlos_Ruiz_0001|Peter_Schultz_0001,0,-0.006549,-0.021431,0.012910
Carlos_Ruiz_0003|Jennifer_Tilly_0001,0,-0.018385,-0.012865,0.009254
Carly_Fiorina_0002|Peter_Ueberroth_0001,0,0.073440,0.088687,0.081682
Catherine_Woodard_0001|Mike_Sweeney_0001,0,-0.076595,-0.096607,-0.080319
Chan_Ho_Park_0001|Xiang_Xu_0001,0,0.003936,-0.003605,-0.009615
Chance_Mock_0001|Herb_Ritts_0001,0,0.037360,0.053473,0.051173
Chance_Mock_0001|Shafal_Mosed_0001,0,0.021135,0.030068,-0.006675
Chance_Mock_0001|Simona_Hradil_0001,0,-0.061409,-0.025933,-0.069821
Chance_Mock_0001|Troy_Jenkins_0001,0,0.047986,0.063267,0.026045
Charles_Taylor_0007|Tom_Curley_0001,0,0.079203,0.101273,0.114393
Chea_Sophara_0001|John_Wolf_0001,0,0.085197,0.115202,0.074948
Chris_Cirino_0001|Jen_Bice_0001,0,0.016415,0.055703,-0.005286
Chris_Cirino_0001|Mary_Lou_Markakis_0001,0,-0.049722,0.016921,-0.051421
Chris_Cirino_0001|Peri_Gilpin_0001,0,0.012789,0.057691,0.045878
Christina_Sawaya_0001|Greg_Gilbert_0001,0,0.092151,0.056240,0.071553
Chung_Mong-joon_0001|David_Modell_0001,0,-0.009866,0.025444,0.003238
Chung_Mong-joon_0001|Luca_Cordero_di_Montezemolo_0001,0,0.003583,0.047664,-0.000126
Chung_Mong-joon_0001|Nick_Markakis_0001,0,0.014699,0.028917,0.008116
Chung_Mong-joon_0002|John_Rusnak_0001,0,-0.053592,-0.055856,-0.098342
Claire_Leger_0001|David_Caraway_0002,0,0.019488,-0.001843,0.009791
Claire_Leger_0001|Jerry_Sexton_0001,0,0.095772,0.064079,0.085626
Clark_Randt_0001|Katie_Boone_0001,0,0.084589,0.135163,0.079002
Clark_Randt_0001|Marc-Andre_Fleury_0001,0,0.005257,0.069286,0.034940
Clemente_de_la_Vega_0001|Ron_Gonzales_0001,0,0.130913,0.155937,0.095187
Colin_Campbell_0001|Frank_Keating_0001,0,-0.074883,-0.027265,-0.036365
Colin_Campbell_0001|Jean_Carnahan_0002,0,0.008362,0.058880,-0.004067
Colin_Campbell_0001|Mitchell_Potter_0001,0,0.144221,0.180819,0.162780
Colleen_Atwood_0001|Penelope_Cruz_0002,0,-0.087849,-0.014212,-0.059268
Craig_Morgan_0001|Matthew_McConaughey_0001,0,0.042173,0.057268,0.031797
Dan_Duquette_0001|Paddy_Torsney_0001,0,-0.058264,-0.102203,-0.059577
Daniel_Ortega_0001|Norah_Jones_0006,0,0.006601,0.011468,0.019596
Daniel_Patrick_Moynihan_0001|Eglis_Yaima_Cruz_0001,0,-0.024465,0.020266,0.015766
Daniel_Patrick_Moynihan_0001|Newton_Carlton_Slawson_0001,0,-0.057336,-0.038032,-0.046519
Daniel_Rouse_0001|Doris_Schroeder_0001,0,-0.040639,0.048650,0.000218
Daniel_Rouse_0001|Mike_Johanns_0001,0,0.065940,0.079517,0.052533
Daniell_Sunjata_0001|Marc-Andre_Fleury_0002,0,-0.031168,0.003099,-0.018726
Danny_Ainge_0001|Lee_Ann_Terlaji_0001,0,0.113999,0.127037,0.141137
David_Leahy_0001|Jerry_Sexton_0001,0,0.168453,0.149564,0.144894
David_Scott_Morris_0001|Valerie_Thwaites_0001,0,0.196627,0.209716,0.218929
David_Zeplowitz_0001|Jerry_Springer_0001,0,0.098424,0.099754,0.082590
Dawn_Staley_0001|Hasan_Wirayuda_0001,0,-0.000057,0.029209,-0.002872
Debra_Rose_0001|Jonathan_Edwards_0002,0,-0.009186,-0.003631,-0.015483
Debra_Yang_0001|Hashim_Thaci_0002,0,-0.006973,-0.002667,-0.019146
Debra_Yang_0001|Yekaterina_Guseva_0001,0,0.019672,0.055702,0.030246
Denis_Fassou-Nguesso_0001|William_Overlin_0001,0,-0.040993,-0.060580,-0.048354
Derrick_Taylor_0001|Giuseppe_Morchio_0001,0,-0.092406,-0.040552,-0.075078
Derrick_Taylor_0001|William_Overlin_0001,0,0.067212,0.103008,0.083201
Dick_Cheney_0005|James_Murdoch_0001,0,0.089879,0.108720,0.091835
Dick_Smothers_0001|Yoon_Won-Sik_0001,0,0.104784,0.125453,0.081457
Dita_Von_Tesse_0001|Mohammed_Al-Douri_0012,0,0.132724,0.185400,0.107895
Don_Henley_0001|Ernie_Eves_0001,0,0.166808,0.141586,0.116238
Don_Henley_0001|Gil_Cates_0001,0,0.102622,0.081098,0.092681
Don_Henley_0001|Stephen_Frears_0001,0,0.038497,0.012254,0.035970
Don_Henley_0001|Ziwang_Xu_0001,0,-0.059949,-0.047524,-0.051837
Donald_Regan_0001|John_Gruden_0001,0,-0.014099,-0.003048,-0.018716
Doris_Schroeder_0002|Joe_Mantegna_0001,0,-0.024876,0.005257,-0.038313
Eduardo_Duhalde_0001|Paula_Dobriansky_0001,0,0.018218,-0.027184,-0.002287
Eduardo_Duhalde_0002|Tab_Turner_0001,0,0.054923,0.073558,0.055399
Eduardo_Duhalde_0013|James_Murdoch_0001,0,-0.059603,-0.025500,-0.076203
Edward_Egan_0001|Ernie_Fletcher_0002,0,-0.102841,-0.065537,-0.106779
Edward_Johnson_0001|Jessica_Capshaw_0001,0,0.081509,0.057757,0.034101
El_Hadji_Diouf_0001|Hitomi_Soga_0002,0,-0.090617,-0.073914,-0.077095
Emilio_Botin_0001|Luca_Cordero_di_Montezemolo_0001,0,0.019789,0.031094,0.028037
Emilio_Botin_0001|Robert_Hyatt_0001,0,-0.050925,-0.016151,-0.018917
Enrique_Iglesias_0001|Gisele_Bundchen_0002,0,0.069411,0.092205,0.043818
Eric_Bana_0001|Mike_Sweeney_0001,0,0.035695,0.032651,0.053725
Eric_Bana_0001|Tab_Turner_0001,0,0.034328,0.049890,0.027216
Eric_Benet_0001|Mohammad_Mustapha_Miro_0001,0,0.001807,-0.000903,0.019962
Eric_Rosser_0001|Marc-Andre_Fleury_0002,0,0.066123,0.074442,0.058636
Eric_Rosser_0001|Peter_Chan_0001,0,0.059082,0.072158,0.075338
Ernie_Eves_0002|Hana_Makhmalbaf_0001,0,0.020236,0.086601,0.059027
Fernando_Vargas_0001|Julio_Cesar_Franco_0001,0,-0.034023,0.007067,-0.015406
Fernando_Vargas_0003|Martin_Verkerk_0003,0,0.024497,0.024317,0.003521
Flavia_Pennetta_0001|Larry_Flynt_0001,0,-0.052513,-0.028554,-0.056350
Flavia_Pennetta_0001|Micah_Knorr_0001,0,0.020501,0.045843,0.013516
Flavia_Pennetta_0001|Paul_Wellstone_0001,0,-0.094832,-0.061722,-0.080542
Frank_Keating_0001|Paul_McCartney_0007,0,0.001988,-0.014561,-0.018335
Frank_Lautenberg_0002|Michael_Capellas_0001,0,0.121091,0.147360,0.115336
Frank_Lautenberg_0002|Steve_Allee_0001,0,0.007884,0.044337,0.030398
Fujio_Mitarai_0001|Harvey_Weinstein_0001,0,0.019503,0.041252,0.009211
Gabriella_Bo_0001|Jeremy_Shockey_0002,0,-0.103237,-0.048682,-0.108010
Gavyn_Arthur_0001|Kevin_Hearn_0001,0,0.099504,0.117789,0.103066
Gavyn_Arthur_0001|Lynne_Slepian_0001,0,-0.077614,-0.038443,-0.050642
Gavyn_Arthur_0001|Zahir_Shah_0001,0,-0.027136,-0.021168,-0.005307
George_HW_Bush_0007|George_Maxwell_Richards_0001,0,0.124183,0.126121,0.092286
George_HW_Bush_0013|Penny_Lancaster_0001,0,0.003305,0.039612,0.023088
George_Maxwell_Richards_0001|Reggie_Miller_0001,0,-0.037666,-0.028076,-0.080768
Georgina_Papin_0001|Mary_Lou_Retton_0001,0,-0.033358,-0.059839,-0.072833
Georgina_Papin_0001|Svend_Robinson_0001,0,0.093734,0.069325,0.081220
Gerry_Kelly_0001|Keira_Knightley_0001,0,0.034452,0.048747,0.043115
Giannina_Facio_0001|Peri_Gilpin_0001,0,-0.029146,-0.018259,0.001129
Gideon_Black_0001|Kevin_Hearn_0001,0,-0.009470,-0.043682,-0.014902
Gideon_Black_0001|Shafal_Mosed_0001,0,-0.101130,-0.102565,-0.155044
Gisele_Bundchen_0002|Penny_Lancaster_0001,0,0.132151,0.158208,0.140940
Giuseppe_Morchio_0001|Penny_Lancaster_0001,0,0.069976,0.074386,0.090956
Greg_Frers_0001|Mohammed_Al-Douri_0004,0,-0.036383,-0.054529,-0.062525
Greg_Gilbert_0001|Mehmet_Ali_Sahin_0001,0,0.041127,0.039427,0.018016
Gregorio_Honasan_0001|Jim_Schwarz_0001,0,0.009671,0.034755,0.027832
Gregorio_Honasan_0001|Jonathan_Fine_0001,0,0.039465,0.084750,0.029911
Gregorio_Honasan_0001|Matt_Doherty_0001,0,-0.072675,-0.060215,-0.062798
Hama_Arba_Diallo_0001|Zhang_Yimou_0001,0,0.039462,0.014544,0.017405
Hana_Makhmalbaf_0001|Raquel_Welch_0001,0,0.025572,0.041666,0.054836
Hassan_Wirajuda_0001|Scott_Dalton_0001,0,0.015430,0.029051,0.037402
Hector_Babenco_0002|Talisa_Bratt_0001,0,-0.051042,-0.023779,-0.075624
Herb_Ritts_0001|Mark_Broxmeyer_0001,0,-0.044617,-0.037369,-0.054633
Hugh_Campbell_0001|Ken_Watanabe_0001,0,-0.018499,0.012311,-0.013828
Hugh_Campbell_0001|Masamori_Tokuyama_0001,0,0.033064,0.115567,0.063153
Hugh_Campbell_0001|Tom_Foy_0001,0,0.010621,0.026394,0.008979
Imran_Khan_0001|Matt_Morris_0001,0,0.053354,0.047930,0.060258
Imran_Khan_0001|Nancy_Humbert_0001,0,0.047476,0.048872,0.024866
Ivan_Lee_0001|Jennifer_Furminger_0001,0,-0.077995,-0.063707,-0.085192
James_Hallock_0001|Robert_Beck_0001,0,0.079469,0.083473,0.060843
James_Murdoch_0001|Martina_McBride_0003,0,0.093458,0.072802,0.085446
Jamie_Kellner_0001|Tomas_Malik_0001,0,0.021174,0.018390,0.010399
Jamie_King_0001|Lauren_Hutton_0002,0,0.195132,0.180308,0.184419
Jane_Fonda_0002|Martha_Stewart_0004,0,0.013185,0.030654,0.033679
Janet_Leigh_0001|Marianne_Stanley_0001,0,-0.038102,-0.026459,-0.041681
Jaromir_Jagr_0001|Troy_Jenkins_0001,0,-0.026826,0.005386,-0.032184
Jean_Brumley_0002|Jim_Harrick_0001,0,-0.010187,0.041235,-0.014269
Jen_Bice_0001|Judi_Dench_0002,0,0.002595,0.049483,0.039789
Jennifer_Furminger_0001|Matthew_During_0001,0,0.008420,0.008306,0.008664
Jennifer_Tilly_0001|Serge_Klarsfeld_0001,0,0.026108,0.053513,0.022331
Jennifer_Tilly_0001|Stella_Tennant_0001,0,0.001742,-0.024491,0.007320
Jeremy_Shockey_0002|Robert_Beck_0001,0,0.041927,0.057962,0.067671
Jerry_Regier_0002|Paulina_Rodriguez_Davila_0001,0,0.007927,0.045895,0.025357
Jerry_Regier_0003|Lee_Hyung-taik_0001,0,0.056893,0.101349,0.077921
Jerry_Regier_0003|Pete_Rose_0002,0,-0.115934,-0.073320,-0.075730
Jessica_Capshaw_0001|Penelope_Cruz_0002,0,0.011568,0.047186,0.018626
Jiang_Zemin_0004|Michelangelo_Antonioni_0001,0,-0.043777,-0.056652,-0.020370
Jiang_Zemin_0013|Roman_Coppola_0001,0,-0.084324,-0.115878,-0.103948
Jim_Sterk_0001|Jonathan_Edwards_0003,0,-0.065486,-0.050914,-0.077614
Jim_Sterk_0001|Ken_Watanabe_0002,0,0.003443,0.010626,-0.000042
Joey_Harrington_0001|Nick_Price_0001,0,0.002752,0.004280,0.001234
John_Lynch_0001|Michael_Sullivan_0001,0,0.083065,0.116647,0.113200
John_Robbins_0001|Tom_Foy_0001,0,-0.056771,0.013569,-0.036453
John_Thune_0001|Milan_Milutinovic_0001,0,-0.078563,-0.069110,-0.069621
John_Velazquez_0001|Marco_Antonio_Barrera_0003,0,-0.034302,0.017459,-0.022348
John_Velazquez_0001|Tammy_Lynn_Michaels_0001,0,-0.021048,0.043955,-0.023585
John_Wolf_0002|Prince_Harry_0001,0,-0.007922,0.005777,-0.029005
Jonathan_Byrd_0001|Mike_Matheny_0001,0,0.151343,0.218682,0.136519
Jonathan_Byrd_0001|Sheikh_Ahmed_Yassin_0001,0,-0.059547,-0.010381,-0.032203
Jonathan_Horton_0001|Lee_Ann_Terlaji_0001,0,0.000795,0.036466,0.002080
Jorge_Alberto_Galindo_0001|Roger_King_0001,0,0.030260,0.062554,0.020731
Joseph_Biden_0005|Mahdi_Al_Bassam_0001,0,-0.120536,-0.139017,-0.122871
Joseph_Biden_0005|Tung_Chee-hwa_0004,0,0.073857,0.083947,0.056690
Judy_Genshaft_0001|Shane_Warne_0001,0,-0.018737,0.006433,-0.015135
Jules_Asner_0001|Robert_Beck_0001,0,0.035347,0.036315,0.067802
Julien_Varlet_0001|Scott_Dalton_0001,0,-0.038056,-0.023466,-0.022420
Kate_Burton_0001|Martha_Stewart_0002,0,-0.121078,-0.053096,-0.106144
Kate_Richardson_0001|Roman_Coppola_0001,0,0.014054,0.016211,0.008173
Katie_Boone_0001|Uthai_Pimchaichon_0001,0,-0.054197,-0.027324,-0.024410
Katie_Smith_0001|Leland_Chapman_0001,0,0.076092,0.111717,0.119884
Katrin_Susi_0001|Luca_Cordero_di_Montezemolo_0001,0,0.006699,-0.007740,-0.028818
Kay_Bailey_Hutchison_0001|Theodore_Tweed_Roosevelt_0003,0,-0.037923,0.026897,-0.036625
Kieran_Prendergast_0001|Lachlan_Murdoch_0001,0,0.045223,0.030258,0.050777
King_Abdullah_II_0004|Robert_Hyatt_0001,0,-0.073844,-0.019693,-0.062160
Kirk_Ferentz_0002|Milan_Milutinovic_0001,0,-0.090339,-0.131617,-0.093250
Lachlan_Murdoch_0001|Mickey_Sherman_0001,0,-0.091680,-0.046800,-0.106718
Larry_Flynt_0001|Phil_Cline_0001,0,-0.069332,-0.071469,-0.054364
Larry_Greene_0001|Mike_Brey_0002,0,0.065090,0.055158,0.046928
Laurence_Tribe_0001|Uthai_Pimchaichon_0001,0,0.059279,0.097819,0.044770
Lee_Ann_Terlaji_0001|Roman_Coppola_0001,0,-0.000791,-0.029541,-0.013286
Lee_Yuan-tseh_0001|Shafal_Mosed_0001,0,0.038361,0.054189,0.048019
Lee_Yuan-tseh_0001|Yuri_Malenchenko_0002,0,0.016170,0.016662,0.011730
Leland_Chapman_0001|Theodore_Tweed_Roosevelt_0001,0,-0.021354,0.032688,-0.008179
Leslie_Moonves_0002|Robert_Hyatt_0001,0,0.049455,0.103260,0.051906
Lisa_Murkowski_0001|Serge_Klarsfeld_0001,0,0.086678,0.076624,0.070548
Magui_Serna_0001|Maura_Tierney_0001,0,0.072520,0.081322,0.089935
Mahdi_Al_Bassam_0001|Marc-Andre_Fleury_0002,0,0.004375,0.046245,0.016642
Mahdi_Al_Bassam_0001|Mother_Teresa_0001,0,-0.029330,-0.051528,-0.043820
Malak_Habbak_0001|Prince_Harry_0003,0,0.074584,0.104167,0.108929
Manuel_Pellegrini_0001|Rolf_Eckrodt_0001,0,0.121376,0.192349,0.131079
Manuela_Montebrun_0001|Martina_McBride_0002,0,0.149119,0.167088,0.163038
Manuela_Montebrun_0001|Steven_Seagal_0002,0,0.098238,0.075965,0.090596
Marion_Fahnestock_0001|Wen_Jiabao_0003,0,0.083496,0.123924,0.107399
Mark_Hamister_0001|Xiang_Xu_0001,0,0.086920,0.109952,0.079764
Martha_Martinez_Flores_0001|Mike_Brey_0002,0,-0.015304,-0.024256,-0.027347
Martha_Stewart_0005|Victor_Kraatz_0001,0,-0.046011,-0.044245,-0.036396
Martin_Lawrence_0001|Mickey_Sherman_0001,0,0.043131,0.043872,0.054798
Martin_Lawrence_0001|Penny_Lancaster_0001,0,0.005871,-0.000217,-0.017652
Martin_McCauley_0002|Steven_Seagal_0001,0,0.025814,0.021792,-0.003517
Martin_Verkerk_0001|Steven_Seagal_0001,0,0.083308,0.099295,0.128247
Martina_McBride_0003|Peter_Schultz_0001,0,0.051491,0.057033,0.068715
Masamori_Tokuyama_0001|Regina_Ip_0001,0,0.059613,0.058044,0.055647
Masamori_Tokuyama_0001|Serge_Melac_0001,0,-0.030682,-0.002088,-0.008630
Matt_Doherty_0002|Saoud_Al_Faisal_0001,0,-0.143814,-0.138096,-0.135895
Meghann_Shaughnessy_0001|William_Perry_0001,0,0.022708,0.068255,0.021145
Mehmet_Ali_Sahin_0001|Peri_Gilpin_0001,0,-0.018438,0.000179,-0.012610
Mehmet_Ali_Sahin_0001|Raquel_Welch_0002,0,-0.030005,-0.064389,-0.046339
Michael_Capellas_0001|Victor_Garber_0001,0,-0.017809,0.002845,-0.013274
Mickey_Sherman_0001|Roman_Coppola_0001,0,-0.064368,-0.053143,-0.042885
Mike_Brey_0002|Nick_Markakis_0001,0,-0.103913,-0.056257,-0.083013
Mike_Johanns_0001|Pascal_Lamy_0001,0,-0.005698,-0.014910,0.021372
Mike_Matheny_0001|Norm_Coleman_0005,0,0.000500,0.015751,0.015092
Mohammad_Mustapha_Miro_0001|Steve_Mariucci_0002,0,-0.038860,-0.077389,-0.059890
Mother_Teresa_0001|Yekaterina_Guseva_0001,0,0.166397,0.210766,0.168465
Nancy_Humbert_0001|Park_Na-kyong_0001,0,-0.044069,-0.062195,-0.042219
Nanni_Moretti_0001|Shigeru_Ishiba_0001,0,-0.052118,0.000412,-0.043435
Natalia_Dmitrieva_0001|Willie_Nelson_0001,0,-0.007856,0.000280,-0.005177
Natalie_Juniardi_0001|Uthai_Pimchaichon_0001,0,-0.094723,-0.068667,-0.076169
Nick_Price_0001|Tab_Turner_0001,0,0.036982,0.082907,0.050424
Norm_Coleman_0004|Peri_Gilpin_0001,0,0.070949,0.077658,0.075702
Norm_Coleman_0007|Scott_McClellan_0005,0,-0.006771,0.008464,-0.021230
Paddy_Torsney_0001|Tung_Chee-hwa_0009,0,0.037058,0.021399,0.019910
Park_Na-kyong_0001|Vecdi_Gonul_0001,0,0.016531,0.017715,0.014033
Patrick_Rafter_0001|Peter_Care_0001,0,-0.024922,-0.034270,-0.038584
Pierre_Van_Hooijdonk_0001|Scott_McClellan_0001,0,0.044257,0.060096,0.055729
Regina_Ip_0001|Rohman_al-Ghozi_0001,0,-0.038429,-0.033490,-0.027159
Renee_Zellweger_0009|Yuri_Malenchenko_0002,0,0.006271,0.027664,0.013037
Rolf_Eckrodt_0002|Teresa_Heinz_Kerry_0001,0,0.165327,0.153120,0.144298
Rubens_Barrichello_0010|Stella_Tennant_0001,0,-0.043593,-0.043307,-0.052837
Saoud_Al_Faisal_0001|Vecdi_Gonul_0001,0,-0.011786,0.004432,0.003312
Scott_Dalton_0001|Zach_Safrin_0001,0,-0.005036,0.029268,0.013017
Scott_McClellan_0002|Tom_Schnackenberg_0001,0,0.049539,0.095666,0.059419
Todd_MacCulloch_0001|Willie_Nelson_0001,0,0.049254,0.072048,0.081202
Tom_Curley_0001|Wanda_de_la_Jesus_0001,0,-0.010054,0.042381,-0.000191
Troy_Jenkins_0001|Walid_Al-Awadi_0001,0,-0.030133,-0.028122,-0.050315
William_Overlin_0001|Yekaterina_Guseva_0001,0,-0.092773,-0.085942,-0.094608
Abdoulaye_Wade_0001|Abdoulaye_Wade_0002,1,0.644472,0.585313,0.632699
Abdoulaye_Wade_0001|Abdoulaye_Wade_0003,1,0.479161,0.449729,0.457949
Abdoulaye_Wade_0002|Abdoulaye_Wade_0003,1,0.507882,0.552636,0.493495
Adam_Sandler_0001|Adam_Sandler_0002,1,0.681802,0.621745,0.664476
Adam_Sandler_0001|Adam_Sandler_0004,1,0.545538,0.491681,0.533995
Adam_Sandler_0002|Adam_Sandler_0003,1,0.757651,0.717520,0.714082
Aicha_El_Ouafi_0001|Aicha_El_Ouafi_0003,1,0.626557,0.632398,0.617007
Aicha_El_Ouafi_0002|Aicha_El_Ouafi_0003,1,0.567167,0.555664,0.553388
Akbar_Hashemi_Rafsanjani_0001|Akbar_Hashemi_Rafsanjani_0003,1,0.605367,0.605565,0.586711
Akbar_Hashemi_Rafsanjani_0002|Akbar_Hashemi_Rafsanjani_0003,1,0.708919,0.672635,0.664598
Al_Pacino_0001|Al_Pacino_0002,1,0.619572,0.608817,0.604178
Al_Pacino_0001|Al_Pacino_0003,1,0.646802,0.623859,0.630949
Alex_Barros_0001|Alex_Barros_0002,1,0.353031,0.338238,0.366181
Allyson_Felix_0001|Allyson_Felix_0003,1,0.466901,0.467575,0.459999
Allyson_Felix_0001|Allyson_Felix_0004,1,0.597896,0.587066,0.587855
Allyson_Felix_0001|Allyson_Felix_0005,1,0.614173,0.608236,0.590276
Allyson_Felix_0004|Allyson_Felix_0005,1,0.607824,0.624151,0.583659
Anastasia_Myskina_0001|Anastasia_Myskina_0002,1,0.481997,0.486181,0.489895
Andy_Roddick_0008|Andy_Roddick_0012,1,0.568529,0.567003,0.555701
Andy_Roddick_0010|Andy_Roddick_0015,1,0.395156,0.386015,0.361986
Andy_Roddick_0013|Andy_Roddick_0015,1,0.384387,0.368644,0.361422
Anna_Nicole_Smith_0001|Anna_Nicole_Smith_0002,1,0.431966,0.422449,0.405752
Antonio_Palocci_0001|Antonio_Palocci_0008,1,0.649993,0.611657,0.603116
Antonio_Palocci_0003|Antonio_Palocci_0006,1,0.601792,0.600609,0.594536
Antonio_Palocci_0004|Antonio_Palocci_0005,1,0.689616,0.685711,0.683547
Antonio_Palocci_0005|Antonio_Palocci_0007,1,0.677356,0.644386,0.658276
Antonio_Palocci_0006|Antonio_Palocci_0008,1,0.593088,0.591456,0.590676
Arnoldo_Aleman_0001|Arnoldo_Aleman_0003,1,0.688778,0.662780,0.662888
Arnoldo_Aleman_0003|Arnoldo_Aleman_0005,1,0.670499,0.647632,0.661836
Ashton_Kutcher_0001|Ashton_Kutcher_0003,1,0.618881,0.567068,0.588228
Ashton_Kutcher_0002|Ashton_Kutcher_0003,1,0.548684,0.539980,0.558349
Augusto_Roa_Bastos_0001|Augusto_Roa_Bastos_0002,1,0.549634,0.554806,0.550744
Aung_San_Suu_Kyi_0001|Aung_San_Suu_Kyi_0002,1,0.601963,0.573069,0.603179
Barry_Zito_0001|Barry_Zito_0002,1,0.465186,0.471517,0.444898
Bill_Graham_0001|Bill_Graham_0009,1,0.558767,0.519549,0.576456
Bill_Graham_0003|Bill_Graham_0004,1,0.637965,0.608567,0.612387
Bill_Graham_0004|Bill_Graham_0006,1,0.777087,0.773697,0.750436
Bill_Graham_0005|Bill_Graham_0006,1,0.759625,0.751596,0.746172
Bob_Dole_0001|Bob_Dole_0003,1,0.632128,0.579843,0.593826
Bruce_Weber_0001|Bruce_Weber_0002,1,0.661801,0.637274,0.637385
Carlos_Mesa_0001|Carlos_Mesa_0002,1,0.639738,0.639808,0.640104
Carolyn_Dawn_Johnson_0001|Carolyn_Dawn_Johnson_0002,1,0.799061,0.773326,0.768597
Carolyn_Dawn_Johnson_0002|Carolyn_Dawn_Johnson_0003,1,0.558672,0.535148,0.555794
Celine_Dion_0003|Celine_Dion_0008,1,0.275866,0.210702,0.226901
Chakib_Khelil_0001|Chakib_Khelil_0002,1,0.714055,0.709418,0.700210
Chen_Shui-bian_0002|Chen_Shui-bian_0004,1,0.444297,0.453671,0.450953
Chen_Shui-bian_0003|Chen_Shui-bian_0005,1,0.556074,0.535320,0.566016
Christopher_Walken_0001|Christopher_Walken_0003,1,0.865991,0.822334,0.824838
Christopher_Walken_0001|Christopher_Walken_0004,1,0.662933,0.630488,0.608291
Claudia_Pechstein_0001|Claudia_Pechstein_0002,1,0.604244,0.539358,0.564182
Claudia_Pechstein_0001|Claudia_Pechstein_0004,1,0.650645,0.643157,0.656112
Claudia_Pechstein_0003|Claudia_Pechstein_0004,1,0.319945,0.327925,0.334097
Claudia_Pechstein_0003|Claudia_Pechstein_0005,1,0.714998,0.715901,0.708448
Claudia_Pechstein_0004|Claudia_Pechstein_0005,1,0.359313,0.355842,0.364887
Clay_Aiken_0002|Clay_Aiken_0004,1,0.572714,0.532668,0.563577
Clay_Aiken_0003|Clay_Aiken_0004,1,0.529066,0.548766,0.573866
Clay_Aiken_0003|Clay_Aiken_0005,1,0.595387,0.632911,0.626599
Colin_Powell_0040|Colin_Powell_0071,1,0.554881,0.538361,0.560269
Colin_Powell_0049|Colin_Powell_0234,1,0.683242,0.659593,0.641200
Colin_Powell_0133|Colin_Powell_0170,1,0.691253,0.675533,0.685000
Colin_Powell_0182|Colin_Powell_0198,1,0.781821,0.780017,0.771906
Cristina_Fernandez_0001|Cristina_Fernandez_0002,1,0.037149,0.075331,0.056371
Daisy_Fuentes_0002|Daisy_Fuentes_0003,1,0.670681,0.676308,0.649226
Damon_van_Dam_0001|Damon_van_Dam_0002,1,0.601684,0.568607,0.606750
Dan_Wheldon_0001|Dan_Wheldon_0002,1,0.542095,0.577173,0.546632
David_Coulthard_0001|David_Coulthard_0002,1,0.607384,0.557582,0.605516
David_Kelley_0001|David_Kelley_0002,1,0.641971,0.638315,0.634809
Debra_Brown_0001|Debra_Brown_0002,1,0.571251,0.558601,0.554940
Dennis_Erickson_0001|Dennis_Erickson_0002,1,0.733284,0.757694,0.720797
Derek_Lowe_0001|Derek_Lowe_0002,1,0.580257,0.592157,0.578015
Eddie_Sutton_0001|Eddie_Sutton_0002,1,0.651492,0.631207,0.625320
Edie_Falco_0001|Edie_Falco_0002,1,0.359573,0.349816,0.343028
Elijah_Wood_0002|Elijah_Wood_0003,1,0.551310,0.486530,0.520294
Elizabeth_Hurley_0001|Elizabeth_Hurley_0004,1,0.378709,0.416284,0.408491
Elizabeth_Hurley_0002|Elizabeth_Hurley_0005,1,0.533268,0.542788,0.518000
Emily_Robison_0001|Emily_Robison_0002,1,0.503909,0.535596,0.550784
Ethan_Hawke_0001|Ethan_Hawke_0004,1,0.615061,0.615292,0.590502
Eunice_Barber_0001|Eunice_Barber_0002,1,0.541704,0.489577,0.500808
Felix_Mantilla_0001|Felix_Mantilla_0002,1,0.427933,0.431313,0.421088
Fidel_Castro_0001|Fidel_Castro_0018,1,0.481677,0.481750,0.464432
Fidel_Castro_0003|Fidel_Castro_0007,1,0.536359,0.529140,0.511765
Fidel_Castro_0005|Fidel_Castro_0008,1,0.553057,0.542926,0.538720
Fidel_Castro_0008|Fidel_Castro_0012,1,0.504053,0.534843,0.517083
Fidel_Castro_0011|Fidel_Castro_0013,1,0.571294,0.583489,0.556723
Francisco_Flores_0001|Francisco_Flores_0002,1,0.739957,0.689726,0.696532
Francisco_Flores_0001|Francisco_Flores_0003,1,0.693918,0.653115,0.664273
Frank_Dunham_Jr_0001|Frank_Dunham_Jr_0002,1,0.660323,0.633704,0.639302
Franko_Simatovic_0001|Franko_Simatovic_0002,1,0.434977,0.396269,0.408743
Fred_Eckhard_0001|Fred_Eckhard_0002,1,0.823423,0.807264,0.805241
Fred_Eckhard_0001|Fred_Eckhard_0003,1,0.860989,0.833141,0.833336
Fred_Eckhard_0002|Fred_Eckhard_0003,1,0.905885,0.898519,0.894261
GL_Peiris_0001|GL_Peiris_0002,1,0.685017,0.673742,0.686814
GL_Peiris_0001|GL_Peiris_0003,1,0.702783,0.680850,0.711754
GL_Peiris_0002|GL_Peiris_0003,1,0.880002,0.861367,0.873045
GL_Peiris_0002|GL_Peiris_0004,1,0.417197,0.421278,0.378981
Garry_Kasparov_0001|Garry_Kasparov_0002,1,0.684831,0.665207,0.671191
Hassan_Nasrallah_0001|Hassan_Nasrallah_0002,1,0.593873,0.594467,0.587639
Heidi_Klum_0001|Heidi_Klum_0003,1,0.641735,0.598051,0.592337
Heidi_Klum_0001|Heidi_Klum_0004,1,0.591136,0.600806,0.561960
Heidi_Klum_0002|Heidi_Klum_0004,1,0.525089,0.490262,0.490990
Heidi_Klum_0003|Heidi_Klum_0004,1,0.583162,0.580911,0.573953
Heinz_Feldmann_0001|Heinz_Feldmann_0002,1,0.891329,0.871015,0.860889
Heinz_Feldmann_0002|Heinz_Feldmann_0003,1,0.743261,0.706438,0.718734
Iban_Mayo_0001|Iban_Mayo_0002,1,0.452551,0.467736,0.437288
Imad_Moustapha_0001|Imad_Moustapha_0002,1,0.847719,0.837436,0.824606
Inam-ul-Haq_0001|Inam-ul-Haq_0002,1,0.597771,0.597133,0.581603
James_Gandolfini_0001|James_Gandolfini_0003,1,0.516886,0.508643,0.511457
James_Gandolfini_0002|James_Gandolfini_0003,1,0.530739,0.550685,0.523236
Janet_Thorpe_0001|Janet_Thorpe_0002,1,0.721365,0.707321,0.698519
Jean-Pierre_Raffarin_0001|Jean-Pierre_Raffarin_0002,1,0.536711,0.523833,0.524696
Jean-Pierre_Raffarin_0001|Jean-Pierre_Raffarin_0006,1,0.658753,0.602470,0.646655
Jean-Pierre_Raffarin_0003|Jean-Pierre_Raffarin_0004,1,0.590949,0.535532,0.560339
Jean-Pierre_Raffarin_0003|Jean-Pierre_Raffarin_0005,1,0.536345,0.469605,0.542065
Jean-Pierre_Raffarin_0004|Jean-Pierre_Raffarin_0007,1,0.524418,0.509000,0.509359
Jean-Pierre_Raffarin_0005|Jean-Pierre_Raffarin_0007,1,0.556196,0.511331,0.521113
Jean-Pierre_Raffarin_0006|Jean-Pierre_Raffarin_0007,1,0.735058,0.697709,0.705814
Jeffrey_Scott_Postell_0001|Jeffrey_Scott_Postell_0002,1,0.821560,0.793834,0.814290
Jennifer_Capriati_0002|Jennifer_Capriati_0014,1,0.438096,0.426642,0.437624
Jennifer_Capriati_0007|Jennifer_Capriati_0032,1,0.370824,0.313703,0.326819
Jennifer_Capriati_0033|Jennifer_Capriati_0042,1,0.250101,0.265572,0.250298
Job_Cohen_0001|Job_Cohen_0002,1,0.789691,0.775173,0.776578
John_McCormack_0001|John_McCormack_0002,1,0.808646,0.801972,0.785615
John_Paul_II_0001|John_Paul_II_0004,1,0.357464,0.359957,0.343535
John_Paul_II_0002|John_Paul_II_0005,1,0.467709,0.425396,0.404502
John_Paul_II_0002|John_Paul_II_0008,1,0.532379,0.525008,0.496710
John_Paul_II_0004|John_Paul_II_0009,1,0.420165,0.420417,0.392500
John_Paul_II_0010|John_Paul_II_0011,1,0.587048,0.572067,0.553463
John_Ruiz_0001|John_Ruiz_0002,1,0.574996,0.516640,0.538936
John_Stallworth_0001|John_Stallworth_0002,1,0.327344,0.346185,0.303179
John_Stockton_0002|John_Stockton_0004,1,0.525657,0.552329,0.518233
John_Travolta_0002|John_Travolta_0006,1,0.573000,0.572259,0.548736
John_Travolta_0003|John_Travolta_0005,1,0.343500,0.330907,0.334559
John_Travolta_0005|John_Travolta_0007,1,0.408356,0.429081,0.407599
Jonathan_Mostow_0001|Jonathan_Mostow_0002,1,0.607274,0.593436,0.618744
Jorge_Arce_0001|Jorge_Arce_0002,1,0.738826,0.729730,0.713893
Joschka_Fischer_0001|Joschka_Fischer_0010,1,0.743159,0.711186,0.727450
Joschka_Fischer_0006|Joschka_Fischer_0011,1,0.554479,0.506038,0.508136
Joschka_Fischer_0007|Joschka_Fischer_0011,1,0.542381,0.535076,0.533324
Joschka_Fischer_0011|Joschka_Fischer_0017,1,0.551482,0.472030,0.504892
Joschka_Fischer_0015|Joschka_Fischer_0016,1,0.728520,0.740401,0.718394
Jose_Canseco_0001|Jose_Canseco_0003,1,0.605959,0.609586,0.596138
Juan_Manuel_Marquez_0001|Juan_Manuel_Marquez_0002,1,0.730463,0.721979,0.727394
Juan_Manuel_Marquez_0001|Juan_Manuel_Marquez_0003,1,0.779600,0.775394,0.778488
Juan_Manuel_Marquez_0002|Juan_Manuel_Marquez_0003,1,0.620221,0.625865,0.641879
Juan_Valencia_Osorio_0001|Juan_Valencia_Osorio_0002,1,0.461376,0.381353,0.421665
Julie_Gerberding_0009|Julie_Gerberding_0013,1,0.716002,0.663428,0.691672
Julie_Gerberding_0012|Julie_Gerberding_0015,1,0.612131,0.599486,0.591062
Kate_Hudson_0001|Kate_Hudson_0004,1,0.383652,0.387581,0.344928
Kate_Hudson_0001|Kate_Hudson_0008,1,0.518818,0.499332,0.498160
Kate_Hudson_0002|Kate_Hudson_0003,1,0.518941,0.464288,0.494926
Kate_Hudson_0004|Kate_Hudson_0009,1,0.359309,0.392210,0.350883
Kate_Hudson_0006|Kate_Hudson_0007,1,0.577351,0.558252,0.586648
Kemal_Dervis_0001|Kemal_Dervis_0003,1,0.654390,0.642866,0.647100
Kemal_Dervis_0002|Kemal_Dervis_0003,1,0.664787,0.669160,0.681249
Kenneth_Evans_0001|Kenneth_Evans_0002,1,0.821599,0.798028,0.800851
Kifah_Ajouri_0001|Kifah_Ajouri_0002,1,0.768847,0.735942,0.737936
Larry_Lucchino_0001|Larry_Lucchino_0002,1,0.666908,0.642589,0.647616
Latrell_Sprewell_0001|Latrell_Sprewell_0002,1,0.493368,0.492485,0.479690
Lech_Walesa_0001|Lech_Walesa_0002,1,0.556261,0.557186,0.531367
Lee_Tae-sik_0001|Lee_Tae-sik_0002,1,0.540472,0.476600,0.514872
Lisa_Marie_Presley_0001|Lisa_Marie_Presley_0003,1,0.513273,0.467849,0.466523
Liza_Minnelli_0002|Liza_Minnelli_0003,1,0.811517,0.806216,0.812999
Liza_Minnelli_0003|Liza_Minnelli_0004,1,0.555999,0.547081,0.561112
Liza_Minnelli_0003|Liza_Minnelli_0006,1,0.683419,0.693142,0.704642
Liza_Minnelli_0004|Liza_Minnelli_0005,1,0.674708,0.621434,0.636425
Liza_Minnelli_0005|Liza_Minnelli_0006,1,0.570512,0.555312,0.562271
Liza_Minnelli_0006|Liza_Minnelli_0007,1,0.762552,0.736660,0.741260
Madonna_0001|Madonna_0004,1,0.358803,0.398659,0.331519
Madonna_0002|Madonna_0003,1,0.476352,0.419909,0.431177
Madonna_0004|Madonna_0005,1,0.396249,0.408943,0.363381
Mariah_Carey_0003|Mariah_Carey_0006,1,0.467026,0.439218,0.464910
Mary_Tyler_Moore_0001|Mary_Tyler_Moore_0002,1,0.561079,0.509453,0.520489
Mathias_Reichhold_0001|Mathias_Reichhold_0002,1,0.644630,0.610387,0.601030
Matt_Damon_0001|Matt_Damon_0002,1,0.594166,0.567635,0.590921
Matt_Damon_0001|Matt_Damon_0003,1,0.574800,0.597250,0.590491
Matt_Damon_0002|Matt_Damon_0004,1,0.585744,0.582409,0.573285
Matt_Damon_0003|Matt_Damon_0004,1,0.488790,0.518603,0.499786
Maureen_Fanning_0001|Maureen_Fanning_0002,1,0.587222,0.576593,0.567705
Melanie_Griffith_0001|Melanie_Griffith_0002,1,0.393760,0.376300,0.389424
Melanie_Griffith_0001|Melanie_Griffith_0003,1,0.381324,0.367163,0.362118
Melanie_Griffith_0002|Melanie_Griffith_0003,1,0.364065,0.334545,0.341456
Michael_Ballack_0001|Michael_Ballack_0002,1,0.467558,0.450649,0.494848
Michael_Winterbottom_0001|Michael_Winterbottom_0003,1,0.657035,0.623529,0.654168
Michael_Winterbottom_0002|Michael_Winterbottom_0003,1,0.805493,0.775928,0.778345
Michelle_Collins_0001|Michelle_Collins_0002,1,0.770317,0.743528,0.749671
Milo_Maestrecampo_0001|Milo_Maestrecampo_0002,1,0.748298,0.686204,0.694581
Mohamed_Benaissa_0001|Mohamed_Benaissa_0002,1,0.546702,0.540558,0.536759
Mohamed_ElBaradei_0002|Mohamed_ElBaradei_0004,1,0.677129,0.694953,0.656827
Mohamed_ElBaradei_0003|Mohamed_ElBaradei_0008,1,0.644029,0.647687,0.642992
Muhammad_Ali_0001|Muhammad_Ali_0003,1,0.437171,0.399720,0.436117
Muhammad_Ali_0001|Muhammad_Ali_0007,1,0.535655,0.515438,0.520791
Muhammad_Ali_0002|Muhammad_Ali_0005,1,0.703337,0.689028,0.711053
Muhammad_Ali_0006|Muhammad_Ali_0010,1,0.664876,0.637716,0.637985
Muhammad_Ali_0007|Muhammad_Ali_0009,1,0.739523,0.720347,0.727081
Mukesh_Ambani_0001|Mukesh_Ambani_0002,1,0.521390,0.483966,0.513205
Mukesh_Ambani_0001|Mukesh_Ambani_0003,1,0.491601,0.470913,0.486855
Paris_Hilton_0001|Paris_Hilton_0002,1,0.836979,0.829976,0.811727
Pat_Cox_0001|Pat_Cox_0002,1,0.766176,0.736876,0.730973
Paul_Burrell_0003|Paul_Burrell_0007,1,0.768961,0.729475,0.761520
Paul_Burrell_0005|Paul_Burrell_0011,1,0.636288,0.566084,0.589208
Paul_Burrell_0008|Paul_Burrell_0010,1,0.902605,0.867462,0.883829
Paul_Wolfowitz_0008|Paul_Wolfowitz_0010,1,0.781820,0.773379,0.768376
Paula_Radcliffe_0001|Paula_Radcliffe_0002,1,0.707630,0.703183,0.685174
Paula_Radcliffe_0001|Paula_Radcliffe_0003,1,0.428767,0.378793,0.381399
Paula_Radcliffe_0002|Paula_Radcliffe_0003,1,0.442265,0.388958,0.369401
Paula_Radcliffe_0002|Paula_Radcliffe_0004,1,0.338605,0.308017,0.316540
Paula_Radcliffe_0003|Paula_Radcliffe_0004,1,0.226510,0.219354,0.222181
Paula_Radcliffe_0003|Paula_Radcliffe_0005,1,0.373118,0.350609,0.351366
Paula_Radcliffe_0004|Paula_Radcliffe_0005,1,0.134533,0.143980,0.132032
Paulo_Cesar_Pinheiro_0001|Paulo_Cesar_Pinheiro_0002,1,0.921717,0.899172,0.900072
Pedro_Solbes_0001|Pedro_Solbes_0003,1,0.543263,0.528224,0.509040
Pedro_Solbes_0001|Pedro_Solbes_0004,1,0.474765,0.444585,0.436473
Pedro_Solbes_0002|Pedro_Solbes_0003,1,0.680253,0.685188,0.661864
Pedro_Solbes_0003|Pedro_Solbes_0004,1,0.684591,0.672795,0.660394
Pete_Carroll_0001|Pete_Carroll_0002,1,0.550805,0.502572,0.550311
Pete_Carroll_0001|Pete_Carroll_0003,1,0.519299,0.525607,0.528269
Pete_Carroll_0002|Pete_Carroll_0003,1,0.558901,0.514305,0.549937
Pete_Sampras_0002|Pete_Sampras_0012,1,0.560332,0.524106,0.538514
Pete_Sampras_0002|Pete_Sampras_0013,1,0.497876,0.473838,0.479084
Pete_Sampras_0003|Pete_Sampras_0015,1,0.505565,0.483114,0.497606
Pete_Sampras_0004|Pete_Sampras_0020,1,0.557370,0.546168,0.547222
Pete_Sampras_0006|Pete_Sampras_0007,1,0.647664,0.622670,0.636240
Pete_Sampras_0006|Pete_Sampras_0008,1,0.606341,0.606254,0.610008
Pete_Sampras_0010|Pete_Sampras_0013,1,0.567686,0.540224,0.557393
Pete_Sampras_0012|Pete_Sampras_0015,1,0.721577,0.695538,0.687100
Peter_Struck_0001|Peter_Struck_0005,1,0.564043,0.540564,0.542124
Peter_Struck_0002|Peter_Struck_0005,1,0.542581,0.557580,0.551037
Phil_Vassar_0001|Phil_Vassar_0002,1,0.588387,0.609281,0.605623
Pierre_Boulanger_0001|Pierre_Boulanger_0002,1,0.732225,0.679176,0.687541
Prince_Willem-Alexander_0001|Prince_Willem-Alexander_0002,1,0.584898,0.551520,0.556655
Prince_Willem-Alexander_0001|Prince_Willem-Alexander_0003,1,0.609781,0.601998,0.589776
Prince_Willem-Alexander_0002|Prince_Willem-Alexander_0003,1,0.957995,0.948054,0.937661
Queen_Elizabeth_II_0003|Queen_Elizabeth_II_0007,1,0.611976,0.602736,0.574737
Queen_Elizabeth_II_0009|Queen_Elizabeth_II_0012,1,0.704829,0.704294,0.681964
Queen_Elizabeth_II_0010|Queen_Elizabeth_II_0011,1,0.624379,0.609185,0.585700
Queen_Elizabeth_II_0010|Queen_Elizabeth_II_0012,1,0.534954,0.553750,0.502816
Ray_Nagin_0001|Ray_Nagin_0002,1,0.674269,0.649332,0.644214
Ricardo_Maduro_0001|Ricardo_Maduro_0002,1,0.603417,0.578637,0.578291
Richard_Branson_0001|Richard_Branson_0002,1,0.550736,0.512839,0.518120
Richard_Virenque_0001|Richard_Virenque_0004,1,0.390283,0.383167,0.384723
Richard_Virenque_0001|Richard_Virenque_0006,1,0.538548,0.520368,0.526293
Richard_Virenque_0001|Richard_Virenque_0007,1,0.441956,0.464936,0.423374
Richard_Virenque_0002|Richard_Virenque_0007,1,0.488275,0.484811,0.485049
Richard_Virenque_0002|Richard_Virenque_0008,1,0.441454,0.430955,0.466239
Rick_Carlisle_0002|Rick_Carlisle_0004,1,0.657849,0.682607,0.649496
Rick_Wagoner_0001|Rick_Wagoner_0002,1,0.569279,0.554497,0.558194
Robbie_Williams_0001|Robbie_Williams_0002,1,0.502248,0.490404,0.472788
Robbie_Williams_0001|Robbie_Williams_0003,1,0.360227,0.333631,0.334480
Roberto_Carlos_0002|Roberto_Carlos_0003,1,0.710650,0.673955,0.695293
Roberto_Carlos_0002|Roberto_Carlos_0004,1,0.580399,0.527101,0.562495
Ruben_Studdard_0001|Ruben_Studdard_0002,1,0.667121,0.658666,0.667445
Sammy_Sosa_0001|Sammy_Sosa_0002,1,0.435993,0.417396,0.398462
Sarah_Jessica_Parker_0001|Sarah_Jessica_Parker_0003,1,0.367080,0.362470,0.326765
Sarah_Jessica_Parker_0002|Sarah_Jessica_Parker_0004,1,0.406421,0.398584,0.415794
Sarah_Jessica_Parker_0003|Sarah_Jessica_Parker_0004,1,0.480882,0.510383,0.494056
Sharon_Davis_0001|Sharon_Davis_0002,1,0.584165,0.557927,0.545300
Shaul_Mofaz_0001|Shaul_Mofaz_0002,1,0.634128,0.642437,0.593670
Shaul_Mofaz_0002|Shaul_Mofaz_0003,1,0.719301,0.720611,0.693318
Stan_Heath_0001|Stan_Heath_0002,1,0.607454,0.561239,0.583096
Svetlana_Koroleva_0001|Svetlana_Koroleva_0002,1,0.860978,0.824817,0.805886
Terrell_Suggs_0001|Terrell_Suggs_0002,1,0.682433,0.678356,0.679565
Tim_Henman_0002|Tim_Henman_0012,1,0.577816,0.539469,0.548024
Tim_Henman_0008|Tim_Henman_0019,1,0.551200,0.507147,0.554427
Tom_Daschle_0007|Tom_Daschle_0008,1,0.808113,0.795746,0.804969
Tom_Daschle_0015|Tom_Daschle_0021,1,0.418419,0.415860,0.400386
Tom_Daschle_0015|Tom_Daschle_0022,1,0.678879,0.660744,0.660109
Tony_Curtis_0001|Tony_Curtis_0002,1,0.605640,0.607600,0.610632
Valentino_Rossi_0001|Valentino_Rossi_0002,1,0.684226,0.671923,0.670547
Valentino_Rossi_0002|Valentino_Rossi_0004,1,0.598164,0.607884,0.600103
Valentino_Rossi_0003|Valentino_Rossi_0006,1,0.486236,0.455326,0.445302
Valentino_Rossi_0004|Valentino_Rossi_0005,1,0.536105,0.529815,0.539944
Valentino_Rossi_0005|Valentino_Rossi_0006,1,0.586136,0.582106,0.573167
Vanessa_Redgrave_0001|Vanessa_Redgrave_0003,1,0.501499,0.478963,0.484208
Vanessa_Redgrave_0001|Vanessa_Redgrave_0004,1,0.526262,0.493901,0.529065
Vanessa_Redgrave_0002|Vanessa_Redgrave_0005,1,0.572399,0.554225,0.557948
Vanessa_Redgrave_0003|Vanessa_Redgrave_0004,1,0.738430,0.723118,0.731880
Victoria_Clarke_0001|Victoria_Clarke_0005,1,0.618946,0.592631,0.583984
Vladimiro_Montesinos_0001|Vladimiro_Montesinos_0002,1,0.509055,0.421467,0.425708
Vladimiro_Montesinos_0001|Vladimiro_Montesinos_0003,1,0.476682,0.425859,0.437155
Vladimiro_Montesinos_0002|Vladimiro_Montesinos_0003,1,0.555398,0.544265,0.538603
Wayne_Ferreira_0001|Wayne_Ferreira_0002,1,0.691073,0.667084,0.675003
Wayne_Ferreira_0001|Wayne_Ferreira_0003,1,0.705218,0.708803,0.701008
Wayne_Ferreira_0001|Wayne_Ferreira_0005,1,0.700406,0.681162,0.669527
Wayne_Ferreira_0002|Wayne_Ferreira_0005,1,0.706456,0.655159,0.669376
Wayne_Ferreira_0003|Wayne_Ferreira_0004,1,0.677515,0.653097,0.676186
Will_Smith_0001|Will_Smith_0002,1,0.519593,0.524668,0.510677
Yasser_Arafat_0001|Yasser_Arafat_0006,1,0.669657,0.663368,0.641674
Yasser_Arafat_0001|Yasser_Arafat_0008,1,0.780101,0.772072,0.732809
Yasser_Arafat_0002|Yasser_Arafat_0003,1,0.864367,0.862447,0.861368
Yasser_Arafat_0002|Yasser_Arafat_0005,1,0.706466,0.686460,0.695157
Yasser_Arafat_0003|Yasser_Arafat_0004,1,0.561405,0.540273,0.601622
Yasser_Arafat_0003|Yasser_Arafat_0008,1,0.821567,0.799930,0.785775
Yasser_Arafat_0004|Yasser_Arafat_0005,1,0.634145,0.649285,0.624834
Yasser_Arafat_0005|Yasser_Arafat_0008,1,0.644624,0.643974,0.617302
Yuri_Fedotov_0001|Yuri_Fedotov_0002,1,0.638317,0.624472,0.647324
Zoran_Djindjic_0001|Zoran_Djindjic_0003,1,0.678028,0.650195,0.650940
Zoran_Djindjic_0001|Zoran_Djindjic_0004,1,0.641710,0.652462,0.635594
Aaron_Patterson_0001|Frank_Bell_0001,0,-0.056705,0.011948,-0.049913
Abdoulaye_Wade_0004|Bruce_Weber_0002,0,0.073056,0.070049,0.067950
Abner_Martinez_0001|Carlos_Alberto_0001,0,0.028941,0.059467,0.059175
Adam_Sandler_0002|Matthew_Ouimet_0001,0,0.052394,0.021611,0.036162
Adam_Sandler_0003|Saeed_Anwar_0001,0,0.114666,0.132269,0.080485
Adolfo_Aguilar_Zinser_0003|Jaime_Pressly_0001,0,0.101589,0.094057,0.096570
Agnelo_Queiroz_0001|Aung_San_Suu_Kyi_0002,0,-0.010826,-0.049089,-0.006400
Agnelo_Queiroz_0001|Dave_Barr_0001,0,-0.071630,-0.056523,-0.039635
Aicha_El_Ouafi_0003|Michael_Lechner_0001,0,-0.035341,-0.007141,-0.022130
Akbar_Hashemi_Rafsanjani_0001|Larry_Harris_0001,0,-0.007626,0.009162,0.006390
Al_Pacino_0002|Charles_Cope_0001,0,0.047632,0.068512,0.032816
Alex_Barros_0001|Brandon_Jones_0001,0,-0.097150,-0.076553,-0.086986
Alex_Barros_0002|Will_Smith_0002,0,0.001116,0.039903,-0.011003
Alex_Ferguson_0001|Rainer_Gut_0001,0,-0.019317,0.024899,-0.015541
Alex_Wallau_0001|Shireen_Amir_Begum_0001,0,-0.003487,0.000188,0.015131
Alexandra_Jackson_0001|Larry_Harris_0001,0,-0.096830,-0.081619,-0.114797
Alfonso_Portillo_0001|Benito_Santiago_0001,0,-0.013650,-0.035187,-0.016576
Alfonso_Portillo_0001|Faye_Alibocus_0001,0,0.089800,0.095990,0.081210
Alfonso_Portillo_0001|Fidel_Castro_0017,0,0.063180,0.076140,0.078594
Ali_Abdullah_Saleh_0001|Khalid_Qazi_0001,0,0.048519,0.059895,0.065162
Allan_Houston_0001|Andy_Garcia_0001,0,0.075330,0.044847,0.048523
Allan_Houston_0001|Heidi_Klum_0001,0,-0.079846,-0.077989,-0.057007
Allan_Houston_0001|Thomas_Mesereau_Jr_0001,0,0.030763,0.012876,0.042987
Ally_Sheedy_0001|Hugh_Carey_0001,0,0.098800,0.094239,0.110527
Ally_Sheedy_0001|Myung_Yang_0001,0,-0.000059,-0.008088,-0.035357
Amanda_Marsh_0001|Tony_Curtis_0002,0,-0.003404,0.015062,-0.018842
Anastasia_Myskina_0001|Raul_Gonzalez_0001,0,-0.072908,-0.066219,-0.053217
Anastasia_Myskina_0003|Len_Jenoff_0002,0,-0.087869,-0.043305,-0.061394
Andrzej_Tyszkiewicz_0001|Wes_Craven_0001,0,0.079738,0.078245,0.063340
Andy_Griggs_0001|Lech_Walesa_0002,0,-0.047791,-0.037625,-0.030657
Andy_Rooney_0001|Jessica_Simpson_0001,0,-0.068122,-0.072163,-0.067341
Anna_Nicole_Smith_0002|Marcus_Garrettson_0001,0,-0.013034,0.010581,-0.011962
Antonio_Palocci_0003|Liza_Minnelli_0001,0,-0.006892,0.009233,0.002940
Antonio_Palocci_0005|JC_Chasez_0001,0,0.111573,0.123261,0.106642
Antonio_Palocci_0005|Jose_Woldenberg_0001,0,-0.027429,-0.025440,-0.009446
Antonio_Palocci_0006|John_Geoghan_0001,0,0.004706,0.035143,0.019104
Antonio_Palocci_0008|Hans_Corell_0001,0,-0.083020,-0.039619,-0.063037
Arif_Mardin_0001|Eduardo_Fischer_0001,0,0.042528,0.048118,0.029197
Arnaud_Lagardere_0001|Melanie_Griffith_0003,0,-0.035161,-0.044487,-0.062413
Ashton_Kutcher_0002|Daniel_Barenboim_0001,0,-0.042274,-0.007175,-0.062992
Asif_Hanif_0001|Robbie_Williams_0001,0,-0.127600,-0.135869,-0.104411
Asmaa_Assad_0001|Barry_Hinson_0001,0,-0.031974,-0.015841,-0.044360
Aung_San_Suu_Kyi_0001|Charla_Moye_0001,0,0.011855,0.008296,0.028293
Azmi_Bishara_0001|Sammy_Sosa_0002,0,0.054016,0.058008,0.044270
Barry_Hinson_0001|Nino_DAngelo_0001,0,-0.083155,-0.035207,-0.093664
Barry_Zito_0002|Chris_Gratton_0001,0,-0.195677,-0.212055,-0.208575
Bill_Graham_0008|Michelle_Hofland_0001,0,-0.014199,0.034632,-0.001752
Bill_Graham_0009|Jacqueline_Marris_0001,0,-0.054170,-0.032304,-0.036796
Bill_Readdy_0001|Brendan_Gaughan_0001,0,-0.028170,-0.035394,-0.022284
Bill_Readdy_0001|Jaymon_Crabb_0001,0,-0.048882,-0.037877,-0.012846
Bill_Readdy_0001|Yasser_Arafat_0003,0,-0.055146,-0.007358,-0.063042
Billy_Rork_0001|Eva_Mendes_0001,0,0.016708,-0.030258,0.016953
Billy_Rork_0001|German_Khan_0001,0,0.016246,0.015709,0.010476
Billy_Rork_0001|Peter_Struck_0002,0,0.033608,0.056314,0.037687
Bison_Dele_0001|Brian_McIntyre_0001,0,-0.024353,0.007075,-0.034829
Bob_Dole_0002|Dai_Chul_Chyung_0001,0,-0.033483,0.007568,-0.021806
Bob_Dole_0002|John_Henry_0001,0,-0.025583,-0.029956,-0.036548
Bob_Dole_0003|Chris_Gratton_0001,0,-0.025072,0.052959,0.033522
Bob_Dole_0003|Hugh_Carey_0001,0,-0.011024,0.051519,0.015939
Bob_Geldof_0001|Zoran_Djindjic_0002,0,-0.049531,0.007668,-0.007960
Bob_Geldof_0002|Ed_Wade_0001,0,0.006578,0.043183,0.029555
Bob_Holden_0001|Fernando_Leon_de_Aranoa_0001,0,0.158914,0.179379,0.163127
Bob_Iger_0001|Edie_Falco_0001,0,-0.056073,-0.065655,-0.055592
Bob_Iger_0001|Jean-Claude_Van_Damme_0001,0,0.048481,0.056355,0.063456
Brian_Clemens_0001|Brian_Meadors_0001,0,0.009849,-0.040384,-0.023089
Brian_Clemens_0001|Melanie_Griffith_0002,0,-0.037152,-0.013803,-0.024876
Brian_Heidik_0002|Djabir_Said-Guerni_0001,0,0.077295,0.041513,0.041210
Brian_McIntyre_0001|Hans_Corell_0001,0,0.047397,-0.004409,0.007628
Brian_McIntyre_0001|Mohammed_Abulhasan_0001,0,-0.047999,-0.034287,-0.055577
Brian_Pavlich_0001|Ruben_Wolkowyski_0001,0,0.005028,-0.021098,0.001564
Brook_Robinson_0001|Tom_McClintock_0001,0,0.027512,0.027197,0.041548
Brooke_Adams_0001|Paula_Prentiss_0001,0,0.008626,0.002762,0.003649
Brooke_Gordon_0001|Joschka_Fischer_0012,0,0.035705,0.012660,0.018234
Bruce_Weber_0001|Hal_Sellers_0001,0,0.056671,0.142819,0.054268
Bryan_Thomas_0001|Joey_Mantia_0001,0,-0.001403,0.017641,-0.011739
Bustam_A_Zedan_Aljanabi_0001|Kajsa_Bergqvist_0001,0,0.050728,0.026360,0.044089
Calvin_Joseph_Coleman_0001|Hassan_Nasrallah_0001,0,-0.172576,-0.133828,-0.177936
Carla_Sullivan_0001|Edie_Falco_0001,0,-0.044650,0.008498,-0.046500
Carlos_Barragan_0001|Chen_Shui-bian_0003,0,0.097071,0.096878,0.069269
Carlos_Salinas_0001|Norman_Mailer_0001,0,-0.089090,-0.084256,-0.113284
Carlos_Salinas_0001|Sonya_Walger_0001,0,0.004465,0.002766,-0.046217
Carolyn_Dawn_Johnson_0003|Lydia_Shum_0001,0,0.023093,0.036181,0.027130
Carolyn_Kuhl_0001|Pierre_Boulanger_0001,0,0.010530,0.053285,0.049942
Celine_Dion_0002|John_Stallworth_0002,0,0.095920,0.071809,0.050731
Celine_Dion_0005|Linda_Baboolal_0001,0,0.055553,0.066345,0.027074
Celine_Dion_0005|Tom_Poston_0001,0,-0.034840,-0.037561,-0.033018
Chakib_Khelil_0002|Chuck_Woolery_0001,0,0.015671,0.054567,0.013219
Charla_Moye_0001|Patti_Balgojevich_0001,0,-0.163875,-0.160311,-0.168659
Charles_Cope_0001|Garry_Alejano_0001,0,0.111897,0.156653,0.111663
Charles_Holzner_0001|Eurico_Guterres_0001,0,0.034190,0.043054,0.032762
Charles_Holzner_0001|Greg_Kinnear_0001,0,-0.142172,-0.102501,-0.139053
Chen_Shui-bian_0003|Gaston_Gaudio_0001,0,0.037517,0.041822,0.044286
Chris_Gratton_0001|Mario_Vasquez_Rana_0001,0,0.032462,0.067206,0.052941
Chris_Kolanas_0001|Joshua_Gracin_0001,0,-0.045479,-0.067860,-0.042301
Claudia_Pechstein_0002|Mireille_Jospin-Dandieu_0001,0,-0.126869,-0.052982,-0.140005
Clay_Aiken_0001|Svetlana_Koroleva_0001,0,-0.156097,-0.104245,-0.126078
Colin_Powell_0095|Frank_Hsieh_0001,0,0.028198,0.054390,0.020248
Craig_David_0001|Tom_McClintock_0001,0,-0.002003,0.026479,0.000209
Craig_Wilson_0001|Kajsa_Bergqvist_0001,0,-0.048474,0.041896,0.031571
Cristina_Fernandez_0002|Stephen_Cooper_0001,0,-0.037543,-0.008977,-0.053269
Curtis_Joseph_0001|Terrell_Suggs_0002,0,0.035051,0.012983,0.035597
Cynthia_Rowley_0001|Michael_Friedman_0001,0,0.000666,-0.021603,-0.026535
Damon_van_Dam_0002|Jason_Sorens_0001,0,-0.030810,0.011097,-0.008567
Daniel_Barenboim_0001|Tyler_Grillo_0001,0,-0.017668,-0.022719,-0.020146
Daniel_Bruehl_0001|Gus_Frerotte_0001,0,-0.025124,0.000411,-0.011031
Daniel_Bruehl_0001|Max_Mosley_0001,0,0.144845,0.128613,0.114356
Daniel_Bruehl_0001|Ramon_Cardenas_0001,0,0.077808,0.097841,0.098024
Daniele_Bergamin_0001|Kenneth_Evans_0001,0,-0.027902,-0.006149,-0.016735
Danielle_Spencer_0001|Rachel_Wheatley_0001,0,-0.090039,-0.094001,-0.119445
Darcy_Regier_0001|William_Hurt_0001,0,-0.021910,0.003314,-0.027651
Dave_Matthews_0001|Linda_Dano_0001,0,-0.035277,-0.047237,-0.044148
Dave_Matthews_0001|Paul_Burrell_0007,0,0.004264,-0.027166,-0.016620
Dave_McNealey_0001|Gerald_Riley_0001,0,-0.031328,-0.001204,-0.017441
David_Bisbal_0001|Terri_Clark_0001,0,0.002948,0.057962,0.001208
David_Chase_0001|Ekaterina_Dmitriev_0001,0,0.055023,0.103671,0.095486
David_McKiernan_0001|Fernando_Leon_de_Aranoa_0001,0,0.002389,0.001316,-0.041971
David_McKiernan_0001|Jane_Leeves_0001,0,-0.004299,0.020786,0.013094
Dennis_Erickson_0002|Hisham_Halawi_0001,0,0.187285,0.251601,0.211047
Dennis_Erickson_0002|Noer_Muis_0001,0,-0.110799,-0.045977,-0.093356
Derek_Lowe_0002|Hisham_Halawi_0001,0,-0.070509,-0.054866,-0.057773
Derek_Lowe_0002|Madonna_0001,0,-0.020909,-0.008664,-0.007544
Derek_Lowe_0002|Mohamed_Benaissa_0001,0,-0.064778,-0.085933,-0.088036
Diego_Colorado_0001|Jason_Sorens_0001,0,-0.089557,-0.053173,-0.089805
Diego_Colorado_0001|John_Gordnick_0001,0,0.015903,0.034793,0.000582
Diego_Diego_Lerman_0001|Francisco_Flores_0002,0,-0.006934,0.001352,0.001581
Diego_Diego_Lerman_0001|Lesley_Coppin_0001,0,0.032018,-0.002289,0.010269
Djabir_Said-Guerni_0001|Paul_Tracy_0001,0,-0.087849,-0.101648,-0.104279
Djabir_Said-Guerni_0001|Pedro_Solbes_0003,0,0.087748,0.072731,0.062112
Dominik_Hrbaty_0001|Toshi_Izawa_0001,0,0.006894,0.026053,0.029248
Donald_Keck_0001|Kyoko_Nakayama_0001,0,0.016633,0.036491,0.018748
Donald_Keck_0001|Tom_Poston_0001,0,0.011499,0.033801,0.033696
Donna_Walker_0001|Jacqueline_Marris_0001,0,-0.024947,-0.010276,-0.006388
Dragan_Covic_0001|Todd_Reid_0001,0,0.005391,0.019106,-0.009302
Dudley_Rogers_0001|Syed_Ibrahim_0001,0,-0.076157,-0.026826,-0.055760
Dunn_Lampton_0001|Jessica_Simpson_0001,0,-0.063387,-0.003089,-0.058640
Dustin_Hoffman_0001|Nicole_Parker_0001,0,-0.013422,-0.072939,-0.058198
Ed_Wade_0001|Roger_Staubach_0001,0,-0.005609,0.007196,-0.015213
Ed_Wade_0001|Terri_Clark_0001,0,-0.004969,0.024196,0.026484
Eddie_Lucio_0001|Patti_Balgojevich_0001,0,-0.035722,-0.007521,0.000606
Eddie_Sutton_0001|James_Wattana_0001,0,-0.065674,-0.012525,-0.035295
Eddie_Sutton_0001|Jeanne_Anne_Schroeder_0001,0,0.025437,0.030605,0.021841
Eddie_Sutton_0002|Ronald_Ito_0001,0,-0.023517,-0.029909,-0.020841
Eduardo_Fischer_0001|Kimberly_Bruckner_0001,0,-0.043996,0.001068,-0.025797
Edward_Lohn_0001|Lily_Safra_0001,0,0.033136,0.061155,0.045675
Edward_Lohn_0001|Nino_DAngelo_0001,0,-0.024399,0.005535,-0.012532
Ekaterina_Dmitriev_0001|Mitch_Kupchak_0001,0,-0.030369,-0.041771,-0.016920
Eladio_Larez_0001|Frank_Pallone_0001,0,0.075462,0.102118,0.092357
Eli_Broad_0001|Ravan_AG_Farhadi_0001,0,0.048604,0.127350,0.065584
Elijah_Wood_0002|Stefano_Gabbana_0001,0,0.119717,0.136999,0.146538
Elijah_Wood_0003|Marcus_Garrettson_0001,0,-0.113315,-0.057915,-0.101460
Elijan_Ingram_0001|Michelle_Hofland_0001,0,0.053735,0.035445,0.067951
Elijan_Ingram_0001|Nastia_Liukin_0001,0,-0.051320,-0.018826,-0.028137
Elvis_Costello_0001|Jaime_Pressly_0001,0,-0.059633,-0.058373,-0.078265
Emelie_Loit_0001|Thomas_Mesereau_Jr_0001,0,-0.014506,-0.059304,-0.059340
Eric_Staal_0001|Jerry_Lewis_0001,0,-0.044679,-0.003585,-0.034693
Erin_Hershey_Presley_0001|Frank_Dunham_Jr_0001,0,-0.031082,-0.008968,-0.044188
Erin_Hershey_Presley_0001|Yukio_Hatoyama_0001,0,-0.074074,-0.036547,-0.079106
Eva_Mendes_0001|Larry_Harris_0001,0,0.050863,0.125348,0.083914
Faye_Alibocus_0001|Frank_Bell_0001,0,0.002900,0.003541,-0.022817
Faye_Alibocus_0001|Tommy_Tubberville_0001,0,0.049176,0.071345,0.053666
Felix_Mantilla_0001|Jerry_Lewis_0001,0,0.112032,0.093915,0.090964
Fernando_Leon_de_Aranoa_0001|John_Scarlett_0001,0,0.038446,0.057085,0.002621
Fernando_Leon_de_Aranoa_0001|Mike_Leach_0001,0,-0.040003,-0.046077,-0.062453
Fidel_Castro_0007|Hu_Maoyuan_0001,0,-0.000871,0.019266,-0.002156
Francisco_Flores_0004|Hisham_Halawi_0001,0,-0.095503,-0.036949,-0.057057
Frank_Bell_0001|Khatol_Mohammad_Zai_0001,0,-0.059148,-0.058132,-0.077681
Frank_Dunham_Jr_0001|Tom_McClintock_0001,0,-0.063124,-0.087474,-0.090537
Frank_Hsieh_0001|Paula_Prentiss_0001,0,-0.031216,-0.014905,-0.039878
Frank_Pallone_0001|Jim_Wall_0001,0,0.018723,0.046833,0.002769
Frank_Pallone_0001|Mary_Tyler_Moore_0002,0,-0.022180,0.023331,0.015329
Frank_Schmoekel_0001|Ronald_Ito_0001,0,-0.010297,0.003305,-0.019374
Franko_Simatovic_0002|Tyler_Grillo_0001,0,0.156776,0.138552,0.155499
Franz_Gsell_0001|John_Scarlett_0001,0,0.105500,0.096356,0.096530
Franz_Gsell_0001|Sarah_Jessica_Parker_0002,0,-0.119554,-0.140335,-0.103922
Fred_Eckhard_0001|Rachel_Wheatley_0001,0,-0.075969,-0.082344,-0.082137
Garry_Alejano_0001|Iban_Mayo_0001,0,0.008124,0.059701,0.008002
Garry_Alejano_0001|Michael_Olowokandi_0001,0,-0.109209,-0.115863,-0.110186
Garry_Alejano_0001|Peter_Struck_0005,0,-0.027478,0.022902,0.001609
Gary_Marshall_0001|Rashid_Qureshi_0001,0,-0.026349,-0.012855,-0.020544
Gerald_Fitch_0001|Robin_Williams_0001,0,-0.053171,0.002572,-0.073653
Gerald_Riley_0001|Michael_Hagee_0001,0,-0.062018,-0.028039,-0.046958
Grady_Little_0001|Robert_Morvillo_0001,0,0.045599,0.070257,0.010221
Hal_Sellers_0001|Janet_Thorpe_0001,0,0.026034,0.042181,0.034146
Hans_Corell_0001|John_Gordnick_0001,0,-0.050817,-0.044506,-0.017532
Heidi_Klum_0002|Paul_Reiser_0001,0,-0.070286,-0.034011,-0.052361
Heidi_Klum_0003|Pedro_Solbes_0001,0,0.001789,0.032941,0.014887
Hermando_Harton_0001|Paris_Hilton_0002,0,0.065915,0.098717,0.056746
Holly_Robinson_Peete_0001|Michael_Hagee_0001,0,-0.079407,-0.032816,-0.044930
Howard_Ross_0001|Kajsa_Bergqvist_0001,0,-0.007950,0.036287,0.015744
Howard_Ross_0001|Patsy_Hardy_0001,0,0.114599,0.144397,0.116435
Hugh_Carey_0001|Lawrence_Roberts_0001,0,-0.004808,-0.030386,-0.035902
Hugh_Carey_0001|Tracee_Treadwell_0001,0,-0.005591,0.005636,-0.012108
Iban_Mayo_0002|Juan_Valencia_Osorio_0001,0,-0.083197,-0.071432,-0.096687
Iban_Mayo_0002|Rosalie_Perkov_0001,0,0.109772,0.138182,0.122688
Ibrahim_Al-Marashi_0001|John_Travolta_0003,0,0.037795,0.066717,0.045408
Ibrahim_Al-Marashi_0001|Joshua_Gracin_0001,0,0.077263,0.087351,0.070286
Imad_Moustapha_0002|Kyoko_Nakayama_0001,0,0.044046,0.065651,0.026991
Ira_Einhorn_0001|John_Ruiz_0002,0,-0.003983,0.005699,-0.007039
Jacqueline_Marris_0001|Matthew_Ouimet_0001,0,0.056544,0.050534,0.038657
Jaime_Pressly_0001|Tiago_Splitter_0001,0,0.010414,0.020055,-0.017264
James_Brown_0001|Mary_Blige_0001,0,-0.019625,-0.032481,-0.030097
James_Brown_0001|Paul_Reiser_0001,0,-0.010796,-0.016617,-0.007603
James_Mathis_0001|Yuri_Fedotov_0001,0,-0.040871,-0.037074,-0.054907
James_Wattana_0001|Paul_Reiser_0001,0,0.074944,0.025990,0.053881
James_Wattana_0001|Ron_Kirk_0001,0,0.115746,0.178518,0.122102
James_Young_0001|Jeffrey_Scott_Postell_0002,0,0.026121,0.052597,0.024960
James_Young_0001|Ronald_Harwood_0001,0,-0.062068,-0.017365,-0.071812
Jane_Leeves_0001|Tom_McClintock_0001,0,0.007109,0.033164,-0.004987
Janet_Crawford_0001|Thomas_Scavone_0001,0,-0.013355,-0.043157,-0.031374
Jason_Sorens_0001|Lidija_Djukanovic_0001,0,-0.049528,-0.085556,-0.072814
Jason_Vale_0001|Marcus_Garrettson_0001,0,-0.004052,0.017164,-0.000877
Jason_Vale_0001|Zoran_Djindjic_0003,0,0.028943,0.029353,0.030779
Jaymon_Crabb_0001|Ted_Christopher_0001,0,0.134515,0.134725,0.158757
Jeff_Weaver_0001|Kyoko_Nakayama_0001,0,-0.030127,0.001704,-0.014336
Jeff_Weaver_0001|Rosalie_Perkov_0001,0,0.080911,0.097514,0.105555
Jeffrey_Scott_Postell_0001|Tara_Dawn_Christensen_0001,0,-0.114706,-0.058935,-0.097486
Jeffrey_Scott_Postell_0002|Lesley_Coppin_0001,0,0.012766,0.047347,0.022486
Jennifer_Capriati_0026|Ruben_Wolkowyski_0001,0,0.030080,-0.002383,0.008573
Jim_Bunning_0001|Terence_Newman_0001,0,0.108982,0.150291,0.105291
Jim_Jeffords_0001|Peter_Rasch_0001,0,0.067159,0.075469,0.047440
Jim_Jeffords_0001|Tom_Sizemore_0001,0,0.061937,0.088107,0.049627
Job_Cohen_0001|John_Stockton_0002,0,0.102304,0.096130,0.096690
John_Franco_0001|Paul_Wolfowitz_0004,0,0.045932,0.060410,0.069879
John_Gordnick_0001|Linda_Dano_0001,0,0.015857,-0.015985,-0.001351
John_Gordnick_0001|Paul_Vathis_0001,0,-0.075471,-0.030723,-0.069330
John_Gordnick_0001|Yasser_Arafat_0003,0,-0.071026,0.001514,-0.051004
John_Stockton_0004|Patsy_Hardy_0001,0,0.111962,0.109782,0.070608
John_Travolta_0002|Lech_Walesa_0001,0,-0.102295,-0.055340,-0.078549
Juan_Valencia_Osorio_0001|Tom_Daschle_0006,0,0.044077,0.050351,0.044382
Juergen_Schrempp_0001|Mitt_Romney_0001,0,0.110905,0.062714,0.087633
Julien_Boutter_0001|Saeed_Anwar_0001,0,-0.041422,-0.012893,-0.020253
Kaisser_Bazan_0001|Lawrence_Vito_0001,0,-0.018111,0.014973,-0.030905
Kaisser_Bazan_0001|Pierre_Lacroix_0001,0,0.004736,0.042020,-0.007037
Kajsa_Bergqvist_0001|Tayshaun_Prince_0001,0,-0.140360,-0.084277,-0.091501
Keith_Snyder_0001|Terri_Clark_0001,0,-0.045114,-0.048620,-0.055134
Kemal_Dervis_0003|Roger_Staubach_0001,0,-0.070991,-0.013669,-0.062519
Kifah_Ajouri_0001|Laurie_Pirtle_0001,0,0.030375,0.030234,0.005517
Kifah_Ajouri_0001|Raul_Gonzalez_0001,0,-0.082072,-0.050476,-0.076814
Kimberly_Bruckner_0001|Pete_Carroll_0001,0,-0.004035,0.001531,0.005884
Kirk_Douglas_0001|Nida_Blanca_0001,0,0.022592,0.049964,0.060874
Larry_Harris_0001|Michael_Lechner_0001,0,-0.026687,0.014217,-0.023988
Larry_Lucchino_0001|Rudy_Tomjanovich_0001,0,0.060385,0.086842,0.060100
Latrell_Sprewell_0001|Rosalie_Perkov_0001,0,0.007837,0.049156,0.006785
Laura_Schlessinger_0001|Tony_Curtis_0001,0,0.031456,0.063839,0.058848
Laurie_Pirtle_0001|Roberta_Combs_0001,0,0.023410,0.051094,0.052247
Lawrence_Roberts_0001|Lynne_Thigpen_0001,0,-0.031343,-0.026408,-0.042038
Lawrence_Roberts_0001|Nick_Cassavetes_0001,0,0.068286,0.073893,0.078424
Lech_Walesa_0002|Rick_Wagoner_0002,0,0.054997,0.043650,0.029707
Len_Jenoff_0002|Tom_Daschle_0007,0,-0.122275,-0.141982,-0.145405
Lew_Rywin_0001|Terri_Clark_0001,0,0.021785,0.045166,0.035790
Linda_Dano_0001|Terence_Newman_0001,0,-0.044061,-0.030583,-0.052328
Lydia_Shum_0001|Mario_Vasquez_Rana_0001,0,-0.001618,0.015268,-0.005862
Lynne_Thigpen_0001|Mary_Blige_0001,0,0.001545,0.051033,0.007628
Malcolm_Glazer_0001|Noer_Muis_0001,0,-0.079529,-0.045076,-0.079561
Malcolm_Glazer_0001|Tabare_Vazquez_0001,0,-0.004813,0.057328,0.016103
Marc_Bulger_0001|Paul_Wolfowitz_0007,0,-0.052195,-0.041866,-0.070234
Marcus_Garrettson_0001|Pham_Sy_Chien_0001,0,0.139763,0.113082,0.118198
Marcus_Garrettson_0001|Roberto_Carlos_0003,0,0.182855,0.174143,0.193350
Maribel_Dominguez_0001|Michael_Winterbottom_0003,0,0.130300,0.131488,0.094973
Marion_Barry_0001|Steve_Peace_0001,0,0.006748,0.036699,0.003767
Mark_Hogan_0001|Queen_Elizabeth_II_0011,0,-0.112671,-0.074692,-0.109189
Mark_Hogan_0001|Roger_Toussaint_0001,0,0.032861,0.017985,0.048038
Mary_Blige_0001|Raul_Gonzalez_0001,0,0.056968,0.005914,0.015939
Massoud_Barzani_0001|Pierre_Lacroix_0001,0,0.033161,0.019054,0.035953
Max_Mosley_0001|Raul_Gonzalez_0001,0,-0.081094,-0.099926,-0.089694
Melvin_Talbert_0001|Rudy_Tomjanovich_0001,0,-0.031226,-0.021530,-0.018590
Michael_Hagee_0001|Sonya_Walger_0001,0,-0.017582,-0.004750,-0.030907
Michael_Killeen_0001|Sammy_Sosa_0002,0,0.048494,0.070212,0.055986
Michael_Olowokandi_0001|Pete_Carroll_0002,0,0.189113,0.180093,0.195232
Michael_Winterbottom_0001|Pierre_Boulanger_0001,0,0.059445,0.073810,0.073615
Mike_Price_0002|Tom_Miller_0001,0,-0.000362,-0.010566,-0.016728
Milo_Maestrecampo_0001|Yuri_Fedotov_0001,0,-0.022119,-0.014343,-0.026676
Milo_Maestrecampo_0002|Steve_Peace_0001,0,-0.045143,-0.066145,-0.044568
Milo_Maestrecampo_0003|Stacey_Dales-Schuman_0001,0,0.012149,0.061284,0.031830
Mitt_Romney_0001|Nida_Blanca_0001,0,0.021101,0.076946,0.033812
Mohamed_ElBaradei_0008|Rachel_Wheatley_0001,0,-0.087649,-0.107506,-0.097332
Mohammad_Aktar_0001|Rafeeuddin_Ahmed_0001,0,0.044534,0.051310,0.041013
Mohammad_Aktar_0001|Tom_McClintock_0001,0,0.000252,0.001310,0.013237
Mohammed_Abulhasan_0001|Stephane_Rousseau_0001,0,-0.044597,-0.044356,-0.060895
Mohammed_Abulhasan_0001|Vladimiro_Montesinos_0001,0,0.056742,0.041625,0.031436
Nastia_Liukin_0001|Nicole_Parker_0001,0,-0.036563,-0.014594,-0.058329
Nastia_Liukin_0001|Sharon_Davis_0002,0,-0.132412,-0.102660,-0.155815
Nicolas_Latorre_0001|Paula_Prentiss_0001,0,0.022180,0.034534,0.016620
Nicolas_Latorre_0001|Vassilis_Xiros_0001,0,0.017468,0.017163,-0.002908
Nicolas_Latorre_0001|William_Delahunt_0001,0,-0.045191,-0.040025,-0.028886
Pete_Sampras_0010|Stan_Heath_0001,0,0.083771,0.078979,0.073390
Phil_Vassar_0002|Tabare_Vazquez_0001,0,0.019099,0.048496,0.043338
Philip_Zalewski_0001|Stefan_Holm_0001,0,-0.040436,-0.052122,-0.003843
Roberto_Carlos_0001|Yasser_Arafat_0005,0,0.032253,0.046607,0.013825
Roger_Cook_0001|Wilbert_Foy_0001,0,0.049329,0.037550,0.007233
Roger_Staubach_0001|Severino_Antinori_0001,0,0.034278,0.021606,0.009367
Ron_Kirk_0001|Troy_Hudson_0001,0,0.018338,0.003915,-0.009895
Sammy_Sosa_0002|Stan_Heath_0002,0,-0.009465,0.003460,-0.011205
Sandra_Ceccarelli_0001|Stephen_Cooper_0001,0,-0.045634,-0.016746,-0.043673
Sandra_Ceccarelli_0001|Tom_Coughlin_0001,0,-0.074508,-0.067060,-0.088706
Shireen_Amir_Begum_0001|Sushma_Swaraj_0001,0,0.025647,0.023616,0.030204
Sinead_OConnor_0001|Stephane_Rochon_0001,0,-0.054588,0.006417,0.007044
Aitor_Gonzalez_0001|Aitor_Gonzalez_0002,1,0.619729,0.595683,0.602340
Alec_Baldwin_0002|Alec_Baldwin_0004,1,0.582387,0.590716,0.540395
Allison_Janney_0001|Allison_Janney_0002,1,0.625057,0.607694,0.594356
Alvaro_Noboa_0001|Alvaro_Noboa_0003,1,0.699664,0.684005,0.676285
Alvaro_Noboa_0002|Alvaro_Noboa_0003,1,0.602339,0.569501,0.589096
Amanda_Coetzer_0001|Amanda_Coetzer_0002,1,0.675376,0.653684,0.663945
Amer_al-Saadi_0001|Amer_al-Saadi_0003,1,0.668097,0.638517,0.636834
Amer_al-Saadi_0001|Amer_al-Saadi_0004,1,0.701501,0.682734,0.695449
Amer_al-Saadi_0002|Amer_al-Saadi_0004,1,0.660836,0.647909,0.644632
Ana_Guevara_0002|Ana_Guevara_0007,1,0.624118,0.614172,0.577626
Ana_Guevara_0003|Ana_Guevara_0007,1,0.649413,0.652437,0.645194
Anneli_Jaatteenmaki_0001|Anneli_Jaatteenmaki_0002,1,0.519879,0.496237,0.468199
Ari_Fleischer_0006|Ari_Fleischer_0009,1,0.713090,0.711449,0.722606
Ari_Fleischer_0007|Ari_Fleischer_0012,1,0.698104,0.695084,0.697755
Arianna_Huffington_0001|Arianna_Huffington_0002,1,0.446461,0.421636,0.434945
Arianna_Huffington_0001|Arianna_Huffington_0004,1,0.528085,0.472484,0.481131
Arianna_Huffington_0002|Arianna_Huffington_0003,1,0.619801,0.598207,0.593960
Arianna_Huffington_0002|Arianna_Huffington_0004,1,0.444643,0.429550,0.430087
Arnaud_Clement_0001|Arnaud_Clement_0002,1,0.402887,0.391689,0.341607
Arsinee_Khanjian_0001|Arsinee_Khanjian_0002,1,0.552772,0.572605,0.541452
Art_Howe_0001|Art_Howe_0002,1,0.598856,0.593155,0.567028
Art_Howe_0001|Art_Howe_0003,1,0.760101,0.755654,0.730670
Art_Howe_0001|Art_Howe_0004,1,0.503197,0.510041,0.521809
Art_Howe_0002|Art_Howe_0003,1,0.520263,0.505411,0.494710
Art_Howe_0003|Art_Howe_0004,1,0.476391,0.460130,0.482210
Ben_Affleck_0002|Ben_Affleck_0003,1,0.607413,0.567886,0.576665
Ben_Affleck_0002|Ben_Affleck_0004,1,0.482643,0.450281,0.456900
Ben_Affleck_0002|Ben_Affleck_0007,1,0.534605,0.485923,0.511241
Ben_Affleck_0003|Ben_Affleck_0006,1,0.514763,0.509958,0.518322
Ben_Affleck_0005|Ben_Affleck_0006,1,0.615430,0.606556,0.622689
Betsy_Smith_0001|Betsy_Smith_0002,1,0.664291,0.625246,0.628639
Bill_Callahan_0001|Bill_Callahan_0003,1,0.695830,0.681180,0.684788
Blythe_Hartley_0001|Blythe_Hartley_0002,1,0.569387,0.561785,0.540457
Bob_Huggins_0001|Bob_Huggins_0003,1,0.367912,0.359869,0.382694
Bob_Huggins_0003|Bob_Huggins_0004,1,0.409073,0.390833,0.374659
Bobby_Goldwater_0001|Bobby_Goldwater_0002,1,0.757280,0.753947,0.754744
Bono_0001|Bono_0002,1,0.525816,0.500727,0.524322
Bono_0001|Bono_0003,1,0.309851,0.308474,0.276773
Bono_0002|Bono_0003,1,0.366062,0.357638,0.369065
Brad_Garrett_0001|Brad_Garrett_0003,1,0.584728,0.543663,0.576951
Brad_Garrett_0002|Brad_Garrett_0003,1,0.620301,0.536638,0.620970
Brad_Garrett_0002|Brad_Garrett_0004,1,0.588586,0.517440,0.554845
Brian_Mulroney_0001|Brian_Mulroney_0002,1,0.640118,0.592240,0.632474
Bud_Selig_0001|Bud_Selig_0002,1,0.428768,0.437965,0.424319
Bud_Selig_0002|Bud_Selig_0003,1,0.529563,0.517438,0.527537
Bud_Selig_0002|Bud_Selig_0004,1,0.441719,0.429774,0.457085
Carla_Del_Ponte_0001|Carla_Del_Ponte_0002,1,0.615456,0.576411,0.601968
Carla_Del_Ponte_0002|Carla_Del_Ponte_0004,1,0.568211,0.582351,0.553621
Carla_Del_Ponte_0002|Carla_Del_Ponte_0005,1,0.680552,0.653363,0.675629
Carla_Del_Ponte_0003|Carla_Del_Ponte_0005,1,0.611874,0.522160,0.604386
Carlos_Ghosn_0001|Carlos_Ghosn_0002,1,0.762123,0.754462,0.732130
Carlos_Manuel_Pruneda_0001|Carlos_Manuel_Pruneda_0002,1,0.606751,0.578381,0.585394
Carlos_Manuel_Pruneda_0001|Carlos_Manuel_Pruneda_0003,1,0.648415,0.626817,0.621892
Carlos_Menem_0002|Carlos_Menem_0021,1,0.708462,0.695604,0.704050
Carlos_Menem_0005|Carlos_Menem_0018,1,0.598048,0.562830,0.588574
Carlos_Menem_0008|Carlos_Menem_0015,1,0.608304,0.599221,0.588263
Carlos_Menem_0011|Carlos_Menem_0012,1,0.535611,0.553272,0.542269
Carlos_Menem_0014|Carlos_Menem_0021,1,0.752035,0.726359,0.743485
Carlos_Menem_0016|Carlos_Menem_0018,1,0.694653,0.678849,0.677325
Carmen_Electra_0003|Carmen_Electra_0004,1,0.471747,0.443398,0.441716
Carmen_Electra_0004|Carmen_Electra_0006,1,0.569221,0.538841,0.534725
Charlotte_Rampling_0001|Charlotte_Rampling_0002,1,0.516493,0.513500,0.501696
Chick_Hearn_0001|Chick_Hearn_0002,1,0.701020,0.704728,0.690723
Christine_Todd_Whitman_0002|Christine_Todd_Whitman_0003,1,0.440813,0.412300,0.419581
Christine_Todd_Whitman_0005|Christine_Todd_Whitman_0006,1,0.390167,0.370456,0.367952
Christopher_Reeve_0001|Christopher_Reeve_0003,1,0.617191,0.576086,0.613267
Chuck_Amato_0001|Chuck_Amato_0002,1,0.800068,0.786136,0.773379
Cindy_Crawford_0002|Cindy_Crawford_0003,1,0.434674,0.411137,0.388742
Cindy_Margolis_0001|Cindy_Margolis_0002,1,0.529746,0.520674,0.503682
Claire_Danes_0001|Claire_Danes_0003,1,0.461178,0.387359,0.398927
Claire_Danes_0002|Claire_Danes_0003,1,0.775608,0.742238,0.719552
Conan_OBrien_0001|Conan_OBrien_0002,1,0.585999,0.567248,0.546755
Conan_OBrien_0002|Conan_OBrien_0003,1,0.596011,0.534912,0.554607
Conan_OBrien_0002|Conan_OBrien_0004,1,0.648390,0.647239,0.653443
Conchita_Martinez_0001|Conchita_Martinez_0002,1,0.812148,0.805517,0.813777
Conchita_Martinez_0001|Conchita_Martinez_0003,1,0.702771,0.703527,0.698913
Dan_Morales_0001|Dan_Morales_0002,1,0.629140,0.628452,0.642085
Dan_Morales_0001|Dan_Morales_0003,1,0.615995,0.566609,0.567561
David_Hyde_Pierce_0001|David_Hyde_Pierce_0002,1,0.605414,0.572074,0.577863
David_Hyde_Pierce_0001|David_Hyde_Pierce_0003,1,0.604638,0.585838,0.618200
David_Hyde_Pierce_0002|David_Hyde_Pierce_0003,1,0.729022,0.732108,0.708821
David_Hyde_Pierce_0002|David_Hyde_Pierce_0004,1,0.515813,0.504521,0.491001
David_Myers_0001|David_Myers_0002,1,0.557698,0.511387,0.538550
David_Nalbandian_0001|David_Nalbandian_0003,1,0.404673,0.415993,0.416393
David_Nalbandian_0002|David_Nalbandian_0009,1,0.426844,0.401414,0.440551
David_Nalbandian_0003|David_Nalbandian_0004,1,0.620326,0.606475,0.606180
David_Nalbandian_0004|David_Nalbandian_0013,1,0.485256,0.502272,0.466527
David_Nalbandian_0011|David_Nalbandian_0012,1,0.682126,0.668650,0.668479
David_Stern_0001|David_Stern_0002,1,0.557859,0.529845,0.556663
David_Stern_0002|David_Stern_0003,1,0.474363,0.448484,0.471315
Derek_Jeter_0002|Derek_Jeter_0003,1,0.500912,0.478172,0.485406
Derek_Jeter_0002|Derek_Jeter_0004,1,0.498902,0.482175,0.504786
Donatella_Versace_0001|Donatella_Versace_0003,1,0.476884,0.502866,0.468946
Donatella_Versace_0002|Donatella_Versace_0003,1,0.563169,0.575467,0.593101
Donna_Shalala_0001|Donna_Shalala_0002,1,0.785191,0.762745,0.778895
Edmund_Hillary_0001|Edmund_Hillary_0002,1,0.667663,0.657805,0.645100
Edmund_Hillary_0001|Edmund_Hillary_0003,1,0.645248,0.631353,0.626467
Edmund_Hillary_0002|Edmund_Hillary_0003,1,0.644790,0.615146,0.635285
Elisabeth_Schumacher_0001|Elisabeth_Schumacher_0002,1,0.014328,-0.030159,-0.006818
Elizabeth_Smart_0003|Elizabeth_Smart_0005,1,0.538575,0.519207,0.518957
Erin_Runnion_0001|Erin_Runnion_0003,1,0.569481,0.533601,0.561097
Erin_Runnion_0002|Erin_Runnion_0003,1,0.578396,0.571536,0.549628
Erin_Runnion_0002|Erin_Runnion_0004,1,0.549001,0.553377,0.527808
Erin_Runnion_0003|Erin_Runnion_0004,1,0.557761,0.563482,0.568959
Fernando_Henrique_Cardoso_0001|Fernando_Henrique_Cardoso_0002,1,0.431993,0.448757,0.445760
Fernando_Henrique_Cardoso_0001|Fernando_Henrique_Cardoso_0003,1,0.552651,0.585768,0.577168
Fernando_Henrique_Cardoso_0001|Fernando_Henrique_Cardoso_0004,1,0.632163,0.659594,0.649538
Fernando_Henrique_Cardoso_0002|Fernando_Henrique_Cardoso_0007,1,0.448501,0.426698,0.450559
Fernando_Henrique_Cardoso_0005|Fernando_Henrique_Cardoso_0007,1,0.599127,0.577392,0.587770
Fernando_Henrique_Cardoso_0006|Fernando_Henrique_Cardoso_0007,1,0.602041,0.554752,0.568834
Francis_Mer_0001|Francis_Mer_0002,1,0.533258,0.435473,0.485085
Franz_Fischler_0001|Franz_Fischler_0002,1,0.677680,0.642034,0.633522
Gary_Locke_0001|Gary_Locke_0002,1,0.704332,0.686493,0.696432
Gerry_Adams_0001|Gerry_Adams_0003,1,0.634493,0.631966,0.630321
Gerry_Adams_0001|Gerry_Adams_0007,1,0.728291,0.706704,0.721739
Gerry_Adams_0002|Gerry_Adams_0006,1,0.545942,0.533303,0.538899
Gerry_Adams_0003|Gerry_Adams_0005,1,0.669585,0.678975,0.666436
Gerry_Adams_0004|Gerry_Adams_0006,1,0.718579,0.690307,0.708964
Gerry_Adams_0005|Gerry_Adams_0006,1,0.676926,0.669089,0.662065
Gianna_Angelopoulos-Daskalaki_0001|Gianna_Angelopoulos-Daskalaki_0002,1,0.573047,0.599906,0.557829
Gil_de_Ferran_0001|Gil_de_Ferran_0005,1,0.508171,0.491679,0.523261
Gil_de_Ferran_0002|Gil_de_Ferran_0004,1,0.386380,0.372817,0.368067
Gil_de_Ferran_0003|Gil_de_Ferran_0005,1,0.537121,0.525540,0.524814
Goh_Kun_0001|Goh_Kun_0002,1,0.552686,0.551656,0.525661
Grady_Irvin_Jr_0001|Grady_Irvin_Jr_0002,1,0.729066,0.739964,0.717872
Gunter_Pleuger_0003|Gunter_Pleuger_0005,1,0.708745,0.669299,0.678694
Gunter_Pleuger_0003|Gunter_Pleuger_0006,1,0.749452,0.705387,0.720279
Harry_Belafonte_0001|Harry_Belafonte_0002,1,0.664405,0.637192,0.650875
Harry_Schmidt_0001|Harry_Schmidt_0003,1,0.712442,0.630288,0.640943
Harry_Schmidt_0001|Harry_Schmidt_0004,1,0.803859,0.761510,0.766989
Harry_Schmidt_0002|Harry_Schmidt_0003,1,0.813893,0.791248,0.783903
Harry_Schmidt_0003|Harry_Schmidt_0004,1,0.732589,0.700800,0.701637
Helen_Clark_0002|Helen_Clark_0004,1,0.751005,0.717327,0.738262
Hermann_Maier_0001|Hermann_Maier_0002,1,0.515321,0.499742,0.507195
Ian_Thorpe_0001|Ian_Thorpe_0007,1,0.589319,0.577893,0.599563
Ian_Thorpe_0001|Ian_Thorpe_0010,1,0.617425,0.611051,0.592586
Ian_Thorpe_0003|Ian_Thorpe_0009,1,0.434319,0.434219,0.436405
Ian_Thorpe_0005|Ian_Thorpe_0007,1,0.497922,0.507265,0.475119
Ian_Thorpe_0006|Ian_Thorpe_0010,1,0.439000,0.409785,0.395609
Isabelle_Huppert_0001|Isabelle_Huppert_0002,1,0.565041,0.540794,0.523697
James_Butts_0001|James_Butts_0002,1,0.736588,0.717308,0.723230
Jan-Michael_Gambill_0001|Jan-Michael_Gambill_0002,1,0.568094,0.571787,0.586522
Jan-Michael_Gambill_0002|Jan-Michael_Gambill_0003,1,0.490248,0.495117,0.503396
Jean-Francois_Pontal_0001|Jean-Francois_Pontal_0003,1,0.656100,0.647163,0.645074
Jean-Marc_de_La_Sabliere_0001|Jean-Marc_de_La_Sabliere_0002,1,0.530574,0.497164,0.503253
Jean-Sebastien_Giguere_0001|Jean-Sebastien_Giguere_0002,1,0.462480,0.461061,0.449633
Jeb_Bush_0001|Jeb_Bush_0006,1,0.541558,0.527881,0.488898
Jeb_Bush_0002|Jeb_Bush_0006,1,0.651987,0.654244,0.653284
Jeb_Bush_0005|Jeb_Bush_0007,1,0.659608,0.629614,0.659272
Jeffrey_Jones_0001|Jeffrey_Jones_0002,1,0.720817,0.697190,0.684679
Jim_OBrien_0001|Jim_OBrien_0002,1,0.020207,0.037955,0.062371
Jim_OBrien_0001|Jim_OBrien_0003,1,-0.009737,0.063467,0.012413
Joe_Gatti_0001|Joe_Gatti_0002,1,0.520574,0.500346,0.511060
John_Cusack_0001|John_Cusack_0002,1,0.579657,0.549663,0.548645
John_Edwards_0001|John_Edwards_0003,1,0.701765,0.701600,0.686065
John_Edwards_0001|John_Edwards_0007,1,0.519452,0.527697,0.499275
John_Edwards_0002|John_Edwards_0005,1,0.658580,0.619230,0.630190
John_Edwards_0003|John_Edwards_0007,1,0.616542,0.588225,0.607128
John_Edwards_0004|John_Edwards_0006,1,0.500943,0.516188,0.508529
John_Edwards_0004|John_Edwards_0008,1,0.558075,0.559206,0.558491
John_Edwards_0006|John_Edwards_0007,1,0.618174,0.605784,0.608609
John_Spencer_0001|John_Spencer_0002,1,0.827505,0.792316,0.790218
John_Taylor_0001|John_Taylor_0002,1,0.661304,0.634327,0.640679
John_Walsh_0001|John_Walsh_0002,1,0.654285,0.641134,0.617138
Jolanta_Kwasniewski_0001|Jolanta_Kwasniewski_0002,1,0.480099,0.498119,0.468465
Jose_Mourinho_0001|Jose_Mourinho_0002,1,0.494268,0.490446,0.504713
Juergen_Peters_0001|Juergen_Peters_0002,1,0.701551,0.693497,0.696042
Kalpana_Chawla_0001|Kalpana_Chawla_0004,1,0.764473,0.734759,0.748966
Kalpana_Chawla_0002|Kalpana_Chawla_0003,1,0.644444,0.615617,0.622879
Kalpana_Chawla_0002|Kalpana_Chawla_0005,1,0.673108,0.629483,0.632481
Kalpana_Chawla_0003|Kalpana_Chawla_0004,1,0.699602,0.667963,0.667477
Kelli_White_0001|Kelli_White_0002,1,0.777726,0.752819,0.756130
Kim_Jin-sun_0001|Kim_Jin-sun_0002,1,0.637835,0.635791,0.634499
Lana_Clarkson_0001|Lana_Clarkson_0002,1,0.516775,0.509000,0.501132
Laura_Hernandez_0001|Laura_Hernandez_0002,1,0.610916,0.616198,0.598366
Laura_Linney_0001|Laura_Linney_0002,1,0.588660,0.576515,0.584341
Laura_Linney_0001|Laura_Linney_0003,1,0.602698,0.602799,0.608086
Laura_Linney_0002|Laura_Linney_0004,1,0.624114,0.615939,0.646725
Laura_Linney_0003|Laura_Linney_0004,1,0.566112,0.584379,0.569133
Lenny_Wilkens_0001|Lenny_Wilkens_0002,1,0.723739,0.712660,0.719837
Lenny_Wilkens_0001|Lenny_Wilkens_0003,1,0.565603,0.550379,0.556711
Lenny_Wilkens_0002|Lenny_Wilkens_0003,1,0.582435,0.567237,0.570863
Lloyd_Ward_0001|Lloyd_Ward_0002,1,0.649986,0.648156,0.636715
Mahathir_Mohamad_0001|Mahathir_Mohamad_0007,1,0.365442,0.342343,0.359274
Mahathir_Mohamad_0001|Mahathir_Mohamad_0012,1,0.561389,0.558772,0.549289
Mahathir_Mohamad_0006|Mahathir_Mohamad_0010,1,0.625229,0.630561,0.610091
Mark_Cuban_0001|Mark_Cuban_0002,1,0.630586,0.620846,0.640645
Mark_Heller_0001|Mark_Heller_0002,1,0.596693,0.571846,0.575038
Mark_Schweiker_0001|Mark_Schweiker_0002,1,0.652333,0.629946,0.635547
Marty_Mornhinweg_0001|Marty_Mornhinweg_0002,1,0.568865,0.600867,0.575037
Marty_Mornhinweg_0001|Marty_Mornhinweg_0003,1,0.418855,0.408019,0.397274
Marty_Mornhinweg_0002|Marty_Mornhinweg_0003,1,0.608664,0.563798,0.582574
Michael_Phelps_0001|Michael_Phelps_0002,1,0.747176,0.724956,0.735549
Michael_Phelps_0002|Michael_Phelps_0004,1,0.578291,0.555600,0.564137
Mick_Jagger_0002|Mick_Jagger_0004,1,0.397621,0.376517,0.372473
Miguel_Estrada_0001|Miguel_Estrada_0002,1,0.625077,0.641456,0.630832
Mike_Myers_0001|Mike_Myers_0006,1,0.527184,0.530117,0.510263
Mike_Myers_0002|Mike_Myers_0003,1,0.530076,0.537614,0.517439
Mike_Myers_0002|Mike_Myers_0004,1,0.563872,0.517506,0.536572
Mike_Myers_0002|Mike_Myers_0005,1,0.490261,0.478618,0.465528
Nadine_Vinzens_0001|Nadine_Vinzens_0002,1,0.491903,0.444743,0.463356
Nathan_Lane_0001|Nathan_Lane_0002,1,0.486652,0.462725,0.459091
Nicolas_Cage_0001|Nicolas_Cage_0002,1,0.728309,0.709182,0.708959
Nicolas_Cage_0002|Nicolas_Cage_0004,1,0.687110,0.666449,0.657965
Nicolas_Cage_0003|Nicolas_Cage_0004,1,0.737733,0.727945,0.726558
Nicole_Kidman_0003|Nicole_Kidman_0011,1,0.405194,0.416370,0.417369
Nicole_Kidman_0008|Nicole_Kidman_0017,1,0.581943,0.564371,0.529454
Nicole_Kidman_0011|Nicole_Kidman_0013,1,0.619343,0.616700,0.608460
Nicole_Kidman_0013|Nicole_Kidman_0014,1,0.714224,0.666209,0.668856
Nicole_Kidman_0015|Nicole_Kidman_0019,1,0.185643,0.204958,0.210192
Omar_Sharif_0001|Omar_Sharif_0002,1,0.875104,0.865603,0.861161
Omar_Sharif_0001|Omar_Sharif_0003,1,0.748970,0.768630,0.769212
Omar_Sharif_0001|Omar_Sharif_0004,1,0.635334,0.602570,0.603724
Omar_Sharif_0002|Omar_Sharif_0003,1,0.726990,0.734341,0.729403
Parris_Glendening_0001|Parris_Glendening_0002,1,0.684188,0.677581,0.687935
Patrick_Leahy_0001|Patrick_Leahy_0002,1,0.607471,0.600540,0.632111
Patrick_McEnroe_0001|Patrick_McEnroe_0002,1,0.476615,0.479104,0.455667
Patrick_Stewart_0001|Patrick_Stewart_0002,1,0.605980,0.605391,0.588436
Paul_Gascoigne_0001|Paul_Gascoigne_0003,1,0.584056,0.577417,0.548459
Peter_Hillary_0001|Peter_Hillary_0002,1,0.785328,0.779817,0.755418
Phan_Van_Khai_0001|Phan_Van_Khai_0002,1,0.746840,0.737973,0.734715
Phan_Van_Khai_0001|Phan_Van_Khai_0003,1,0.710546,0.714825,0.701039
Phan_Van_Khai_0002|Phan_Van_Khai_0003,1,0.751141,0.746325,0.730449
Prince_Claus_0001|Prince_Claus_0004,1,0.440565,0.428637,0.460418
Prince_Claus_0002|Prince_Claus_0003,1,0.654178,0.669589,0.645096
Prince_Claus_0002|Prince_Claus_0004,1,0.521751,0.481125,0.525094
Raghad_Saddam_Hussein_0001|Raghad_Saddam_Hussein_0002,1,0.821050,0.787187,0.795703
Ray_Allen_0001|Ray_Allen_0002,1,0.517736,0.481856,0.507014
Ray_Allen_0002|Ray_Allen_0003,1,0.450510,0.436388,0.453105
Richard_Crenna_0001|Richard_Crenna_0002,1,0.636176,0.647305,0.637383
Richard_Gere_0001|Richard_Gere_0010,1,0.438332,0.419551,0.400888
Richard_Gere_0006|Richard_Gere_0009,1,0.556180,0.502343,0.506971
Richard_Myers_0001|Richard_Myers_0002,1,0.620621,0.601698,0.612725
Richard_Myers_0001|Richard_Myers_0004,1,0.670089,0.628136,0.649903
Richard_Myers_0004|Richard_Myers_0008,1,0.566421,0.557048,0.557380
Richard_Myers_0015|Richard_Myers_0016,1,0.704201,0.662171,0.648807
Rick_Romley_0001|Rick_Romley_0003,1,0.719636,0.672250,0.690313
Rob_Lowe_0001|Rob_Lowe_0003,1,0.697961,0.687265,0.661236
Rob_Lowe_0001|Rob_Lowe_0004,1,0.601473,0.542092,0.549169
Rob_Lowe_0002|Rob_Lowe_0003,1,0.598417,0.572224,0.565991
Rob_Lowe_0003|Rob_Lowe_0004,1,0.631472,0.586092,0.582430
Robby_Ginepri_0001|Robby_Ginepri_0002,1,0.514792,0.523067,0.494936
Robert_Witt_0001|Robert_Witt_0002,1,0.775245,0.771634,0.761528
Rod_Blagojevich_0001|Rod_Blagojevich_0002,1,0.686588,0.675954,0.678741
Rolandas_Paksas_0001|Rolandas_Paksas_0002,1,0.368808,0.371758,0.348252
Russell_Coutts_0001|Russell_Coutts_0002,1,0.656730,0.639104,0.637676
Ruth_Dreifuss_0001|Ruth_Dreifuss_0002,1,0.534355,0.511863,0.513501
Sally_Kirkland_0001|Sally_Kirkland_0004,1,0.548186,0.551409,0.519676
Sean_Patrick_OMalley_0001|Sean_Patrick_OMalley_0003,1,0.529140,0.550496,0.526905
Sebastian_Saja_0001|Sebastian_Saja_0002,1,0.434632,0.384365,0.432373
Sebastian_Saja_0001|Sebastian_Saja_0003,1,0.575627,0.562637,0.593390
Sila_Calderon_0001|Sila_Calderon_0002,1,0.666351,0.645602,0.673011
Sila_Calderon_0001|Sila_Calderon_0003,1,0.587038,0.559690,0.608015
Sila_Calderon_0001|Sila_Calderon_0004,1,0.662203,0.617353,0.646011
Sila_Calderon_0002|Sila_Calderon_0003,1,0.631942,0.625048,0.610027
Stanley_Tong_0001|Stanley_Tong_0002,1,0.652054,0.604393,0.631157
Steve_Park_0001|Steve_Park_0002,1,0.698289,0.669762,0.660379
Susie_Castillo_0001|Susie_Castillo_0002,1,0.678664,0.656749,0.668618
Sylvester_Stallone_0001|Sylvester_Stallone_0005,1,0.493906,0.507610,0.478333
Sylvester_Stallone_0002|Sylvester_Stallone_0004,1,0.310579,0.319459,0.293937
Sylvester_Stallone_0003|Sylvester_Stallone_0008,1,0.597088,0.626286,0.603879
Sylvester_Stallone_0004|Sylvester_Stallone_0005,1,0.320063,0.348018,0.312263
Takashi_Sorimachi_0001|Takashi_Sorimachi_0002,1,0.538519,0.506841,0.535285
Tang_Jiaxuan_0002|Tang_Jiaxuan_0006,1,0.722786,0.732440,0.696176
Tang_Jiaxuan_0002|Tang_Jiaxuan_0011,1,0.752889,0.756555,0.746767
Tang_Jiaxuan_0004|Tang_Jiaxuan_0009,1,0.550104,0.557396,0.561758
Tang_Jiaxuan_0005|Tang_Jiaxuan_0009,1,0.456221,0.440044,0.438014
Tang_Jiaxuan_0007|Tang_Jiaxuan_0010,1,0.624717,0.596021,0.596346
Terje_Roed-Larsen_0001|Terje_Roed-Larsen_0002,1,0.613984,0.556059,0.577494
Thomas_Birmingham_0001|Thomas_Birmingham_0002,1,0.561740,0.558153,0.539661
Tiger_Woods_0002|Tiger_Woods_0006,1,0.383501,0.387056,0.390076
Tiger_Woods_0003|Tiger_Woods_0021,1,0.759711,0.749556,0.735447
Tiger_Woods_0005|Tiger_Woods_0011,1,0.445849,0.456635,0.428133
Tiger_Woods_0005|Tiger_Woods_0012,1,0.346814,0.384014,0.366783
Tiger_Woods_0006|Tiger_Woods_0018,1,0.358667,0.361999,0.369026
Tiger_Woods_0006|Tiger_Woods_0021,1,0.385273,0.385538,0.373605
Tiger_Woods_0009|Tiger_Woods_0012,1,0.414947,0.412535,0.393765
Tiger_Woods_0009|Tiger_Woods_0023,1,0.534894,0.524576,0.533857
Tiger_Woods_0016|Tiger_Woods_0018,1,0.586618,0.559770,0.571054
Tim_Curry_0001|Tim_Curry_0002,1,0.735682,0.724642,0.717290
Tom_Brady_0001|Tom_Brady_0002,1,0.443668,0.416545,0.443868
Toshihiko_Fukui_0001|Toshihiko_Fukui_0002,1,0.819058,0.815547,0.799831
Toshihiko_Fukui_0001|Toshihiko_Fukui_0003,1,0.769278,0.769241,0.744479
Uma_Thurman_0001|Uma_Thurman_0003,1,0.588989,0.567564,0.576564
Uma_Thurman_0002|Uma_Thurman_0003,1,0.615366,0.588568,0.611553
Vaclav_Klaus_0001|Vaclav_Klaus_0002,1,0.593544,0.558859,0.569487
Vanessa_Incontrada_0001|Vanessa_Incontrada_0002,1,0.716619,0.712096,0.696947
Vanessa_Incontrada_0001|Vanessa_Incontrada_0003,1,0.816552,0.800274,0.816233
Vanessa_Incontrada_0001|Vanessa_Incontrada_0004,1,0.731270,0.703382,0.730966
Vanessa_Incontrada_0002|Vanessa_Incontrada_0003,1,0.655655,0.660186,0.641560
Vanessa_Incontrada_0002|Vanessa_Incontrada_0004,1,0.578110,0.530537,0.538548
Vanessa_Incontrada_0003|Vanessa_Incontrada_0004,1,0.630572,0.601776,0.653359
Vin_Diesel_0001|Vin_Diesel_0002,1,0.555891,0.527900,0.526578
Vladimir_Spidla_0001|Vladimir_Spidla_0002,1,0.735703,0.713684,0.697887
Vladimir_Spidla_0001|Vladimir_Spidla_0003,1,0.669308,0.641974,0.621305
Vladimir_Spidla_0002|Vladimir_Spidla_0003,1,0.706220,0.699779,0.686636
Win_Aung_0001|Win_Aung_0003,1,0.596090,0.573354,0.587051
Win_Aung_0001|Win_Aung_0004,1,0.642364,0.628714,0.620798
Zhang_Ziyi_0001|Zhang_Ziyi_0003,1,0.285850,0.279305,0.294393
Zhang_Ziyi_0002|Zhang_Ziyi_0003,1,0.667840,0.626149,0.618412
Adrian_Annus_0001|Jorge_Marquez-Ruarte_0001,0,0.005003,0.005960,0.014321
Adrian_Annus_0001|Patrick_Bourrat_0001,0,-0.030637,-0.015863,-0.021390
Adrian_Murrell_0001|Jose_Cevallos_0001,0,-0.019348,-0.006811,-0.012471
Adrian_Murrell_0001|Paul_Brandt_0001,0,0.004710,-0.003681,0.033199
Ahmed_Ibrahim_Bilal_0001|Beatrice_Dalle_0001,0,0.015228,0.028959,0.032509
Ahmed_Ibrahim_Bilal_0001|Lee_Chang-dong_0001,0,-0.056786,-0.071269,-0.037336
Aileen_Riggin_Soule_0001|Norio_Ohga_0001,0,-0.022664,0.018186,-0.002756
Aitor_Gonzalez_0002|Horace_Donovan_Reid_0001,0,0.043265,0.009212,0.032926
Ajit_Agarkar_0001|Jesse_James_0001,0,-0.034688,-0.054696,-0.030589
Akbar_Al_Baker_0001|Andrei_Konchalovsky_0001,0,0.045103,0.070175,0.037025
Akbar_Al_Baker_0001|Bobby_Goldwater_0001,0,0.099172,0.096190,0.052270
Alain_Cervantes_0001|Bob_Huggins_0003,0,-0.037568,0.009048,0.003056
Alain_Cervantes_0001|Pierre_Png_0001,0,-0.089229,-0.100184,-0.094697
Alanna_Ubach_0001|Paul_Gascoigne_0001,0,-0.020352,0.048055,-0.006087
Alec_Baldwin_0004|Goh_Kun_0002,0,-0.114252,-0.076625,-0.075167
Alex_Holmes_0001|Beatrice_Dalle_0001,0,0.008294,0.025265,0.009595
Alfred_Sant_0001|Randall_Tobias_0001,0,0.139296,0.148472,0.133646
Alfredo_Moreno_0001|Dyab_Abou_Jahjah_0001,0,0.063399,0.075287,0.051850
Alfredo_Moreno_0001|Suzanne_Torrance_0001,0,-0.015125,-0.000594,-0.019929
Alfredo_Pena_0001|Emmanuel_Milingo_0001,0,0.104713,0.142372,0.079293
Alvaro_Noboa_0001|Phan_Van_Khai_0001,0,-0.065942,-0.013751,-0.038326
Alvaro_Noboa_0002|Timothy_Rigas_0001,0,-0.012516,0.040857,0.035343
Amanda_Coetzer_0001|Bridgette_Wilson-Sampras_0002,0,-0.026506,0.012353,-0.037766
Amanda_Coetzer_0001|Eddie_Jordan_0001,0,-0.052163,-0.019794,-0.055128
Amer_al-Saadi_0004|Miguel_Cotto_0001,0,-0.039310,-0.016687,-0.061105
Amy_Brenneman_0001|Russell_Coutts_0002,0,0.023734,0.034452,0.007938
Amy_Brenneman_0001|Terje_Roed-Larsen_0001,0,-0.059925,-0.031618,-0.034570
Andrew_Firestone_0001|Harry_Schmidt_0004,0,0.008235,0.040175,0.005111
Andrew_Firestone_0001|Ian_Campbell_0001,0,0.136852,0.113749,0.129484
Andrew_Firestone_0001|Jose_Acasuso_0001,0,-0.022219,0.040097,-0.032363
Andrew_Firestone_0001|Omar_Sharif_0004,0,-0.028173,0.005096,-0.021791
Andy_Graves_0001|Gil_de_Ferran_0001,0,0.050848,0.045226,0.043003
Angela_Alvarado_Rosa_0001|Gerald_Calabrese_0001,0,0.011581,0.028339,-0.004816
Angela_Alvarado_Rosa_0001|Jeffrey_Jones_0001,0,0.083338,0.122245,0.095398
Anneli_Jaatteenmaki_0002|Eric_Robert_Rudolph_0002,0,0.005214,0.013102,0.011040
Anneli_Jaatteenmaki_0002|Gerry_Adams_0006,0,-0.077236,-0.101034,-0.063437
Anneli_Jaatteenmaki_0002|Jorge_Marquez-Ruarte_0001,0,0.008518,0.032948,0.006800
Anthony_Corso_0001|Johnny_Benson_0001,0,-0.018190,-0.022787,-0.022232
Anthony_Corso_0001|Ray_Allen_0003,0,-0.008892,-0.003687,-0.027164
Anthony_Pico_0001|Stephanie_Cohen_Aloro_0001,0,0.045847,0.048126,0.057964
Ari_Fleischer_0001|Razali_Ismail_0001,0,0.035222,0.051458,0.044765
Ari_Fleischer_0009|Jean-Marc_de_La_Sabliere_0002,0,-0.080171,-0.036277,-0.040915
Arianna_Huffington_0004|Philippe_Gagnon_0001,0,0.016379,0.065534,0.017305
Arnaud_Clement_0001|Jeffrey_Jones_0002,0,-0.073637,-0.036329,-0.068860
Arnaud_Clement_0001|King_Gyanendra_0001,0,-0.033174,-0.009295,-0.034160
Arnaud_Clement_0002|Grady_Irvin_Jr_0002,0,-0.096793,-0.040275,-0.087128
Arnold_Scott_0001|Randy_Dryer_0001,0,0.123856,0.095502,0.121203
Art_Howe_0002|Luciano_Bovicelli_0001,0,-0.089631,-0.051643,-0.061067
Art_Howe_0003|Teresa_Worbis_0001,0,0.021552,0.015311,0.017078
Artieas_Shanks_0001|Derek_King_0001,0,0.011628,-0.008384,-0.023407
Astrid_Betancourt_0001|Frederick_Madden_0001,0,-0.038595,-0.006797,-0.014939
Barbara_De_Brun_0001|Cosmo_Iacavazzi_0001,0,0.004750,0.001424,0.015578
Barry_Collier_0001|Narendra_Modi_0001,0,-0.004527,-0.025354,-0.041325
Ben_Affleck_0003|Patricia_Hearst_0001,0,-0.063317,0.009333,-0.053311
Ben_Affleck_0004|Daniel_Scioli_0001,0,-0.054166,-0.024263,-0.039958
Ben_Affleck_0007|Marcio_de_Souza_0001,0,0.058954,0.009761,0.040387
Ben_Broussard_0001|Rudi_Voeller_0001,0,-0.001881,0.039648,-0.001217
Betsy_Smith_0002|Steven_Kinlock_0001,0,0.028254,0.042725,0.039188
Betty_Williams_0001|Mary_Catherine_Correll_0001,0,0.162914,0.122986,0.102590
Bianca_Jagger_0001|Dario_Camuffo_0001,0,0.014794,0.035933,-0.010667
Bianca_Jagger_0001|Fabricio_Oberto_0001,0,-0.093256,-0.058030,-0.072210
Bill_Callahan_0001|Gina_Gershon_0001,0,0.104677,0.081503,0.088230
Bill_Kollar_0001|Gina_Gershon_0001,0,-0.001636,0.042716,0.013551
Bill_Kollar_0001|Jose_Miguel_Aleman_0001,0,-0.032392,-0.006837,-0.060605
Bill_Kollar_0001|Mae_Jemison_0001,0,-0.054925,-0.011853,-0.046739
Bill_Kollar_0001|Mohammed_Ashraf_Hafiz_0001,0,0.007715,0.019220,-0.007976
Bill_Kollar_0001|Patty_Sheehan_0001,0,-0.028925,-0.017290,-0.026306
Bill_Parsons_0001|Donna_Barrera_0001,0,-0.012983,-0.007246,-0.017683
Bill_Stein_0001|Vanessa_Incontrada_0004,0,0.000677,0.010954,0.010549
Blythe_Hartley_0001|Jackie_Dennis_0001,0,0.012005,0.011994,0.008891
Blythe_Hartley_0002|Gil_de_Ferran_0002,0,-0.070587,-0.060969,-0.079466
Bob_Curtis_0001|Helen_Clark_0001,0,-0.033160,-0.029076,-0.049826
Bob_Huggins_0003|Sylvester_Stallone_0002,0,0.104916,0.112049,0.108168
Bobby_Goldwater_0001|John_Moxley_0001,0,0.101906,0.157424,0.100883
Bobby_Goldwater_0001|Ulrich_Kueperkoch_0001,0,0.073070,0.090050,0.056183
Bono_0003|Ian_Huntley_0001,0,-0.151894,-0.136957,-0.126291
Brad_Garrett_0001|Hoda_Asfor_0001,0,0.069442,0.080461,0.046327
Brad_Garrett_0004|Wang_Nan_0001,0,-0.144229,-0.125936,-0.149994
Brandon_Hammond_0001|Thomas_Kelly_0001,0,-0.010892,-0.012518,-0.010581
Brandon_Robinson_0001|Giovanny_Cordoba_0001,0,0.003072,-0.000140,0.034688
Brandon_Robinson_0001|Michael_Linscott_0001,0,0.010545,0.004217,-0.001994
Brandon_Robinson_0001|Shi_Guangsheng_0001,0,-0.020115,-0.021602,-0.037081
Brendan_Stai_0001|Dan_Guerrero_0001,0,-0.047034,-0.045572,-0.059210
Brett_Boone_0001|Jean-Marc_de_La_Sabliere_0001,0,0.055487,0.049060,0.032691
Brett_Boone_0001|Teresa_Worbis_0001,0,-0.066817,-0.022985,-0.042300
Brian_Billick_0001|Ian_Huntley_0001,0,0.027172,0.040002,0.032497
Brian_Billick_0001|John_Wayne_0001,0,-0.058248,-0.047044,-0.048935
Brian_Billick_0001|Stephanie_Moore_0001,0,0.051116,0.080784,0.036538
Brian_Olson_0001|Roberto_Tovar_0001,0,-0.029396,0.007258,-0.020809
Bud_Selig_0001|Franz_Fischler_0001,0,0.043648,0.030671,-0.000605
Bud_Selig_0003|John_Duprey_0001,0,-0.031752,-0.026217,-0.048506
Carla_Moreno_0001|Suzanne_Torrance_0001,0,0.072119,0.082457,0.059079
Carla_Moreno_0001|Tang_Jiaxuan_0003,0,0.022490,0.048460,0.019719
Carlos_Beltran_0001|Ulrich_Kueperkoch_0001,0,0.092661,0.148499,0.098352
Carlos_Ghosn_0001|Jim_Paxson_0001,0,-0.087274,-0.082535,-0.094689
Carlos_Ghosn_0002|Ray_Allen_0003,0,-0.013984,0.025056,-0.000120
Carlton_Dotson_0001|Jim_Paxson_0001,0,0.089059,0.078934,0.062923
Carlton_Dotson_0001|Patrick_Bourrat_0001,0,0.006838,0.002264,-0.011668
Carlton_Dotson_0001|Porter_Goss_0001,0,-0.043527,0.004902,-0.053361
Carlton_Dotson_0001|Vyacheslav_Fetisov_0001,0,-0.082000,-0.033279,-0.071139
Cass_Ballenger_0001|Norio_Ohga_0001,0,-0.018381,-0.029761,-0.026495
Cecile_de_France_0001|Dyab_Abou_Jahjah_0001,0,0.017640,0.033791,0.035404
Cecile_de_France_0001|Terrence_Kiel_0001,0,-0.003711,-0.005628,0.005640
Charles_Bell_0001|Tatjana_Gsell_0001,0,0.027191,0.030016,0.034116
Charlotte_Rampling_0001|Lana_Clarkson_0002,0,-0.004565,0.029086,0.002246
Chick_Hearn_0001|Mohammed_Salmane_0001,0,0.037927,0.054649,0.048986
Christopher_Reeve_0004|Pauline_Landers_0001,0,0.012862,0.024974,0.011495
Christopher_Reeve_0004|Scott_OGrady_0001,0,-0.007513,0.019103,0.011017
Cindy_Margolis_0001|Mark_Cuban_0002,0,-0.110877,-0.097687,-0.111243
Claire_Danes_0002|Nadine_Vinzens_0001,0,0.052549,0.093791,0.064021
Claudio_Lopez_0001|Gabrielle_Rose_0001,0,0.016499,0.034811,0.008596
Collis_Temple_III_0001|Eva_Amurri_0001,0,-0.013323,-0.020775,0.005050
Collis_Temple_III_0001|Rob_Niedermayer_0001,0,0.062437,0.086794,0.078821
Collis_Temple_III_0001|Santiago_Botero_0001,0,-0.101699,-0.068159,-0.104278
Collis_Temple_III_0001|Simon_Chalk_0001,0,-0.003670,0.017676,-0.006502
Conan_OBrien_0001|Liliana_Cavani_0001,0,0.075055,0.072980,0.049596
Corinna_Harfouch_0001|Ivo_Dubs_0001,0,0.068463,0.064973,0.066572
Corinna_Harfouch_0001|Tim_Curry_0001,0,0.031709,0.018278,0.032302
Cristina_Kirchner_0001|Stefanie_De_Roux_0001,0,-0.114811,-0.065841,-0.101755
Dan_Boyle_0001|Paul_Clark_0001,0,-0.023217,-0.004683,-0.031587
Dan_Boyle_0001|Thabo_Mbeki_0003,0,0.020204,0.006323,-0.006966
Daniel_Chin_0001|Ian_Huntley_0001,0,-0.013631,-0.000832,-0.008862
Daniel_Chin_0001|Jim_Letten_0001,0,0.041303,0.077284,0.052684
Daniel_Chin_0001|Julia_Glass_0001,0,0.041402,0.089356,0.052554
Daniel_Scioli_0001|Lena_Katina_0001,0,0.036701,0.042445,0.009064
Daniel_Scioli_0001|Lindsay_Lohan_0001,0,-0.002470,-0.028527,-0.015748
Dario_Camuffo_0001|Eli_Stutsman_0001,0,-0.049930,-0.033315,-0.068504
David_Brinkley_0001|Jeff_Bridges_0001,0,-0.044838,-0.072815,-0.036400
David_Brinkley_0001|Stephen_Arigbabu_0001,0,-0.062604,-0.076229,-0.041689
David_Montoya_0001|Mary_Elizabeth_Mastrantonio_0001,0,-0.075753,-0.048833,-0.086689
David_Siegel_0001|Francis_Mer_0001,0,-0.054475,-0.018984,-0.020520
Dennis_Johnson_0001|Satnarine_Sharma_0001,0,-0.023776,-0.022879,-0.022996
Denys_Arcand_0001|Nadine_Vinzens_0002,0,0.093164,0.070357,0.087300
Derek_Jeter_0001|Tian_Zhuang_Zhuang_0001,0,0.046005,0.043770,0.037928
Derek_Jeter_0003|Jolanta_Kwasniewski_0002,0,0.048865,0.062570,0.064223
Derek_King_0001|Yasein_Taher_0001,0,0.038751,0.067446,0.006365
Derrick_Battie_0001|Ian_Huntley_0001,0,0.055289,0.037476,0.028039
Diego_Armando_Maradona_0001|Robert_Gordon_Card_0001,0,-0.052432,-0.022570,-0.053834
Don_King_0001|Thomas_Kelly_0001,0,-0.038887,-0.001669,-0.036536
Don_King_0001|Zurab_Tsereteli_0001,0,0.080675,0.090562,0.113552
Donna_Barrera_0001|Francis_Mer_0002,0,-0.066880,-0.046828,-0.068455
Donna_Shalala_0002|Sereyvuth_Kem_0001,0,-0.049447,-0.020900,-0.024158
Duncan_Fletcher_0001|John_Cusack_0002,0,0.170434,0.196786,0.180703
Duncan_Fletcher_0001|Mike_Alden_0001,0,-0.004355,0.010476,0.015504
Dustin_Brown_0001|Jose_Cevallos_0001,0,0.056726,0.065089,0.084138
Dyab_Abou_Jahjah_0001|John_Cornyn_0001,0,0.049285,0.057317,0.078079
Ed_Mekertichian_0001|Paul_Clark_0001,0,0.002163,0.025134,-0.000657
Edmund_Hillary_0002|Miguel_Cotto_0001,0,0.002217,0.058600,0.044818
Elena_Likhovtseva_0001|Marty_Mornhinweg_0002,0,0.053675,0.101192,0.055376
Eli_Stutsman_0001|Kalpana_Chawla_0004,0,0.050920,0.044580,0.048673
Eli_Stutsman_0001|Marcio_de_Souza_0001,0,0.033568,0.016539,0.033757
Eli_Stutsman_0001|Michael_Phelps_0001,0,-0.044968,0.013707,-0.009385
Elizabeth_Regan_0001|Eugene_Teslovic_0001,0,0.049949,0.033309,0.022314
Emmanuel_Milingo_0001|Enrica_Fico_0001,0,-0.027402,0.015648,-0.005284
Enola_Rice_0001|Lana_Clarkson_0002,0,0.132070,0.183279,0.144621
Erin_Runnion_0003|Rob_Lowe_0002,0,-0.078774,-0.025665,-0.083495
Eugene_Teslovic_0001|Goh_Kun_0001,0,-0.003193,0.065997,0.002871
Eugene_Teslovic_0001|Jean-Marc_de_La_Sabliere_0002,0,-0.024760,-0.020562,-0.054222
Eva_Amurri_0001|Tanya_Holyk_0001,0,0.073300,0.155585,0.096658
Fabricio_Oberto_0001|Rudi_Voeller_0001,0,-0.009417,0.003027,-0.018589
Felix_Sanchez_0001|Ian_Moran_0001,0,0.121816,0.076455,0.125859
Fernando_Henrique_Cardoso_0001|Michael_Phelps_0001,0,0.024005,0.015216,-0.028272
Fernando_Henrique_Cardoso_0008|Sherry_Fisher_0001,0,0.042666,0.071800,0.033897
Francis_Mer_0002|Patrick_Bourrat_0001,0,0.039378,0.004718,0.018545
Franz_Fischler_0002|Robert_Lange_0001,0,0.092538,0.102586,0.127908
Frederick_Madden_0001|Gary_Condit_0001,0,0.117968,0.121845,0.121786
Gary_Bauer_0001|Greg_Hodge_0001,0,0.064355,0.072733,0.045887
Gary_Condit_0001|Nathan_Lane_0002,0,0.045188,0.096151,0.068081
Gary_Locke_0001|Marcio_de_Souza_0001,0,-0.081015,-0.016926,-0.083914
Gen_Meredith_0001|Matthew_Vaughan_0001,0,-0.057767,-0.053293,-0.084837
Gerry_Adams_0008|Jamir_Miller_0001,0,-0.015158,-0.012730,-0.005563
Gilles_Panizzi_0001|Jim_Piper_0001,0,0.023497,0.053639,0.019966
Gina_Gershon_0001|Patricia_Garone_0001,0,-0.015615,0.015668,-0.039898
Gina_Gershon_0001|Zhang_Ziyi_0002,0,-0.076758,-0.066980,-0.131116
Giovanny_Cordoba_0001|Jackie_Sherrill_0001,0,0.035827,0.086314,0.029865
Giovanny_Cordoba_0001|Keith_Olbermann_0001,0,-0.056398,-0.037109,-0.039086
Grady_Irvin_Jr_0002|Oracene_Williams_0001,0,0.051550,0.080685,0.052846
Graeme_Smith_0001|John_Salazar_0001,0,-0.026996,0.016729,-0.052640
Graham_Bentley_0001|Jason_Clermont_0001,0,0.014674,0.034686,0.034008
Guillaume_Depardieu_0001|Manuel_Llorente_0001,0,0.054902,0.099388,0.068420
Gunter_Pleuger_0001|Nicole_Kidman_0002,0,0.001717,0.021687,-0.004443
Gunter_Pleuger_0002|Robby_Ginepri_0001,0,0.080106,0.062504,0.086449
Gunter_Pleuger_0003|Vaclav_Klaus_0001,0,0.012881,0.006700,0.038529
Hanns_Schumacher_0001|Martin_Gecht_0001,0,-0.013881,-0.031253,-0.055074
Henri_Proglio_0001|Ibrahim_Haddad_0001,0,0.114735,0.120588,0.110759
Henri_Proglio_0001|Jeffery_Hendren_0001,0,0.023894,0.035188,0.010422
Hermann_Maier_0001|Phan_Van_Khai_0001,0,0.015002,0.025819,0.020825
Hermann_Maier_0002|Stephen_Arigbabu_0001,0,0.016410,0.081313,0.035376
Hideki_Sato_0001|Peter_Mugyeni_0001,0,0.016114,0.060167,0.019913
Hideki_Sato_0001|Troy_Aikman_0001,0,-0.014344,0.022214,-0.001978
Hoda_Asfor_0001|Juergen_Peters_0001,0,-0.002068,0.036037,0.024119
Hoda_Asfor_0001|Lindsay_Lohan_0001,0,0.093278,0.107175,0.105284
Horace_Donovan_Reid_0001|Rob_Lowe_0001,0,-0.041890,-0.031104,-0.039291
Hunter_Kemper_0001|Marsha_Thomason_0001,0,0.032342,0.090860,0.048894
Ian_Campbell_0001|Mike_Alden_0001,0,0.022017,0.022006,0.019135
Ian_Huntley_0001|Jalen_Rose_0001,0,0.049685,0.060420,0.053069
Ian_Huntley_0001|Sebastian_Saja_0002,0,0.037089,0.012702,0.021523
Ian_Moran_0001|Stephanie_Cohen_Aloro_0001,0,0.019544,0.054007,0.041210
Ian_Thorpe_0005|Mickey_Gilley_0001,0,0.033210,0.087595,0.042701
Ignacio_Antonio_Velasco_0001|Rich_Brooks_0001,0,0.018387,0.006619,0.025496
Iran_Brown_0001|Margaret_Caruso_0001,0,-0.121507,-0.110081,-0.128103
Isabelle_Huppert_0001|Marcio_de_Souza_0001,0,0.043242,0.101781,0.072332
Isabelle_Huppert_0002|Phan_Van_Khai_0003,0,-0.013259,0.006272,0.007343
Ivan_Shvedoff_0001|Josh_Childress_0001,0,-0.015776,-0.027283,0.007632
Ivan_Shvedoff_0001|Miguel_Estrada_0002,0,-0.025248,-0.007086,0.000695
Ivan_Shvedoff_0001|Vojislav_Seselj_0001,0,0.089821,0.121470,0.105206
Izzat_Ibrahim_0001|Jerry_Rice_0001,0,0.123408,0.112668,0.100778
Jacques_Villeneuve_0001|Wim_Duisenberg_0001,0,-0.011992,0.012755,-0.003675
Jalen_Rose_0001|Suzanne_Torrance_0001,0,0.012013,-0.004988,0.000043
James_Butts_0001|Nicole_Kidman_0002,0,-0.046057,-0.046328,-0.067219
James_Butts_0002|Jerry_Colangelo_0001,0,0.072153,0.039691,0.072937
James_Butts_0002|Sherry_Fisher_0001,0,-0.028613,-0.016656,-0.023698
James_May_0001|Trevor_McDonald_0001,0,-0.103992,-0.057089,-0.094685
James_May_0001|Vaclav_Klaus_0002,0,-0.117929,-0.045913,-0.118402
Jamie_Cooke_0001|Kalpana_Chawla_0005,0,-0.033575,0.025941,0.024161
Jamie_Cooke_0001|Mickey_Rooney_0001,0,-0.047233,-0.036217,-0.062236
Jamir_Miller_0001|Laura_Hernandez_0001,0,-0.082463,-0.078960,-0.062687
Jana_Pittman_0001|Liv_Tyler_0001,0,0.052729,0.046645,0.067748
Jason_Clermont_0001|Jose_Carlo_Fernandez_0001,0,0.073474,0.033427,0.068821
Jason_Clermont_0001|Patty_Duke_0001,0,0.011897,0.080816,0.041454
Jeff_Bridges_0001|Landon_Donovan_0001,0,0.003928,-0.003486,-0.021978
Jeff_Bridges_0001|Patty_Duke_0001,0,0.068498,0.082069,0.075371
Jeffery_Hendren_0001|Jeremy_Wotherspoon_0001,0,-0.040218,0.027889,-0.025792
Jennifer_McCoy_0001|Manuel_Llorente_0001,0,-0.087910,-0.064265,-0.110335
Jennifer_McCoy_0001|William_Cocksedge_0001,0,0.074287,0.079749,0.067400
Jerry_Colangelo_0001|Vin_Diesel_0002,0,0.030815,0.056331,0.028953
Jerry_Rice_0001|Joe_Gatti_0002,0,0.054511,0.031179,0.037736
Jessica_Brungo_0001|Landon_Donovan_0001,0,0.050870,0.040261,0.036574
Jim_OBrien_0001|Nadine_Vinzens_0001,0,0.034193,0.038239,0.045446
Jim_Paxson_0001|Robert_Gordon_Card_0001,0,-0.025766,0.004729,-0.011348
Joe_Gatti_0002|Mike_Samp_0001,0,-0.202256,-0.207212,-0.191716
Joel_Todd_0001|John_Fox_0001,0,0.043050,0.030754,0.019253
Joel_Todd_0001|Momir_Nikolic_0001,0,-0.041943,-0.067777,-0.060961
John_Cornyn_0001|Jose_Mourinho_0002,0,-0.026459,-0.001146,-0.049261
John_Cornyn_0001|Robert_Weitzel_0001,0,-0.012837,-0.014634,-0.041271
John_Cornyn_0001|Toshihiko_Fukui_0002,0,0.049589,0.069674,0.044273
John_Dallager_0001|Jose_Canseco_Sr_0001,0,0.061232,0.108589,0.046783
John_Spencer_0002|Stephanie_Moore_0001,0,-0.082853,-0.004941,-0.068477
John_Walsh_0001|Kalpana_Chawla_0001,0,-0.075445,-0.066703,-0.071528
John_Wright_0001|Sandra_Milo_0001,0,-0.031417,-0.045938,-0.048408
John_Wright_0001|Trevor_McDonald_0001,0,0.056988,0.068205,0.063925
Johnny_Benson_0001|Lana_Clarkson_0002,0,-0.032313,0.003258,-0.025854
Johnny_Benson_0001|Teresa_Worbis_0001,0,-0.052647,-0.038233,-0.049725
Jolanta_Kwasniewski_0002|Martin_Howard_0001,0,0.023948,-0.005583,0.062924
Jose_Canseco_Sr_0001|Julia_Glass_0001,0,-0.025870,0.023981,-0.005578
Jose_Mourinho_0001|Joseph_LePore_0001,0,-0.049396,-0.037915,-0.025462
Jose_Mourinho_0002|LeRoy_Millette_Jr_0001,0,0.094218,0.121927,0.100452
Jose_Vicente_Rangel_0001|Leuris_Pupo_0001,0,-0.012990,0.027820,-0.012232
Jose_Vicente_Rangel_0001|Scott_OGrady_0001,0,0.010561,0.038297,0.025464
Joy_Lee_Sadler_0001|Laurie_Chan_0001,0,-0.044932,0.032720,-0.003364
Joy_Lee_Sadler_0001|Norio_Ohga_0001,0,0.029896,0.049585,0.035671
Joy_Lee_Sadler_0001|Stephanie_Moore_0001,0,-0.112298,-0.010412,-0.069299
Karen_Pereiras_0001|Michael_Phelps_0002,0,0.002021,0.001236,-0.000398
Keith_Brown_0001|Nicole_Kidman_0017,0,-0.058502,0.026878,-0.023990
Keith_Brown_0001|William_Harrison_0001,0,-0.070213,-0.044090,-0.066931
Keith_Van_Horn_0001|Sherry_Fisher_0001,0,-0.018849,0.008350,-0.038770
Kelli_White_0001|Rudi_Voeller_0001,0,0.000866,0.017552,0.012074
King_Gyanendra_0001|Otto_Reich_0001,0,-0.008414,-0.015354,-0.021252
Lana_Clarkson_0001|Mike_Samp_0001,0,0.133406,0.132260,0.148059
Landon_Donovan_0001|Robby_Ginepri_0001,0,0.018471,0.075780,0.000883
Larry_Tanenbaum_0001|Mike_Samp_0001,0,0.002462,-0.000670,0.034181
Laura_Ziskin_0001|Reyyan_Uzuner_0001,0,-0.022473,-0.013446,0.001024
Laura_Ziskin_0001|Robert_Gordon_Card_0001,0,-0.063681,-0.032909,-0.049101
LeRoy_Millette_Jr_0001|Leuris_Pupo_0001,0,0.146372,0.172828,0.159846
Lee_Chang-dong_0001|Phil_Bredesen_0001,0,0.036691,0.041228,0.027805
Liliana_Cavani_0001|Richard_Pennington_0001,0,0.122711,0.110754,0.098994
Lindsay_Lohan_0001|Mireya_Elisa_Moscoso_Rodriguez_0001,0,-0.052873,-0.006550,-0.023243
Lloyd_Ward_0002|Tina_Andrews_0001,0,0.035885,0.061280,0.038091
Mark_Heller_0001|Nicolas_Kiefer_0001,0,0.066184,0.073527,0.066845
Mark_Heller_0001|Parris_Glendening_0001,0,0.000605,0.037039,0.005321
Mark_Heller_0001|Peter_Hillary_0002,0,0.001983,0.051062,0.020382
Martin_Gecht_0001|Peter_Hillary_0001,0,0.056282,0.067036,0.036839
Mary_Elizabeth_Mastrantonio_0001|Vaclav_Klaus_0001,0,-0.042754,0.001894,-0.044840
Michael_Arif_0001|Sean_Patrick_OMalley_0003,0,0.045624,0.083151,0.013136
Michael_Linscott_0001|Tom_Brady_0002,0,0.021743,0.033416,0.032388
Mick_Jagger_0003|Oracene_Williams_0001,0,0.020201,-0.005500,0.027697
Mo_Elleithee_0001|Tanya_Holyk_0001,0,0.077154,0.081607,0.068621
Mohammed_Ashraf_Hafiz_0001|Rod_Bryden_0001,0,0.015437,0.006902,-0.004545
Mukhtar_Alytnbayev_0001|Oracene_Williams_0001,0,-0.072464,-0.027427,-0.039450
Patricia_Garone_0001|Sean_Patrick_OMalley_0002,0,0.020225,0.052210,0.039470
Patricia_Hearst_0001|Scott_Dickson_0001,0,-0.044038,0.036520,-0.006088
Patty_Duke_0001|Simon_Chalk_0001,0,0.123227,0.145218,0.135894
Paul_Bettany_0001|Ulrich_Kueperkoch_0001,0,-0.017932,0.039967,0.019626
Paul_Gascoigne_0003|Tian_Liang_0001,0,0.113061,0.124557,0.117354
Paul_Greengrass_0001|Tim_Pawlenty_0001,0,0.052188,0.015513,0.034367
Perry_Compton_0001|William_Shatner_0001,0,0.030750,0.046879,0.016596
Peter_Camejo_0001|Ruth_Christofferson_0001,0,-0.012887,0.037104,0.012771
Porter_Goss_0001|Tara_Kirk_0001,0,-0.034512,0.022500,-0.028961
Rand_Miller_0001|Robert_Nillson_0001,0,-0.051633,-0.010061,-0.039819
Rich_Brooks_0001|Sharess_Harrell_0001,0,-0.046011,-0.040738,-0.049683
Richard_Pennington_0001|Robby_Ginepri_0002,0,0.019700,0.021638,-0.014223
Robert_Gordon_Card_0001|William_Shatner_0001,0,-0.021487,-0.003237,-0.018050
Russell_Coutts_0001|Tian_Liang_0001,0,0.030251,0.024691,0.004013
Sandra_Milo_0001|Satnarine_Sharma_0001,0,0.011943,0.043268,-0.006469
Steve_Nesbitt_0001|Win_Aung_0004,0,-0.005493,0.012833,-0.028205
Sylvester_Stallone_0007|TJ_Ford_0001,0,-0.138063,-0.120258,-0.126156
Sylvie_Guillem_0001|Vadim_Devyatovskiy_0001,0,-0.042178,0.004465,-0.038691
Tara_Kirk_0001|Win_Aung_0001,0,-0.064216,-0.059246,-0.051326
Aaron_Peirsol_0001|Aaron_Peirsol_0004,1,0.523102,0.520725,0.502965
Aaron_Peirsol_0003|Aaron_Peirsol_0004,1,0.551561,0.577795,0.542848
Adrian_Nastase_0001|Adrian_Nastase_0002,1,0.575962,0.552318,0.564572
Ahmed_Chalabi_0001|Ahmed_Chalabi_0003,1,0.676749,0.641369,0.657239
Ahmed_Chalabi_0001|Ahmed_Chalabi_0005,1,0.712355,0.700796,0.713742
Albrecht_Mentz_0001|Albrecht_Mentz_0002,1,0.743553,0.746665,0.737029
Alejandro_Toledo_0020|Alejandro_Toledo_0036,1,0.622541,0.610635,0.614903
Alejandro_Toledo_0021|Alejandro_Toledo_0024,1,0.680985,0.656931,0.660722
Alejandro_Toledo_0021|Alejandro_Toledo_0030,1,0.555854,0.550800,0.535214
Alejandro_Toledo_0023|Alejandro_Toledo_0027,1,0.594668,0.607471,0.591675
Alejandro_Toledo_0026|Alejandro_Toledo_0029,1,0.579878,0.567949,0.619153
Alexander_Losyukov_0001|Alexander_Losyukov_0003,1,0.492049,0.465517,0.512119
Alexander_Losyukov_0002|Alexander_Losyukov_0003,1,0.468300,0.445243,0.466996
Alexander_Losyukov_0002|Alexander_Losyukov_0004,1,0.373227,0.347934,0.355574
Alimzhan_Tokhtakhounov_0001|Alimzhan_Tokhtakhounov_0002,1,0.796808,0.750156,0.767983
Amelie_Mauresmo_0007|Amelie_Mauresmo_0014,1,0.579496,0.551953,0.566362
Amelie_Mauresmo_0011|Amelie_Mauresmo_0017,1,0.533249,0.510504,0.518913
Amelie_Mauresmo_0014|Amelie_Mauresmo_0017,1,0.530455,0.461235,0.496916
Angelo_Reyes_0001|Angelo_Reyes_0002,1,0.691156,0.677426,0.660875
Angelo_Reyes_0001|Angelo_Reyes_0003,1,0.643426,0.606344,0.598036
Begum_Khaleda_Zia_0001|Begum_Khaleda_Zia_0002,1,0.432139,0.431201,0.436627
Ben_Curtis_0001|Ben_Curtis_0002,1,0.612693,0.558909,0.594737
Bijan_Namdar_Zangeneh_0001|Bijan_Namdar_Zangeneh_0002,1,0.820700,0.791818,0.804379
Bill_Paxton_0001|Bill_Paxton_0002,1,0.483947,0.432176,0.467166
Bill_Paxton_0001|Bill_Paxton_0003,1,0.631031,0.604203,0.620292
Bill_Paxton_0002|Bill_Paxton_0004,1,0.515715,0.475194,0.493619
Bill_Paxton_0003|Bill_Paxton_0004,1,0.637085,0.600465,0.637847
Billy_Crystal_0001|Billy_Crystal_0002,1,0.581759,0.573873,0.573152
Billy_Crystal_0001|Billy_Crystal_0003,1,0.395117,0.400730,0.401517
Billy_Crystal_0001|Billy_Crystal_0005,1,0.712582,0.713462,0.703062
Billy_Crystal_0003|Billy_Crystal_0005,1,0.413065,0.439791,0.433030
Billy_Graham_0001|Billy_Graham_0002,1,0.569173,0.597902,0.577223
Bob_Colvin_0001|Bob_Colvin_0002,1,0.769718,0.783297,0.783024
Brian_Cowen_0001|Brian_Cowen_0002,1,0.695467,0.687073,0.710827
Butch_Davis_0001|Butch_Davis_0002,1,0.666498,0.673430,0.649157
Byron_Scott_0001|Byron_Scott_0002,1,0.592848,0.589377,0.575033
Carol_Burnett_0001|Carol_Burnett_0002,1,0.658248,0.656538,0.638155
Charles_Mathews_0001|Charles_Mathews_0002,1,0.612513,0.552118,0.571808
Christine_Ebersole_0001|Christine_Ebersole_0002,1,0.651938,0.589986,0.616935
Claudia_Schiffer_0001|Claudia_Schiffer_0002,1,0.673552,0.651208,0.671865
Condoleezza_Rice_0001|Condoleezza_Rice_0004,1,0.610449,0.657174,0.651463
Condoleezza_Rice_0002|Condoleezza_Rice_0010,1,0.750916,0.717997,0.740786
Condoleezza_Rice_0004|Condoleezza_Rice_0005,1,0.835002,0.814492,0.813614
Condoleezza_Rice_0008|Condoleezza_Rice_0009,1,0.694500,0.680352,0.692016
Condoleezza_Rice_0009|Condoleezza_Rice_0010,1,0.702937,0.702367,0.689920
Costas_Simitis_0001|Costas_Simitis_0004,1,0.582291,0.573479,0.590360
Costas_Simitis_0001|Costas_Simitis_0005,1,0.628501,0.610917,0.584660
Costas_Simitis_0003|Costas_Simitis_0005,1,0.535811,0.535531,0.491923
Costas_Simitis_0004|Costas_Simitis_0006,1,0.556217,0.562119,0.545944
Cristina_Saralegui_0001|Cristina_Saralegui_0002,1,0.695552,0.692951,0.669585
Cruz_Bustamante_0001|Cruz_Bustamante_0004,1,0.686448,0.684052,0.697802
Cruz_Bustamante_0003|Cruz_Bustamante_0005,1,0.575095,0.563774,0.569605
David_Heymann_0003|David_Heymann_0005,1,0.786027,0.764595,0.760718
Diana_Krall_0001|Diana_Krall_0006,1,0.641964,0.612489,0.629590
Diana_Krall_0003|Diana_Krall_0004,1,0.544504,0.506258,0.543990
Diana_Munz_0001|Diana_Munz_0003,1,0.596777,0.576543,0.560465
Diana_Munz_0002|Diana_Munz_0003,1,0.659270,0.656492,0.633887
Dominique_de_Villepin_0002|Dominique_de_Villepin_0013,1,0.508295,0.470135,0.489289
Dominique_de_Villepin_0003|Dominique_de_Villepin_0008,1,0.520081,0.483833,0.507686
Dominique_de_Villepin_0003|Dominique_de_Villepin_0010,1,0.536502,0.527840,0.487863
Dominique_de_Villepin_0007|Dominique_de_Villepin_0011,1,0.542248,0.481638,0.547562
Dominique_de_Villepin_0010|Dominique_de_Villepin_0014,1,0.550424,0.538532,0.534833
Dominique_de_Villepin_0011|Dominique_de_Villepin_0012,1,0.615945,0.576465,0.575317
Don_Siegelman_0001|Don_Siegelman_0003,1,0.662737,0.657994,0.632654
Don_Siegelman_0002|Don_Siegelman_0004,1,0.628498,0.640031,0.621288
Donald_Pettit_0001|Donald_Pettit_0002,1,0.634513,0.613808,0.639829
Donald_Pettit_0001|Donald_Pettit_0003,1,0.734052,0.706475,0.707919
Donald_Pettit_0002|Donald_Pettit_0003,1,0.624482,0.611019,0.625319
Doug_Collins_0001|Doug_Collins_0002,1,0.428617,0.445358,0.437064
Edward_James_Olmos_0001|Edward_James_Olmos_0002,1,0.655241,0.627343,0.605011
Elin_Nordegren_0001|Elin_Nordegren_0002,1,0.485725,0.461966,0.478174
Elizabeth_Taylor_0001|Elizabeth_Taylor_0002,1,0.470522,0.449767,0.439913
Ellen_DeGeneres_0001|Ellen_DeGeneres_0002,1,0.605581,0.592380,0.596831
Elton_John_0001|Elton_John_0004,1,0.522482,0.504846,0.505411
Elton_John_0002|Elton_John_0003,1,0.571200,0.574677,0.554067
Elton_John_0003|Elton_John_0006,1,0.520481,0.510673,0.503932
Elton_John_0005|Elton_John_0006,1,0.632696,0.598904,0.607227
Elton_John_0005|Elton_John_0007,1,0.532177,0.491944,0.509796
Emma_Watson_0002|Emma_Watson_0003,1,0.726351,0.681628,0.716245
Emma_Watson_0003|Emma_Watson_0004,1,0.637636,0.632091,0.602900
Emma_Watson_0003|Emma_Watson_0005,1,0.665554,0.668226,0.661061
Fabrice_Santoro_0001|Fabrice_Santoro_0003,1,0.467715,0.434611,0.451674
Fabrice_Santoro_0002|Fabrice_Santoro_0003,1,0.472523,0.459033,0.462744
Flavia_Delaroli_0001|Flavia_Delaroli_0002,1,0.527670,0.505111,0.523292
George_Lopez_0001|George_Lopez_0004,1,0.587809,0.602237,0.593608
George_Lopez_0002|George_Lopez_0004,1,0.515589,0.503787,0.494803
George_Lopez_0002|George_Lopez_0005,1,0.598085,0.578114,0.575328
George_Lopez_0004|George_Lopez_0005,1,0.861130,0.843321,0.853131
Gerard_Depardieu_0001|Gerard_Depardieu_0002,1,0.844437,0.827355,0.806349
Gerhard_Schroeder_0005|Gerhard_Schroeder_0043,1,0.688650,0.652375,0.662623
Gerhard_Schroeder_0017|Gerhard_Schroeder_0025,1,0.763331,0.771482,0.753954
Gerhard_Schroeder_0027|Gerhard_Schroeder_0032,1,0.580321,0.564507,0.593418
Gerhard_Schroeder_0045|Gerhard_Schroeder_0067,1,0.640876,0.598316,0.622789
Gerhard_Schroeder_0066|Gerhard_Schroeder_0100,1,0.521395,0.471456,0.493341
Gilberto_Rodriguez_Orejuela_0001|Gilberto_Rodriguez_Orejuela_0003,1,0.646816,0.649273,0.620747
Gilberto_Rodriguez_Orejuela_0002|Gilberto_Rodriguez_Orejuela_0003,1,0.792389,0.764700,0.773006
Gilberto_Rodriguez_Orejuela_0003|Gilberto_Rodriguez_Orejuela_0004,1,0.573531,0.583143,0.568711
Giuseppe_Gibilisco_0001|Giuseppe_Gibilisco_0003,1,0.575673,0.560237,0.571677
Giuseppe_Gibilisco_0001|Giuseppe_Gibilisco_0004,1,0.531027,0.542701,0.514454
Giuseppe_Gibilisco_0003|Giuseppe_Gibilisco_0004,1,0.638336,0.641038,0.645428
Guillermo_Canas_0001|Guillermo_Canas_0002,1,0.714723,0.749766,0.718365
Guillermo_Canas_0001|Guillermo_Canas_0003,1,0.557234,0.526052,0.545594
Guillermo_Canas_0002|Guillermo_Canas_0004,1,0.464963,0.480177,0.431159
Guillermo_Canas_0003|Guillermo_Canas_0004,1,0.601054,0.586096,0.583551
Hans_Blix_0007|Hans_Blix_0008,1,0.552473,0.536882,0.517050
Hans_Blix_0007|Hans_Blix_0018,1,0.437042,0.427331,0.423015
Hans_Blix_0007|Hans_Blix_0038,1,0.481332,0.417976,0.416943
Hans_Blix_0008|Hans_Blix_0024,1,0.610216,0.600192,0.590435
Hans_Blix_0009|Hans_Blix_0012,1,0.616355,0.553517,0.568991
Hans_Blix_0026|Hans_Blix_0036,1,0.471227,0.455800,0.435703
Hans_Blix_0027|Hans_Blix_0037,1,0.586169,0.584425,0.561842
Hans_Blix_0031|Hans_Blix_0037,1,0.586131,0.574589,0.532724
Heath_Ledger_0001|Heath_Ledger_0002,1,0.441650,0.461599,0.461394
Heath_Ledger_0001|Heath_Ledger_0004,1,0.590947,0.582136,0.585680
Heath_Ledger_0002|Heath_Ledger_0003,1,0.575840,0.577873,0.575446
Heath_Ledger_0002|Heath_Ledger_0004,1,0.555851,0.514641,0.557513
Herta_Daeubler-Gmelin_0001|Herta_Daeubler-Gmelin_0002,1,0.746941,0.714205,0.706123
Hilary_Duff_0001|Hilary_Duff_0003,1,0.616405,0.618799,0.579013
Hilary_Duff_0002|Hilary_Duff_0003,1,0.485418,0.486974,0.448621
Hosni_Mubarak_0006|Hosni_Mubarak_0007,1,0.631527,0.617251,0.631249
Hun_Sen_0001|Hun_Sen_0004,1,0.543066,0.561657,0.558392
Hun_Sen_0002|Hun_Sen_0004,1,0.528480,0.527608,0.511798
Iain_Duncan_Smith_0001|Iain_Duncan_Smith_0003,1,0.619491,0.590678,0.594114
Iain_Duncan_Smith_0002|Iain_Duncan_Smith_0003,1,0.661838,0.603766,0.597930
Iain_Duncan_Smith_0002|Iain_Duncan_Smith_0004,1,0.669127,0.633576,0.659986
Iain_Duncan_Smith_0003|Iain_Duncan_Smith_0004,1,0.707966,0.643823,0.649709
Inocencio_Arias_0001|Inocencio_Arias_0002,1,0.499084,0.476481,0.472163
JK_Rowling_0001|JK_Rowling_0002,1,0.510985,0.520161,0.490818
JK_Rowling_0002|JK_Rowling_0003,1,0.615688,0.594764,0.602858
JK_Rowling_0002|JK_Rowling_0004,1,0.748132,0.729973,0.740684
JK_Rowling_0003|JK_Rowling_0005,1,0.619769,0.579459,0.614234
Jackie_Chan_0001|Jackie_Chan_0003,1,0.727631,0.709008,0.710129
Jackie_Chan_0005|Jackie_Chan_0008,1,0.583097,0.579379,0.569104
Jane_Kaczmarek_0001|Jane_Kaczmarek_0002,1,0.738699,0.718908,0.721062
Janet_Napolitano_0001|Janet_Napolitano_0002,1,0.733633,0.715163,0.732188
Janet_Napolitano_0001|Janet_Napolitano_0004,1,0.657700,0.646178,0.642144
Jay_Leno_0001|Jay_Leno_0003,1,0.525578,0.469003,0.515808
Jay_Leno_0002|Jay_Leno_0003,1,0.635962,0.587659,0.620631
Jean-David_Levitte_0001|Jean-David_Levitte_0002,1,0.737629,0.732681,0.743005
Jean-David_Levitte_0001|Jean-David_Levitte_0004,1,0.473221,0.460807,0.467643
Jean-David_Levitte_0002|Jean-David_Levitte_0005,1,0.654065,0.602849,0.643690
Jean-David_Levitte_0003|Jean-David_Levitte_0004,1,0.520941,0.490227,0.491489
Jean-David_Levitte_0004|Jean-David_Levitte_0009,1,0.558365,0.547561,0.560578
Jeff_Van_Gundy_0001|Jeff_Van_Gundy_0002,1,0.609133,0.605661,0.615055
Jeff_Van_Gundy_0001|Jeff_Van_Gundy_0003,1,0.388611,0.379060,0.374299
Jeff_Van_Gundy_0002|Jeff_Van_Gundy_0003,1,0.529963,0.526917,0.512910
Jim_Furyk_0001|Jim_Furyk_0006,1,0.755234,0.714646,0.721799
Jim_Furyk_0003|Jim_Furyk_0006,1,0.702396,0.675214,0.654328
John_Garamendi_0001|John_Garamendi_0002,1,0.625921,0.585443,0.588434
John_Rigas_0001|John_Rigas_0002,1,0.717684,0.668779,0.705485
John_Warner_0001|John_Warner_0002,1,0.622177,0.596157,0.622896
John_Warner_0001|John_Warner_0003,1,0.633873,0.601483,0.606735
John_Warner_0002|John_Warner_0004,1,0.637945,0.619223,0.631154
John_Warner_0003|John_Warner_0004,1,0.740213,0.693119,0.722947
Julia_Tymoshenko_0001|Julia_Tymoshenko_0002,1,0.388829,0.380026,0.373429
Julia_Tymoshenko_0001|Julia_Tymoshenko_0003,1,0.347992,0.346255,0.318144
Julia_Tymoshenko_0002|Julia_Tymoshenko_0003,1,0.530561,0.483822,0.499961
Keith_Bogans_0001|Keith_Bogans_0003,1,0.512159,0.462545,0.490571
Keith_Bogans_0002|Keith_Bogans_0003,1,0.731741,0.739034,0.726000
Ken_Macha_0001|Ken_Macha_0003,1,0.396588,0.391771,0.394465
Ken_Macha_0002|Ken_Macha_0003,1,0.217314,0.269638,0.237221
Kenneth_Bowersox_0001|Kenneth_Bowersox_0002,1,0.701232,0.704197,0.692384
Kenneth_Bowersox_0001|Kenneth_Bowersox_0003,1,0.702934,0.694824,0.677273
Kenneth_Bowersox_0002|Kenneth_Bowersox_0003,1,0.759691,0.719852,0.726735
Kristanna_Loken_0001|Kristanna_Loken_0002,1,0.610509,0.579859,0.587240
Kristanna_Loken_0003|Kristanna_Loken_0004,1,0.323405,0.296558,0.306813
Kristanna_Loken_0004|Kristanna_Loken_0005,1,0.605009,0.571012,0.561409
LK_Advani_0001|LK_Advani_0002,1,0.537560,0.528910,0.519749
LK_Advani_0001|LK_Advani_0003,1,0.549217,0.492283,0.520021
Lauren_Killian_0001|Lauren_Killian_0002,1,0.675339,0.634907,0.644094
Lennox_Lewis_0001|Lennox_Lewis_0002,1,0.563260,0.561425,0.551326
Lennox_Lewis_0001|Lennox_Lewis_0003,1,0.515146,0.542410,0.496017
Lili_Taylor_0001|Lili_Taylor_0002,1,0.512132,0.486511,0.518914
Lily_Tomlin_0001|Lily_Tomlin_0002,1,0.507792,0.490921,0.495488
Lon_Kruger_0001|Lon_Kruger_0002,1,0.677779,0.609705,0.633483
Lynn_Abraham_0001|Lynn_Abraham_0002,1,0.775544,0.757609,0.752060
Mahmoud_Abbas_0007|Mahmoud_Abbas_0011,1,0.624354,0.569626,0.600923
Mahmoud_Abbas_0015|Mahmoud_Abbas_0020,1,0.586262,0.553156,0.554520
Mahmoud_Abbas_0022|Mahmoud_Abbas_0027,1,0.738656,0.717085,0.716143
Mark_Richt_0001|Mark_Richt_0002,1,0.489704,0.462919,0.462146
Mark_Richt_0001|Mark_Richt_0003,1,0.553870,0.523111,0.523410
Mary-Kate_Olsen_0001|Mary-Kate_Olsen_0002,1,0.651708,0.622013,0.609844
Mary-Kate_Olsen_0002|Mary-Kate_Olsen_0003,1,0.493348,0.476262,0.458630
Matt_Dillon_0001|Matt_Dillon_0002,1,0.526866,0.463508,0.481393
Max_Mayfield_0001|Max_Mayfield_0002,1,0.660342,0.606326,0.616037
Megan_Mullally_0001|Megan_Mullally_0002,1,0.280679,0.258236,0.274189
Megan_Mullally_0001|Megan_Mullally_0003,1,0.327624,0.357179,0.312167
Michael_Caine_0001|Michael_Caine_0002,1,0.503202,0.497553,0.492230
Michael_Caine_0001|Michael_Caine_0003,1,0.588190,0.584951,0.549454
Michael_Caine_0003|Michael_Caine_0004,1,0.645789,0.640954,0.614504
Michael_J_Sheehan_0001|Michael_J_Sheehan_0002,1,0.739358,0.736485,0.722138
Michael_Keaton_0001|Michael_Keaton_0002,1,0.667057,0.635165,0.643326
Michael_Powell_0001|Michael_Powell_0002,1,0.646718,0.659257,0.645585
Michael_Powell_0001|Michael_Powell_0003,1,0.553566,0.534184,0.533162
Michael_Powell_0001|Michael_Powell_0005,1,0.648039,0.615982,0.627376
Michael_Powell_0002|Michael_Powell_0003,1,0.743684,0.729848,0.747152
Michael_Powell_0002|Michael_Powell_0004,1,0.752272,0.743614,0.741486
Michael_Powell_0002|Michael_Powell_0005,1,0.566604,0.594899,0.587368
Michael_Powell_0004|Michael_Powell_0005,1,0.620956,0.600696,0.594201
Miguel_Contreras_0001|Miguel_Contreras_0002,1,0.523948,0.496907,0.477835
Mike_Weir_0001|Mike_Weir_0006,1,0.508493,0.512371,0.484567
Mike_Weir_0003|Mike_Weir_0011,1,0.510242,0.478481,0.462504
Mikhail_Kasyanov_0001|Mikhail_Kasyanov_0002,1,0.720373,0.694824,0.698025
Mikhail_Kasyanov_0001|Mikhail_Kasyanov_0003,1,0.650755,0.611216,0.647221
Mikhail_Kasyanov_0003|Mikhail_Kasyanov_0004,1,0.847051,0.819553,0.846420
Mohammed_Baqir_al-Hakim_0001|Mohammed_Baqir_al-Hakim_0003,1,0.796258,0.783749,0.767741
Monica_Lewinsky_0001|Monica_Lewinsky_0002,1,0.500208,0.455226,0.484680
Monica_Lewinsky_0001|Monica_Lewinsky_0003,1,0.504202,0.476651,0.469189
Monica_Lewinsky_0002|Monica_Lewinsky_0003,1,0.503505,0.499655,0.507735
Nan_Wang_0001|Nan_Wang_0003,1,0.644996,0.625639,0.622937
Nan_Wang_0002|Nan_Wang_0003,1,0.603823,0.560104,0.585995
Nan_Wang_0003|Nan_Wang_0004,1,0.638543,0.610844,0.590953
Nancy_Demme_0001|Nancy_Demme_0002,1,0.773709,0.749316,0.736338
Nancy_Reagan_0001|Nancy_Reagan_0002,1,0.488667,0.509039,0.491413
Naoto_Kan_0001|Naoto_Kan_0003,1,0.922546,0.908952,0.914473
Naoto_Kan_0002|Naoto_Kan_0003,1,0.903261,0.890541,0.890442
Natasha_McElhone_0001|Natasha_McElhone_0002,1,0.863679,0.823367,0.830128
Natasha_McElhone_0001|Natasha_McElhone_0003,1,0.792155,0.776507,0.781664
Neri_Marcore_0001|Neri_Marcore_0002,1,0.648849,0.622548,0.621815
Nicholas_Tse_0001|Nicholas_Tse_0002,1,0.537405,0.527255,0.530001
Nicolas_Escude_0001|Nicolas_Escude_0002,1,0.714490,0.700626,0.713769
Noelle_Bush_0001|Noelle_Bush_0003,1,0.668287,0.663192,0.646240
Noelle_Bush_0001|Noelle_Bush_0004,1,0.567647,0.558789,0.544833
Noelle_Bush_0002|Noelle_Bush_0004,1,0.624734,0.596197,0.605444
Orrin_Hatch_0001|Orrin_Hatch_0002,1,0.521174,0.456913,0.513304
Padraig_Harrington_0001|Padraig_Harrington_0003,1,0.504780,0.476222,0.479858
Pedro_Almodovar_0001|Pedro_Almodovar_0002,1,0.731431,0.724531,0.722331
Pedro_Almodovar_0003|Pedro_Almodovar_0005,1,0.463362,0.424940,0.398049
Pedro_Almodovar_0005|Pedro_Almodovar_0006,1,0.821916,0.813952,0.815606
Penelope_Ann_Miller_0001|Penelope_Ann_Miller_0002,1,0.717805,0.722891,0.713469
Peter_Arnett_0001|Peter_Arnett_0003,1,0.562506,0.555110,0.540025
Peter_Arnett_0002|Peter_Arnett_0003,1,0.544459,0.532740,0.549844
Petria_Thomas_0001|Petria_Thomas_0002,1,0.779263,0.762651,0.751591
Petro_Symonenko_0001|Petro_Symonenko_0002,1,0.651035,0.641196,0.626555
Prince_Charles_0001|Prince_Charles_0002,1,0.807959,0.759154,0.780390
Prince_Charles_0003|Prince_Charles_0004,1,0.620257,0.603810,0.584280
Prince_Charles_0003|Prince_Charles_0005,1,0.604512,0.560860,0.550341
Raoul_Ruiz_0001|Raoul_Ruiz_0002,1,0.713930,0.682629,0.700561
Raoul_Ruiz_0002|Raoul_Ruiz_0003,1,0.669035,0.669969,0.653211
Raoul_Ruiz_0002|Raoul_Ruiz_0004,1,0.766558,0.733427,0.737487
Raoul_Ruiz_0003|Raoul_Ruiz_0004,1,0.751032,0.750695,0.743595
Ricky_Ponting_0001|Ricky_Ponting_0002,1,0.642285,0.617614,0.615359
Robert_Stack_0001|Robert_Stack_0002,1,0.711668,0.685656,0.668373
Robin_Cook_0001|Robin_Cook_0002,1,0.748576,0.744879,0.740844
Roger_Federer_0004|Roger_Federer_0005,1,0.591123,0.571737,0.563325
Roger_Federer_0004|Roger_Federer_0007,1,0.586612,0.577172,0.563809
Roger_Federer_0006|Roger_Federer_0007,1,0.875144,0.862846,0.866662
Ronaldo_Luis_Nazario_de_Lima_0001|Ronaldo_Luis_Nazario_de_Lima_0004,1,0.826800,0.817351,0.813332
Ronaldo_Luis_Nazario_de_Lima_0002|Ronaldo_Luis_Nazario_de_Lima_0003,1,0.674094,0.656099,0.664204
Ronaldo_Luis_Nazario_de_Lima_0002|Ronaldo_Luis_Nazario_de_Lima_0004,1,0.606521,0.602063,0.582050
Ronaldo_Luis_Nazario_de_Lima_0003|Ronaldo_Luis_Nazario_de_Lima_0004,1,0.700670,0.678400,0.679945
Roy_Williams_0001|Roy_Williams_0003,1,0.527774,0.551743,0.520772
Roy_Williams_0002|Roy_Williams_0004,1,0.414448,0.445587,0.404137
Sally_Ride_0001|Sally_Ride_0002,1,0.551992,0.533719,0.540168
Scott_McNealy_0001|Scott_McNealy_0002,1,0.625027,0.582607,0.582165
Scott_Peterson_0001|Scott_Peterson_0002,1,0.535507,0.520036,0.509717
Scott_Peterson_0001|Scott_Peterson_0005,1,0.596893,0.549723,0.562110
Scott_Peterson_0002|Scott_Peterson_0005,1,0.537722,0.529480,0.508636
Scott_Peterson_0003|Scott_Peterson_0004,1,0.569316,0.552987,0.516623
Scott_Ritter_0001|Scott_Ritter_0002,1,0.644295,0.619868,0.614162
Sean_OKeefe_0003|Sean_OKeefe_0004,1,0.688998,0.686401,0.680088
Sean_Penn_0001|Sean_Penn_0002,1,0.692826,0.686251,0.694923
Sean_Penn_0002|Sean_Penn_0003,1,0.700217,0.688213,0.691954
Sebastien_Grosjean_0001|Sebastien_Grosjean_0002,1,0.557658,0.500949,0.511727
Sebastien_Grosjean_0001|Sebastien_Grosjean_0004,1,0.598549,0.530966,0.549934
Sharon_Stone_0001|Sharon_Stone_0002,1,0.360018,0.399556,0.361246
Sharon_Stone_0001|Sharon_Stone_0003,1,0.337175,0.327475,0.328323
Sharon_Stone_0001|Sharon_Stone_0004,1,0.333618,0.374756,0.335426
Sharon_Stone_0001|Sharon_Stone_0005,1,0.385946,0.406860,0.411802
Sharon_Stone_0002|Sharon_Stone_0004,1,0.448906,0.460571,0.409290
Sonia_Gandhi_0001|Sonia_Gandhi_0003,1,0.676376,0.685346,0.665798
Sonia_Gandhi_0001|Sonia_Gandhi_0004,1,0.548231,0.533182,0.576609
Steve_Backley_0001|Steve_Backley_0002,1,0.706631,0.676814,0.691807
Steven_Hatfill_0001|Steven_Hatfill_0002,1,0.666055,0.643485,0.650606
Tassos_Papadopoulos_0001|Tassos_Papadopoulos_0003,1,0.704858,0.685721,0.677280
Taufik_Hidayat_0001|Taufik_Hidayat_0002,1,0.858520,0.844768,0.836038
Taufik_Hidayat_0001|Taufik_Hidayat_0003,1,0.681069,0.642155,0.665809
Taufik_Hidayat_0002|Taufik_Hidayat_0003,1,0.702683,0.678279,0.687909
Thomas_Malchow_0001|Thomas_Malchow_0002,1,0.666610,0.645429,0.627140
Tom_Cruise_0003|Tom_Cruise_0005,1,0.558009,0.577874,0.566732
Tom_Cruise_0004|Tom_Cruise_0010,1,0.458730,0.480174,0.431511
Tom_Cruise_0006|Tom_Cruise_0010,1,0.750379,0.763809,0.744913
Toni_Braxton_0001|Toni_Braxton_0003,1,0.423096,0.460914,0.433141
Wayne_Gretzky_0001|Wayne_Gretzky_0002,1,0.749338,0.668087,0.696582
Wayne_Gretzky_0001|Wayne_Gretzky_0004,1,0.546921,0.524712,0.535542
William_Bulger_0001|William_Bulger_0003,1,0.578824,0.556465,0.581260
William_Bulger_0002|William_Bulger_0004,1,0.521517,0.442237,0.481935
Winona_Ryder_0012|Winona_Ryder_0013,1,0.563201,0.552333,0.575289
Winona_Ryder_0012|Winona_Ryder_0018,1,0.608393,0.593089,0.583848
Winona_Ryder_0012|Winona_Ryder_0019,1,0.624676,0.604929,0.604353
Xanana_Gusmao_0001|Xanana_Gusmao_0004,1,0.707503,0.695976,0.679131
Xanana_Gusmao_0002|Xanana_Gusmao_0003,1,0.492166,0.457835,0.440243
Xanana_Gusmao_0003|Xanana_Gusmao_0005,1,0.459412,0.440562,0.428050
Xanana_Gusmao_0004|Xanana_Gusmao_0005,1,0.431816,0.429698,0.398970
Yann_Martel_0001|Yann_Martel_0002,1,0.781113,0.732734,0.727444
Yashwant_Sinha_0001|Yashwant_Sinha_0003,1,0.646844,0.599619,0.626293
Yashwant_Sinha_0001|Yashwant_Sinha_0005,1,0.632723,0.614056,0.625079
Yashwant_Sinha_0005|Yashwant_Sinha_0007,1,0.722090,0.694791,0.718587
Aaron_Guiel_0001|Pascal_Rheaume_0001,0,-0.155608,-0.122715,-0.159607
Aaron_Guiel_0001|Steve_Zahn_0001,0,0.068094,0.080256,0.054689
Adrian_Nastase_0002|Princess_Victoria_0001,0,0.028197,0.020415,0.003139
Ahmed_Chalabi_0001|Rosario_Dawson_0001,0,-0.066293,-0.019601,-0.033478
Ahmed_Ghazi_0001|Julia_Tymoshenko_0003,0,0.051917,0.049307,0.044890
Ahmet_Demir_0001|Wally_Szczerbiak_0001,0,-0.011352,0.007221,-0.023094
Ain_Seppik_0001|Gerhard_Schroeder_0055,0,0.035589,0.025741,0.004924
Ain_Seppik_0001|Misty_Dawn_Clymer_0001,0,0.073832,0.099094,0.065926
Ain_Seppik_0001|Raoul_Ruiz_0001,0,-0.019786,-0.021194,-0.017167
Ain_Seppik_0001|Susan_Whelan_0001,0,-0.061537,-0.045722,-0.061314
Aishwarya_Rai_0001|Chloe_Sevigny_0001,0,-0.070727,-0.087848,-0.063990
Aishwarya_Rai_0001|Dinah_Turner_0001,0,0.057671,0.086074,0.087109
Aishwarya_Rai_0001|Rosario_Dawson_0001,0,0.078999,0.129311,0.097764
Alan_Zemaitis_0001|Lauren_Killian_0001,0,0.087234,0.065690,0.083634
Alex_Cejka_0001|Taufik_Hidayat_0002,0,-0.054001,-0.024663,-0.066946
Alexandre_Daigle_0001|Brent_Coles_0001,0,-0.098248,-0.051779,-0.059953
Ali_Bin_Hussein_0001|Ben_Cahoon_0001,0,-0.057880,-0.063974,-0.071748
Ali_Bin_Hussein_0001|Oswald_Gruebel_0001,0,-0.039913,-0.012551,0.008534
Ali_Bin_Hussein_0001|Raf_Vallone_0001,0,0.040026,0.020702,0.028443
Alimzhan_Tokhtakhounov_0001|Jeane_Kirkpatrick_0001,0,-0.093312,-0.064032,-0.099062
Alimzhan_Tokhtakhounov_0002|Butch_Davis_0001,0,0.125125,0.097589,0.114252
Alisha_Richman_0001|Camille_Lewis_0001,0,-0.104002,-0.121634,-0.134832
Alisha_Richman_0001|Katerina_Smrzova_0001,0,0.055124,0.113357,0.076732
Alisha_Richman_0001|Miguel_Rosseto_0001,0,0.066723,0.081020,0.064810
Amelie_Mauresmo_0003|Laura_Flessel_0001,0,0.047497,0.090171,0.060679
Amelie_Mauresmo_0018|Bob_Colvin_0001,0,0.106335,0.139047,0.122849
Ana_Claudia_Talancon_0001|Piers_Sellers_0001,0,0.007998,0.078293,0.055196
Andrea_Kiser_0001|Ellen_Barkin_0001,0,-0.076305,-0.038702,-0.081780
Andrea_Kiser_0001|Imre_Kertasz_0001,0,0.008360,0.076074,0.067376
Andrea_Kiser_0001|Matt_Dillon_0001,0,-0.096840,-0.104555,-0.087761
Andrea_Kiser_0001|Yann_Martel_0002,0,0.017821,0.016227,0.030570
Andres_DAlessandro_0001|Leticia_Van_de_Putte_0001,0,-0.086871,-0.094442,-0.078719
Andres_DAlessandro_0001|Ronaldo_Luis_Nazario_de_Lima_0001,0,0.081454,0.102943,0.071951
Anette_Hosoi_0001|Rolf_Zimmermann_0001,0,-0.081096,-0.090574,-0.109627
Anette_Hosoi_0001|Sheila_Taormina_0001,0,0.230818,0.277892,0.235264
Anette_Hosoi_0001|Tora_Takagi_0001,0,0.008496,0.035915,0.005079
Angelo_Reyes_0001|Chip_Knight_0001,0,0.023829,-0.007837,0.009637
Angelo_Reyes_0001|Oliver_Neuville_0001,0,-0.078540,-0.058714,-0.090216
Anne_Heche_0001|Sasha_Alexander_0001,0,-0.008862,0.018789,-0.000170
Anne_Heche_0001|Tanya_Lindenmuth_0001,0,0.019577,0.108855,0.048093
Antje_Buschschulte_0001|Jerry_Angelo_0001,0,0.073463,0.098837,0.072755
Anton_Balasingham_0001|Matt_Siebrandt_0001,0,-0.052085,-0.048892,-0.053518
Anton_Balasingham_0001|Will_Ferrell_0001,0,-0.004244,-0.020644,-0.026047
Armando_Avila_Panchame_0001|Monica_Gabrielle_0001,0,0.012610,0.041878,0.000232
Armando_Avila_Panchame_0001|Retief_Goosen_0001,0,0.030405,0.038085,0.029450
BJ_Habibie_0001|Craig_MacTavish_0001,0,0.072559,0.101778,0.070713
Baz_Luhrmann_0001|Danny_Avalon_0001,0,0.027260,0.023449,0.035458
Begum_Khaleda_Zia_0001|Eric_Idle_0001,0,0.099613,0.104882,0.096161
Begum_Khaleda_Zia_0001|Michael_Andretti_0001,0,0.052332,0.028355,0.044956
Begum_Khaleda_Zia_0001|Picabo_Street_0001,0,-0.069994,-0.028986,-0.047724
Ben_Cahoon_0001|Nate_Blackwell_0001,0,0.129519,0.098986,0.111349
Ben_Cahoon_0001|Roy_Williams_0003,0,-0.017404,0.006721,0.019496
Ben_Curtis_0003|Jim_Calhoun_0001,0,0.013798,0.074691,0.053480
Benicio_Del_Toro_0001|Elizabeth_Taylor_0001,0,0.087500,0.079375,0.088958
Benicio_Del_Toro_0001|Ismail_Khan_0001,0,0.034514,0.006887,0.021588
Benicio_Del_Toro_0001|Tonya_Payne_0001,0,-0.060790,-0.007235,-0.047489
Bijan_Namdar_Zangeneh_0001|Petro_Symonenko_0001,0,-0.039054,0.002289,-0.050156
Billy_Graham_0001|Karin_Pilsaeter_0001,0,0.070155,0.073978,0.075560
Billy_Graham_0001|Piers_Sellers_0001,0,0.072009,0.072137,0.066837
Billy_Graham_0002|Howard_Wilkinson_0001,0,0.056065,0.081204,0.036151
Bob_Colvin_0002|Janet_Napolitano_0001,0,0.080907,0.095482,0.105301
Boris_Henry_0001|John_Reid_0002,0,-0.017328,-0.008380,-0.030388
Brandon_Boyd_0001|James_Brosnahan_0001,0,-0.080345,-0.058220,-0.070717
Brandon_Boyd_0001|Neil_Moritz_0001,0,-0.056596,-0.050924,-0.060843
Brent_Coles_0001|Zoe_Ball_0001,0,-0.044029,-0.020443,-0.036150
Brett_Hull_0001|Gregorio_Rosal_0001,0,0.057381,0.088073,0.060196
Brett_Hull_0001|Kirsten_Clark_0001,0,0.036544,0.050159,0.047976
Brett_Hull_0001|Ralph_Nader_0001,0,0.190497,0.173741,0.189427
Brett_Perry_0001|Neri_Marcore_0001,0,0.021735,0.053476,0.009531
Bruce_Willis_0001|Carlos_Juarez_0001,0,0.077581,0.123024,0.095624
Bruce_Willis_0001|Jim_Carrey_0001,0,-0.102631,-0.077845,-0.107567
Bruce_Willis_0001|Petria_Thomas_0002,0,0.040948,0.092616,0.059769
Bryant_Young_0001|Jim_Bollman_0001,0,0.020674,0.081291,0.053258
Bryant_Young_0001|Maurice_Cheeks_0001,0,-0.004366,0.017661,0.018435
Buddy_Ryan_0001|James_Brosnahan_0001,0,-0.041405,-0.008019,-0.032672
Buddy_Ryan_0001|Nancy_Reagan_0002,0,0.004582,0.040547,-0.003860
Butch_Davis_0002|Herta_Daeubler-Gmelin_0002,0,-0.053360,-0.107138,-0.100213
Byron_Scott_0001|Jane_Clayson_0001,0,0.043078,0.045325,0.017286
Camille_Lewis_0001|Lincoln_Chafee_0001,0,0.087586,0.091015,0.091819
Camille_Lewis_0001|Nathirah_Hussein_0001,0,-0.116757,-0.060052,-0.068529
Carol_Burnett_0001|Raf_Vallone_0001,0,-0.075420,-0.036211,-0.076437
Carol_Niedermayer_0001|Kristin_Scott_0001,0,0.128765,0.135496,0.106135
Catherine_Ndereba_0001|Janet_Napolitano_0004,0,0.033912,0.053726,0.028427
Chandrika_Kumaratunga_0001|Kevin_Satterfield_0001,0,-0.044437,-0.059848,-0.018163
Charles_Mathews_0001|Will_Ferrell_0001,0,0.053623,0.041403,0.031037
Charles_Mathews_0002|Kristin_Scott_0001,0,-0.057522,-0.053626,-0.063863
Charlie_Garner_0001|Luo_Linquan_0001,0,0.144570,0.127964,0.150763
Charlie_Williams_0001|Julia_Tymoshenko_0001,0,0.036927,0.041363,0.021171
Cheryl_Ford_0001|Chris_Cookson_0001,0,-0.033786,-0.030768,-0.056682
Chip_Knight_0001|Ronald_Post_0001,0,-0.076104,-0.043074,-0.064554
Chloe_Sevigny_0001|Emyr_Jones_Parry_0001,0,-0.150462,-0.112285,-0.091538
Chloe_Sevigny_0001|Petria_Thomas_0003,0,-0.138654,-0.120076,-0.131320
Chris_Cornell_0001|Desmon_Farmer_0001,0,0.017280,0.047814,0.012641
Christine_Ebersole_0002|Paul_Walker_0001,0,-0.018308,0.015198,0.007277
Christoph_Daum_0001|Scott_Hubbard_0001,0,-0.058791,-0.037160,-0.041871
Christopher_Conyers_0001|Michael_Milton_0001,0,0.031268,0.016295,0.017200
Christopher_Conyers_0001|Raoul_Ruiz_0001,0,-0.031140,-0.090695,-0.094199
Chuck_Bednarik_0001|Mario_Jardel_0001,0,-0.053625,0.003978,-0.028642
Cindy_Zagorski_0001|Rosie_Perez_0001,0,0.143109,0.200175,0.170655
Claudia_Schiffer_0001|Lynn_Abraham_0002,0,-0.147519,-0.145373,-0.119229
Claudia_Schiffer_0003|Lin_Yung_Hsi_0001,0,-0.144625,-0.102208,-0.137758
Colin_Cowie_0001|Mstislav_Rostropovich_0001,0,-0.067130,-0.043933,-0.061200
Condoleezza_Rice_0002|Mehmet_Okur_0001,0,0.072130,0.092289,0.082014
Condoleezza_Rice_0007|Ryan_Nyquist_0001,0,0.033053,-0.007721,-0.007450
Costas_Simitis_0002|Lorraine_Fenton_0001,0,-0.000578,0.029938,-0.001793
Craig_MacTavish_0001|Vince_Dooley_0001,0,-0.039297,0.013592,-0.030604
Cristina_Saralegui_0001|Dave_Robertson_0001,0,0.132498,0.116927,0.134057
Cruz_Bustamante_0002|Dean_Barkley_0003,0,-0.067505,-0.042481,-0.071157
Cyndi_Thompson_0001|Nicolas_Escude_0002,0,-0.019935,-0.023696,-0.034499
Cyndi_Thompson_0002|Owen_Nolan_0001,0,0.009437,0.007610,-0.008463
Dalia_Rabin-Pelosoff_0001|Sean_Combs_0001,0,-0.006381,-0.013176,-0.014227
Daniel_Darnell_0001|Malcolm_Jamal_Warner_0001,0,-0.148141,-0.127670,-0.152193
Danny_Avalon_0001|Sean_Penn_0002,0,0.009223,0.019633,0.009809
David_Blaine_0001|Nicholas_Tse_0002,0,-0.157443,-0.111339,-0.144520
David_Blaine_0001|Ramon_Delgado_0001,0,0.026178,0.061669,0.024578
David_Heymann_0003|Norm_Macdonald_0001,0,-0.031424,0.009338,-0.052560
David_Surrett_0001|Michael_Taylor_0001,0,0.078618,0.064515,0.060606
David_Tornberg_0001|Ricky_Ponting_0001,0,0.036808,0.035328,0.050289
Deece_Eckstein_0001|Diana_Munz_0001,0,0.049718,0.081603,0.059862
Deece_Eckstein_0001|Tommy_Lewis_0001,0,-0.027780,0.010652,-0.009957
Denis_Coderre_0001|Don_Siegelman_0001,0,0.016445,0.039333,0.008411
Denis_Coderre_0001|John_Eder_0001,0,0.091886,0.087587,0.095830
Desmon_Farmer_0001|Lin_Yung_Hsi_0001,0,0.019474,0.049390,0.050454
Diana_Krall_0004|Ramon_Delgado_0001,0,-0.053831,-0.064939,-0.073002
Dick_Armey_0001|Mehmet_Okur_0001,0,0.043787,0.061605,0.077198
Dinah_Turner_0001|Mekhi_Phifer_0001,0,0.118025,0.135097,0.123523
Dinah_Turner_0001|Tammy_Helm_0001,0,0.039742,0.035302,0.065831
Don_Boudria_0001|Roy_Chaderton_0001,0,0.071664,0.106887,0.082189
Don_Boudria_0001|Sananda_Maitreya_0001,0,-0.043323,-0.012416,-0.036974
Don_Matthews_0001|Kirsten_Clark_0001,0,0.113299,0.059883,0.142720
Don_Matthews_0001|Pa_Kou_Hang_0001,0,0.022705,0.076329,0.014880
Don_Matthews_0001|Peter_Arnett_0002,0,0.099007,0.102693,0.118895
Don_Siegelman_0002|Elizabeth_Taylor_0002,0,0.058934,0.020978,0.029491
Donald_Pettit_0001|Edward_James_Olmos_0002,0,-0.049300,-0.051347,-0.072966
Doug_Collins_0001|Kristanna_Loken_0005,0,-0.088287,-0.080858,-0.097935
Dyana_Calub_0001|Ronald_Post_0001,0,0.055624,0.031566,0.052466
Earl_Counter_0001|Joe_Friedberg_0001,0,-0.124103,-0.097726,-0.104269
Edward_Albee_0001|Nicola_Bono_0001,0,0.121906,0.104985,0.137340
Edward_Belvin_0001|Jacqueline_Gold_0001,0,0.031532,0.002968,0.034228
Edward_James_Olmos_0002|Mariano_Zabaleta_0001,0,0.030305,0.072297,0.030985
Elin_Nordegren_0001|George_Brumley_III_0001,0,-0.037948,-0.004705,-0.026479
Elin_Nordegren_0001|Samantha_Daniels_0001,0,-0.110919,-0.053787,-0.088535
Elin_Nordegren_0002|Leszek_Miller_0003,0,0.132856,0.069502,0.093880
Elisabeth_Welch_0001|Piers_Sellers_0001,0,-0.027849,0.058980,0.014043
Elizabeth_Taylor_0001|Olympia_Dukakis_0001,0,0.128866,0.139677,0.147626
Ellen_DeGeneres_0002|Lorraine_Fenton_0001,0,0.058360,0.096212,0.066968
Elva_Hsiao_0001|Samantha_Daniels_0001,0,-0.071115,-0.052842,-0.069135
Emma_Watson_0002|Henry_Hyde_0001,0,-0.056792,-0.022135,-0.070079
Emyr_Jones_Parry_0001|Sally_Clark_0001,0,0.011480,-0.005148,0.023967
Eric_Ryan_Donnelly_0001|Iain_Duncan_Smith_0001,0,-0.035101,-0.033651,-0.052405
Ernesto_Zedillo_0001|Lenny_Kravitz_0001,0,0.000781,-0.000840,0.007772
Ernesto_Zedillo_0001|Megan_Mullally_0002,0,-0.066727,-0.038494,-0.049774
Erwin_Mapasseng_0001|Hilary_Duff_0003,0,0.008477,0.058589,0.014839
Evelyn_Lauder_0001|Nathan_Powell_0001,0,-0.062673,-0.035642,-0.069298
Fernando_Hierro_0001|Prince_Charles_0002,0,0.050191,0.123498,0.095750
Flavia_Delaroli_0002|John_Warner_0004,0,0.014782,0.027639,0.004500
Flavia_Delaroli_0002|Vanessa_Laine_0001,0,0.044800,0.087469,0.055738
Fran_Drescher_0001|Warren_Truss_0001,0,-0.066120,-0.058457,-0.060947
Fran_Drescher_0002|Jay_Leno_0003,0,-0.022445,-0.001019,-0.006392
Frank_Murkowski_0001|James_Brosnahan_0001,0,0.060726,0.128781,0.091281
Frank_Stallone_0001|Tommy_Lewis_0001,0,0.041028,0.042105,0.027785
Frank_Stallone_0002|Toni_Braxton_0002,0,0.043521,0.041281,0.029252
Gary_Coleman_0001|Koichi_Tanaka_0001,0,-0.006187,-0.018485,-0.014802
Gary_Coleman_0001|Uri_Lopolianski_0001,0,0.076402,0.086752,0.050601
Gary_Sayler_0001|Ralph_Sampson_0001,0,-0.027699,-0.001675,-0.006710
George_Brumley_III_0001|Will_Ferrell_0001,0,0.027218,0.025454,0.007992
George_Lopez_0005|Iain_Duncan_Smith_0001,0,0.066261,0.082125,0.059260
Georgina_Bardach_0001|Henry_Hilow_0001,0,0.026834,0.004708,0.030523
Gilberto_Rodriguez_Orejuela_0003|Lennox_Lewis_0001,0,-0.145945,-0.117262,-0.142620
Gilberto_Rodriguez_Orejuela_0003|Nancy_Demme_0001,0,0.031849,0.057291,0.017176
Gordon_Lightfoot_0001|Lima_Azimi_0001,0,-0.161698,-0.157563,-0.129486
Gordon_Lightfoot_0001|Robert_Nardelli_0001,0,0.069322,0.063698,0.099770
Gracia_Burnham_0001|Jim_Calhoun_0001,0,-0.034461,-0.048065,-0.033862
Gregorio_Rosal_0001|Richard_Greenberg_0001,0,-0.045955,-0.031889,-0.050502
Guenter_Verheugen_0001|Kaspar_Villiger_0001,0,-0.069627,-0.033024,-0.047412
Guillermo_Canas_0001|Tim_Duncan_0002,0,0.044393,0.079637,0.047630
Guillermo_Canas_0002|Michalis_Chrisohoides_0001,0,0.017906,0.033003,0.048535
Hal_McCoy_0001|Rudolph_Holton_0001,0,0.036475,0.053605,0.027084
Hank_Aaron_0001|Steve_Valentine_0001,0,-0.000235,-0.009990,-0.002593
Hans_Eichel_0001|Jimmy_Iovine_0001,0,-0.049886,-0.020811,-0.019650
Hashan_Tillakaratne_0001|John_Warner_0003,0,-0.043150,-0.049507,-0.041358
Heath_Ledger_0002|Melissa_Stark_0001,0,0.034681,0.058639,0.058336
Henry_Hilow_0001|Monica_Gabrielle_0001,0,-0.046167,-0.040990,-0.063824
Herta_Daeubler-Gmelin_0002|Koichi_Tanaka_0001,0,0.011238,-0.011448,-0.008274
Hilary_Duff_0001|Luther_Htu_0001,0,0.077010,0.073164,0.068772
Hun_Sen_0002|John_Rigas_0002,0,-0.102490,-0.129273,-0.109103
Idi_Amin_0001|Stephen_Silas_0001,0,-0.081408,-0.024926,-0.048764
Isabel_Orellana_0001|Spike_Helmick_0001,0,0.024323,0.041226,0.019135
Ismael_Miranda_0001|Janela_Jara_0001,0,0.109190,0.102899,0.083730
Ismael_Miranda_0001|Peter_Greenspun_0001,0,-0.135736,-0.113527,-0.147082
Ismail_Khan_0001|Malcolm_Jamal_Warner_0001,0,-0.026021,0.002819,-0.026087
JK_Rowling_0005|Sasha_Alexander_0001,0,0.143331,0.111568,0.129743
Jackie_Chan_0003|Jennifer_Gratz_0001,0,-0.031189,-0.023958,-0.036565
Jacqueline_Edwards_0001|Meg_Wakeman_0001,0,0.035759,0.050111,0.033275
Jacqueline_Edwards_0001|Noor_Mohammed_0001,0,0.162742,0.138240,0.143181
James_Baker_0001|Mike_Tice_0001,0,-0.025175,0.018836,-0.032983
James_Harris_0001|Keith_Bogans_0002,0,-0.011125,0.058718,-0.031919
James_Layug_0001|Ralph_Sampson_0001,0,-0.056321,-0.066524,-0.056068
Jane_Clayson_0001|Rene_Antonio_Leon_Rodriguez_0001,0,0.018486,0.031064,0.010437
Jane_Kaczmarek_0002|Morris_Watts_0001,0,0.031290,0.108268,0.063761
Jane_Russell_0001|Martin_ONeill_0001,0,0.029549,0.057090,0.041531
Janela_Jara_0001|Kirsten_Clark_0001,0,0.021970,0.056821,0.091054
Janela_Jara_0001|Pa_Kou_Hang_0001,0,0.336362,0.315459,0.276387
Janela_Jara_0001|Ricky_Cottrill_0001,0,-0.020205,0.012363,-0.002757
Janet_Napolitano_0002|Laurie_Laychak_0001,0,-0.014307,0.035747,0.017693
Javier_Camara_0001|Nate_Blackwell_0001,0,-0.058351,-0.052907,-0.058504
Jeane_Kirkpatrick_0001|Jeff_Van_Gundy_0003,0,-0.037830,-0.014697,-0.007048
Jeane_Kirkpatrick_0001|Richard_Greenberg_0001,0,0.011702,0.049872,-0.007357
Jeff_Van_Gundy_0001|Richard_Naughton_0001,0,0.015464,0.075789,0.026466
Jeffrey_Katzenberg_0001|Susan_Whelan_0001,0,0.014472,0.007997,-0.003109
Jennette_Bradley_0001|Tammy_Helm_0001,0,-0.036820,-0.000017,-0.056421
Jim_Furyk_0006|Linn_Thornton_0001,0,0.086681,0.092135,0.081030
John_Eastman_0001|Ricky_Ponting_0001,0,-0.086997,-0.060678,-0.077221
John_F_Kennedy_Jr_0002|Nathan_Powell_0001,0,-0.121456,-0.109898,-0.108180
John_Garamendi_0001|Petro_Symonenko_0002,0,-0.001360,0.050603,0.019732
John_Madden_0001|Sara_Silverman_0001,0,0.057697,0.061795,0.058454
Jose_Luis_Rodriguez_Zapatero_0001|Rene_Antonio_Leon_Rodriguez_0001,0,-0.016570,-0.007057,-0.020069
Jose_Luis_Rodriguez_Zapatero_0001|Steve_Lenard_0001,0,-0.035375,-0.001824,-0.013379
Jose_Santos_0001|Michael_Boyce_0001,0,0.015207,0.046224,0.038630
Joseph_Kabila_0001|Rose_Linkins_0001,0,0.004090,0.016243,0.004349
Juan_Francisco_Palencia_0001|Kristanna_Loken_0002,0,-0.059109,-0.076961,-0.054873
Juan_Francisco_Palencia_0001|Warren_Truss_0001,0,0.054905,0.083851,0.045590
Juan_Roman_Riquelme_0001|Ralph_Sampson_0001,0,0.048570,0.065436,0.048367
Julia_Tymoshenko_0002|Luis_Sanchez_0001,0,0.027855,-0.017974,0.008478
Karin_Pilsaeter_0001|Mike_Flanagan_0001,0,0.050516,0.054694,0.064356
Karin_Pilsaeter_0001|Petria_Thomas_0003,0,-0.072237,-0.052442,-0.069622
Keith_Bogans_0002|Martin_ONeill_0001,0,-0.110539,-0.071070,-0.088915
Kelly_Leigh_0001|Spike_Helmick_0001,0,0.033112,0.063357,0.026056
Ken_Macha_0003|Tommy_Lewis_0001,0,0.038244,0.011421,0.056054
Kenneth_Carlsen_0001|Robin_Cook_0001,0,-0.057647,-0.046419,-0.056046
Koichi_Tanaka_0001|Ricardo_Lopez_Murphy_0001,0,0.001223,0.004640,0.011884
Kristin_Scott_0001|Max_Mayfield_0002,0,0.062291,0.052439,0.062927
Laura_Flessel_0001|Owen_Nolan_0001,0,-0.040014,-0.022371,-0.062260
Lauren_Killian_0002|Tommy_Lewis_0001,0,-0.050176,-0.012718,-0.027161
Laurie_Laychak_0001|Pa_Kou_Hang_0001,0,0.015815,0.025510,-0.017571
Lawrence_Di_Rita_0001|Mekhi_Phifer_0001,0,-0.031407,0.010886,-0.028311
Lennox_Lewis_0003|Monte_Kiffin_0001,0,0.114000,0.122368,0.095831
Leon_Lai_0001|Monica_Lewinsky_0001,0,0.020802,-0.006082,0.036802
Leon_Lai_0001|Sun_Myung_Moon_0001,0,0.142314,0.095565,0.099514
Lily_Tomlin_0001|Marcos_Daniel_Jimenez_0001,0,0.024552,0.043313,0.051977
Lily_Tomlin_0002|Sim_Yong_0001,0,0.056948,0.072151,0.080551
Linn_Thornton_0001|Sherri_Coale_0001,0,0.027712,0.041832,0.012957
Linn_Thornton_0001|Tom_Cruise_0002,0,0.058915,0.071265,0.061474
Lloyd_Mudiwa_0001|Sebastien_Grosjean_0001,0,-0.060141,-0.017918,-0.063358
Lois_Smart_0001|Tavis_Smiley_0001,0,-0.012164,-0.043128,-0.066041
Luis_Sanchez_0001|Petro_Symonenko_0001,0,0.053564,0.082694,0.070182
Luo_Linquan_0001|Martin_ONeill_0001,0,-0.081626,-0.078278,-0.091025
Luther_Htu_0001|Steve_Karsay_0001,0,-0.094741,-0.096876,-0.099723
Lynn_Abraham_0001|Michael_Keaton_0002,0,0.061304,0.069802,0.030924
Lynn_Abraham_0002|Mariano_Zabaleta_0001,0,0.008816,0.009405,0.010350
Mark_Richt_0003|Wilton_Gregory_0001,0,0.029535,-0.009723,0.029627
Martha_Smith_0001|Ray_Sherman_0001,0,0.025699,0.038010,0.032085
Martin_ONeill_0001|Mike_Weir_0011,0,0.069057,0.097435,0.042772
Mary-Kate_Olsen_0001|Sim_Yong_0001,0,0.040605,0.094889,0.028008
Matt_Siebrandt_0001|Rodney_Dangerfield_0001,0,0.012843,0.025463,0.019703
Maurice_Cheeks_0001|Steve_Austin_0001,0,0.084551,0.082795,0.085128
Mehmet_Okur_0001|Randy_Travis_0001,0,-0.072004,-0.062992,-0.076083
Michael_McNeely_0001|Sean_Combs_0001,0,0.059326,0.034152,0.037911
Michael_Milton_0001|Wilfredo_Moreno_0001,0,0.038853,0.006414,0.002507
Michael_Powell_0001|Scott_Weiland_0001,0,-0.023875,-0.015729,0.004252
Miguel_Rosseto_0001|Pascal_Rheaume_0001,0,0.109234,0.079505,0.077405
Miguel_Rosseto_0001|Ricky_Ponting_0002,0,0.033749,0.058940,0.032300
Mike_Flanagan_0001|Mohammed_Baqir_al-Hakim_0002,0,-0.040776,-0.104250,-0.071665
Mike_Tice_0001|Patti_Smith_0001,0,-0.048544,-0.046077,-0.038243
Mohammed_Baqir_al-Hakim_0002|Tatyana_Tomashova_0001,0,0.000100,0.071210,0.009593
Mufti_Mohammad_Syed_0001|Raoul_Ruiz_0004,0,-0.085187,-0.086993,-0.067265
Nancy_Demme_0001|Roger_Mahony_0001,0,0.064531,0.059799,0.024313
Nancy_Reagan_0001|Rafael_Bielsa_0001,0,0.016420,0.020576,0.049923
Natasha_McElhone_0002|Robert_Nardelli_0001,0,-0.077572,-0.051428,-0.072404
Nathirah_Hussein_0001|Susan_Whelan_0001,0,0.105235,0.149293,0.104183
Neil_Moritz_0001|Roy_Williams_0002,0,0.100816,0.095080,0.097401
Neil_Moritz_0001|Xanana_Gusmao_0005,0,-0.034273,-0.032315,-0.034659
Nelson_Shanks_0001|Pedro_Martinez_0001,0,0.056529,0.039876,0.053353
Nelson_Shanks_0001|Ren_Qingjin_0001,0,0.021422,0.086670,0.050256
Noor_Mohammed_0001|Scott_Weiland_0001,0,0.090026,0.069502,0.106909
Oswald_Gruebel_0001|Richard_Penniman_0001,0,-0.080578,-0.045791,-0.088059
Parthiv_Patel_0001|Tonya_Payne_0001,0,-0.015358,0.024734,-0.006825
Pauley_Perrette_0001|Roy_Williams_0004,0,0.022481,0.023578,0.025779
Peter_Arnett_0002|Rodney_Dangerfield_0001,0,0.114362,0.131970,0.084230
Peter_Greenspun_0001|Rod_Thorn_0001,0,0.014370,0.034559,0.023712
Peter_Harvey_0001|Warren_Truss_0001,0,-0.029046,0.019821,-0.000136
Raja_Ramani_0001|Richard_Greenberg_0001,0,-0.105795,-0.109722,-0.126789
Raja_Ramani_0001|Will_Young_0001,0,-0.082490,-0.056876,-0.069953
Ralph_Sampson_0001|Samantha_Daniels_0001,0,0.011584,0.044780,0.007600
Raoul_Ruiz_0003|Tirunesh_Dibaba_0001,0,0.039268,0.040768,0.012555
Ren_Qingjin_0001|Wilton_Gregory_0001,0,-0.062907,-0.050516,-0.062109
Ricardo_Lopez_Murphy_0002|Roberto_Robaina_0001,0,0.059608,0.038686,0.082537
Ricky_Ponting_0001|Ronaldo_Luis_Nazario_de_Lima_0004,0,0.088033,0.097472,0.077220
Robin_Cook_0001|Wilton_Gregory_0001,0,0.042421,0.029476,0.026939
Roger_Federer_0004|Steve_Backley_0002,0,0.031764,0.037071,0.036475
Ronald_Post_0001|Steve_Karsay_0001,0,0.025829,0.036399,0.043977
Ryan_Nyquist_0001|Winona_Ryder_0022,0,-0.116440,-0.092127,-0.099678
Sally_Clark_0001|Scott_Ritter_0002,0,-0.009700,-0.019413,-0.002340
Samantha_Daniels_0001|Taufik_Hidayat_0003,0,0.010186,-0.029957,0.001257
Sherri_Coale_0001|Troy_Garity_0001,0,0.079804,0.065456,0.065242
Steve_Valentine_0001|Toni_Braxton_0002,0,0.075982,0.053799,0.080942
Tammy_Helm_0001|Tom_Smothers_0001,0,-0.088088,-0.040802,-0.076315
Tanya_Lindenmuth_0001|Tora_Takagi_0001,0,0.021353,0.020133,0.028233
Toni_Braxton_0003|Yann_Martel_0002,0,-0.067776,-0.056852,-0.032137
Adam_Scott_0001|Adam_Scott_0002,1,0.352705,0.333595,0.328612
Ahmad_Masood_0001|Ahmad_Masood_0002,1,0.520530,0.481875,0.479932
Alan_Mulally_0001|Alan_Mulally_0002,1,0.575779,0.548542,0.581052
Alexander_Rumyantsev_0001|Alexander_Rumyantsev_0002,1,0.695670,0.660627,0.644954
Ali_Abbas_0001|Ali_Abbas_0002,1,0.623668,0.600633,0.601849
Amanda_Bynes_0001|Amanda_Bynes_0002,1,0.579220,0.537445,0.556358
Amanda_Bynes_0001|Amanda_Bynes_0003,1,0.517694,0.528436,0.522142
Amanda_Bynes_0001|Amanda_Bynes_0004,1,0.459305,0.375513,0.423208
Amanda_Bynes_0002|Amanda_Bynes_0003,1,0.560803,0.553106,0.567458
Andrei_Mikhnevich_0001|Andrei_Mikhnevich_0002,1,0.757246,0.738644,0.737009
Angela_Merkel_0001|Angela_Merkel_0002,1,0.534285,0.514528,0.500323
Angela_Merkel_0004|Angela_Merkel_0005,1,0.662654,0.603537,0.635441
Angelina_Jolie_0001|Angelina_Jolie_0015,1,0.539944,0.498072,0.508634
Angelina_Jolie_0002|Angelina_Jolie_0011,1,0.505702,0.520731,0.481244
Angelina_Jolie_0008|Angelina_Jolie_0015,1,0.606282,0.576552,0.598164
Angelina_Jolie_0009|Angelina_Jolie_0015,1,0.722404,0.687873,0.693936
Angelina_Jolie_0011|Angelina_Jolie_0020,1,0.503408,0.511069,0.520517
Anthony_LaPaglia_0001|Anthony_LaPaglia_0002,1,0.691351,0.676415,0.709202
Arlen_Specter_0001|Arlen_Specter_0002,1,0.492790,0.468014,0.477011
Atal_Bihari_Vajpayee_0004|Atal_Bihari_Vajpayee_0006,1,0.603391,0.597041,0.589874
Barry_Alvarez_0001|Barry_Alvarez_0002,1,0.668369,0.628079,0.627885
Bill_Belichick_0001|Bill_Belichick_0002,1,0.690206,0.669012,0.675381
Bill_Sizemore_0001|Bill_Sizemore_0002,1,0.689419,0.667166,0.681738
Boris_Yeltsin_0001|Boris_Yeltsin_0002,1,0.637864,0.593726,0.609381
Britney_Spears_0004|Britney_Spears_0011,1,0.395365,0.414468,0.356878
Bruce_Van_De_Velde_0001|Bruce_Van_De_Velde_0002,1,0.666067,0.632050,0.664493
Camilla_Parker_Bowles_0001|Camilla_Parker_Bowles_0002,1,0.635506,0.627922,0.622620
Carolina_Kluft_0001|Carolina_Kluft_0002,1,0.528004,0.527714,0.523344
Carson_Palmer_0001|Carson_Palmer_0003,1,0.581570,0.570510,0.570002
Carson_Palmer_0002|Carson_Palmer_0003,1,0.540234,0.529113,0.520271
Catherine_Deneuve_0001|Catherine_Deneuve_0004,1,0.694184,0.651324,0.669744
Catherine_Deneuve_0002|Catherine_Deneuve_0005,1,0.671044,0.678812,0.673951
Catherine_Deneuve_0003|Catherine_Deneuve_0005,1,0.709024,0.684036,0.701229
Cesar_Maia_0001|Cesar_Maia_0002,1,0.348923,0.396282,0.384792
Charles_Moose_0010|Charles_Moose_0012,1,0.630717,0.585216,0.610235
Chen_Liang_Yu_0001|Chen_Liang_Yu_0002,1,0.639829,0.614953,0.613153
Choi_Sung-hong_0001|Choi_Sung-hong_0005,1,0.722616,0.692581,0.693052
Choi_Sung-hong_0002|Choi_Sung-hong_0004,1,0.565511,0.543447,0.561186
Choi_Sung-hong_0003|Choi_Sung-hong_0004,1,0.682616,0.681986,0.676971
Christina_Aguilera_0001|Christina_Aguilera_0002,1,0.209179,0.230521,0.235810
Christina_Aguilera_0001|Christina_Aguilera_0004,1,0.408746,0.409432,0.425112
Christina_Aguilera_0002|Christina_Aguilera_0004,1,0.201417,0.222057,0.246488
Clara_Harris_0001|Clara_Harris_0005,1,0.668779,0.651889,0.621495
Clara_Harris_0002|Clara_Harris_0004,1,0.587742,0.606271,0.591330
Coretta_Scott_King_0001|Coretta_Scott_King_0002,1,0.701001,0.656045,0.664992
Coretta_Scott_King_0001|Coretta_Scott_King_0003,1,0.643269,0.632983,0.627286
Coretta_Scott_King_0002|Coretta_Scott_King_0003,1,0.782737,0.793920,0.774452
Courtney_Love_0001|Courtney_Love_0002,1,0.268088,0.268615,0.254355
Daniel_Day-Lewis_0001|Daniel_Day-Lewis_0003,1,0.527228,0.534146,0.519235
Daniel_Day-Lewis_0002|Daniel_Day-Lewis_0003,1,0.619052,0.565462,0.590589
Daniela_Hantuchova_0001|Daniela_Hantuchova_0002,1,0.641103,0.601812,0.625795
Debra_Messing_0001|Debra_Messing_0002,1,0.135234,0.119611,0.142452
Dennis_Kucinich_0002|Dennis_Kucinich_0007,1,0.638652,0.575042,0.630955
Dick_Latessa_0001|Dick_Latessa_0002,1,0.490865,0.447495,0.433461
Donald_Rumsfeld_0039|Donald_Rumsfeld_0110,1,0.557006,0.546057,0.509253
Donald_Rumsfeld_0051|Donald_Rumsfeld_0083,1,0.620377,0.573292,0.585223
Donald_Rumsfeld_0060|Donald_Rumsfeld_0067,1,0.712051,0.689610,0.700182
Eduard_Shevardnadze_0001|Eduard_Shevardnadze_0005,1,0.743969,0.707008,0.712014
Edward_Lu_0004|Edward_Lu_0006,1,0.575613,0.543696,0.562824
Edwina_Currie_0001|Edwina_Currie_0002,1,0.835537,0.839986,0.810907
Edwina_Currie_0002|Edwina_Currie_0004,1,0.787669,0.777293,0.747472
Elizabeth_Shue_0001|Elizabeth_Shue_0002,1,0.590146,0.599004,0.562726
Ellen_Engleman_0001|Ellen_Engleman_0002,1,0.570169,0.542045,0.586375
Emma_Thompson_0001|Emma_Thompson_0002,1,0.403329,0.439638,0.408295
Emma_Thompson_0001|Emma_Thompson_0003,1,0.397311,0.400214,0.375349
Emma_Thompson_0002|Emma_Thompson_0003,1,0.742694,0.757464,0.727511
Emmit_Smith_0001|Emmit_Smith_0002,1,0.775184,0.744357,0.742490
Fayssal_Mekdad_0001|Fayssal_Mekdad_0003,1,0.670886,0.658831,0.663396
Fayssal_Mekdad_0001|Fayssal_Mekdad_0004,1,0.711340,0.697407,0.682227
Frances_Fisher_0001|Frances_Fisher_0002,1,0.564061,0.570855,0.566137
Frank_Griswold_0001|Frank_Griswold_0002,1,0.666245,0.650694,0.623674
Gary_Forsee_0001|Gary_Forsee_0002,1,0.664086,0.635302,0.644514
Gloria_Macapagal_Arroyo_0003|Gloria_Macapagal_Arroyo_0012,1,0.491360,0.481678,0.485411
Gloria_Macapagal_Arroyo_0003|Gloria_Macapagal_Arroyo_0025,1,0.534310,0.512755,0.530878
Gloria_Macapagal_Arroyo_0008|Gloria_Macapagal_Arroyo_0023,1,0.621786,0.587640,0.613710
Gregory_Hines_0001|Gregory_Hines_0002,1,0.701514,0.665680,0.689033
Gus_Van_Sant_0001|Gus_Van_Sant_0002,1,0.740710,0.725747,0.733247
Gus_Van_Sant_0001|Gus_Van_Sant_0003,1,0.780613,0.748938,0.751501
Gwendal_Peizerat_0001|Gwendal_Peizerat_0002,1,0.729317,0.662073,0.690725
Gwendal_Peizerat_0001|Gwendal_Peizerat_0003,1,0.430486,0.391667,0.391949
Hal_Gehman_0002|Hal_Gehman_0004,1,0.722020,0.691962,0.719301
Hannah_Stockbauer_0001|Hannah_Stockbauer_0002,1,0.783294,0.781524,0.792647
Harrison_Ford_0001|Harrison_Ford_0012,1,0.620329,0.582597,0.605106
Heizo_Takenaka_0001|Heizo_Takenaka_0007,1,0.726095,0.737740,0.724077
Heizo_Takenaka_0003|Heizo_Takenaka_0008,1,0.718665,0.699601,0.692740
Heizo_Takenaka_0003|Heizo_Takenaka_0009,1,0.618240,0.608276,0.590487
Hichiro_Naemura_0001|Hichiro_Naemura_0002,1,0.550533,0.531751,0.507506
Hipolito_Mejia_0001|Hipolito_Mejia_0003,1,0.600533,0.611366,0.612407
Hipolito_Mejia_0001|Hipolito_Mejia_0004,1,0.635294,0.616805,0.613798
Holly_Hunter_0002|Holly_Hunter_0006,1,0.523390,0.507925,0.507696
Holly_Hunter_0003|Holly_Hunter_0007,1,0.623631,0.590186,0.566699
Igor_Ivanov_0005|Igor_Ivanov_0016,1,0.501646,0.482446,0.493301
Intisar_Ajouri_0002|Intisar_Ajouri_0003,1,0.798010,0.768072,0.777727
Jack_Nicholson_0001|Jack_Nicholson_0003,1,0.395180,0.386102,0.392593
James_Blake_0001|James_Blake_0010,1,0.601022,0.619049,0.589978
James_Blake_0004|James_Blake_0006,1,0.715593,0.715780,0.709411
James_Blake_0005|James_Blake_0009,1,0.641046,0.615468,0.616183
James_Kelly_0004|James_Kelly_0005,1,0.616318,0.606139,0.604346
James_Kopp_0002|James_Kopp_0004,1,0.678133,0.642279,0.630008
James_Smith_0001|James_Smith_0002,1,0.743840,0.717032,0.735865
Jean_Chretien_0002|Jean_Chretien_0039,1,0.545733,0.516660,0.537345
Jean_Chretien_0006|Jean_Chretien_0040,1,0.612831,0.593072,0.596250
Jean_Chretien_0008|Jean_Chretien_0035,1,0.604328,0.571922,0.576330
Jean_Chretien_0019|Jean_Chretien_0028,1,0.577013,0.536775,0.576906
Jean_Chretien_0028|Jean_Chretien_0052,1,0.540699,0.526432,0.521498
Jean_Chretien_0029|Jean_Chretien_0037,1,0.717627,0.690867,0.676044
Jean_Chretien_0034|Jean_Chretien_0036,1,0.795437,0.792250,0.796065
Jeffrey_Immelt_0001|Jeffrey_Immelt_0002,1,0.686099,0.672281,0.679588
Jennifer_Aniston_0001|Jennifer_Aniston_0007,1,0.465338,0.433920,0.425758
Jennifer_Aniston_0001|Jennifer_Aniston_0016,1,0.439604,0.423446,0.438699
Jennifer_Aniston_0006|Jennifer_Aniston_0021,1,0.405354,0.343163,0.385458
Jerry_Falwell_0001|Jerry_Falwell_0002,1,0.450169,0.464036,0.444179
Jesse_Harris_0001|Jesse_Harris_0003,1,0.660312,0.662387,0.633741
Jesse_Harris_0002|Jesse_Harris_0003,1,0.672749,0.649581,0.625636
Joan_Claybrook_0001|Joan_Claybrook_0002,1,0.634966,0.582005,0.598066
Joe_Calzaghe_0001|Joe_Calzaghe_0002,1,0.721007,0.705116,0.717069
Joe_Nichols_0001|Joe_Nichols_0003,1,0.649288,0.605373,0.620342
Joe_Nichols_0002|Joe_Nichols_0004,1,0.666151,0.628299,0.638682
Joe_Nichols_0003|Joe_Nichols_0004,1,0.868952,0.826830,0.852832
Joerg_Haider_0001|Joerg_Haider_0002,1,0.627544,0.604703,0.590208
John_Abizaid_0001|John_Abizaid_0002,1,0.722546,0.710617,0.683178
John_Abizaid_0001|John_Abizaid_0007,1,0.624619,0.653611,0.614656
John_Abizaid_0002|John_Abizaid_0003,1,0.683709,0.683222,0.660376
John_Abizaid_0004|John_Abizaid_0007,1,0.654600,0.649981,0.671608
John_Abizaid_0004|John_Abizaid_0008,1,0.620243,0.604530,0.605328
John_Abizaid_0005|John_Abizaid_0006,1,0.761057,0.754143,0.764721
John_Jumper_0001|John_Jumper_0002,1,0.691225,0.665027,0.678947
John_Mayer_0001|John_Mayer_0002,1,0.835042,0.821075,0.818527
John_Mayer_0001|John_Mayer_0003,1,0.722813,0.741556,0.727777
John_Negroponte_0005|John_Negroponte_0026,1,0.572394,0.578929,0.525153
John_Negroponte_0008|John_Negroponte_0017,1,0.504701,0.518716,0.501916
John_Negroponte_0028|John_Negroponte_0030,1,0.721179,0.715109,0.694568
John_Reilly_0001|John_Reilly_0002,1,0.704436,0.681213,0.673466
John_Rowland_0001|John_Rowland_0002,1,0.563724,0.583452,0.570829
Johnny_Depp_0001|Johnny_Depp_0002,1,0.334880,0.360632,0.347247
Jon_Corzine_0001|Jon_Corzine_0002,1,0.523513,0.493317,0.487364
Jose_Dirceu_0001|Jose_Dirceu_0002,1,0.473818,0.465225,0.465891
Jose_Sarney_0001|Jose_Sarney_0003,1,0.696773,0.677839,0.675232
Joseph_Estrada_0001|Joseph_Estrada_0003,1,0.678420,0.656096,0.673428
Joseph_Estrada_0002|Joseph_Estrada_0003,1,0.759093,0.758640,0.749458
Juan_Carlos_Ferrero_0009|Juan_Carlos_Ferrero_0017,1,0.678736,0.649117,0.654449
Jude_Law_0001|Jude_Law_0002,1,0.493570,0.467313,0.486733
Katherine_Harris_0001|Katherine_Harris_0002,1,0.529583,0.492839,0.510999
Katherine_Harris_0001|Katherine_Harris_0004,1,0.659890,0.604141,0.641363
Katherine_Harris_0003|Katherine_Harris_0004,1,0.535790,0.491567,0.523993
Kelly_Clarkson_0001|Kelly_Clarkson_0002,1,0.627838,0.615901,0.621517
Kiki_Vandeweghe_0001|Kiki_Vandeweghe_0002,1,0.707993,0.670076,0.691140
Kofi_Annan_0008|Kofi_Annan_0014,1,0.792673,0.753630,0.768533
Kofi_Annan_0008|Kofi_Annan_0032,1,0.751450,0.720720,0.726890
Kofi_Annan_0013|Kofi_Annan_0025,1,0.700927,0.700803,0.685412
Lance_Bass_0001|Lance_Bass_0004,1,0.587020,0.571564,0.535077
Lance_Bass_0002|Lance_Bass_0004,1,0.616936,0.635798,0.596738
Lance_Bass_0002|Lance_Bass_0005,1,0.559046,0.532787,0.522641
Lance_Bass_0004|Lance_Bass_0005,1,0.538277,0.553681,0.529798
Laurent_Gbagbo_0001|Laurent_Gbagbo_0002,1,0.549172,0.563219,0.552836
Lee_Soo-hyuck_0001|Lee_Soo-hyuck_0002,1,0.626243,0.638558,0.617668
Leslie_Caldwell_0002|Leslie_Caldwell_0003,1,0.604679,0.614311,0.619569
Li_Zhaoxing_0002|Li_Zhaoxing_0007,1,0.698531,0.665560,0.677419
Liu_Mingkang_0001|Liu_Mingkang_0002,1,0.758146,0.740118,0.745686
Luciano_Pavarotti_0001|Luciano_Pavarotti_0002,1,0.856200,0.835550,0.834940
Luis_Gonzalez_Macchi_0001|Luis_Gonzalez_Macchi_0002,1,0.570151,0.564515,0.528635
Luis_Gonzalez_Macchi_0002|Luis_Gonzalez_Macchi_0004,1,0.552966,0.555172,0.524325
Luis_Gonzalez_Macchi_0003|Luis_Gonzalez_Macchi_0004,1,0.507074,0.533778,0.493350
Luis_Gonzalez_Macchi_0003|Luis_Gonzalez_Macchi_0005,1,0.575797,0.550620,0.539310
Luis_Horna_0001|Luis_Horna_0004,1,0.557720,0.591744,0.561909
Luis_Horna_0002|Luis_Horna_0004,1,0.251180,0.290646,0.233858
Luiz_Inacio_Lula_da_Silva_0002|Luiz_Inacio_Lula_da_Silva_0009,1,0.653407,0.634140,0.642369
Luiz_Inacio_Lula_da_Silva_0002|Luiz_Inacio_Lula_da_Silva_0039,1,0.535615,0.524323,0.519521
Luiz_Inacio_Lula_da_Silva_0004|Luiz_Inacio_Lula_da_Silva_0008,1,0.710984,0.678801,0.678718
Luiz_Inacio_Lula_da_Silva_0007|Luiz_Inacio_Lula_da_Silva_0036,1,0.708440,0.694106,0.704719
Luiz_Inacio_Lula_da_Silva_0010|Luiz_Inacio_Lula_da_Silva_0019,1,0.658294,0.648572,0.653375
Luiz_Inacio_Lula_da_Silva_0011|Luiz_Inacio_Lula_da_Silva_0044,1,0.462276,0.475714,0.454168
Luiz_Inacio_Lula_da_Silva_0028|Luiz_Inacio_Lula_da_Silva_0044,1,0.581072,0.565130,0.572552
Madeleine_Albright_0001|Madeleine_Albright_0002,1,0.679297,0.630207,0.646307
Madeleine_Albright_0002|Madeleine_Albright_0003,1,0.671236,0.635257,0.657554
Marcus_Gronholm_0001|Marcus_Gronholm_0002,1,0.425089,0.426324,0.381552
Marissa_Jaret_Winokur_0001|Marissa_Jaret_Winokur_0002,1,0.673759,0.713119,0.669475
Mark_Geragos_0001|Mark_Geragos_0002,1,0.593938,0.579151,0.566926
Mark_Philippoussis_0002|Mark_Philippoussis_0007,1,0.673394,0.656730,0.654266
Mark_Philippoussis_0003|Mark_Philippoussis_0011,1,0.511766,0.518225,0.510494
Mark_Philippoussis_0004|Mark_Philippoussis_0006,1,0.566381,0.574361,0.534147
Mark_Philippoussis_0004|Mark_Philippoussis_0009,1,0.430217,0.438021,0.425238
Mark_Philippoussis_0006|Mark_Philippoussis_0007,1,0.672790,0.653533,0.667450
Mark_Philippoussis_0006|Mark_Philippoussis_0009,1,0.669556,0.661671,0.676814
Mark_Philippoussis_0007|Mark_Philippoussis_0009,1,0.638669,0.602055,0.639280
Markus_Naslund_0001|Markus_Naslund_0002,1,0.810527,0.790334,0.797195
Martha_Lucia_Ramirez_0002|Martha_Lucia_Ramirez_0004,1,0.753743,0.742943,0.740111
Martha_Lucia_Ramirez_0003|Martha_Lucia_Ramirez_0004,1,0.569415,0.563238,0.565538
Meryl_Streep_0014|Meryl_Streep_0015,1,0.465998,0.467310,0.481663
Mesut_Yilmaz_0001|Mesut_Yilmaz_0002,1,0.500259,0.496499,0.508868
Michael_Schumacher_0002|Michael_Schumacher_0013,1,0.620489,0.606929,0.633101
Michael_Schumacher_0002|Michael_Schumacher_0017,1,0.380689,0.336098,0.400091
Michael_Schumacher_0010|Michael_Schumacher_0011,1,0.532343,0.490666,0.530629
Michael_Schumacher_0013|Michael_Schumacher_0018,1,0.555034,0.516213,0.528995
Michel_Temer_0001|Michel_Temer_0002,1,0.664882,0.633501,0.649166
Michelle_Yeoh_0001|Michelle_Yeoh_0002,1,0.496774,0.472298,0.493573
Michelle_Yeoh_0002|Michelle_Yeoh_0005,1,0.542297,0.490982,0.518531
Monica_Seles_0001|Monica_Seles_0003,1,0.396662,0.365781,0.383845
Monica_Seles_0002|Monica_Seles_0006,1,0.704680,0.686805,0.684927
Monica_Seles_0004|Monica_Seles_0005,1,0.858679,0.834713,0.851000
Moshe_Katsav_0001|Moshe_Katsav_0002,1,0.591591,0.569962,0.565042
Moshe_Katsav_0002|Moshe_Katsav_0003,1,0.741924,0.739433,0.737357
Muhammad_Saeed_al-Sahhaf_0002|Muhammad_Saeed_al-Sahhaf_0005,1,0.507480,0.499714,0.507866
Muhammad_Saeed_al-Sahhaf_0003|Muhammad_Saeed_al-Sahhaf_0004,1,0.518217,0.507287,0.451481
Muhammad_Saeed_al-Sahhaf_0003|Muhammad_Saeed_al-Sahhaf_0005,1,0.540308,0.524829,0.526022
Nancy_Sinatra_0001|Nancy_Sinatra_0002,1,0.512239,0.507761,0.504270
Nicanor_Duarte_Frutos_0003|Nicanor_Duarte_Frutos_0006,1,0.673350,0.639492,0.681848
Nicanor_Duarte_Frutos_0003|Nicanor_Duarte_Frutos_0007,1,0.590884,0.579373,0.589044
Nicanor_Duarte_Frutos_0003|Nicanor_Duarte_Frutos_0011,1,0.674783,0.657067,0.662868
Patti_Labelle_0002|Patti_Labelle_0003,1,0.621114,0.559800,0.574144
Paul_Pierce_0001|Paul_Pierce_0002,1,0.432537,0.411753,0.434279
Paul_Shanley_0002|Paul_Shanley_0003,1,0.722208,0.717558,0.720581
Phil_Mickelson_0001|Phil_Mickelson_0002,1,0.628375,0.618640,0.626671
Princess_Anne_0001|Princess_Anne_0002,1,0.559376,0.587912,0.564766
Princess_Elisabeth_0001|Princess_Elisabeth_0002,1,0.693212,0.679258,0.654136
Priscilla_Owen_0001|Priscilla_Owen_0002,1,0.480652,0.483489,0.473369
Queen_Rania_0002|Queen_Rania_0003,1,0.620150,0.588933,0.601601
Rachel_Hunter_0001|Rachel_Hunter_0004,1,0.552809,0.520050,0.483489
Rachel_Hunter_0002|Rachel_Hunter_0003,1,0.621148,0.579002,0.637213
Rachel_Hunter_0003|Rachel_Hunter_0004,1,0.597897,0.593220,0.567685
Rafael_Ramirez_0001|Rafael_Ramirez_0002,1,0.804075,0.795194,0.779893
Rafael_Ramirez_0002|Rafael_Ramirez_0003,1,0.610575,0.564073,0.596226
Rafael_Ramirez_0002|Rafael_Ramirez_0004,1,0.688785,0.688423,0.690495
Ralph_Lauren_0001|Ralph_Lauren_0002,1,0.698621,0.671152,0.699180
Recep_Tayyip_Erdogan_0002|Recep_Tayyip_Erdogan_0016,1,0.662917,0.623430,0.632874
Recep_Tayyip_Erdogan_0017|Recep_Tayyip_Erdogan_0019,1,0.730675,0.716788,0.704683
Reese_Witherspoon_0003|Reese_Witherspoon_0004,1,0.584944,0.548956,0.566358
Richard_Armitage_0002|Richard_Armitage_0005,1,0.637817,0.628543,0.631415
Richard_Armitage_0006|Richard_Armitage_0007,1,0.578155,0.561326,0.576886
Richard_Armitage_0006|Richard_Armitage_0009,1,0.509589,0.448713,0.441584
Richard_Armitage_0008|Richard_Armitage_0009,1,0.530002,0.535031,0.544260
Richard_Gephardt_0002|Richard_Gephardt_0010,1,0.681539,0.649439,0.665256
Richard_Gephardt_0003|Richard_Gephardt_0011,1,0.759275,0.742555,0.742655
Richard_Gephardt_0005|Richard_Gephardt_0009,1,0.730690,0.712773,0.695169
Richard_Gephardt_0010|Richard_Gephardt_0011,1,0.710233,0.688029,0.695901
Richard_Norton-Taylor_0001|Richard_Norton-Taylor_0002,1,0.808877,0.790710,0.797942
Richie_Adubato_0001|Richie_Adubato_0002,1,0.608239,0.621800,0.613268
Robert_Bullock_0001|Robert_Bullock_0002,1,0.745440,0.720497,0.706221
Robert_Mueller_0004|Robert_Mueller_0005,1,0.767342,0.752702,0.752233
Robert_Mugabe_0001|Robert_Mugabe_0002,1,0.720940,0.709705,0.706192
Robert_Zoellick_0002|Robert_Zoellick_0003,1,0.651016,0.582151,0.608908
Robert_Zoellick_0003|Robert_Zoellick_0007,1,0.520306,0.474867,0.506149
Roberto_Benigni_0001|Roberto_Benigni_0002,1,0.686310,0.662970,0.670589
Roh_Moo-hyun_0028|Roh_Moo-hyun_0032,1,0.783125,0.768808,0.755625
Roman_Polanski_0002|Roman_Polanski_0003,1,0.531626,0.513121,0.504304
Roman_Polanski_0004|Roman_Polanski_0006,1,0.590549,0.578229,0.598917
Ron_Howard_0001|Ron_Howard_0002,1,0.706217,0.682389,0.697411
Ronald_Reagan_0001|Ronald_Reagan_0003,1,0.630015,0.597857,0.602261
Ronald_Reagan_0002|Ronald_Reagan_0003,1,0.554185,0.525218,0.535826
Rosemarie_Stack_0001|Rosemarie_Stack_0002,1,0.625619,0.607996,0.584377
Roy_Jones_Jr_0001|Roy_Jones_Jr_0002,1,0.502804,0.463280,0.468194
Rupert_Murdoch_0001|Rupert_Murdoch_0002,1,0.538449,0.536341,0.516856
Saburo_Kawabuchi_0001|Saburo_Kawabuchi_0002,1,0.714904,0.696937,0.708476
Sam_Mendes_0001|Sam_Mendes_0002,1,0.716384,0.711841,0.717300
Sam_Torrance_0001|Sam_Torrance_0002,1,0.768409,0.735389,0.751402
Sam_Torrance_0001|Sam_Torrance_0003,1,0.912907,0.909581,0.899459
Sam_Torrance_0002|Sam_Torrance_0003,1,0.718522,0.699950,0.712158
Sergei_Ivanov_0001|Sergei_Ivanov_0003,1,0.363645,0.387211,0.332817
Sergio_Vieira_De_Mello_0001|Sergio_Vieira_De_Mello_0002,1,0.665607,0.606642,0.627041
Sergio_Vieira_De_Mello_0004|Sergio_Vieira_De_Mello_0009,1,0.639429,0.621835,0.609022
Sergio_Vieira_De_Mello_0007|Sergio_Vieira_De_Mello_0008,1,0.733181,0.689356,0.708410
Sergio_Vieira_De_Mello_0008|Sergio_Vieira_De_Mello_0011,1,0.888051,0.860077,0.858839
Shannon_OBrien_0001|Shannon_OBrien_0002,1,0.472648,0.483582,0.431487
Sheila_Fraser_0001|Sheila_Fraser_0002,1,0.737532,0.715960,0.712757
Shimon_Peres_0001|Shimon_Peres_0003,1,0.573789,0.520482,0.543928
Shimon_Peres_0003|Shimon_Peres_0004,1,0.610176,0.619422,0.591097
Shimon_Peres_0004|Shimon_Peres_0007,1,0.564818,0.575230,0.571615
Sourav_Ganguly_0001|Sourav_Ganguly_0003,1,0.424858,0.424049,0.366108
Stanley_McChrystal_0001|Stanley_McChrystal_0003,1,0.641636,0.630657,0.626936
Stanley_McChrystal_0002|Stanley_McChrystal_0003,1,0.644854,0.621851,0.626670
Steve_Lavin_0001|Steve_Lavin_0004,1,0.621373,0.531257,0.599571
Strom_Thurmond_0001|Strom_Thurmond_0003,1,0.458348,0.422540,0.437538
Surakait_Sathirathai_0001|Surakait_Sathirathai_0002,1,0.164717,0.191721,0.193634
Susan_Collins_0001|Susan_Collins_0002,1,0.504141,0.527384,0.489286
Tariq_Aziz_0003|Tariq_Aziz_0005,1,0.626514,0.616382,0.614082
Terry_Stotts_0001|Terry_Stotts_0002,1,0.622319,0.614198,0.614990
Thaksin_Shinawatra_0005|Thaksin_Shinawatra_0006,1,0.650853,0.613790,0.624368
Thomas_OBrien_0003|Thomas_OBrien_0009,1,0.708642,0.731153,0.708421
Tim_Chapman_0001|Tim_Chapman_0002,1,0.531208,0.539247,0.562316
Tom_Hanks_0001|Tom_Hanks_0007,1,0.673341,0.562131,0.579174
Tom_Hanks_0004|Tom_Hanks_0006,1,0.671913,0.629646,0.662188
Tom_Hanks_0004|Tom_Hanks_0009,1,0.630703,0.568784,0.575277
Tom_Hanks_0005|Tom_Hanks_0006,1,0.538737,0.509421,0.517885
Tommy_Franks_0002|Tommy_Franks_0004,1,0.419115,0.346556,0.391859
Tommy_Franks_0004|Tommy_Franks_0008,1,0.521722,0.495829,0.483725
Valery_Giscard_dEstaing_0001|Valery_Giscard_dEstaing_0002,1,0.651265,0.647160,0.642887
Valery_Giscard_dEstaing_0001|Valery_Giscard_dEstaing_0006,1,0.620911,0.619406,0.607433
Vanessa_Williams_0001|Vanessa_Williams_0002,1,0.450010,0.470918,0.444490
Vanessa_Williams_0002|Vanessa_Williams_0003,1,0.464836,0.427258,0.424573
Victoria_Beckham_0001|Victoria_Beckham_0002,1,0.069390,0.077389,0.078395
Victoria_Beckham_0001|Victoria_Beckham_0003,1,0.132437,0.164848,0.120313
Victoria_Beckham_0002|Victoria_Beckham_0003,1,0.509344,0.478939,0.506789
Vladimir_Putin_0016|Vladimir_Putin_0021,1,0.757282,0.733555,0.714268
Vladimir_Putin_0022|Vladimir_Putin_0031,1,0.570278,0.532957,0.539285
Warren_Beatty_0001|Warren_Beatty_0002,1,0.683194,0.653737,0.677110
Yasar_Yakis_0001|Yasar_Yakis_0004,1,0.519337,0.553818,0.544681
Yoko_Ono_0001|Yoko_Ono_0004,1,0.656062,0.626975,0.629465
Yoko_Ono_0002|Yoko_Ono_0004,1,0.750666,0.697520,0.684419
AJ_Lamas_0001|Chris_Penn_0001,0,0.028895,0.060919,0.069316
Ahmed_Qureia_0001|Stanley_McChrystal_0003,0,0.013614,0.057980,0.030124
Ahmet_Necdet_Sezer_0001|John_Rowe_0001,0,0.065364,0.031150,0.025033
Alan_Dreher_0001|Emily_Mason_0001,0,-0.003301,0.053904,0.001738
Alan_Dreher_0001|Francisco_Santos_0001,0,0.094492,0.101983,0.079114
Alan_Dreher_0001|Robert_Bullock_0002,0,0.029546,0.030450,0.042847
Alan_Mulally_0002|Tomomi_Morita_0001,0,0.048361,0.076287,0.073372
Alan_Stonecipher_0001|Luis_Gonzalez_0001,0,0.083478,0.106359,0.076820
Alberto_Ruiz_Gallardon_0001|James_Smith_0002,0,-0.128361,-0.101593,-0.132564
Alessandra_Cerna_0001|John_Darby_0001,0,-0.011585,0.026470,-0.000476
Alessandra_Cerna_0001|John_Rowland_0002,0,0.002045,0.042636,0.009538
Alessandra_Cerna_0001|Marina_Canetti_0001,0,0.029709,0.053728,0.026181
Alessandra_Cerna_0001|Randy_Jackson_0001,0,-0.053859,-0.042505,-0.023700
Alessandra_Cerna_0001|Richard_Jewell_0001,0,0.111654,0.147489,0.125249
Alex_Cabrera_0001|Fred_Huff_0001,0,-0.005026,-0.003650,0.000777
Alex_Cabrera_0001|Tommy_Franks_0009,0,-0.041189,-0.042422,-0.031017
Alex_Corretja_0001|Jacky_Cheung_0001,0,-0.052686,0.011052,-0.022325
Alexandra_Spann_0001|Beth_Blough_0001,0,0.046646,0.049130,0.051209
Ali_Hammoud_0001|Randy_Jackson_0001,0,-0.018456,-0.017351,-0.032997
Almeida_Baptista_0001|Jan_Peter_Balkenende_0001,0,-0.111355,-0.127695,-0.115515
Almeida_Baptista_0001|Jason_Mewes_0001,0,-0.022439,-0.003089,0.000096
Almeida_Baptista_0001|Taoufik_Mathlouthi_0001,0,0.052987,0.032439,0.055615
Amanda_Bynes_0002|Grant_Rossenmeyer_0001,0,0.028495,0.013211,0.039150
Amy_Cotton_0001|Matt_Walters_0001,0,0.134806,0.093774,0.113793
Amy_Cotton_0001|Roberto_Guaterroma_0001,0,-0.096650,-0.106039,-0.095306
Andrew_Jarecki_0001|Barbara_Boxer_0001,0,-0.094755,-0.099109,-0.095489
Andrew_Jarecki_0001|Tessa_Jowell_0001,0,0.053386,0.089635,0.042473
Andy_North_0001|Eric_Hinske_0001,0,-0.090678,-0.019383,-0.072322
Andy_North_0001|Marina_Kuptsova_0001,0,0.202363,0.177244,0.179905
Andy_North_0001|Phil_Bennett_0001,0,0.035455,0.054557,0.026882
Angela_Merkel_0002|Hal_Gehman_0001,0,0.082589,0.078059,0.090303
Angela_Merkel_0003|Anna_Jones_0001,0,-0.097948,-0.057465,-0.087748
Angela_Merkel_0003|Frank_Griswold_0001,0,-0.146754,-0.118966,-0.146675
Anna_Jones_0001|Ray_Romano_0008,0,-0.075784,-0.059951,-0.084858
Anthony_LaPaglia_0001|Roberto_Guaterroma_0001,0,0.057953,0.106197,0.102571
Arlen_Specter_0001|Bill_Butler_0001,0,0.020072,0.054449,0.050610
Arlen_Specter_0002|Barbara_Boxer_0001,0,0.098388,0.069616,0.101256
Atal_Bihari_Vajpayee_0003|Ruben_Sierra_0001,0,0.005303,0.030892,0.016349
Atsushi_Sato_0001|Monica_Serra_0001,0,-0.005725,0.004025,0.012203
Baburam_Bhattari_0001|Muhammad_Saeed_al-Sahhaf_0004,0,0.038163,0.048243,0.017998
Barry_Alvarez_0001|John_Jones_0001,0,0.093141,0.088360,0.086849
Bill_Belichick_0001|John_Petty_0001,0,0.037789,0.020602,0.019822
Bill_Belichick_0001|Phillipe_Comtois_0001,0,-0.022960,-0.060131,-0.009240
Bill_Belichick_0002|Roger_Machado_0001,0,-0.091814,-0.081647,-0.096944
Bill_Byrne_0001|Bill_Sizemore_0001,0,0.171151,0.217024,0.197947
Bill_Curry_0001|Ellen_Martin_0001,0,0.069356,0.053626,0.044024
Bill_Curry_0001|Richard_Langille_0001,0,-0.068525,-0.016671,-0.057250
Bill_Curry_0001|Roberto_Guaterroma_0001,0,0.010268,0.011918,0.028303
Billy_Beane_0001|Tom_Welch_0001,0,0.083804,0.114250,0.097453
Boris_Trajkovski_0001|Laurent_Gbagbo_0002,0,-0.028491,-0.035453,-0.050243
Brad_Brownell_0001|Hussam_Mohammed_Amin_0001,0,0.057907,0.040477,0.059464
Brandon_Fails_0001|Christian_Lirette_0001,0,0.087379,0.120602,0.104181
Brandon_Fails_0001|Ellen_Engleman_0002,0,-0.030058,0.002056,-0.023848
Brandon_Inge_0001|Eric_Lloyd_0001,0,-0.075159,-0.060915,-0.064138
Brenda_Magana_0001|Nikolay_Davydenko_0001,0,-0.090460,-0.056622,-0.086900
Brian_Jordan_0001|Joe_Cravens_0001,0,-0.208086,-0.204230,-0.212560
Brian_Lara_0001|John_Darby_0001,0,-0.054455,-0.079776,-0.081595
Brian_Lara_0001|Stanley_Nelson_0001,0,-0.024180,-0.024547,-0.034914
Calvin_Harrison_0001|Luis_Gonzalez_Macchi_0003,0,0.069961,0.125688,0.059499
Calvin_Harrison_0001|Richard_Gephardt_0009,0,-0.039189,-0.010008,-0.041600
Calvin_Harrison_0001|Suzanne_Fox_0001,0,0.067269,0.072406,0.066847
Camilla_Parker_Bowles_0002|Gustavo_Franco_0001,0,0.007686,0.029727,0.013316
Carina_Lau_Ka-ling_0001|Lin_Yi-fu_0001,0,0.039758,0.018047,0.024705
Carlos_Ortega_0003|Lionel_Hampton_0001,0,-0.026067,-0.047390,-0.055989
Carolina_Kluft_0003|Gwen_Stefani_0001,0,0.039074,0.093271,0.050228
Carson_Palmer_0003|Richard_Jewell_0001,0,-0.001647,0.050656,0.007986
Catherine_Deneuve_0004|Jade_Jagger_0001,0,0.043168,0.054136,0.009787
Catriona_Le_May_Doan_0001|Craig_Burley_0001,0,0.024785,0.067652,0.036558
Catriona_Le_May_Doan_0001|Phil_Mickelson_0001,0,0.000962,0.019372,-0.014960
Charlie_Deane_0001|Queen_Silvia_0001,0,0.089356,0.054270,0.075291
Charlotte_Church_0001|Kaoru_Hasuike_0001,0,0.053134,0.110892,0.063879
Charlotte_Church_0001|Sourav_Ganguly_0001,0,0.050071,0.084745,0.070290
Cheryl_Hines_0001|Du_Qinglin_0001,0,0.006052,-0.043532,-0.020905
Cheryl_Hines_0001|Lane_Odom_0001,0,-0.051905,-0.038723,-0.062143
Chin-Hui_Tsao_0001|Rosemarie_Stack_0001,0,0.138647,0.102397,0.123219
Choi_Sung-hong_0004|Debra_Messing_0001,0,0.056477,0.040601,0.041267
Choi_Sung-hong_0004|Frederique_van_der_Wal_0001,0,-0.075880,-0.070797,-0.066588
Chris_Penn_0001|Phil_Bennett_0001,0,-0.014533,0.038345,-0.001300
Chris_Penn_0001|Taoufik_Mathlouthi_0001,0,-0.057226,-0.026213,-0.050442
Christian_Lirette_0001|Sargis_Sargsian_0001,0,0.073885,0.074367,0.096181
Christina_Aguilera_0002|Joshua_Harapko_0001,0,-0.083620,-0.048849,-0.064637
Christina_Aguilera_0004|Jerry_Falwell_0002,0,-0.003463,-0.029773,-0.027433
Christopher_Amolsch_0001|Steve_Pagliuca_0001,0,0.021968,0.060242,0.005232
Christopher_Matero_0001|Valery_Giscard_dEstaing_0001,0,0.035805,-0.026203,-0.010617
Claudine_Farrell_0001|Mike_Miller_0002,0,-0.030565,-0.025145,-0.019427
Clive_Woodward_0001|Douglas_Faneuil_0001,0,-0.053257,-0.051157,-0.046336
Clive_Woodward_0001|Jose_Sarney_0002,0,0.114929,0.141721,0.091105
Coretta_Scott_King_0001|Robert_Torricelli_0001,0,-0.052824,-0.026133,-0.024336
Cori_Enghusen_0001|Ernie_Stewart_0001,0,-0.022258,0.030802,0.002798
Courtney_Love_0001|Jennifer_Aniston_0003,0,-0.108545,-0.092024,-0.147897
Courtney_Love_0001|Ruben_Sierra_0001,0,0.038889,0.035732,0.027561
Craig_Burley_0001|Stanley_McChrystal_0003,0,0.079824,0.071388,0.063807
Daniel_Coats_0001|Kathryn_Grayson_0001,0,-0.062152,-0.051003,-0.050635
Daniel_Day-Lewis_0003|Scott_Yates_0001,0,-0.014046,0.010393,-0.004583
Daniela_Hantuchova_0001|Jan_Peter_Balkenende_0001,0,0.025593,0.043209,0.030377
Danny_Green_0001|Rodrigo_Rato_0001,0,0.012005,0.053205,0.024939
Darin_Erstad_0001|Steve_Fehr_0001,0,-0.003787,-0.009004,-0.020117
Daryl_Smith_0001|Reese_Witherspoon_0004,0,0.004713,0.042141,-0.003476
David_Hanson_0001|Richard_Norton-Taylor_0001,0,0.059299,0.076178,0.058070
David_Hilt_0001|Hipolito_Mejia_0003,0,-0.004477,-0.002463,0.007139
Dennis_Franchione_0001|Hugh_Miller_0001,0,0.078274,0.042142,0.052944
Dennis_Kucinich_0003|Sam_Torrance_0002,0,-0.020114,0.006533,0.007829
Dennis_Kucinich_0004|Radovan_Karadzic_0001,0,-0.150992,-0.101949,-0.126570
Dennis_Kucinich_0006|Iain_Anderson_0001,0,0.021026,0.065941,-0.003297
Derek_Bond_0001|John_Jumper_0001,0,0.142404,0.150312,0.124809
Diane_Ladd_0001|Trevor_Watson_0001,0,-0.059470,-0.027071,-0.042958
Dick_Latessa_0001|John_Burnett_0001,0,0.044645,0.055681,0.069340
Dick_Latessa_0002|Martha_Beatriz_Roque_0001,0,-0.061586,-0.022254,-0.055838
Didier_Defago_0001|Jerry_Falwell_0002,0,0.013544,0.054315,0.007844
Don_Hewitt_0001|Guennadi_Chipouline_0001,0,0.006811,0.055276,0.021123
Donald_Carty_0001|Ernie_Stewart_0001,0,0.074029,0.126691,0.062053
Donald_Carty_0001|Jeffrey_Immelt_0002,0,0.005686,0.017691,-0.016764
Donald_Carty_0001|Vladimir_Putin_0034,0,0.098826,0.075460,0.100029
Du_Qinglin_0001|Meryl_Streep_0007,0,0.065762,0.092462,0.085498
Dustan_Mohr_0001|Edward_Flynn_0001,0,0.016411,0.012387,0.010744
Dustan_Mohr_0001|Enrik_Vendt_0001,0,0.012442,0.026971,0.037787
Dustan_Mohr_0001|Nikolay_Davydenko_0001,0,0.013089,0.024898,0.023233
Dustan_Mohr_0001|Sourav_Ganguly_0005,0,-0.009967,0.039479,-0.009065
Dustan_Mohr_0001|Theo_Angelopoulos_0001,0,0.029571,0.039070,0.032579
E_Clay_Shaw_0001|Jerry_Jones_0001,0,-0.039112,-0.026579,-0.024277
Eduard_Shevardnadze_0003|Martha_Lucia_Ramirez_0001,0,-0.021407,-0.013791,-0.011522
Edward_Flynn_0001|Madeleine_Albright_0002,0,-0.107408,-0.104478,-0.101517
Edward_Lu_0001|Robert_Zoellick_0007,0,0.089181,0.060713,0.070346
Edwina_Currie_0004|Eric_Hinske_0002,0,-0.061053,-0.016610,-0.065043
Elena_de_Chavez_0001|Jack_Goodman_0001,0,0.019630,0.081281,0.022540
Elizabeth_Shue_0001|Odai_Hussein_0001,0,0.030746,0.017699,0.029455
Elizabeth_Shue_0002|Princess_Hisako_0001,0,0.007289,0.027539,-0.015153
Elizabeth_Shue_0002|Terry_Stotts_0001,0,-0.122262,-0.080422,-0.093164
Ellen_Engleman_0001|Guennadi_Chipouline_0001,0,0.067724,0.061948,0.064823
Ellen_Saracini_0001|Ray_Romano_0006,0,-0.106511,-0.144279,-0.141309
Elsa_Zylberstein_0002|Matt_Braker_0001,0,-0.083081,-0.032864,-0.070862
Elvis_Stojko_0001|Jerry_Falwell_0001,0,0.033790,0.053713,0.039417
Elvis_Stojko_0001|Robert_Mueller_0005,0,0.000682,0.061571,-0.014922
Emma_Thompson_0003|Nathan_Doudney_0001,0,-0.133527,-0.115971,-0.140371
Emmit_Smith_0002|Rafael_Ramirez_0004,0,0.023248,0.024168,0.010347
Enrik_Vendt_0001|Lane_Odom_0001,0,0.114603,0.124495,0.110575
Enrique_Oliu_0001|Markus_Naslund_0001,0,0.019317,0.009958,0.007294
Enrique_Oliu_0001|William_McDonough_0001,0,-0.036246,-0.025839,-0.028100
Eric_Hinske_0001|Juan_Antonio_Samaranch_0001,0,0.001555,0.048561,0.023109
Eric_Lloyd_0001|Jessica_Alba_0002,0,0.152488,0.149732,0.115842
Eric_Lloyd_0001|Valery_Giscard_dEstaing_0001,0,0.145301,0.113606,0.139391
Ernie_Harwell_0001|Queen_Beatrix_0003,0,0.062264,0.086663,0.042399
Felipe_Perez_Roque_0002|MC_Hammer_0001,0,0.019855,-0.003266,-0.002835
Frank_Griswold_0001|Yana_Klochkova_0001,0,-0.008374,0.011393,-0.012328
Frank_Zappa_0001|Markus_Naslund_0001,0,-0.005985,-0.000522,-0.026547
Frederique_van_der_Wal_0001|Pedro_Mahecha_0001,0,0.040846,0.001325,0.015480
Frederique_van_der_Wal_0001|Raja_Zafar-ul-Haq_0001,0,-0.048799,-0.024013,-0.015899
Gary_Leon_Ridgway_0001|Robert_Wagner_0001,0,0.132068,0.167949,0.150365
Gary_Leon_Ridgway_0001|Scott_Yates_0001,0,0.009688,-0.014447,-0.021170
Gary_Leon_Ridgway_0001|Yana_Klochkova_0001,0,0.007453,-0.023596,-0.014523
Gene_Keady_0001|Mark_Sacco_0001,0,0.155844,0.104293,0.156926
George_Gregan_0001|John_Negroponte_0027,0,-0.050128,-0.022543,-0.029596
Glen_DaSilva_0001|Rachel_Hunter_0004,0,0.015285,-0.012609,0.007389
Glen_DaSilva_0001|Robert_Mugabe_0002,0,0.009297,0.038137,0.003833
Glen_Sather_0001|Leslie_Caldwell_0003,0,0.044378,0.040164,0.032266
Glen_Sather_0001|Trevor_Watson_0001,0,0.037113,0.089327,0.063596
Goran_Zivkovic_0001|Lee_Soo-hyuck_0002,0,-0.006393,-0.014659,0.007048
Goran_Zivkovic_0001|Martha_Sahagun_de_Fox_0001,0,0.086136,0.068387,0.082273
Goran_Zivkovic_0001|Shane_Reynolds_0001,0,0.013961,0.054764,0.019249
Grant_Rossenmeyer_0001|Trevor_Watson_0001,0,-0.027336,-0.020091,-0.032923
Gregory_Hines_0001|Marcus_Gronholm_0002,0,-0.132666,-0.111158,-0.107980
Guennadi_Chipouline_0001|Tom_Lantos_0001,0,-0.133312,-0.081469,-0.144855
Guillermo_Ortiz_0001|Nestor_Santillan_0001,0,-0.016332,-0.009865,-0.020317
Guillermo_Ortiz_0002|Strom_Thurmond_0002,0,-0.028420,-0.058365,-0.052730
Gus_Van_Sant_0003|Natalie_Stewart_0001,0,0.008185,-0.035137,0.003721
Gwen_Stefani_0001|Hugh_Miller_0001,0,-0.047370,0.013307,-0.027690
Gwendal_Peizerat_0003|Turner_Stevenson_0001,0,-0.024321,0.022839,0.004356
Hal_Gehman_0001|Scott_Yates_0001,0,-0.076351,-0.065273,-0.081589
Hamad_Bin_Isa_al-Khalifa_0001|Marta_Dominguz_0001,0,0.062525,0.072964,0.073674
Harrison_Ford_0002|Marcus_Gronholm_0001,0,0.035566,0.053460,0.036876
Harvey_Wachsman_0001|Narayan_Singh_Pun_0001,0,-0.025902,-0.021637,-0.019255
Heather_Locklear_0001|John_Mayer_0003,0,-0.097226,-0.083124,-0.074526
Heather_Locklear_0001|Pablo_Khulental_0001,0,0.051112,0.092358,0.042097
Hichiro_Naemura_0002|Richard_Jewell_0001,0,-0.014289,0.009521,-0.016223
Hipolito_Mejia_0003|Jim_Ahern_0001,0,0.042241,0.089497,0.034180
Holly_Hunter_0003|Joshua_Perper_0001,0,0.035351,0.112481,0.097761
Hugh_Hefner_0001|Sam_Mendes_0001,0,-0.007771,0.068152,0.010582
Iain_Anderson_0001|James_Kopp_0002,0,-0.017868,-0.030053,-0.043516
Iain_Anderson_0001|Recep_Tayyip_Erdogan_0012,0,0.111836,0.058526,0.082136
Ilan_Goldfajn_0001|Jennifer_Aniston_0017,0,0.083403,0.113142,0.052008
Ilie_Nastase_0001|Michael_Lopez-Alegria_0001,0,-0.046016,-0.006436,-0.040658
Intisar_Ajouri_0003|Lin_Yi-fu_0001,0,-0.052957,-0.052149,-0.065365
Itamar_Franco_0001|Jessica_Alba_0001,0,-0.043516,-0.034361,-0.073436
Jack_Goodman_0001|Kirsten_Dunst_0001,0,-0.033346,0.029036,-0.004462
Jack_Goodman_0001|Saburo_Kawabuchi_0002,0,-0.045553,-0.052231,-0.037676
Jack_Nicholson_0001|Pat_Wharton_0001,0,0.064104,0.063866,0.096045
Jack_Valenti_0001|Shinzo_Abe_0001,0,0.028037,0.017141,0.030533
Jake_Plummer_0001|Jose_Dirceu_0002,0,0.086802,0.061352,0.100074
Jakob_Kellenberger_0001|Lara_Logan_0001,0,-0.024110,-0.023782,-0.009929
Jakob_Kellenberger_0001|Pedro_Mahecha_0001,0,0.027496,0.026857,0.006479
James_Maguire_0001|Ronald_Reagan_0001,0,-0.037964,-0.044826,-0.047101
James_Smith_0002|Kyra_Sedgwick_0001,0,-0.037750,-0.033260,-0.036020
Jason_Statham_0001|Kwame_Kilpatrick_0001,0,-0.010425,0.007433,-0.015922
Jawad_Boulus_0001|Narayan_Singh_Pun_0001,0,0.037295,0.042443,0.029733
Jean-Rene_Fourtou_0001|Roh_Moo-hyun_0028,0,-0.054717,-0.031515,-0.030099
Jeannette_Biedermann_0001|Kenny_Brack_0001,0,-0.047992,-0.033619,-0.057581
Jennifer_Granholm_0001|Trudi_Lacey_0001,0,-0.082183,-0.097992,-0.115303
Jerelle_Kraus_0001|Warren_Beatty_0001,0,0.067840,0.088931,0.066655
Jesus_Cardenal_0001|Pablo_Khulental_0001,0,0.020252,-0.001237,-0.001922
Jim_Hendry_0001|Larry_Beinfest_0001,0,0.097835,0.141626,0.108047
Joan_Claybrook_0002|Pablo_Latras_0001,0,0.006540,-0.009293,-0.018982
Joaquin_Sanchez_0001|Richard_Armitage_0001,0,0.093954,0.164683,0.117836
Joe_Cocker_0001|Martha_Beatriz_Roque_0001,0,0.014046,0.038506,0.000961
Joe_Cocker_0001|Randy_Jackson_0001,0,-0.041440,0.004054,-0.053468
Joe_Cravens_0001|Sam_Mendes_0001,0,-0.038933,-0.107971,-0.064486
John_Barnett_0001|Kathryn_Grayson_0001,0,-0.053320,-0.018570,-0.034495
John_Darby_0001|Masum_Turker_0003,0,0.041472,0.053982,0.048419
John_Ferguson_0001|Paul_Schrader_0001,0,0.002698,0.003789,-0.006815
John_Paul_DeJoria_0001|Paul_Pierce_0001,0,0.021198,0.019652,0.024482
John_Reilly_0002|Princess_Hisako_0001,0,0.055040,0.073960,0.059141
John_Rowland_0002|Steve_Kerr_0001,0,0.023772,0.051292,0.080866
Johnny_Depp_0001|Leo_Mullin_0001,0,-0.006976,-0.031997,-0.001350
Johnny_Depp_0001|Trudi_Lacey_0001,0,0.057478,0.067362,0.058990
Johnny_Htu_0001|Roger_Machado_0001,0,0.080775,0.023613,0.054042
Jose_Dirceu_0001|Robert_Torricelli_0003,0,0.068432,0.058339,0.087149
Juan_Antonio_Samaranch_0001|Stefan_Koubek_0001,0,-0.005706,0.034646,0.030441
Juergen_Braehmer_0001|Shawn_Bradley_0001,0,0.066452,0.084014,0.067238
Juergen_Braehmer_0001|Travis_Rudolph_0001,0,-0.005486,0.012662,-0.026627
Kathryn_Grayson_0001|Queen_Beatrix_0004,0,0.117634,0.114958,0.099173
Kathryn_Grayson_0001|Ruben_Sierra_0001,0,-0.067639,-0.042733,-0.047292
Kathryn_Grayson_0001|Shannon_OBrien_0002,0,0.042091,0.059429,0.035920
Katie_Holmes_0001|Park_Jung_Sung_0001,0,0.076764,0.111877,0.069556
Kenny_Brack_0001|Lin_Yi-fu_0001,0,-0.055305,-0.052429,-0.063819
Kwame_Kilpatrick_0001|Shannon_OBrien_0002,0,-0.041180,-0.014266,0.000879
Kyra_Sedgwick_0001|Reese_Witherspoon_0003,0,-0.042260,-0.008618,-0.051128
Kyra_Sedgwick_0001|Richard_Hellfant_0001,0,0.018989,0.017678,0.013922
Kyra_Sedgwick_0001|Wilbert_Elki_Meza_Majino_0001,0,0.042904,0.049936,0.033156
Lance_Bass_0003|Queen_Rania_0005,0,0.041097,0.063417,0.031612
Lara_Logan_0001|Turner_Stevenson_0001,0,0.034132,0.057126,0.032894
Laszlo_Kovacs_0001|Luke_Ridnour_0001,0,-0.054800,-0.082482,-0.042781
Laszlo_Kovacs_0001|Olesya_Bonabarenko_0002,0,0.021607,0.004772,0.010137
Lee_Byung-woong_0001|William_Hochul_0002,0,-0.009893,0.035469,0.025249
Lee_Soo-hyuck_0001|Robert_Bullock_0001,0,-0.024640,-0.059090,-0.047329
Leslie_Caldwell_0001|Shane_Reynolds_0001,0,0.036857,0.044583,0.037606
Leslie_Caldwell_0002|Turner_Stevenson_0001,0,-0.109515,-0.015702,-0.083955
Li_Zhaoxing_0004|Susan_Sarandon_0004,0,0.018635,0.001207,0.017776
Linda_Mason_0001|Rupert_Murdoch_0002,0,0.071662,0.059125,0.070994
Liu_Mingkang_0002|Pedro_Pauleta_0001,0,0.053205,0.095656,0.060728
Liu_Ye_0001|Ruben_Sierra_0001,0,-0.077295,-0.058171,-0.079391
Liu_Ye_0001|Steve_Alford_0001,0,0.038722,0.042752,0.026204
Loretta_Lynn_Harper_0001|Michel_Temer_0002,0,-0.022588,-0.018274,-0.014134
Luis_Gonzalez_0001|Warren_Beatty_0001,0,0.022347,0.038914,0.020737
Madeleine_Albright_0002|Martha_Lucia_Ramirez_0002,0,0.094010,0.099691,0.090283
Maha_Habib_0001|Princess_Elisabeth_0001,0,-0.038736,0.008843,-0.028196
Marc_Anthony_0001|Michael_Pfleger_0001,0,-0.025597,-0.078855,-0.027943
Marcus_Gronholm_0001|Teresa_Graves_0001,0,-0.042967,-0.010483,-0.051598
Marcus_Gronholm_0001|Tommy_Franks_0008,0,0.111600,0.157712,0.149354
Marina_Canetti_0001|Saied_Hadi_al_Mudarissi_0001,0,0.109450,0.116596,0.113009
Mario_Alfaro-Lopez_0001|Richard_Armitage_0006,0,0.073374,0.074138,0.057497
Mario_Alfaro-Lopez_0001|Tom_Lantos_0001,0,-0.004743,-0.008791,-0.001153
Mark_Dacey_0001|Turner_Stevenson_0001,0,0.142045,0.119647,0.144784
Mark_Dacey_0002|Steve_Cox_0001,0,0.040182,0.038150,0.025756
Mark_Kelly_0001|Mark_Lazarus_0001,0,0.091875,0.106605,0.082963
Mark_Lazarus_0001|Ronnie_Jagday_0001,0,-0.069224,-0.003327,-0.074556
Mark_Sacco_0001|Tono_Suratman_0001,0,0.081437,0.047679,0.077540
Markus_Naslund_0001|Robert_Wagner_0001,0,-0.045019,-0.048572,-0.036041
Martin_Kristof_0001|Taia_Balk_0001,0,-0.075988,-0.011982,-0.056027
Matt_Anderson_0001|Seth_Gorney_0001,0,-0.073644,-0.028208,-0.051023
Matt_Braker_0001|Surakait_Sathirathai_0001,0,-0.093574,-0.041712,-0.069318
Matt_Roney_0001|Wilbert_Elki_Meza_Majino_0001,0,-0.024254,0.017653,-0.024263
Michael_Bolton_0001|Robert_Bullock_0002,0,-0.080468,-0.072862,-0.091956
Michael_Pfleger_0001|Robert_Ehrlich_0002,0,-0.048932,-0.037808,-0.053846
Michael_Schumacher_0017|Natalie_Imbruglia_0001,0,0.001533,0.002377,-0.000950
Michael_Shane_Jolly_0001|Trudi_Lacey_0001,0,0.015562,0.026874,0.043481
Michel_Temer_0001|Paul_Shanley_0001,0,-0.035105,-0.008826,0.000220
Michelle_Yeoh_0005|Saburo_Kawabuchi_0001,0,-0.039550,0.032800,-0.022226
Mike_Helton_0001|Octavio_Lara_0001,0,-0.052313,-0.048630,-0.041966
Mike_Miller_0002|Toby_Keith_0001,0,0.004002,0.031589,0.038345
Monica_Seles_0002|Queen_Beatrix_0004,0,0.096242,0.128913,0.124419
Nancy_Sinatra_0001|Sargis_Sargsian_0001,0,0.049913,0.015892,0.031052
Pablo_Khulental_0001|Rosemarie_Stack_0002,0,-0.063500,-0.033986,-0.067831
Park_Jung_Sung_0001|Robert_Bullock_0002,0,0.113284,0.160310,0.133783
Paul_Pierce_0002|Robert_Bullock_0002,0,-0.118336,-0.068752,-0.114832
Pedro_Pauleta_0001|Robert_Tyrrell_0001,0,-0.104888,-0.075623,-0.095422
Pedro_Pauleta_0001|Tommy_Franks_0014,0,0.031754,0.060534,0.026644
Phil_Morris_0001|Priscilla_Owen_0002,0,0.108092,0.116120,0.077279
Phil_Morris_0001|Roberto_Guaterroma_0001,0,0.054243,0.100917,0.080252
Phil_Morris_0001|Yuri_Luzhkov_0001,0,-0.062284,-0.053390,-0.078785
Queen_Rania_0003|Ronnie_Jagday_0001,0,0.055167,0.086665,0.086038
Radovan_Karadzic_0001|Richard_Langille_0001,0,0.029251,0.030747,0.023586
Randy_Jackson_0001|Steve_Alford_0001,0,0.101730,0.119118,0.064328
Reese_Witherspoon_0001|Sam_Torrance_0001,0,0.002631,0.024762,0.022454
Reese_Witherspoon_0002|Toni_Jennings_0001,0,0.064662,0.114232,0.076798
Rina_Lazo_0001|Ronald_Reagan_0001,0,0.019177,0.030357,-0.003166
Robert_Ehrlich_0002|Ron_Lantz_0001,0,0.158005,0.187505,0.173688
Robert_Mugabe_0001|Tessa_Jowell_0001,0,0.099478,0.085570,0.096626
Robert_Torricelli_0003|Taoufik_Mathlouthi_0001,0,-0.023723,0.015260,-0.012734
Robert_Tyrrell_0001|Yuri_Luzhkov_0001,0,-0.015832,0.030286,0.008696
Robert_Wagner_0001|Tommy_Franks_0011,0,0.035609,0.046182,0.024365
Robin_Wright_Penn_0001|Sam_Torrance_0003,0,0.061796,0.102456,0.062493
Robin_Wright_Penn_0001|Yoko_Ono_0006,0,-0.003703,0.019671,0.017389
Rogelio_Ramos_0001|Ryan_Newman_0001,0,0.066885,0.071619,0.058271
Roman_Polanski_0004|Toby_Keith_0001,0,-0.025720,0.012370,0.000678
Ronnie_Jagday_0001|Sidney_Kimmel_0001,0,0.009083,0.036757,0.009310
Scott_Yates_0001|Steve_Cox_0001,0,-0.074079,-0.041906,-0.067576
Sean_Patrick_Thomas_0001|William_Hochul_0001,0,-0.023086,-0.011870,-0.021845
Sharon_Osbourne_0002|Shimon_Peres_0006,0,0.087394,0.149434,0.092099
Stefan_Koubek_0001|Steve_Alford_0001,0,-0.143223,-0.091097,-0.139367
Teri_Garr_0001|Yana_Klochkova_0001,0,0.075159,0.101988,0.073162
Warren_Beatty_0002|William_McDonough_0001,0,0.151187,0.162176,0.177173
Aleksander_Kwasniewski_0001|Aleksander_Kwasniewski_0002,1,0.731879,0.698906,0.712737
Aleksander_Kwasniewski_0002|Aleksander_Kwasniewski_0004,1,0.709831,0.692418,0.707453
Aleksander_Kwasniewski_0003|Aleksander_Kwasniewski_0004,1,0.657045,0.650986,0.649909
Ali_Naimi_0001|Ali_Naimi_0002,1,0.774402,0.764396,0.750304
Ali_Naimi_0001|Ali_Naimi_0005,1,0.570754,0.557110,0.566452
Ali_Naimi_0002|Ali_Naimi_0008,1,0.600436,0.598420,0.592602
Amanda_Beard_0001|Amanda_Beard_0002,1,0.697139,0.684698,0.694178
Andrew_Cuomo_0001|Andrew_Cuomo_0002,1,0.511037,0.531313,0.512681
Arnold_Schwarzenegger_0008|Arnold_Schwarzenegger_0031,1,0.360983,0.330525,0.340159
Arnold_Schwarzenegger_0009|Arnold_Schwarzenegger_0039,1,0.693087,0.642080,0.654578
Arnold_Schwarzenegger_0011|Arnold_Schwarzenegger_0041,1,0.579360,0.528429,0.554821
Arnold_Schwarzenegger_0012|Arnold_Schwarzenegger_0037,1,0.654212,0.639831,0.639709
Arnold_Schwarzenegger_0013|Arnold_Schwarzenegger_0039,1,0.732610,0.695713,0.716972
Arnold_Schwarzenegger_0022|Arnold_Schwarzenegger_0033,1,0.631951,0.649977,0.632963
Arnold_Schwarzenegger_0028|Arnold_Schwarzenegger_0041,1,0.571209,0.560636,0.530825
Bernard_Lord_0001|Bernard_Lord_0002,1,0.627014,0.615167,0.600966
Beth_Jones_0001|Beth_Jones_0002,1,0.426731,0.368926,0.413551
Branko_Crvenkovski_0002|Branko_Crvenkovski_0003,1,0.689978,0.686596,0.645614
Brigitte_Boisselier_0001|Brigitte_Boisselier_0002,1,0.607968,0.606781,0.604764
Bruce_Springsteen_0001|Bruce_Springsteen_0002,1,0.515486,0.515971,0.482291
Bruce_Springsteen_0001|Bruce_Springsteen_0003,1,0.546673,0.552956,0.523534
Bruce_Springsteen_0002|Bruce_Springsteen_0003,1,0.542668,0.531880,0.535558
Bruce_Springsteen_0002|Bruce_Springsteen_0004,1,0.408199,0.333766,0.368771
Calista_Flockhart_0001|Calista_Flockhart_0005,1,0.540084,0.567107,0.562087
Calista_Flockhart_0004|Calista_Flockhart_0006,1,0.583349,0.580706,0.555578
Cameron_Diaz_0001|Cameron_Diaz_0003,1,0.505691,0.460937,0.481802
Cameron_Diaz_0003|Cameron_Diaz_0006,1,0.416878,0.373152,0.410819
Carol_Moseley_Braun_0001|Carol_Moseley_Braun_0002,1,0.562696,0.557998,0.521918
Carrie-Anne_Moss_0001|Carrie-Anne_Moss_0003,1,0.554401,0.474277,0.504411
Carrie-Anne_Moss_0001|Carrie-Anne_Moss_0005,1,0.510761,0.452466,0.494455
Carrie-Anne_Moss_0002|Carrie-Anne_Moss_0005,1,0.588665,0.500209,0.556887
Carrie-Anne_Moss_0003|Carrie-Anne_Moss_0005,1,0.674967,0.642638,0.639889
Carrie-Anne_Moss_0004|Carrie-Anne_Moss_0005,1,0.741280,0.713790,0.733588
Charlton_Heston_0001|Charlton_Heston_0005,1,0.472464,0.442841,0.462015
Charlton_Heston_0002|Charlton_Heston_0005,1,0.502915,0.522226,0.510888
Charlton_Heston_0004|Charlton_Heston_0006,1,0.501734,0.528135,0.500048
Chris_Bell_0001|Chris_Bell_0002,1,0.786461,0.741440,0.755551
Chung_Mong-hun_0001|Chung_Mong-hun_0002,1,0.557684,0.520806,0.528862
Ciro_Gomes_0001|Ciro_Gomes_0002,1,0.662915,0.627841,0.636141
Ciro_Gomes_0002|Ciro_Gomes_0005,1,0.645665,0.635726,0.629447
Ciro_Gomes_0003|Ciro_Gomes_0005,1,0.693367,0.680947,0.681353
Colin_Montgomerie_0001|Colin_Montgomerie_0004,1,0.359275,0.379572,0.380765
Colin_Montgomerie_0002|Colin_Montgomerie_0003,1,0.463051,0.471759,0.462613
Colin_Montgomerie_0002|Colin_Montgomerie_0005,1,0.587538,0.573634,0.552834
Colin_Montgomerie_0004|Colin_Montgomerie_0005,1,0.364450,0.341456,0.350767
David_Trimble_0001|David_Trimble_0004,1,0.646149,0.620124,0.636679
David_Trimble_0001|David_Trimble_0005,1,0.694381,0.697331,0.666337
David_Trimble_0003|David_Trimble_0004,1,0.614186,0.581507,0.612017
David_Wolf_0001|David_Wolf_0002,1,0.507883,0.443347,0.503534
Demetrius_Ferraciu_0001|Demetrius_Ferraciu_0002,1,0.529033,0.488440,0.511451
Dennis_Powell_0001|Dennis_Powell_0002,1,0.602460,0.583972,0.583709
Desiree_Lemosi_0001|Desiree_Lemosi_0002,1,0.481222,0.402753,0.423814
Dolma_Tsering_0001|Dolma_Tsering_0002,1,0.805558,0.778717,0.796766
Doug_Melvin_0001|Doug_Melvin_0002,1,0.774642,0.748703,0.762519
Edward_Norton_0001|Edward_Norton_0002,1,0.560914,0.542078,0.557007
Emanuel_Ginobili_0002|Emanuel_Ginobili_0003,1,0.554920,0.476257,0.500205
Eric_Clapton_0001|Eric_Clapton_0002,1,0.542683,0.542763,0.524572
Fabiola_Zuluaga_0001|Fabiola_Zuluaga_0002,1,0.580171,0.544629,0.570707
Faye_Dunaway_0001|Faye_Dunaway_0002,1,0.596712,0.555662,0.560806
Ferenc_Madl_0001|Ferenc_Madl_0002,1,0.582013,0.528498,0.562688
Fernando_Gonzalez_0001|Fernando_Gonzalez_0005,1,0.511575,0.462889,0.485526
Fernando_Gonzalez_0001|Fernando_Gonzalez_0008,1,0.399454,0.385131,0.363749
Fernando_Gonzalez_0002|Fernando_Gonzalez_0006,1,0.427077,0.385562,0.400157
Filippo_Inzaghi_0001|Filippo_Inzaghi_0002,1,0.542949,0.533249,0.529879
Filippo_Inzaghi_0001|Filippo_Inzaghi_0003,1,0.442682,0.397414,0.442121
Filippo_Inzaghi_0002|Filippo_Inzaghi_0003,1,0.507984,0.465151,0.482377
Francis_George_0001|Francis_George_0002,1,0.583722,0.567313,0.594682
Franz_Beckenbauer_0001|Franz_Beckenbauer_0002,1,0.514170,0.512208,0.500987
Franz_Muentefering_0001|Franz_Muentefering_0002,1,0.710483,0.688359,0.689119
Franz_Muentefering_0003|Franz_Muentefering_0004,1,0.382482,0.389597,0.378775
Gary_Bergeron_0001|Gary_Bergeron_0002,1,0.573376,0.518049,0.515151
George_Foreman_0001|George_Foreman_0002,1,0.628533,0.613225,0.638816
George_Pataki_0001|George_Pataki_0003,1,0.693594,0.673828,0.678015
George_Pataki_0003|George_Pataki_0004,1,0.407520,0.390758,0.417255
George_Pataki_0003|George_Pataki_0005,1,0.678080,0.677175,0.669250
George_Roy_Hill_0001|George_Roy_Hill_0002,1,0.736565,0.727234,0.728704
Gonzalo_Sanchez_de_Lozada_0007|Gonzalo_Sanchez_de_Lozada_0008,1,0.555357,0.525318,0.542833
Gonzalo_Sanchez_de_Lozada_0007|Gonzalo_Sanchez_de_Lozada_0010,1,0.557676,0.547002,0.546313
Gonzalo_Sanchez_de_Lozada_0008|Gonzalo_Sanchez_de_Lozada_0011,1,0.560684,0.530030,0.539532
Gonzalo_Sanchez_de_Lozada_0008|Gonzalo_Sanchez_de_Lozada_0012,1,0.614792,0.556994,0.583166
Gregory_Geoffroy_0001|Gregory_Geoffroy_0002,1,0.765438,0.749632,0.765386
Guillermo_Coria_0007|Guillermo_Coria_0013,1,0.456243,0.433105,0.426389
Guillermo_Coria_0019|Guillermo_Coria_0022,1,0.556082,0.554975,0.564631
Habib_Rizieq_0001|Habib_Rizieq_0003,1,0.518670,0.556365,0.508574
Habib_Rizieq_0002|Habib_Rizieq_0003,1,0.639233,0.641431,0.615499
Hamid_Karzai_0001|Hamid_Karzai_0003,1,0.635733,0.610843,0.622218
Hamid_Karzai_0004|Hamid_Karzai_0013,1,0.681591,0.660849,0.683819
Hamid_Karzai_0019|Hamid_Karzai_0022,1,0.529800,0.457544,0.519163
Hilmi_Ozkok_0001|Hilmi_Ozkok_0002,1,0.778916,0.760745,0.754000
Horst_Koehler_0001|Horst_Koehler_0002,1,0.618542,0.607132,0.597309
Horst_Koehler_0001|Horst_Koehler_0003,1,0.488507,0.490280,0.467544
Horst_Koehler_0002|Horst_Koehler_0003,1,0.540635,0.568717,0.552505
Howard_Schultz_0001|Howard_Schultz_0002,1,0.636105,0.589767,0.600967
Ilan_Ramon_0001|Ilan_Ramon_0002,1,0.537104,0.542415,0.510195
Javier_Solana_0004|Javier_Solana_0008,1,0.644242,0.663995,0.646698
Javier_Solana_0006|Javier_Solana_0009,1,0.497810,0.509809,0.476821
Javier_Solana_0006|Javier_Solana_0010,1,0.659531,0.674667,0.626476
Jay_Garner_0001|Jay_Garner_0003,1,0.613977,0.607445,0.576180
Jean-Claude_Braquet_0001|Jean-Claude_Braquet_0002,1,0.701893,0.707859,0.717252
Jean-Claude_Trichet_0001|Jean-Claude_Trichet_0002,1,0.570916,0.586393,0.587387
Jean_Charest_0001|Jean_Charest_0010,1,0.572570,0.580307,0.589273
Jean_Charest_0002|Jean_Charest_0011,1,0.575647,0.532781,0.544649
Jean_Charest_0007|Jean_Charest_0010,1,0.564262,0.529032,0.558622
Jean_Charest_0008|Jean_Charest_0013,1,0.557043,0.558381,0.536011
Jean_Charest_0008|Jean_Charest_0017,1,0.486145,0.454951,0.462782
Jefferson_Perez_0001|Jefferson_Perez_0002,1,0.461278,0.446915,0.427551
Jim_Edmonds_0001|Jim_Edmonds_0002,1,0.431058,0.443985,0.435653
John_Kerry_0001|John_Kerry_0005,1,0.700350,0.676872,0.673293
John_Kerry_0003|John_Kerry_0004,1,0.775559,0.749579,0.764540
John_Kerry_0004|John_Kerry_0012,1,0.585806,0.564857,0.573881
John_Kerry_0009|John_Kerry_0013,1,0.798208,0.766765,0.769464
John_Malkovich_0001|John_Malkovich_0002,1,0.653105,0.619603,0.591690
John_Malkovich_0001|John_Malkovich_0003,1,0.634427,0.606233,0.602862
John_McCallum_0001|John_McCallum_0002,1,0.562601,0.544288,0.538050
John_McEnroe_0001|John_McEnroe_0002,1,0.518262,0.521436,0.506615
John_Rosa_0001|John_Rosa_0003,1,0.684828,0.677349,0.674222
Johnny_Unitas_0001|Johnny_Unitas_0002,1,0.700637,0.709325,0.695817
Jong_Wook_Lee_0003|Jong_Wook_Lee_0004,1,0.699153,0.665759,0.680708
Jose_Maria_Aznar_0001|Jose_Maria_Aznar_0013,1,0.649778,0.647807,0.628944
Jose_Maria_Aznar_0006|Jose_Maria_Aznar_0013,1,0.566146,0.555103,0.543801
Jose_Maria_Aznar_0006|Jose_Maria_Aznar_0020,1,0.558795,0.543539,0.560414
Jose_Maria_Aznar_0015|Jose_Maria_Aznar_0023,1,0.642370,0.621756,0.624843
Jose_Maria_Aznar_0017|Jose_Maria_Aznar_0022,1,0.645095,0.595939,0.612468
Julianne_Moore_0004|Julianne_Moore_0009,1,0.708085,0.670712,0.669970
Julianne_Moore_0006|Julianne_Moore_0016,1,0.411188,0.392609,0.387595
Julianne_Moore_0006|Julianne_Moore_0019,1,0.523676,0.504425,0.508159
Julianne_Moore_0007|Julianne_Moore_0018,1,0.460803,0.437636,0.460199
Julianne_Moore_0012|Julianne_Moore_0015,1,0.630719,0.605715,0.591100
Julio_Iglesias_Jr_0001|Julio_Iglesias_Jr_0002,1,0.605983,0.590518,0.592687
Justin_Timberlake_0001|Justin_Timberlake_0002,1,0.571521,0.540592,0.561375
Justin_Timberlake_0001|Justin_Timberlake_0003,1,0.592806,0.543076,0.566595
Justin_Timberlake_0005|Justin_Timberlake_0006,1,0.683818,0.650047,0.659988
Justin_Timberlake_0006|Justin_Timberlake_0008,1,0.593287,0.571688,0.582125
Justine_Pasek_0002|Justine_Pasek_0005,1,0.655907,0.623026,0.626140
Justine_Pasek_0002|Justine_Pasek_0006,1,0.544323,0.512340,0.532706
Justine_Pasek_0006|Justine_Pasek_0007,1,0.705616,0.652293,0.701091
Kathleen_Glynn_0001|Kathleen_Glynn_0002,1,0.665382,0.638267,0.602893
Kim_Dae-jung_0001|Kim_Dae-jung_0003,1,0.610705,0.566447,0.576299
Kim_Dae-jung_0001|Kim_Dae-jung_0005,1,0.639394,0.606393,0.632429
Kim_Dae-jung_0002|Kim_Dae-jung_0003,1,0.475728,0.432494,0.499677
Kim_Dae-jung_0004|Kim_Dae-jung_0006,1,0.592065,0.582912,0.596031
Kirk_Johnson_0001|Kirk_Johnson_0002,1,0.732608,0.720083,0.687279
Kirk_Johnson_0001|Kirk_Johnson_0003,1,0.799857,0.771293,0.766162
Kirk_Johnson_0002|Kirk_Johnson_0003,1,0.798832,0.767455,0.790094
Kosuke_Kitajima_0001|Kosuke_Kitajima_0002,1,0.582723,0.512278,0.524293
Kurt_Russell_0001|Kurt_Russell_0002,1,0.625182,0.614970,0.627517
Larry_Coker_0001|Larry_Coker_0004,1,0.636753,0.635251,0.590153
Larry_Coker_0002|Larry_Coker_0004,1,0.632953,0.605889,0.613790
Larry_Ellison_0001|Larry_Ellison_0002,1,0.677239,0.676913,0.701671
Larry_Ellison_0001|Larry_Ellison_0003,1,0.623813,0.604596,0.610784
Lawrence_MacAulay_0001|Lawrence_MacAulay_0002,1,0.634309,0.632824,0.625531
LeBron_James_0001|LeBron_James_0004,1,0.432336,0.428126,0.401804
LeBron_James_0001|LeBron_James_0005,1,0.572529,0.576216,0.573369
LeBron_James_0003|LeBron_James_0004,1,0.537798,0.512927,0.525760
LeBron_James_0004|LeBron_James_0005,1,0.307180,0.323422,0.321764
Lea_Fastow_0001|Lea_Fastow_0002,1,0.781227,0.741308,0.772011
Lee_Hoi-chang_0001|Lee_Hoi-chang_0002,1,0.780850,0.747671,0.760843
Lee_Hoi-chang_0002|Lee_Hoi-chang_0004,1,0.665772,0.658322,0.658278
Li_Peng_0002|Li_Peng_0006,1,0.697867,0.684209,0.687190
Li_Peng_0004|Li_Peng_0007,1,0.581016,0.565076,0.567131
Li_Peng_0004|Li_Peng_0008,1,0.476846,0.491870,0.501093
Li_Peng_0004|Li_Peng_0009,1,0.557572,0.529604,0.569927
Lim_Dong-won_0001|Lim_Dong-won_0002,1,0.680796,0.677178,0.665187
Lindsay_Benko_0001|Lindsay_Benko_0002,1,0.552686,0.471456,0.505504
Lou_Piniella_0001|Lou_Piniella_0003,1,0.489692,0.477181,0.479418
Lou_Piniella_0002|Lou_Piniella_0003,1,0.535065,0.519661,0.517039
Lucio_Gutierrez_0001|Lucio_Gutierrez_0002,1,0.639876,0.594900,0.633253
Lucio_Gutierrez_0003|Lucio_Gutierrez_0010,1,0.717570,0.730231,0.720155
Lucio_Gutierrez_0006|Lucio_Gutierrez_0007,1,0.597133,0.594078,0.601157
Lucio_Gutierrez_0006|Lucio_Gutierrez_0008,1,0.802382,0.787616,0.764515
Lucio_Gutierrez_0008|Lucio_Gutierrez_0013,1,0.552724,0.514016,0.523524
Luis_Figo_0002|Luis_Figo_0003,1,0.514213,0.477508,0.496498
Luis_Figo_0002|Luis_Figo_0004,1,0.526611,0.497407,0.531547
Luke_Walton_0001|Luke_Walton_0002,1,0.681093,0.671314,0.669537
Marat_Safin_0001|Marat_Safin_0002,1,0.480269,0.479137,0.459094
Marat_Safin_0001|Marat_Safin_0003,1,0.609954,0.583071,0.573684
Marat_Safin_0002|Marat_Safin_0003,1,0.548359,0.527104,0.513370
Mariana_Pollack_0001|Mariana_Pollack_0003,1,0.632832,0.588675,0.610563
Mariana_Pollack_0002|Mariana_Pollack_0003,1,0.624834,0.588443,0.619369
Martin_McGuinness_0003|Martin_McGuinness_0004,1,0.671570,0.629352,0.614550
Masahiko_Nagasawa_0001|Masahiko_Nagasawa_0002,1,0.610415,0.614191,0.589431
Michael_Chiklis_0001|Michael_Chiklis_0004,1,0.642545,0.614144,0.600962
Michael_Chiklis_0001|Michael_Chiklis_0005,1,0.627281,0.636180,0.592096
Michael_Chiklis_0002|Michael_Chiklis_0003,1,0.468910,0.460714,0.476201
Michael_Chiklis_0002|Michael_Chiklis_0004,1,0.497084,0.448933,0.466464
Michael_Chiklis_0003|Michael_Chiklis_0005,1,0.511754,0.532408,0.509508
Michael_Chiklis_0004|Michael_Chiklis_0005,1,0.515407,0.459315,0.470559
Michael_Douglas_0001|Michael_Douglas_0002,1,0.671302,0.645980,0.659728
Michael_Douglas_0001|Michael_Douglas_0003,1,0.651507,0.617720,0.629598
Michael_Douglas_0002|Michael_Douglas_0004,1,0.586345,0.543758,0.586990
Michael_Douglas_0003|Michael_Douglas_0006,1,0.646118,0.627812,0.623764
Michael_Douglas_0004|Michael_Douglas_0005,1,0.566333,0.550729,0.563958
Michael_Kostelnik_0001|Michael_Kostelnik_0002,1,0.632118,0.627155,0.605815
Michael_Leavitt_0001|Michael_Leavitt_0002,1,0.658612,0.630345,0.642005
Michelle_Branch_0001|Michelle_Branch_0002,1,0.507925,0.510446,0.532414
Michelle_Kwan_0001|Michelle_Kwan_0004,1,0.533261,0.489604,0.502336
Michelle_Kwan_0004|Michelle_Kwan_0005,1,0.854367,0.848693,0.834214
Michelle_Kwan_0006|Michelle_Kwan_0008,1,0.641256,0.664508,0.646734
Mike_Montgomery_0001|Mike_Montgomery_0002,1,0.598729,0.608640,0.590880
Mike_Tyson_0001|Mike_Tyson_0003,1,0.540460,0.576961,0.535146
Mikhail_Wehbe_0001|Mikhail_Wehbe_0003,1,0.601062,0.569183,0.589189
Minnie_Driver_0001|Minnie_Driver_0002,1,0.518799,0.505711,0.538031
Miyako_Miyazaki_0001|Miyako_Miyazaki_0002,1,0.589235,0.558856,0.579813
Muammar_Gaddafi_0001|Muammar_Gaddafi_0002,1,0.530868,0.521674,0.489816
Munir_Akram_0001|Munir_Akram_0002,1,0.833658,0.812321,0.823179
Nadia_Petrova_0001|Nadia_Petrova_0002,1,0.530882,0.514752,0.494625
Nadia_Petrova_0001|Nadia_Petrova_0003,1,0.542017,0.538162,0.518574
Nadia_Petrova_0001|Nadia_Petrova_0004,1,0.532748,0.495653,0.521308
Nadia_Petrova_0002|Nadia_Petrova_0003,1,0.628888,0.632629,0.612265
Nadia_Petrova_0003|Nadia_Petrova_0004,1,0.529464,0.502646,0.540561
Nadia_Petrova_0004|Nadia_Petrova_0005,1,0.397348,0.392873,0.409479
Nancy_Pelosi_0001|Nancy_Pelosi_0007,1,0.500172,0.477620,0.499721
Nancy_Pelosi_0002|Nancy_Pelosi_0009,1,0.538471,0.545812,0.525608
Nancy_Pelosi_0004|Nancy_Pelosi_0015,1,0.591043,0.522049,0.562673
Nancy_Pelosi_0012|Nancy_Pelosi_0014,1,0.641226,0.618959,0.638693
Nia_Vardalos_0001|Nia_Vardalos_0003,1,0.535159,0.539629,0.544994
Nia_Vardalos_0003|Nia_Vardalos_0004,1,0.481235,0.461502,0.456676
Nia_Vardalos_0003|Nia_Vardalos_0005,1,0.507067,0.492053,0.479509
Nicholas_Byron_0001|Nicholas_Byron_0002,1,0.728183,0.709440,0.682333
Nikki_Reed_0001|Nikki_Reed_0002,1,0.664081,0.584534,0.621175
Olivia_Newton-John_0001|Olivia_Newton-John_0002,1,0.728043,0.711876,0.674497
Paradorn_Srichaphan_0002|Paradorn_Srichaphan_0004,1,0.470911,0.454781,0.456928
Paradorn_Srichaphan_0004|Paradorn_Srichaphan_0005,1,0.590262,0.615798,0.611237
Pascal_Quignard_0001|Pascal_Quignard_0003,1,0.690543,0.672234,0.667882
Pascal_Quignard_0002|Pascal_Quignard_0003,1,0.663753,0.611078,0.633209
Patrice_Chereau_0001|Patrice_Chereau_0002,1,0.631841,0.593949,0.629598
Pedro_Malan_0001|Pedro_Malan_0005,1,0.473785,0.464879,0.462193
Pedro_Malan_0003|Pedro_Malan_0005,1,0.462926,0.432264,0.436129
Peter_Harrison_0001|Peter_Harrison_0002,1,0.688449,0.668009,0.654633
Rainer_Schuettler_0001|Rainer_Schuettler_0004,1,0.547799,0.557345,0.517117
Rainer_Schuettler_0002|Rainer_Schuettler_0003,1,0.390641,0.430533,0.390136
Rainer_Schuettler_0002|Rainer_Schuettler_0004,1,0.551129,0.545838,0.568228
Raymond_Odierno_0001|Raymond_Odierno_0002,1,0.906169,0.864107,0.868288
Rebecca_Romijn-Stamos_0001|Rebecca_Romijn-Stamos_0002,1,0.518741,0.509214,0.492730
Rebecca_Romijn-Stamos_0001|Rebecca_Romijn-Stamos_0003,1,0.532483,0.520872,0.482454
Rebecca_Romijn-Stamos_0001|Rebecca_Romijn-Stamos_0004,1,0.430449,0.450451,0.418662
Rebecca_Romijn-Stamos_0003|Rebecca_Romijn-Stamos_0004,1,0.477247,0.498880,0.497263
Richard_Krajicek_0001|Richard_Krajicek_0003,1,0.493009,0.477970,0.490785
Richard_Krajicek_0002|Richard_Krajicek_0003,1,0.496721,0.432523,0.480173
Rick_Santorum_0001|Rick_Santorum_0002,1,0.672836,0.642879,0.632647
Rick_Santorum_0001|Rick_Santorum_0003,1,0.540421,0.538212,0.524850
Rick_Santorum_0002|Rick_Santorum_0003,1,0.592997,0.581707,0.577262
Rick_Stansbury_0002|Rick_Stansbury_0003,1,0.668687,0.613911,0.631132
Rob_Marshall_0001|Rob_Marshall_0003,1,0.774472,0.754115,0.773844
Rob_Marshall_0001|Rob_Marshall_0006,1,0.744089,0.698764,0.733644
Rob_Marshall_0002|Rob_Marshall_0004,1,0.745204,0.726754,0.714485
Robert_Blackwill_0001|Robert_Blackwill_0002,1,0.753903,0.742128,0.742382
Robert_Duvall_0002|Robert_Duvall_0008,1,0.709938,0.652296,0.698444
Robert_Horan_0001|Robert_Horan_0002,1,0.684122,0.659911,0.648768
Robert_Redford_0003|Robert_Redford_0004,1,0.478605,0.436286,0.495436
Robert_Redford_0007|Robert_Redford_0008,1,0.649582,0.585876,0.606426
Robinson_Stevenin_0001|Robinson_Stevenin_0002,1,0.763554,0.740366,0.726732
Roger_Clemens_0001|Roger_Clemens_0002,1,0.672646,0.635536,0.627307
Sadie_Frost_0001|Sadie_Frost_0002,1,0.395285,0.360635,0.340503
Saparmurat_Niyazov_0001|Saparmurat_Niyazov_0002,1,0.743269,0.711834,0.731633
Sarah_Michelle_Gellar_0001|Sarah_Michelle_Gellar_0002,1,0.329944,0.353863,0.338758
Sarah_Michelle_Gellar_0001|Sarah_Michelle_Gellar_0003,1,0.544420,0.567351,0.556073
Sarah_Michelle_Gellar_0002|Sarah_Michelle_Gellar_0003,1,0.534933,0.510168,0.481632
Serena_Williams_0001|Serena_Williams_0041,1,0.607977,0.575085,0.571290
Serena_Williams_0003|Serena_Williams_0032,1,0.409431,0.416212,0.402815
Serena_Williams_0014|Serena_Williams_0040,1,0.587309,0.525334,0.533275
Serena_Williams_0041|Serena_Williams_0047,1,0.563233,0.544025,0.513740
Sergey_Lavrov_0001|Sergey_Lavrov_0003,1,0.755261,0.742113,0.754915
Sergey_Lavrov_0001|Sergey_Lavrov_0006,1,0.647891,0.614480,0.622903
Sergey_Lavrov_0002|Sergey_Lavrov_0004,1,0.578675,0.579854,0.587329
Sergey_Lavrov_0003|Sergey_Lavrov_0005,1,0.755958,0.764744,0.739344
Sergey_Lavrov_0003|Sergey_Lavrov_0007,1,0.759618,0.737740,0.747420
Sergey_Lavrov_0004|Sergey_Lavrov_0008,1,0.778645,0.760759,0.765572
Shane_Mosley_0001|Shane_Mosley_0002,1,0.582458,0.581285,0.568676
Sheila_Copps_0002|Sheila_Copps_0003,1,0.577754,0.570638,0.554244
Sheila_Copps_0003|Sheila_Copps_0004,1,0.673004,0.673354,0.634746
Shia_LaBeouf_0001|Shia_LaBeouf_0002,1,0.637696,0.616654,0.595086
Steve_Nash_0001|Steve_Nash_0003,1,0.625616,0.615140,0.616464
Steve_Nash_0001|Steve_Nash_0004,1,0.620170,0.579009,0.587883
Steve_Nash_0002|Steve_Nash_0004,1,0.581738,0.545722,0.571149
Steve_Nash_0002|Steve_Nash_0005,1,0.461760,0.488136,0.454670
Steve_Spurrier_0001|Steve_Spurrier_0002,1,0.461871,0.413950,0.418947
Steve_Waugh_0001|Steve_Waugh_0002,1,0.596089,0.626040,0.587399
Susilo_Bambang_Yudhoyono_0001|Susilo_Bambang_Yudhoyono_0002,1,0.528045,0.524539,0.541153
Susilo_Bambang_Yudhoyono_0001|Susilo_Bambang_Yudhoyono_0003,1,0.673968,0.687913,0.679717
Susilo_Bambang_Yudhoyono_0001|Susilo_Bambang_Yudhoyono_0004,1,0.614867,0.624765,0.634962
Susilo_Bambang_Yudhoyono_0003|Susilo_Bambang_Yudhoyono_0004,1,0.782299,0.785023,0.782906
Suzanne_Gaudet_0001|Suzanne_Gaudet_0002,1,0.714887,0.688377,0.723618
Thomas_Bjorn_0001|Thomas_Bjorn_0002,1,0.520981,0.485303,0.477585
Tim_Conway_0001|Tim_Conway_0002,1,0.700125,0.678694,0.685238
Tim_Conway_0001|Tim_Conway_0003,1,0.489831,0.505081,0.485698
Tim_Robbins_0001|Tim_Robbins_0005,1,0.663066,0.679012,0.661905
Tim_Robbins_0002|Tim_Robbins_0004,1,0.439459,0.390910,0.439991
Tim_Robbins_0003|Tim_Robbins_0005,1,0.531844,0.512346,0.528252
Tom_Craddick_0001|Tom_Craddick_0003,1,0.746949,0.740137,0.719957
Tom_Craddick_0002|Tom_Craddick_0004,1,0.653604,0.619173,0.640293
Tom_Craddick_0003|Tom_Craddick_0004,1,0.631322,0.621476,0.618105
Tracee_Ellis_Ross_0001|Tracee_Ellis_Ross_0002,1,0.698213,0.668757,0.676985
Venus_Williams_0002|Venus_Williams_0009,1,0.650322,0.620055,0.652729
Vivica_Fox_0001|Vivica_Fox_0002,1,0.545979,0.515203,0.535325
William_Ford_Jr_0001|William_Ford_Jr_0002,1,0.554836,0.521843,0.517603
William_Ford_Jr_0002|William_Ford_Jr_0006,1,0.566538,0.565895,0.556816
William_Ford_Jr_0005|William_Ford_Jr_0006,1,0.636505,0.595997,0.611095
William_Rehnquist_0001|William_Rehnquist_0002,1,0.656715,0.595863,0.624659
Yossi_Beilin_0001|Yossi_Beilin_0002,1,0.651557,0.618946,0.600826
Aaron_Eckhart_0001|Akiko_Morigami_0001,0,-0.017372,-0.011118,-0.006419
Aaron_Eckhart_0001|AnFernce_Negron_0001,0,0.015714,0.033118,0.013914
Aaron_Eckhart_0001|Sadie_Frost_0001,0,-0.035967,-0.012441,-0.044009
Abdel_Aziz_Al-Hakim_0001|Joe_Darrell_0001,0,0.091165,0.111192,0.111790
Abdullah_al-Attiyah_0001|Rachel_Wadsworth_0001,0,0.011388,0.018568,-0.015189
Abdullah_al-Attiyah_0002|John_Lisowski_0001,0,0.002665,0.022991,0.016601
Abraham_Foxman_0001|Doug_Melvin_0002,0,0.142093,0.199947,0.161553
Abraham_Foxman_0001|Nikki_Reed_0001,0,0.113568,0.134347,0.117758
Adam_Rich_0001|Jean-Claude_Trichet_0001,0,0.083748,0.121252,0.087963
Adam_Rich_0001|John_Goold_0001,0,0.018354,0.015864,0.013035
Adam_Rich_0001|Lisa_Girman_0001,0,0.080090,0.056185,0.084957
Adam_Rich_0001|Roger_Clemens_0001,0,0.032684,0.051745,0.045732
Adam_Rich_0001|Suzanne_Somers_0001,0,0.007718,0.000087,0.007331
Adrian_Fernandez_0001|Nicolas_Massu_0001,0,-0.030723,-0.021761,-0.021992
Aiysha_Smith_0001|Yossi_Beilin_0001,0,-0.018737,0.003943,0.005805
Akiko_Morigami_0001|Shane_Mosley_0001,0,0.056446,0.080476,0.049833
Alastair_Johnston_0001|Aleksander_Kwasniewski_0004,0,-0.144702,-0.150111,-0.143597
Alastair_Johnston_0001|Bill_Duffey_0001,0,-0.023551,-0.001862,-0.046170
Albert_Brooks_0001|Robinson_Stevenin_0001,0,-0.074082,-0.077473,-0.040011
Albert_Brooks_0001|Sheila_Copps_0003,0,0.004026,0.017783,0.025490
Aleksander_Kwasniewski_0001|Guangdong_Ou_Guangyuan_0001,0,-0.050791,-0.006254,-0.051082
Aleksander_Kwasniewski_0002|George_Plimpton_0001,0,-0.038216,0.003985,-0.050521
Aleksander_Kwasniewski_0002|Juan_Jose_Lucas_0001,0,-0.010687,-0.040429,-0.031320
Aleksander_Kwasniewski_0003|Billy_Crawford_0001,0,-0.080119,-0.053725,-0.067585
Aleksander_Voloshin_0001|Kristen_Rivera_0001,0,-0.036917,-0.081694,-0.053180
Alessandro_Nesta_0001|Paul_Kelleher_0001,0,-0.053111,-0.019611,-0.061561
Alfredo_di_Stefano_0001|Chris_Moore_0001,0,-0.141630,-0.122183,-0.120100
Alfredo_di_Stefano_0001|Maryn_McKenna_0001,0,0.047110,0.045445,0.053664
Alfredo_di_Stefano_0001|Shamai_Leibowitz_0001,0,-0.065234,-0.048095,-0.074574
Ali_Naimi_0005|Morris_Dees_0001,0,0.064766,0.065748,0.072968
Aline_Chretien_0001|Guillermo_Coria_0017,0,0.045149,0.076136,0.053377
Amy_Yasbeck_0001|Chawki_Armali_0001,0,0.016433,0.078471,0.052829
AnFernce_Negron_0001|Kristen_Rivera_0001,0,0.021609,0.046355,0.010080
Andrew_Cuomo_0002|Todd_Petit_0001,0,0.029893,0.059497,0.037570
Anil_Ramsook_0001|Takeo_Hiranuma_0001,0,-0.012143,-0.016712,-0.011584
Annie_Chaplin_0001|Charles_Tannok_0001,0,0.063702,0.037386,0.054184
Antanas_Valionis_0001|William_Rehnquist_0001,0,0.025560,0.063982,0.052940
Avril_Lavigne_0001|Shia_LaBeouf_0002,0,-0.033512,-0.021898,-0.065046
Barbara_Becker_0001|Chris_Noth_0001,0,0.034369,0.037921,0.042222
Barbara_Becker_0001|Franz_Beckenbauer_0002,0,-0.066088,-0.076973,-0.070072
Barbora_Strycova_0001|Christiane_Wulff_0001,0,0.002755,-0.028413,-0.039643
Barry_Diller_0001|Meles_Zenawi_0001,0,0.056629,0.075617,0.058825
Bartosz_Kizierowski_0001|Faye_Wong_0001,0,-0.020844,0.004781,-0.011999
Ben_Wallace_0001|Nia_Vardalos_0005,0,-0.094938,-0.161738,-0.108311
Bernard_Lord_0001|Joxel_Garcia_0001,0,0.088401,0.131530,0.094390
Bernard_Lord_0002|Bing_Crosby_0001,0,0.094613,0.108313,0.066897
Beyonce_Knowles_0001|Maurice_Papon_0001,0,-0.106062,-0.064572,-0.104865
Bill_Duffey_0001|Jong_Wook_Lee_0001,0,0.069820,0.054926,0.087646
Bill_Guerin_0001|Julie_Goodenough_0001,0,-0.034486,-0.013469,-0.035002
Bill_Herrion_0001|Fernando_Valenzuela_0001,0,0.028249,0.038836,0.041295
Bill_Herrion_0001|Johnny_Unitas_0002,0,0.068466,0.058398,0.061033
Bill_Richardson_0001|George_McCloud_0001,0,-0.035260,-0.017345,-0.024793
Billy_Andrade_0001|Kellie_Coffey_0001,0,0.009485,0.031382,-0.004398
Billy_Crawford_0001|Jim_Edmonds_0002,0,-0.090033,-0.064727,-0.118128
Billy_Edelin_0001|Himmler_Rebu_0001,0,-0.126583,-0.073352,-0.167007
Bing_Crosby_0001|Stephen_Webster_0001,0,-0.055927,-0.049544,-0.035775
Bixente_LIzarazu_0001|Chris_Bell_0002,0,-0.002761,0.037683,0.003834
Bixente_LIzarazu_0001|Todd_Wike_0001,0,-0.105832,-0.076312,-0.085615
Blythe_Danner_0002|Hank_McKinnell_0001,0,-0.001870,0.004347,0.003723
Bob_Eskridge_0001|Marco_Pantani_0001,0,0.036882,0.039705,0.042104
Bob_Hartley_0001|Lou_Piniella_0003,0,0.086421,0.062761,0.071251
Bob_Krueger_0001|Gordana_Grubin_0001,0,-0.003014,0.027858,-0.002674
Bob_Krueger_0001|Mariana_Pollack_0001,0,0.014085,0.031762,0.000747
Bob_Sulkin_0001|Branko_Crvenkovski_0003,0,-0.017265,-0.011580,-0.015749
Bobby_Kielty_0001|Robert_Horan_0002,0,-0.021593,-0.007350,0.013626
Brajesh_Mishra_0001|Mark_Podlesny_0001,0,0.134798,0.132798,0.113430
Brandon_Knight_0001|Claudia_Cardinale_0001,0,0.036698,0.030698,0.005762
Brandon_Knight_0001|Phil_Donahue_0001,0,0.025135,0.035633,0.038041
Brandon_Lloyd_0001|Cha_Yung-gu_0001,0,-0.037550,-0.004330,-0.025637
Brandon_Lloyd_0001|James_Coburn_0001,0,-0.011886,0.027045,-0.014431
Brian_Schneider_0001|Michael_Rolinee_0001,0,0.123583,0.115214,0.096096
Bruce_Springsteen_0004|Ion_Tiriac_0001,0,-0.130062,-0.149227,-0.121691
Cameron_Diaz_0002|Shia_LaBeouf_0001,0,-0.038382,0.006078,-0.004589
Cameron_Diaz_0005|Nadia_Petrova_0002,0,0.024423,0.057549,0.027170
Carla_Gugino_0001|Kelly_Osbourne_0001,0,0.050593,0.067073,0.054165
Carla_Gugino_0001|Kenny_Chesney_0001,0,-0.091668,-0.088804,-0.104479
Carla_Gugino_0001|Michael_Douglas_0003,0,0.004755,-0.014329,0.041990
Carla_Gugino_0001|Miguel_Aldana_Ibarra_0001,0,-0.110209,-0.048812,-0.112119
Carlos_Fasciolo_0001|Debbie_Allen_0001,0,0.025735,0.077132,0.054445
Carol_Williams_0001|Gorden_Tallis_0001,0,0.189117,0.195957,0.204115
Carrie-Anne_Moss_0002|Horacio_Julio_Pina_0001,0,-0.044544,-0.025227,-0.083051
Carrie-Anne_Moss_0004|Michael_Goldrich_0001,0,0.028888,0.075316,0.048373
Casey_Crowder_0001|Keiko_Sofia_Fujimori_0001,0,-0.006652,0.020353,-0.018400
Casey_Crowder_0001|Phoenix_Chang_0001,0,0.021140,0.069097,0.006949
Cha_Yung-gu_0001|Takeo_Hiranuma_0001,0,0.213848,0.254674,0.253370
Charlene_Barshefsky_0001|James_Coburn_0001,0,-0.003971,-0.018588,-0.046867
Charles_Tannok_0001|Larry_Coker_0004,0,0.078063,0.083049,0.057118
Charlie_Hunnam_0001|Hestrie_Cloette_0001,0,0.047273,0.041205,0.026106
Charlie_Hunnam_0001|Veronica_Lake_0001,0,-0.022782,-0.026866,0.011294
Charlton_Heston_0004|Desiree_Lemosi_0001,0,-0.101683,-0.072440,-0.097114
Chawki_Armali_0001|Shoshannah_Stern_0001,0,0.028129,0.122691,0.059784
Chris_Bell_0002|Pharrell_Williams_0001,0,0.176389,0.184883,0.175476
Chris_Forsyth_0001|Nikki_Reed_0002,0,0.012452,0.069362,0.027443
Chris_Neil_0001|John_Kerry_0014,0,-0.047265,-0.017918,-0.038071
Chris_Noth_0001|Takeshi_Kitano_0001,0,-0.091084,-0.086453,-0.084634
Christine_Arron_0001|Robert_Duvall_0005,0,0.038563,0.012578,0.030000
Christine_Arron_0001|Steve_McManaman_0001,0,0.038487,0.079031,0.068075
Chuck_Hagel_0001|Jeff_Roehm_0001,0,0.023499,0.034941,0.049509
Chuck_Hagel_0001|Margaret_Hasley_0001,0,0.054322,0.087730,0.038599
Chuck_Hagel_0001|Sebastian_Porto_0001,0,-0.012636,0.026280,-0.019787
Cliff_Ellis_0001|John_Lisowski_0001,0,-0.106404,-0.071647,-0.077095
Clifford_Etienne_0001|Pharrell_Williams_0001,0,0.001754,0.085514,0.012207
Clifford_Etienne_0001|Ray_Lewis_0001,0,0.070532,0.115310,0.075114
Clive_Lloyd_0001|Harland_Braun_0001,0,0.101843,0.094298,0.091172
Colin_Montgomerie_0001|Horacio_Julio_Pina_0001,0,-0.010091,0.020642,-0.007107
Daniel_Montenegro_0001|Gustavo_Cisneros_0001,0,-0.042192,-0.024647,-0.026028
Daniel_Montenegro_0001|Nadia_Petrova_0004,0,-0.015947,-0.034839,-0.008961
Daniel_Montenegro_0001|Omar_Khan_Sharif_0001,0,0.094269,0.140062,0.114462
Daniel_Montenegro_0001|Rick_Santorum_0001,0,-0.083194,-0.068647,-0.065426
Danny_Glover_0001|Morris_Dees_0001,0,0.035812,0.069768,0.036136
Danny_Glover_0001|Patrice_Chereau_0002,0,-0.089726,-0.099534,-0.084451
David_Trimble_0004|John_Elway_0001,0,-0.066397,-0.054904,-0.063978
David_Wolf_0002|Emanuel_Ginobili_0004,0,-0.108005,-0.048352,-0.093066
David_Wolf_0002|Kathleen_Glynn_0002,0,-0.049655,-0.092268,-0.083190
David_Wolf_0002|Venus_Williams_0006,0,0.016460,0.028222,-0.007186
Debbie_Allen_0001|Sebastian_Cuattrin_0001,0,0.020340,0.075427,0.039482
Demetrius_Ferraciu_0002|Edward_Seaga_0001,0,0.120856,0.122569,0.109943
Denise_Johnson_0001|Nikki_Cascone_0001,0,0.001642,0.027768,0.007696
Denise_Johnson_0002|Emanuel_Ginobili_0003,0,0.096538,0.099155,0.088060
Denise_Johnson_0002|Filippo_Inzaghi_0002,0,0.111394,0.073874,0.065277
Dennis_Powell_0001|Horst_Koehler_0003,0,0.118794,0.110057,0.127808
Dennis_Powell_0001|Michael_Chiklis_0002,0,-0.069782,-0.038452,-0.037905
Desiree_Lemosi_0002|Dion_Glover_0001,0,-0.035619,-0.033988,-0.069270
Dion_Glover_0001|Michael_Weiss_0001,0,0.088489,0.082357,0.084717
Doug_Melvin_0001|Gustavo_Cisneros_0001,0,0.037526,0.041236,0.055661
Doug_Melvin_0003|Emma_Nicholson_0001,0,0.086955,0.108542,0.051684
Doug_Racine_0001|Marisol_Breton_0001,0,-0.096851,-0.037055,-0.066083
Ed_Book_0001|Nur_Jaafar_0001,0,0.001535,0.026707,0.006573
Ed_Case_0001|Sadam_Hassan_0001,0,-0.107749,-0.076617,-0.081779
Edward_Seaga_0001|George_Roy_Hill_0001,0,0.118871,0.146942,0.116520
Edward_Seaga_0001|Sarah_Price_0001,0,-0.058071,-0.068282,-0.094448
Eileen_Spina_0001|Jeff_Bzdelik_0001,0,-0.066295,-0.025994,-0.050723
Ekke_Hard_Forberg_0001|Nikki_Reed_0001,0,-0.026250,-0.004795,-0.020186
Elena_Bereznaya_0001|Lene_Espersen_0001,0,-0.007090,-0.039205,-0.009386
Elena_Bereznaya_0001|Mario_Lobo_Zagallo_0001,0,0.024939,0.052463,0.043709
Elena_Bereznaya_0001|Rick_Stansbury_0002,0,-0.059695,-0.043158,-0.080387
Elisha_Cuthbert_0001|Mariana_Pollack_0002,0,-0.019013,-0.050900,-0.054014
Eliza_Manningham-Buller_0001|Lawrence_MacAulay_0002,0,-0.150268,-0.169158,-0.143823
Eric_Clapton_0002|Niall_Connolly_0001,0,0.107071,0.132799,0.125769
Eric_Taino_0001|Michael_Goldrich_0001,0,0.014316,-0.017586,-0.004251
Farida_Ragoonanan_0001|Jorge_Enrique_Jimenez_0001,0,-0.092228,-0.126441,-0.104978
Felix_Trinidad_0001|Joe_Darrell_0001,0,-0.091029,-0.045337,-0.060387
Felix_Trinidad_0001|Justine_Pasek_0004,0,-0.017667,0.005160,-0.031117
Fernando_Valenzuela_0001|Luis_Figo_0003,0,0.082112,0.111802,0.085436
Fernando_Valenzuela_0001|Nicolas_Macrozonaris_0001,0,0.080669,0.067422,0.054983
Filippo_Inzaghi_0001|Mohammed_Al_Hindi_0001,0,-0.087493,-0.039700,-0.064010
Filippo_Inzaghi_0001|Shanna_Zolman_0001,0,-0.051308,-0.033650,-0.042288
Francis_Ricciardone_0001|Sven_Goran_Eriksson_0001,0,0.006382,0.040248,0.037285
Franz_Beckenbauer_0001|Gerald_Ford_0001,0,0.042510,0.070779,0.051914
Franz_Beckenbauer_0002|Rick_Bragg_0001,0,-0.037662,-0.005635,-0.026531
George_Foreman_0002|Ralph_Goodale_0001,0,-0.053271,-0.081563,-0.042433
George_Pataki_0001|James_Dingemans_0001,0,0.014869,0.017467,0.028777
George_Pataki_0002|Masahiko_Nagasawa_0002,0,-0.058429,-0.021642,-0.040928
George_Plimpton_0001|Ximena_Bohorquez_0001,0,-0.124931,-0.109488,-0.142290
Gerald_Ford_0001|Kurt_Budke_0001,0,-0.145954,-0.110723,-0.141379
Gerald_Ford_0001|Li_Peng_0001,0,0.053116,0.049476,0.056661
Giselle_Estefania_Tavarelli_0001|John_Sununu_0001,0,-0.041529,-0.044300,-0.063181
Giulio_Andreotti_0001|Kurt_Russell_0002,0,0.019328,0.018500,0.015616
Giulio_Andreotti_0001|Michael_Denzel_0001,0,0.062066,0.050799,0.041289
Graciano_Rocchigiani_0001|Juan_Jose_Lucas_0001,0,0.052804,0.053736,0.066488
Gregory_Geoffroy_0001|Sybille_Schmid_0001,0,-0.042641,-0.027548,-0.015261
Gregory_Geoffroy_0002|Kosuke_Kitajima_0001,0,-0.106880,-0.079970,-0.104580
Gregory_Geoffroy_0002|Wycliffe_Grousbeck_0001,0,0.048001,0.085058,0.047136
Guangdong_Ou_Guangyuan_0001|Li_Ruihuan_0001,0,0.127092,0.126076,0.114216
Guangdong_Ou_Guangyuan_0001|Nicole_0001,0,0.080556,0.113006,0.095449
Gustavo_Cisneros_0001|Steve_Blake_0001,0,0.047479,0.068004,0.047869
Gustavo_Noboa_0001|Lea_Fastow_0002,0,-0.023323,0.017737,0.003295
Habib_Hisham_0001|Pat_Rochester_0001,0,0.061857,0.089437,0.042377
Habib_Hisham_0001|Paul_Wilson_0001,0,0.021078,0.025270,0.027638
Habib_Rizieq_0001|Olivia_Newton-John_0002,0,-0.123801,-0.127493,-0.128652
Habib_Rizieq_0003|Kenny_Chesney_0001,0,0.036491,0.044920,0.054625
Hal_Sutton_0002|Kellie_Coffey_0001,0,-0.021560,-0.033701,0.008080
Harland_Braun_0001|Kathryn_Tucker_0001,0,0.001660,-0.035842,-0.010101
Hassanal_Bolkiah_0001|Michael_Leavitt_0001,0,-0.033528,-0.035106,-0.028265
Hestrie_Cloette_0001|Nicholas_Byron_0002,0,-0.035075,-0.028726,-0.018060
Hitoshi_Tanaka_0001|Ramon_Ponce_de_Leon_0001,0,-0.011250,0.056712,0.040897
Horacio_Julio_Pina_0001|Zaini_Abdullah_0001,0,-0.014125,0.031293,0.008043
Huang_Suey-Sheng_0001|Lucrecia_Orozco_0001,0,0.033578,0.055477,0.041765
Huang_Suey-Sheng_0001|Paul_Cerjan_0001,0,0.072143,0.100148,0.086186
Huang_Suey-Sheng_0001|Robinson_Stevenin_0001,0,-0.004213,0.016226,0.023551
Ian_Knop_0001|Michel_Minard_0001,0,-0.092874,-0.041963,-0.081728
Ilan_Ramon_0003|Tatiana_Kennedy_Schlossberg_0001,0,0.104686,0.132728,0.130570
Ion_Tiriac_0001|Lawrence_MacAulay_0001,0,0.034412,0.082661,0.038322
Ismail_Abu_Shanab_0001|Michael_Denzel_0001,0,-0.047078,-0.014856,-0.029327
Ismail_Abu_Shanab_0001|Rebecca_Romijn-Stamos_0001,0,-0.059178,-0.035520,-0.078847
Jack_Welch_0001|Keizo_Yamada_0001,0,0.102520,0.141545,0.111825
James_Dingemans_0001|Robert_Duvall_0005,0,0.138062,0.123417,0.113722
James_Dingemans_0001|William_Morrow_0001,0,0.007037,-0.006333,-0.010791
Jamie_Lee_Curtis_0001|William_Joppy_0001,0,-0.017530,-0.011195,-0.017768
Jamie_Martin_0001|Patrick_Ewing_0001,0,0.013369,0.055073,0.057243
Jan_Bjoerklund_0001|Li_Ruihuan_0001,0,0.030528,0.060593,0.058128
Jan_Paul_Miller_0001|Paradorn_Srichaphan_0008,0,0.011972,-0.016590,0.011154
Jay_Garner_0003|Reggie_Sanders_0001,0,0.002344,-0.000896,-0.007116
Jeff_Bzdelik_0001|Zach_Parise_0001,0,0.082951,0.093494,0.084474
Jerry_Oliver_0001|Rudolf_Schuster_0001,0,-0.041414,-0.044407,-0.062538
Jerry_Oliver_0001|Stefaan_Declerk_0001,0,0.046313,0.059726,0.005221
Jerry_Sloan_0001|Julianne_Moore_0009,0,0.018260,0.028418,0.031182
Jerry_Sloan_0001|Keiko_Sofia_Fujimori_0001,0,0.021974,0.024097,-0.000973
Jerry_Sloan_0001|Nikki_Cascone_0001,0,0.010908,0.030720,0.004338
Jim_Anderson_0001|Jose_Luis_Santiago_Vasconcelos_0001,0,-0.069578,-0.038971,-0.061166
Jim_Anderson_0001|Mikhail_Wehbe_0001,0,-0.006050,0.029616,-0.021575
Joaquim_Levy_0001|Judy_Vassar_0001,0,0.035438,0.042391,0.028580
Joe_Leonard_0001|Kristen_Rivera_0001,0,0.058009,0.077751,0.060852
John_Baldacci_0001|Nona_Gaye_0001,0,-0.106817,-0.113102,-0.124911
John_Baldacci_0001|Shia_LaBeouf_0001,0,0.030852,0.017142,0.019308
John_Elway_0001|Mahmoud_Diyab_al-Ahmed_0001,0,-0.030901,-0.059295,-0.018767
John_Kerry_0009|Raja_Ibrahim_0001,0,-0.092321,-0.094356,-0.085518
John_Kerry_0014|Pat_Rochester_0001,0,-0.045406,-0.009478,-0.037480
John_Lisowski_0001|Michelle_Kwan_0001,0,-0.020764,-0.013292,-0.037181
John_Malkovich_0002|Paradorn_Srichaphan_0007,0,-0.046271,0.023473,-0.017637
John_Malkovich_0003|Mona_Locke_0001,0,0.011206,-0.019998,-0.026373
John_Malkovich_0003|Richard_Palmer_0001,0,-0.037469,-0.012373,-0.047288
John_McCallum_0001|Oliver_Phelps_0001,0,-0.059228,-0.014094,-0.058353
John_McCallum_0002|Rick_Bragg_0001,0,0.097888,0.085609,0.072658
John_McEnroe_0002|Shane_Mosley_0001,0,-0.087973,-0.082219,-0.092668
John_Prescott_0001|Will_Ofenheusle_0001,0,-0.033556,-0.045505,-0.045237
Johnnie_Lynn_0001|Larry_Coker_0004,0,-0.065147,-0.009774,-0.064512
Johnnie_Lynn_0001|Richard_Palmer_0001,0,-0.155428,-0.086274,-0.144038
Johnny_Unitas_0001|Mark_Foley_0001,0,0.029039,0.049024,0.052360
Jonathan_Karsh_0001|Samantha_Ledster_0001,0,0.062485,0.061527,0.070526
Joxel_Garcia_0001|Lena_Olin_0001,0,0.048885,0.083789,0.035536
Joy_Bryant_0001|Richard_Chamberlain_0001,0,0.122181,0.089697,0.105219
Julianne_Moore_0004|Shia_LaBeouf_0001,0,0.006678,0.027847,-0.001162
Julio_Iglesias_Jr_0001|Ramon_Ponce_de_Leon_0001,0,0.038227,0.023961,0.010716
Justin_Timberlake_0001|Suzanne_Somers_0001,0,0.040442,0.030089,0.021972
Kathleen_Glynn_0002|Susilo_Bambang_Yudhoyono_0001,0,-0.084423,0.001297,-0.070626
Kathryn_Morris_0001|Minnie_Driver_0002,0,-0.128875,-0.096350,-0.138266
Kathryn_Tucker_0001|Stella_McCartney_0001,0,0.123044,0.134831,0.136165
Katie_Couric_0001|Sanjay_Gupta_0001,0,0.081297,0.145810,0.091205
Keiko_Sofia_Fujimori_0001|Sureyya_Ayhan_0001,0,0.027966,-0.009382,-0.007071
Kellie_Coffey_0001|Todd_Petit_0001,0,-0.008918,0.020198,0.029359
Kenny_Chesney_0001|Steve_Coogan_0001,0,-0.098577,-0.069461,-0.096705
Kevin_Tarrant_0001|Marisol_Breton_0001,0,-0.060522,-0.017353,-0.045909
Kristen_Rivera_0001|Valdas_Adamkus_0002,0,-0.006376,-0.005347,0.025306
Kurt_Russell_0002|Mahmoud_Diyab_al-Ahmed_0001,0,-0.080898,-0.026708,-0.073048
Kurt_Tanabe_0001|William_Jackson_0001,0,-0.001698,0.034999,0.008277
Kyle_McLaren_0001|Sofia_Milos_0001,0,-0.016439,-0.025467,-0.016409
Kyle_McLaren_0001|Will_Ofenheusle_0001,0,0.041458,0.024202,0.012899
Kyle_Shewfelt_0001|Larry_Coker_0002,0,0.041943,0.059720,0.050198
Lawrence_Foley_0001|Rachel_Wadsworth_0001,0,-0.041662,-0.000360,-0.039599
Lea_Fastow_0001|Uday_Hussein_0001,0,-0.002269,-0.017895,-0.008203
Lesia_Burlak_0001|Nur_Jaafar_0001,0,-0.103619,-0.063316,-0.058981
Lori_Berenson_0001|Rudolf_Schuster_0001,0,-0.052438,0.000090,-0.050275
Lucio_Angulo_0001|Sarah_Price_0001,0,0.019275,0.054910,0.019226
Lucio_Gutierrez_0010|Pedro_Malan_0005,0,-0.067890,-0.044300,-0.056112
Margaret_Hasley_0001|Michael_Denzel_0001,0,0.029169,0.045681,0.031010
Mark_Redman_0001|Stephen_Funk_0001,0,0.095983,0.117423,0.081385
Mark_Salter_0001|Shanna_Zolman_0001,0,0.015884,0.052515,0.036219
Martin_Luther_King_III_0001|Maryn_McKenna_0001,0,0.012966,-0.008176,0.002646
Mary_Bono_0001|Todd_Wike_0001,0,0.050284,0.070392,0.055519
Matt_LeBlanc_0001|Robert_Redford_0002,0,0.025823,0.057825,0.044464
Mauro_Viza_0001|William_Jackson_0001,0,0.096235,0.095260,0.092617
Max_Baucus_0001|Paradorn_Srichaphan_0005,0,0.060801,0.041434,0.059152
Max_Baucus_0001|Yossi_Beilin_0002,0,-0.058263,-0.043259,-0.080589
Meles_Zenawi_0001|Nawabzada_Nasrullah_Khan_0001,0,-0.036680,-0.020290,-0.036743
Melissa_Mulloy_0001|Paula_Abdul_0001,0,0.068964,0.077055,0.062802
Melissa_Mulloy_0001|Roger_Lyons_0001,0,0.067798,0.089650,0.045481
Michael_Chiklis_0001|Mohammed_Al_Hindi_0001,0,-0.089121,-0.067133,-0.073292
Michael_Chiklis_0001|Steve_Rush_0001,0,-0.108799,-0.082250,-0.108080
Michael_Doleac_0001|Nur_Jaafar_0001,0,-0.065235,-0.038697,-0.066389
Michael_Goldrich_0001|Suzanne_Somers_0001,0,0.006028,-0.025854,0.001778
Michael_Kahn_0001|Rick_Caruso_0001,0,0.131518,0.147230,0.123565
Michel_Minard_0001|Suzanne_Gaudet_0001,0,0.029997,0.021792,0.044408
Michelle_Bachelet_0001|Sami_Al-Arian_0001,0,0.026346,0.039229,0.025558
Miguel_Angel_Rodriguez_0001|Sasha_Cohen_0001,0,0.024364,0.086134,0.032573
Mike_Bryan_0001|Shanna_Zolman_0001,0,0.094466,0.096255,0.076044
Mike_Montgomery_0001|Ray_Lewis_0001,0,0.006471,0.012628,-0.006247
Milton_Wynants_0001|Stuart_Townsend_0001,0,-0.028985,0.019203,0.027599
Miyako_Miyazaki_0002|Munir_Akram_0002,0,0.017832,0.056578,0.032922
Morris_Dees_0001|Shamai_Leibowitz_0001,0,-0.035673,-0.007289,-0.031661
Morris_Dees_0001|Suzie_McConnell_Serio_0001,0,0.004928,0.024274,-0.009362
Nathalie_Gagnon_0001|Richard_Reid_0001,0,-0.045603,-0.029664,-0.061250
Nicklas_Lidstrom_0001|Norman_Jewison_0001,0,-0.066156,-0.046086,-0.052225
Nicklas_Lidstrom_0001|Sadie_Frost_0003,0,-0.004625,-0.031993,-0.021250
Nicole_Hiltz_0001|Zaini_Abdullah_0001,0,0.002838,0.000939,-0.007423
Nona_Gaye_0001|Paul_Cerjan_0001,0,0.027339,-0.008550,0.028111
Oscar_Bolanos_0001|Phil_Donahue_0001,0,0.036763,0.037231,0.047350
Oscar_Bolanos_0001|Tatiana_Kennedy_Schlossberg_0001,0,-0.070761,-0.074095,-0.075476
Pascal_Quignard_0003|Patrick_Ewing_0002,0,0.099078,0.117776,0.094353
Pat_Rochester_0001|Phoenix_Chang_0001,0,0.004770,0.013180,0.016608
Pat_Rochester_0001|Will_Ofenheusle_0001,0,0.049549,0.044065,0.030396
Paul_Farley_0001|Platon_Lebedev_0001,0,0.043665,0.092049,0.051494
Paula_Abdul_0001|Robert_Vowler_0001,0,0.050229,0.040940,0.060895
Pharrell_Williams_0001|Tyrone_Medley_0001,0,-0.049224,-0.033321,-0.038311
Phoenix_Chang_0001|Platon_Lebedev_0001,0,0.058297,0.065886,0.041621
Rachel_Wadsworth_0001|Richard_Palmer_0001,0,0.047014,0.071457,0.046045
Raymond_Odierno_0001|Richard_Reid_0001,0,0.037262,0.034109,0.047328
Reggie_Sanders_0001|Rick_Santorum_0002,0,0.008208,0.018151,-0.009845
Richard_Chamberlain_0001|Steve_Patterson_0001,0,0.095076,0.068160,0.075577
Richard_Ward_0001|Steve_Redgrave_0001,0,0.076067,0.116300,0.094072
Robert_Vowler_0001|Tab_Baldwin_0001,0,0.082495,0.108441,0.087138
Roy_Rogers_0001|Steven_Feldman_0001,0,-0.027008,-0.010843,-0.014522
Scott_Rolen_0001|William_Murabito_0001,0,0.024290,0.052919,0.025557
Sofia_Milos_0001|Steve_Nash_0003,0,0.138011,0.106758,0.115732
Sofia_Milos_0001|Will_Ofenheusle_0001,0,-0.036086,-0.026712,-0.028360
Sonja_Kesselschlager_0001|Tim_Robbins_0003,0,-0.064537,-0.056863,-0.057125
Takeo_Hiranuma_0001|Ty_Votaw_0001,0,0.081746,0.105165,0.096492
Ted_Washington_0001|Ximena_Bohorquez_0001,0,-0.040935,-0.001960,-0.043810
Ty_Votaw_0001|William_Webster_0001,0,0.049070,0.039676,0.047353
Adrian_McPherson_0001|Adrian_McPherson_0002,1,0.517016,0.474601,0.463734
Al_Davis_0001|Al_Davis_0002,1,0.646524,0.612934,0.604300
Al_Gore_0002|Al_Gore_0006,1,0.530469,0.522613,0.503542
Al_Gore_0004|Al_Gore_0006,1,0.627138,0.642821,0.638496
Alan_Greenspan_0001|Alan_Greenspan_0002,1,0.641363,0.650876,0.624781
Alan_Greenspan_0001|Alan_Greenspan_0005,1,0.677928,0.662070,0.662598
Alan_Greenspan_0003|Alan_Greenspan_0004,1,0.700281,0.682537,0.672826
Alastair_Campbell_0001|Alastair_Campbell_0005,1,0.477940,0.447557,0.479663
Alastair_Campbell_0002|Alastair_Campbell_0004,1,0.515618,0.463988,0.520370
Alexander_Downer_0001|Alexander_Downer_0002,1,0.588679,0.555948,0.566492
Alexander_Downer_0001|Alexander_Downer_0003,1,0.561372,0.544645,0.536402
Alexander_Downer_0001|Alexander_Downer_0004,1,0.578389,0.517704,0.528719
Alexander_Downer_0003|Alexander_Downer_0004,1,0.680518,0.638665,0.655109
Alice_Fisher_0001|Alice_Fisher_0002,1,0.827510,0.761811,0.756620
Alison_Lohman_0001|Alison_Lohman_0002,1,0.409430,0.390261,0.359324
Alvaro_Silva_Calderon_0001|Alvaro_Silva_Calderon_0002,1,0.603969,0.580836,0.561205
Alvaro_Silva_Calderon_0001|Alvaro_Silva_Calderon_0003,1,0.502908,0.493739,0.488613
Alvaro_Uribe_0007|Alvaro_Uribe_0020,1,0.614422,0.570835,0.582858
Alvaro_Uribe_0008|Alvaro_Uribe_0025,1,0.410067,0.350495,0.338349
Alvaro_Uribe_0012|Alvaro_Uribe_0013,1,0.708180,0.678224,0.687351
Alvaro_Uribe_0020|Alvaro_Uribe_0028,1,0.561842,0.539014,0.539395
Anders_Ebbeson_0002|Anders_Ebbeson_0003,1,0.687100,0.663803,0.677407
Andrew_Bunner_0001|Andrew_Bunner_0002,1,0.624285,0.595274,0.611758
Anibal_Ibarra_0001|Anibal_Ibarra_0003,1,0.613866,0.559632,0.580848
Antonio_Trillanes_0001|Antonio_Trillanes_0003,1,0.611535,0.586710,0.597993
Antonio_Trillanes_0002|Antonio_Trillanes_0003,1,0.462929,0.473666,0.473116
Asa_Hutchinson_0001|Asa_Hutchinson_0002,1,0.509874,0.471989,0.478567
Barbara_Walters_0001|Barbara_Walters_0003,1,0.704879,0.707613,0.693887
Barbara_Walters_0001|Barbara_Walters_0004,1,0.600153,0.600858,0.613777
Barbara_Walters_0003|Barbara_Walters_0004,1,0.603744,0.599548,0.602277
Ben_Howland_0001|Ben_Howland_0002,1,0.688365,0.665657,0.651199
Ben_Howland_0001|Ben_Howland_0003,1,0.737221,0.714245,0.694615
Ben_Howland_0003|Ben_Howland_0004,1,0.812449,0.783302,0.794014
Benazir_Bhutto_0001|Benazir_Bhutto_0004,1,0.467985,0.440655,0.453506
Benazir_Bhutto_0002|Benazir_Bhutto_0003,1,0.634160,0.612357,0.623591
Benazir_Bhutto_0002|Benazir_Bhutto_0004,1,0.420026,0.401203,0.402094
Bill_Simon_0005|Bill_Simon_0009,1,0.436456,0.410205,0.403039
Bill_Simon_0011|Bill_Simon_0015,1,0.648373,0.627047,0.631620
Billy_Sollie_0001|Billy_Sollie_0002,1,0.733489,0.693916,0.707122
Boris_Berezovsky_0001|Boris_Berezovsky_0002,1,0.620336,0.585473,0.606314
Brooke_Shields_0001|Brooke_Shields_0002,1,0.561430,0.535612,0.530705
Bulent_Ecevit_0001|Bulent_Ecevit_0004,1,0.703170,0.677461,0.672982
Bulent_Ecevit_0001|Bulent_Ecevit_0005,1,0.689186,0.655364,0.647351
Bulent_Ecevit_0002|Bulent_Ecevit_0006,1,0.575482,0.557752,0.555979
Bulent_Ecevit_0004|Bulent_Ecevit_0006,1,0.614716,0.585938,0.589696
Candie_Kung_0001|Candie_Kung_0002,1,0.584484,0.483271,0.544266
Candie_Kung_0001|Candie_Kung_0004,1,0.451206,0.441311,0.429023
Carlo_Ancelotti_0001|Carlo_Ancelotti_0002,1,0.690079,0.679111,0.649103
Carlo_Ancelotti_0002|Carlo_Ancelotti_0003,1,0.667125,0.665920,0.660006
Carlos_Moya_0008|Carlos_Moya_0017,1,0.544659,0.498883,0.538435
Carlos_Moya_0010|Carlos_Moya_0018,1,0.441464,0.447693,0.452455
Carlos_Vives_0001|Carlos_Vives_0004,1,0.559587,0.539772,0.556103
Carlos_Vives_0002|Carlos_Vives_0004,1,0.569981,0.538904,0.563783
Carson_Daly_0001|Carson_Daly_0002,1,0.511034,0.480182,0.497793
Cate_Blanchett_0001|Cate_Blanchett_0002,1,0.518822,0.523304,0.517799
Cate_Blanchett_0001|Cate_Blanchett_0003,1,0.655333,0.624548,0.615529
Cate_Blanchett_0001|Cate_Blanchett_0004,1,0.599811,0.570164,0.585492
Cate_Blanchett_0002|Cate_Blanchett_0003,1,0.615736,0.606539,0.598198
Cate_Blanchett_0002|Cate_Blanchett_0004,1,0.534536,0.519353,0.525402
Chok_Tong_Goh_0001|Chok_Tong_Goh_0002,1,0.620663,0.597303,0.604886
Chris_Byrd_0001|Chris_Byrd_0002,1,0.524696,0.519768,0.520650
Chris_Cooper_0001|Chris_Cooper_0002,1,0.706437,0.662476,0.671029
Chris_Tucker_0001|Chris_Tucker_0002,1,0.511429,0.497206,0.462407
Christine_Gregoire_0001|Christine_Gregoire_0004,1,0.669953,0.651724,0.666008
Christine_Gregoire_0002|Christine_Gregoire_0003,1,0.692516,0.659888,0.665286
Christine_Gregoire_0002|Christine_Gregoire_0004,1,0.631841,0.594619,0.607281
Christopher_Patten_0001|Christopher_Patten_0002,1,0.570773,0.581144,0.548208
Clint_Eastwood_0001|Clint_Eastwood_0004,1,0.540725,0.506705,0.535638
Clint_Eastwood_0001|Clint_Eastwood_0006,1,0.557376,0.549664,0.545921
Constance_Marie_0001|Constance_Marie_0002,1,0.340272,0.263931,0.311525
Constance_Marie_0001|Constance_Marie_0003,1,0.357576,0.332264,0.342876
Dennis_Hastert_0002|Dennis_Hastert_0003,1,0.379832,0.439446,0.394795
Dennis_Hastert_0003|Dennis_Hastert_0006,1,0.386625,0.393267,0.390951
Dennis_Hastert_0004|Dennis_Hastert_0006,1,0.408262,0.377165,0.386165
Dennis_Hastert_0005|Dennis_Hastert_0006,1,0.627840,0.594345,0.608793
Dolly_Parton_0001|Dolly_Parton_0002,1,0.727519,0.733401,0.685268
Doug_Duncan_0001|Doug_Duncan_0002,1,0.718982,0.706390,0.710340
Edward_Kennedy_0001|Edward_Kennedy_0002,1,0.631714,0.594721,0.605886
Edward_Kennedy_0002|Edward_Kennedy_0003,1,0.611363,0.587521,0.590624
Edward_Said_0001|Edward_Said_0002,1,0.479666,0.457820,0.458116
Elena_Bovina_0001|Elena_Bovina_0002,1,0.569800,0.525070,0.540168
Elena_Bovina_0001|Elena_Bovina_0003,1,0.433617,0.380989,0.401765
Elena_Bovina_0002|Elena_Bovina_0003,1,0.597253,0.562655,0.571899
Eliane_Karp_0001|Eliane_Karp_0003,1,0.429157,0.394832,0.392459
Eliane_Karp_0002|Eliane_Karp_0003,1,0.516122,0.534410,0.505836
Eliane_Karp_0002|Eliane_Karp_0004,1,0.545420,0.523556,0.525088
Eliane_Karp_0003|Eliane_Karp_0004,1,0.497806,0.474017,0.481481
Elvis_Presley_0001|Elvis_Presley_0002,1,0.553214,0.540969,0.560886
Erika_Harold_0001|Erika_Harold_0003,1,0.539127,0.505662,0.517547
Erika_Harold_0002|Erika_Harold_0003,1,0.566884,0.575440,0.547236
Erika_Harold_0003|Erika_Harold_0004,1,0.627102,0.581717,0.608006
Erika_Harold_0004|Erika_Harold_0005,1,0.659589,0.672741,0.636951
Ernie_Els_0001|Ernie_Els_0003,1,0.539611,0.556473,0.558786
Ernie_Els_0001|Ernie_Els_0004,1,0.531906,0.559417,0.536331
Ernie_Els_0002|Ernie_Els_0003,1,0.688542,0.711032,0.665321
Franco_Dragone_0001|Franco_Dragone_0002,1,0.575550,0.534350,0.559529
Frank_Solich_0001|Frank_Solich_0004,1,0.707878,0.687170,0.700910
Frank_Solich_0002|Frank_Solich_0005,1,0.765415,0.736250,0.751795
Frank_Solich_0003|Frank_Solich_0004,1,0.644050,0.609607,0.618132
Gabriel_Batistuta_0001|Gabriel_Batistuta_0002,1,0.407622,0.381509,0.380202
Gary_Carter_0001|Gary_Carter_0002,1,0.724947,0.738354,0.711046
Gary_Carter_0001|Gary_Carter_0003,1,0.615452,0.609220,0.610020
Gary_Doer_0001|Gary_Doer_0002,1,0.562970,0.525441,0.556362
Gary_Doer_0002|Gary_Doer_0003,1,0.546355,0.536215,0.510699
George_Tenet_0001|George_Tenet_0002,1,0.614909,0.615661,0.590351
George_Voinovich_0001|George_Voinovich_0003,1,0.478584,0.480265,0.455337
George_Voinovich_0002|George_Voinovich_0003,1,0.704955,0.693574,0.686109
Georgi_Parvanov_0001|Georgi_Parvanov_0002,1,0.529416,0.488667,0.498361
Goldie_Hawn_0001|Goldie_Hawn_0007,1,0.526606,0.518248,0.519364
Goldie_Hawn_0002|Goldie_Hawn_0003,1,0.522709,0.512844,0.530832
Goldie_Hawn_0003|Goldie_Hawn_0007,1,0.670509,0.639724,0.647030
Goldie_Hawn_0006|Goldie_Hawn_0007,1,0.766626,0.745249,0.754851
Goran_Persson_0001|Goran_Persson_0002,1,0.569626,0.575544,0.558751
Gro_Harlem_Brundtland_0001|Gro_Harlem_Brundtland_0002,1,0.528867,0.507280,0.514992
Guillaume_Soro_0001|Guillaume_Soro_0002,1,0.659315,0.622133,0.639435
Gwyneth_Paltrow_0001|Gwyneth_Paltrow_0005,1,0.588877,0.585180,0.554193
Gwyneth_Paltrow_0001|Gwyneth_Paltrow_0006,1,0.540933,0.528250,0.516186
Gwyneth_Paltrow_0002|Gwyneth_Paltrow_0006,1,0.527856,0.504354,0.502646
Gwyneth_Paltrow_0003|Gwyneth_Paltrow_0006,1,0.518033,0.486208,0.486238
Hee-Won_Han_0001|Hee-Won_Han_0002,1,0.537413,0.526483,0.528477
Herb_Sendek_0001|Herb_Sendek_0003,1,0.702205,0.692455,0.650894
Herb_Sendek_0003|Herb_Sendek_0004,1,0.720171,0.675072,0.676868
Howard_Smith_0001|Howard_Smith_0002,1,0.377637,0.367630,0.380154
Hugh_Grant_0005|Hugh_Grant_0008,1,0.590183,0.553902,0.570663
Hugh_Grant_0006|Hugh_Grant_0009,1,0.584497,0.561340,0.550908
Jack_Straw_0025|Jack_Straw_0028,1,0.721320,0.736022,0.719476
James_Franco_0001|James_Franco_0002,1,0.514143,0.504716,0.497330
James_Ivory_0001|James_Ivory_0002,1,0.782452,0.747013,0.749208
James_Schultz_0001|James_Schultz_0002,1,0.714015,0.674890,0.690949
James_Traficant_0001|James_Traficant_0002,1,0.408995,0.405842,0.415400
James_Traficant_0002|James_Traficant_0003,1,0.566120,0.550278,0.546029
Jan_Ullrich_0001|Jan_Ullrich_0004,1,0.566156,0.514520,0.543292
Jan_Ullrich_0002|Jan_Ullrich_0006,1,0.629149,0.632194,0.633276
Jan_Ullrich_0003|Jan_Ullrich_0006,1,0.653392,0.658380,0.669183
Jane_Pauley_0001|Jane_Pauley_0002,1,0.590538,0.516313,0.558333
Jason_Jennings_0001|Jason_Jennings_0002,1,0.834955,0.837073,0.828914
Javier_Weber_0001|Javier_Weber_0002,1,0.522576,0.468126,0.498730
Jennifer_Rodriguez_0001|Jennifer_Rodriguez_0002,1,0.459865,0.418899,0.425919
Jeong_Se-hyun_0002|Jeong_Se-hyun_0006,1,0.722193,0.684271,0.679312
Jeong_Se-hyun_0003|Jeong_Se-hyun_0007,1,0.726478,0.676270,0.695653
Jeong_Se-hyun_0006|Jeong_Se-hyun_0008,1,0.666133,0.632068,0.635469
Jeong_Se-hyun_0007|Jeong_Se-hyun_0009,1,0.570366,0.551040,0.549936
Jeong_Se-hyun_0008|Jeong_Se-hyun_0009,1,0.568296,0.581953,0.576658
Jo_Dee_Messina_0001|Jo_Dee_Messina_0002,1,0.506342,0.466742,0.502180
Joe_Lieberman_0008|Joe_Lieberman_0011,1,0.564266,0.572327,0.524841
Joe_Lieberman_0009|Joe_Lieberman_0010,1,0.587865,0.616162,0.572607
Joe_Mantello_0001|Joe_Mantello_0002,1,0.692666,0.668199,0.675976
John_Allen_Muhammad_0002|John_Allen_Muhammad_0009,1,0.589224,0.618318,0.592202
John_Allen_Muhammad_0005|John_Allen_Muhammad_0007,1,0.678782,0.663273,0.621353
John_Allen_Muhammad_0006|John_Allen_Muhammad_0010,1,0.619634,0.607420,0.609924
John_Blaney_0001|John_Blaney_0002,1,0.603312,0.596768,0.552787
John_Brady_0001|John_Brady_0002,1,0.668110,0.636351,0.668779
John_Howard_0005|John_Howard_0015,1,0.640139,0.630508,0.639325
John_Howard_0012|John_Howard_0017,1,0.559232,0.540814,0.546980
Johnny_Tapia_0001|Johnny_Tapia_0002,1,0.586388,0.563954,0.571953
Johnny_Tapia_0002|Johnny_Tapia_0003,1,0.678485,0.682411,0.661969
Jorge_Valdano_0001|Jorge_Valdano_0002,1,0.684472,0.669562,0.662165
Joseph_Deiss_0001|Joseph_Deiss_0003,1,0.540351,0.482371,0.508378
Junichiro_Koizumi_0001|Junichiro_Koizumi_0053,1,0.671418,0.635417,0.646761
Junichiro_Koizumi_0026|Junichiro_Koizumi_0055,1,0.600235,0.623497,0.589050
Junichiro_Koizumi_0029|Junichiro_Koizumi_0045,1,0.749301,0.733844,0.738740
Kate_Capshaw_0001|Kate_Capshaw_0002,1,0.502446,0.459256,0.449444
Kathryn_Bigelow_0001|Kathryn_Bigelow_0002,1,0.355448,0.334176,0.360947
Kevin_Spacey_0001|Kevin_Spacey_0002,1,0.757807,0.710571,0.726378
Kevin_Spacey_0001|Kevin_Spacey_0003,1,0.704270,0.677238,0.694596
Kim_Ryong-sung_0006|Kim_Ryong-sung_0008,1,0.709439,0.638772,0.684069
Kim_Ryong-sung_0008|Kim_Ryong-sung_0011,1,0.503915,0.483125,0.486427
Klaus_Zwickel_0001|Klaus_Zwickel_0002,1,0.758972,0.709148,0.720554
Kristen_Breitweiser_0002|Kristen_Breitweiser_0003,1,0.811065,0.790987,0.803061
Laila_Ali_0002|Laila_Ali_0003,1,0.520877,0.421849,0.451816
Larry_Brown_0001|Larry_Brown_0003,1,0.290945,0.341018,0.270983
Larry_Brown_0002|Larry_Brown_0004,1,0.488877,0.482310,0.484688
Larry_Brown_0002|Larry_Brown_0007,1,0.529950,0.474198,0.508582
Larry_Brown_0004|Larry_Brown_0007,1,0.427010,0.465541,0.436856
Larry_Brown_0006|Larry_Brown_0007,1,0.620510,0.599829,0.586470
Larry_Johnson_0001|Larry_Johnson_0002,1,0.786903,0.792954,0.765638
Lars_Von_Trier_0001|Lars_Von_Trier_0002,1,0.720314,0.676893,0.671879
Lars_Von_Trier_0002|Lars_Von_Trier_0003,1,0.710492,0.704279,0.691402
Leander_Paes_0001|Leander_Paes_0002,1,0.666832,0.655556,0.653575
Liam_Neeson_0001|Liam_Neeson_0003,1,0.584760,0.565321,0.582576
Liam_Neeson_0002|Liam_Neeson_0003,1,0.437528,0.421666,0.429710
Lino_Oviedo_0001|Lino_Oviedo_0003,1,0.853699,0.828704,0.829879
Lino_Oviedo_0002|Lino_Oviedo_0003,1,0.728848,0.704516,0.717402
Ludivine_Sagnier_0001|Ludivine_Sagnier_0003,1,0.611890,0.542965,0.579367
Ludivine_Sagnier_0003|Ludivine_Sagnier_0004,1,0.673962,0.649218,0.647212
Lynne_Cheney_0001|Lynne_Cheney_0002,1,0.544881,0.548596,0.513308
Lynne_Cheney_0002|Lynne_Cheney_0003,1,0.754597,0.748585,0.736765
Maggie_Smith_0001|Maggie_Smith_0002,1,0.517372,0.504689,0.517560
Marcelo_Salas_0001|Marcelo_Salas_0002,1,0.558460,0.531761,0.530723
Mariangel_Ruiz_Torrealba_0001|Mariangel_Ruiz_Torrealba_0002,1,0.773911,0.721144,0.708377
Marisa_Tomei_0001|Marisa_Tomei_0002,1,0.689483,0.647416,0.673469
Mary_Steenburgen_0001|Mary_Steenburgen_0002,1,0.373618,0.361601,0.320598
Mel_Brooks_0001|Mel_Brooks_0002,1,0.490964,0.495229,0.444128
Mel_Gibson_0001|Mel_Gibson_0002,1,0.522580,0.495470,0.524125
Mian_Khursheed_Mehmood_Kasuri_0002|Mian_Khursheed_Mehmood_Kasuri_0003,1,0.532679,0.511116,0.530788
Mian_Khursheed_Mehmood_Kasuri_0003|Mian_Khursheed_Mehmood_Kasuri_0004,1,0.676607,0.655832,0.670996
Michael_Moore_0001|Michael_Moore_0002,1,0.702574,0.686265,0.677456
Michael_Moore_0002|Michael_Moore_0003,1,0.661805,0.638134,0.668192
Michel_Duclos_0001|Michel_Duclos_0002,1,0.664716,0.653959,0.633834
Michelle_Pfeiffer_0001|Michelle_Pfeiffer_0002,1,0.521546,0.457789,0.504020
Mireya_Moscoso_0002|Mireya_Moscoso_0003,1,0.842809,0.829045,0.827073
Mireya_Moscoso_0002|Mireya_Moscoso_0005,1,0.513737,0.503652,0.501104
Mireya_Moscoso_0004|Mireya_Moscoso_0005,1,0.607574,0.567393,0.580718
Nabil_Shaath_0001|Nabil_Shaath_0003,1,0.432356,0.438172,0.405107
Nabil_Shaath_0002|Nabil_Shaath_0003,1,-0.023028,-0.007638,-0.048827
Naomi_Watts_0001|Naomi_Watts_0018,1,0.590999,0.621476,0.607106
Naomi_Watts_0006|Naomi_Watts_0009,1,0.421232,0.493354,0.435713
Naomi_Watts_0013|Naomi_Watts_0018,1,0.483772,0.504941,0.483110
Natalie_Cole_0001|Natalie_Cole_0003,1,0.597969,0.596215,0.591217
Natalie_Cole_0002|Natalie_Cole_0003,1,0.520989,0.535060,0.510658
Nathalie_Baye_0001|Nathalie_Baye_0002,1,0.614056,0.597718,0.628379
Nathalie_Baye_0001|Nathalie_Baye_0004,1,0.511702,0.530763,0.512828
Nathalie_Baye_0002|Nathalie_Baye_0004,1,0.453937,0.485895,0.440057
Nathalie_Baye_0003|Nathalie_Baye_0004,1,0.739230,0.720035,0.726725
Oleksandr_Moroz_0001|Oleksandr_Moroz_0002,1,0.657089,0.654502,0.665767
Oscar_Elias_Biscet_0001|Oscar_Elias_Biscet_0002,1,0.774271,0.741676,0.765764
Oswaldo_Paya_0001|Oswaldo_Paya_0003,1,0.614304,0.571571,0.589066
Oswaldo_Paya_0003|Oswaldo_Paya_0004,1,0.562151,0.597068,0.550212
Patricia_Clarkson_0001|Patricia_Clarkson_0002,1,0.792715,0.742900,0.762880
Patricia_Clarkson_0001|Patricia_Clarkson_0003,1,0.684846,0.637098,0.618249
Patricia_Clarkson_0002|Patricia_Clarkson_0003,1,0.687415,0.654448,0.636831
Patricia_Clarkson_0002|Patricia_Clarkson_0004,1,0.548327,0.510527,0.525513
Patrick_Roy_0001|Patrick_Roy_0002,1,0.361924,0.339223,0.330898
Paul-Henri_Mathieu_0001|Paul-Henri_Mathieu_0002,1,0.631726,0.583399,0.615763
Paul-Henri_Mathieu_0001|Paul-Henri_Mathieu_0003,1,0.657743,0.614884,0.630310
Paul_Byrd_0001|Paul_Byrd_0002,1,0.618168,0.539898,0.573199
Paul_Kagame_0001|Paul_Kagame_0002,1,0.632071,0.580019,0.602587
Peter_Costello_0001|Peter_Costello_0002,1,0.520363,0.506582,0.518616
Peter_Greenaway_0001|Peter_Greenaway_0002,1,0.734297,0.734947,0.731361
Prince_Naruhito_0001|Prince_Naruhito_0002,1,0.658129,0.623584,0.624581
Prince_Naruhito_0001|Prince_Naruhito_0003,1,0.577649,0.543603,0.578706
Prince_Naruhito_0002|Prince_Naruhito_0003,1,0.572051,0.569380,0.558255
Princess_Masako_0001|Princess_Masako_0002,1,0.638441,0.617808,0.616548
Pupi_Avati_0002|Pupi_Avati_0003,1,0.836076,0.821500,0.823664
Queen_Latifah_0001|Queen_Latifah_0003,1,0.644548,0.622737,0.633730
Queen_Latifah_0002|Queen_Latifah_0004,1,0.616857,0.561357,0.587441
Queen_Latifah_0003|Queen_Latifah_0004,1,0.673246,0.619493,0.644779
Rachel_Griffiths_0002|Rachel_Griffiths_0003,1,0.564228,0.519429,0.553213
Ralph_Firman_0001|Ralph_Firman_0002,1,0.579422,0.575324,0.569563
Ralph_Klein_0001|Ralph_Klein_0002,1,0.718056,0.671298,0.688113
Ranil_Wickremasinghe_0002|Ranil_Wickremasinghe_0003,1,0.468047,0.424061,0.495060
Rick_Pitino_0001|Rick_Pitino_0003,1,0.581362,0.608327,0.571054
Rick_Pitino_0002|Rick_Pitino_0004,1,0.660157,0.638938,0.651009
Rick_Pitino_0003|Rick_Pitino_0004,1,0.447741,0.405519,0.412915
Ricky_Martin_0001|Ricky_Martin_0002,1,0.539556,0.535199,0.538856
Rita_Moreno_0001|Rita_Moreno_0002,1,0.759021,0.737211,0.732738
Robert_De_Niro_0001|Robert_De_Niro_0004,1,0.527068,0.502267,0.541877
Robert_De_Niro_0003|Robert_De_Niro_0006,1,0.547725,0.514591,0.510027
Robert_Kocharian_0004|Robert_Kocharian_0005,1,0.695682,0.663922,0.711539
Roberto_Marinho_0002|Roberto_Marinho_0003,1,0.468748,0.454115,0.461854
Roger_Moore_0003|Roger_Moore_0005,1,0.558231,0.543166,0.533239
Ron_Dittemore_0001|Ron_Dittemore_0002,1,0.681770,0.643849,0.658847
Ron_Dittemore_0001|Ron_Dittemore_0003,1,0.732968,0.694594,0.689139
Ron_Dittemore_0004|Ron_Dittemore_0006,1,0.770965,0.770606,0.737372
Rudolph_Giuliani_0001|Rudolph_Giuliani_0020,1,0.598245,0.587667,0.601801
Rudolph_Giuliani_0002|Rudolph_Giuliani_0005,1,0.510946,0.488761,0.499741
Rudolph_Giuliani_0003|Rudolph_Giuliani_0020,1,0.505677,0.514580,0.483355
Rudolph_Giuliani_0004|Rudolph_Giuliani_0017,1,0.542895,0.539222,0.539454
Rudolph_Giuliani_0015|Rudolph_Giuliani_0020,1,0.590803,0.595410,0.612713
Russell_Simmons_0001|Russell_Simmons_0002,1,0.794475,0.779918,0.780459
Russell_Simmons_0001|Russell_Simmons_0004,1,0.709234,0.708527,0.674287
Russell_Simmons_0002|Russell_Simmons_0004,1,0.799991,0.790914,0.783234
Sean_Astin_0001|Sean_Astin_0003,1,0.625982,0.596742,0.572367
Sean_Astin_0002|Sean_Astin_0003,1,0.556075,0.521174,0.542274
Shaukat_Aziz_0001|Shaukat_Aziz_0002,1,0.711466,0.695527,0.704625
Silvio_Fernandez_0001|Silvio_Fernandez_0002,1,0.566928,0.572735,0.588087
Sophia_Loren_0001|Sophia_Loren_0002,1,0.751499,0.745317,0.750606
Sophia_Loren_0001|Sophia_Loren_0003,1,0.538742,0.528586,0.540273
Sophia_Loren_0001|Sophia_Loren_0007,1,0.775533,0.733840,0.771199
Sophia_Loren_0006|Sophia_Loren_0007,1,0.576069,0.560604,0.575831
Stellan_Skarsgard_0001|Stellan_Skarsgard_0002,1,0.659023,0.651715,0.660465
Tamara_Brooks_0001|Tamara_Brooks_0002,1,0.557743,0.535525,0.527444
Thomas_Fargo_0001|Thomas_Fargo_0002,1,0.721432,0.672122,0.704640
Thomas_Fargo_0001|Thomas_Fargo_0003,1,0.733297,0.681239,0.712307
Thomas_Fargo_0002|Thomas_Fargo_0003,1,0.739740,0.699828,0.707423
Thomas_Fargo_0002|Thomas_Fargo_0004,1,0.591946,0.577608,0.552501
Thomas_Fargo_0003|Thomas_Fargo_0004,1,0.694075,0.702083,0.695361
Tim_Allen_0002|Tim_Allen_0003,1,0.791116,0.771250,0.791726
Tim_Allen_0003|Tim_Allen_0004,1,0.653304,0.620245,0.622877
Tony_Shalhoub_0001|Tony_Shalhoub_0002,1,0.571681,0.561951,0.554596
Tony_Shalhoub_0001|Tony_Shalhoub_0003,1,0.615299,0.580972,0.594702
Tracy_McGrady_0001|Tracy_McGrady_0002,1,0.404873,0.381614,0.360547
Vicente_Fernandez_0002|Vicente_Fernandez_0003,1,0.670280,0.671143,0.648069
Vicente_Fernandez_0004|Vicente_Fernandez_0005,1,0.467804,0.469400,0.477416
Vince_Gill_0001|Vince_Gill_0002,1,0.577979,0.577438,0.566248
Wolfgang_Schuessel_0001|Wolfgang_Schuessel_0004,1,0.518135,0.537416,0.531497
Wolfgang_Schuessel_0003|Wolfgang_Schuessel_0004,1,0.522115,0.533604,0.520219
Wu_Yi_0001|Wu_Yi_0002,1,0.543158,0.552958,0.578897
Wu_Yi_0001|Wu_Yi_0003,1,0.773831,0.766793,0.777813
Wu_Yi_0002|Wu_Yi_0003,1,0.586850,0.559895,0.599744
Yao_Ming_0002|Yao_Ming_0004,1,0.744778,0.714462,0.723949
Yao_Ming_0005|Yao_Ming_0006,1,0.532181,0.480701,0.518517
Yao_Ming_0005|Yao_Ming_0008,1,0.616488,0.587151,0.618096
Yao_Ming_0006|Yao_Ming_0007,1,0.685990,0.668777,0.670621
Yoriko_Kawaguchi_0003|Yoriko_Kawaguchi_0005,1,0.569534,0.543663,0.533648
Yu_Shyi-kun_0001|Yu_Shyi-kun_0003,1,0.679938,0.651165,0.672680
Yu_Shyi-kun_0001|Yu_Shyi-kun_0004,1,0.822880,0.781833,0.788569
Yu_Shyi-kun_0002|Yu_Shyi-kun_0003,1,0.646557,0.651465,0.650071
Zhang_Wenkang_0001|Zhang_Wenkang_0002,1,0.673547,0.641704,0.637677
Zinedine_Zidane_0004|Zinedine_Zidane_0006,1,0.590519,0.579496,0.564572
Abdullah_Nasseef_0001|Bruce_Paltrow_0001,0,-0.125818,-0.066714,-0.131398
Abdullah_Nasseef_0001|Howard_Smith_0002,0,-0.089939,-0.050608,-0.092549
Abdullah_Nasseef_0001|Jan_De_Bont_0001,0,-0.082719,-0.056752,-0.097132
Abdullah_Nasseef_0001|Jim_Nochols_0001,0,-0.041269,-0.041034,-0.041421
Abdullah_Nasseef_0001|Oleg_Romantsev_0001,0,-0.064349,-0.041974,-0.063626
Adam_Kennedy_0001|Charlie_Sheen_0001,0,-0.078874,-0.062267,-0.065613
Adrian_McPherson_0002|Eduardo_Chillida_0001,0,0.041613,0.018153,0.055556
Al_Davis_0001|Julian_Fantino_0001,0,0.019448,0.004662,-0.006585
Alan_Greenspan_0004|Kent_McCord_0001,0,-0.033641,-0.008076,-0.021311
Alastair_Campbell_0004|Li_Ka-shing_0001,0,0.012262,0.035270,0.036905
Alexa_Vega_0001|Tony_Shalhoub_0001,0,-0.005770,-0.016405,0.025204
Alexander_Downer_0002|Zeljko_Rebraca_0001,0,0.067620,0.039757,0.059984
Alexander_Downer_0003|Luis_Berrondo_0001,0,-0.008451,0.013222,-0.016638
Alexandra_Pelosi_0001|Ken_Kutaragi_0001,0,-0.022207,-0.064877,-0.065448
Alexandre_Herchcovitch_0001|Karen_Clarkson_0001,0,0.013522,0.039633,0.029180
Alice_Fisher_0001|Gene_Sauers_0001,0,-0.011041,-0.002539,-0.019643
Alicia_Witt_0001|Jorge_Moreno_0001,0,-0.040548,-0.041159,-0.041825
Alicia_Witt_0001|Lino_Oviedo_0001,0,0.051075,0.075741,0.055663
Allan_Wagner_0001|Larry_Campbell_0001,0,0.010476,0.029997,0.025775
Allan_Wagner_0001|Rita_Moreno_0001,0,0.043940,0.100731,0.068768
Alvaro_Silva_Calderon_0002|Stepan_Demirchian_0001,0,0.121421,0.125400,0.094239
Alvaro_Uribe_0014|Patricia_Clarkson_0001,0,0.016047,0.028843,0.022180
Ana_Sebastiao_0001|Marcos_Cafu_0001,0,-0.030464,-0.020610,-0.024809
Ana_Sebastiao_0001|Raza_Rabbani_0001,0,-0.000056,0.015196,-0.013758
Andrea_De_Cruz_0001|Dionne_Warwick_0001,0,-0.000552,0.026574,-0.008233
Andrea_De_Cruz_0001|Ismail_Cem_0001,0,-0.037889,-0.024998,-0.018851
Andrea_De_Cruz_0001|Natalya_Sazanovich_0001,0,0.136861,0.154353,0.127992
Andrea_De_Cruz_0001|Yoon_Young-kwan_0001,0,-0.024065,0.012100,-0.009829
Andres_Manuel_Lopez_Obrador_0001|Norman_Mineta_0001,0,-0.118679,-0.096509,-0.126586
Andrew_Bunner_0002|Oscar_Elias_Biscet_0002,0,-0.001932,-0.016362,0.032644
Andrew_Weissmann_0001|Ernie_Els_0002,0,-0.033521,-0.010404,-0.049862
Andy_Warhol_0001|Edith_Masai_0001,0,0.065955,0.074332,0.077457
Andy_Warhol_0001|Paul-Henri_Mathieu_0002,0,-0.033895,-0.030626,-0.029969
Anibal_Ibarra_0002|David_Przybyszewski_0001,0,-0.090570,-0.017060,-0.096130
Anthony_Ervin_0001|Juan_Roman_Carrasco_0001,0,0.069395,0.098595,0.077230
Antonio_Elias_Saca_0001|Peter_Holmberg_0001,0,0.125675,0.102476,0.102171
Antonio_Elias_Saca_0001|Thomas_Fargo_0004,0,-0.129496,-0.037313,-0.082790
Antonio_Trillanes_0001|Katrin_Cartlidge_0001,0,0.000226,0.049171,-0.007086
Antonio_Trillanes_0003|Terry_Gilliam_0001,0,0.029851,0.019219,0.039597
Asa_Hutchinson_0002|Gary_Sinise_0001,0,-0.035986,-0.022459,-0.023126
Ascencion_Barajas_0001|Chris_Hernandez_0001,0,0.095321,0.085137,0.085442
Ashley_Judd_0001|Joan_Jett_0001,0,-0.047072,-0.036733,-0.017662
Ashley_Postell_0001|Cassandra_Heise_0001,0,-0.070940,-0.043482,-0.072670
Ashley_Postell_0001|Tony_Clement_0001,0,-0.000905,0.027487,0.005814
Ashraf_Ghani_0001|Boris_Berezovsky_0001,0,-0.066146,-0.033119,-0.062980
Ashraf_Ghani_0001|Qian_Qichen_0001,0,-0.022532,0.008537,-0.017842
Asif_Ali_Zardari_0001|Steny_Hoyer_0001,0,0.009747,-0.015043,-0.019039
Assad_Ahmadi_0001|Percy_Gibson_0001,0,-0.065508,-0.017999,-0.019361
Barbara_Walters_0001|Jewel_Howard-Taylor_0001,0,-0.089714,-0.067436,-0.101767
Barbara_Walters_0001|Peter_Greenaway_0001,0,-0.008272,0.027578,-0.000044
Barry_Williams_0001|Wang_Fei_0001,0,0.058236,0.056250,0.044910
Benazir_Bhutto_0004|Jane_Pauley_0002,0,-0.041038,-0.019937,-0.011158
Benazir_Bhutto_0005|Karen_Clarkson_0001,0,0.025569,0.014815,0.028893
Bijan_Darvish_0001|Franco_Dragone_0001,0,0.064196,0.058112,0.082031
Bijan_Darvish_0002|Frank_Taylor_0001,0,-0.046422,0.043111,-0.019779
Bilal_Erdogan_0001|Lubomir_Zaoralek_0001,0,0.117694,0.134263,0.107002
Bill_Self_0001|Yang_Jianli_0001,0,-0.013500,0.020002,-0.012326
Bill_Simon_0001|Edward_Said_0002,0,0.059594,0.059701,0.053484
Billy_Gilman_0001|Howard_Smith_0002,0,-0.024613,-0.010134,0.003506
Billy_Sollie_0001|Mark_Swartz_0001,0,-0.020981,-0.050354,-0.061610
Billy_Sollie_0002|Hussein_Malik_0001,0,-0.061524,-0.035703,-0.066468
Blas_Ople_0001|Evan_Marriott_0001,0,-0.033269,-0.057936,-0.009857
Blas_Ople_0001|Felipe_Fernandez_0001,0,-0.011854,0.047860,-0.000807
Blas_Ople_0001|Peter_Costello_0001,0,0.049378,0.053502,0.070497
Bob_Cantrell_0001|Gerard_Kleisterlee_0001,0,0.060511,0.019121,0.051769
Bob_Cantrell_0001|Mary_Landrieu_0003,0,0.087418,0.082555,0.101138
Bob_Goldman_0001|Leigh_Winchell_0001,0,0.068082,0.036411,0.075113
Bob_Goldman_0001|Maggie_Smith_0001,0,0.072311,0.073497,0.087558
Boris_Berezovsky_0002|Leander_Paes_0001,0,0.083864,0.108796,0.102342
Brad_Gushue_0001|Johannes_Rau_0001,0,0.033477,0.052651,0.052546
Brad_Miller_0001|Irina_Lobacheva_0001,0,0.045554,0.053105,0.054762
Brad_Miller_0001|Percy_Gibson_0001,0,0.079411,0.076885,0.083510
Brenda_van_Dam_0001|Norbert_van_Heyst_0001,0,-0.016635,0.034920,-0.011908
Brian_Cashman_0001|Delphine_Chuillot_0001,0,0.093103,0.121301,0.047648
Brian_Cashman_0001|Russell_Simmons_0003,0,0.052848,0.043977,0.033750
Brian_Cook_0001|Matt_Welsh_0001,0,0.067427,0.124508,0.073702
Bruno_Junquiera_0001|Oscar_DLeon_0001,0,-0.033779,-0.049906,-0.071560
Bulent_Ecevit_0006|Eduardo_Romero_0001,0,0.013867,0.025854,0.014306
Bulent_Ecevit_0006|Gilberto_Simoni_0001,0,0.046182,0.093891,0.045765
Candie_Kung_0001|Steve_Allan_0001,0,0.004613,-0.007888,0.004632
Carlo_Ancelotti_0001|John_Tyson_0001,0,0.010141,0.033777,0.006772
Carlos_Vives_0002|Randy_Johnson_0001,0,-0.074203,-0.076544,-0.074707
Caroline_Dhavernas_0001|Evgeni_Plushenko_0001,0,0.019312,0.041054,0.007383
Caroline_Dhavernas_0001|Jeremy_Fogel_0001,0,-0.034094,-0.014301,-0.021222
Carson_Daly_0001|John_Moe_0001,0,0.083138,0.057940,0.086146
Carson_Daly_0001|Tracy_Wyle_0001,0,0.043935,0.065304,0.042091
Cassandra_Heise_0001|Shaukat_Aziz_0002,0,-0.035110,-0.031879,-0.049219
Cate_Blanchett_0003|Gina_Centrello_0001,0,0.040544,0.108635,0.052271
Cate_Blanchett_0003|Ryan_Goodman_0001,0,0.062469,0.080389,0.087126
Catherine_Donkers_0001|Eminem_0001,0,-0.037770,-0.020699,-0.035751
Cedric_Benson_0001|Marcus_Allen_0001,0,-0.053986,-0.048675,-0.059041
Cedric_Benson_0001|Robert_Lee_Yates_Jr_0001,0,0.075144,0.077661,0.085291
Cedric_Benson_0001|Stacy_Nelson_0001,0,-0.021259,-0.029370,-0.022356
Chistian_Stahl_0001|Eliane_Karp_0001,0,-0.037655,-0.033184,-0.035254
Chris_Cooper_0002|Irfan_Ahmed_0001,0,0.013270,-0.007510,-0.001968
Chris_Cooper_0002|Rick_Bland_0001,0,-0.004292,0.039605,0.035660
Chris_Hernandez_0001|Mauricio_Pochetino_0001,0,0.152390,0.139154,0.165627
Chris_Hernandez_0001|Tonga_0001,0,-0.079020,-0.024664,-0.051039
Chris_Hernandez_0001|Wolfgang_Schuessel_0001,0,0.065229,0.083589,0.075941
Chris_Tucker_0002|Jennifer_Pena_0001,0,-0.010314,0.033579,0.002055
Chris_Tucker_0002|Takuma_Sato_0001,0,0.035296,0.051972,0.034035
Chris_Whitney_0001|Tom_Scully_0001,0,-0.028192,0.012695,-0.027277
Christine_Gregoire_0004|Robert_Lee_Yates_Jr_0001,0,-0.081395,-0.072118,-0.065217
Christine_Gregoire_0004|Wang_Hailan_0001,0,0.006820,0.017710,-0.019256
Christine_Rau_0001|Jerry_Hall_0001,0,-0.035613,-0.038597,-0.029013
Christine_Rau_0001|Mel_Brooks_0001,0,-0.141455,-0.125850,-0.151966
Christopher_Russell_0001|Colleen_OClair_0001,0,-0.023328,-0.019243,-0.020743
Christopher_Whittle_0001|Felipe_Fernandez_0001,0,0.120463,0.157684,0.132528
Colleen_OClair_0001|Tom_Hanusik_0001,0,0.242108,0.190316,0.212903
Curtis_Rodriguez_0001|John_Blaney_0002,0,0.013297,0.027809,0.023009
Curtis_Rodriguez_0001|Kathleen_Kennedy_Townsend_0003,0,0.031537,0.056246,0.031253
Dale_Bosworth_0001|Frank_Taylor_0001,0,-0.051804,-0.035759,-0.029249
Dale_Bosworth_0001|Vladimir_Golovlyov_0001,0,-0.022856,-0.026173,-0.023606
Dan_Quayle_0001|Jim_Ryan_0001,0,0.075668,0.120314,0.087354
Dan_Quayle_0001|Nick_Turner_0001,0,0.019603,0.022410,0.032835
Dan_Quayle_0001|William_Umbach_0001,0,0.071350,0.077321,0.052492
Danny_Morgan_0001|Jeff_George_0001,0,-0.173417,-0.130816,-0.149346
Danny_Morgan_0001|John_Allen_Muhammad_0010,0,-0.062851,-0.067764,-0.070900
Darla_Moore_0001|Paul_Johnson_0001,0,-0.016450,0.016363,-0.025143
Darrell_Royal_0001|Louis_Van_Gaal_0001,0,0.084584,0.106327,0.080355
Dave_McGinnis_0001|Michel_Therrien_0001,0,0.016480,0.106135,0.059308
David_Przybyszewski_0001|Elena_Bovina_0002,0,-0.005638,-0.012913,0.012979
Demetrin_Veal_0001|Robert_Hanssen_0001,0,0.001692,0.013686,0.015966
Dennis_Hastert_0005|Lubomir_Zaoralek_0001,0,-0.053860,-0.025809,-0.069341
Dewayne_White_0001|Joe_DeLamielleure_0001,0,0.077502,0.082301,0.089463
Dick_Posthumus_0001|Jeff_George_0001,0,-0.022817,-0.009700,-0.002756
Dick_Posthumus_0001|Jim_Wong_0001,0,-0.057592,-0.022252,-0.073273
Din_Samsudin_0001|Pupi_Avati_0002,0,0.012700,0.021695,0.020236
Dionne_Warwick_0001|Janine_Pietsch_0001,0,-0.012193,0.024756,0.000364
Dominique_Perben_0001|Osmond_Smith_0001,0,0.007189,0.009985,-0.003257
Doug_Duncan_0001|Kevin_Spacey_0002,0,-0.059525,-0.076692,-0.083731
Doug_Duncan_0002|John_Allen_Muhammad_0002,0,-0.064256,-0.060372,-0.090801
Eddy_Hartenstein_0001|Lyudmila_Putin_0001,0,-0.049167,-0.022265,-0.002381
Eddy_Hartenstein_0001|Matthias_Sammer_0001,0,0.074719,0.059255,0.043515
Eddy_Hartenstein_0001|Sabah_Al-Ahmad_Al-Jaber_Al-Sabah_0001,0,-0.112913,-0.106265,-0.095332
Eduardo_Chillida_0001|Stephen_Crampton_0001,0,-0.032074,-0.025118,-0.051321
Eduardo_Romero_0001|Robert_Kocharian_0005,0,0.002040,0.040656,0.000268
Edward_Greenspan_0001|Roy_Halladay_0001,0,-0.006340,0.019648,0.013540
Edward_Greenspan_0001|Sidney_Poitier_0001,0,0.019562,0.038351,0.031142
Edward_Kennedy_0001|Mathilda_Karel_Spak_0001,0,-0.027191,-0.005941,-0.002795
Edward_Kennedy_0002|Jennifer_Pena_0001,0,0.105579,0.100266,0.073892
Edward_Said_0001|Frank_Abagnale_Jr_0001,0,-0.030634,0.020488,-0.029797
Eminem_0001|Wolfgang_Clement_0001,0,-0.083390,-0.077797,-0.099372
Enrique_Bolanos_0004|Janine_Pietsch_0001,0,0.053907,0.084372,0.023283
Enrique_Bolanos_0004|Liam_Neeson_0002,0,-0.023404,-0.020876,-0.034273
Ernie_Els_0002|Marcus_Allen_0001,0,0.099126,0.082067,0.107999
Evgeni_Plushenko_0001|Queen_Sofia_0001,0,-0.038046,-0.011180,-0.051602
Evgeni_Plushenko_0001|Riek_Blanjaar_0001,0,0.041995,0.054842,0.061371
Franco_Dragone_0002|Louis_Van_Gaal_0001,0,0.043225,0.077148,0.042335
Franco_Frattini_0001|Irina_Lobacheva_0001,0,0.073719,0.037697,0.024991
Frank_Abagnale_Jr_0001|Nate_Hybl_0001,0,0.091908,0.098974,0.106556
Frank_Shea_0001|Rob_Moore_0001,0,0.012003,0.020183,0.013258
Frank_Taylor_0001|Jason_Jennings_0001,0,0.012433,0.032868,0.000381
Gabriel_Batistuta_0001|Peter_Costello_0001,0,0.093419,0.086909,0.091396
Gabriel_Jorge_Ferreia_0001|Zulfiqar_Ahmed_0001,0,0.082608,0.063180,0.065369
Gary_Doer_0003|Wang_Hailan_0001,0,-0.087911,-0.107369,-0.078996
Gary_Sinise_0001|Roy_Halladay_0001,0,0.060424,0.042122,0.016041
Gene_Hackman_0001|Queen_Noor_0001,0,-0.049079,-0.068364,-0.088324
Gene_Sauers_0001|Gina_Centrello_0001,0,0.084772,0.097338,0.079097
Geoff_Dixon_0001|Jean_Todt_0001,0,0.002372,0.045508,0.018391
George_Allen_0001|Roy_Halladay_0001,0,0.032786,0.059561,0.028742
George_Allen_0001|Wan_Yanhai_0001,0,0.011309,0.004803,0.002971
George_Harrison_0001|Robert_Lee_Yates_Jr_0001,0,0.001227,-0.001293,-0.011037
Georgi_Parvanov_0001|Luis_Fonsi_0001,0,-0.030133,0.019864,0.005425
Gianni_Agnelli_0001|Marco_Irizarry_0001,0,-0.044614,-0.000210,-0.008907
Gilberto_Simoni_0001|Julio_Cesar_Chavez_0001,0,0.029640,0.065459,0.038588
Gong_Ruina_0001|Hong_Myung_0001,0,-0.106047,-0.080489,-0.102179
Gong_Ruina_0001|Qian_Qichen_0001,0,0.063796,0.069984,0.071595
Gro_Harlem_Brundtland_0002|Turner_Gill_0001,0,0.115677,0.130578,0.146392
Hector_Grullon_0001|Jeong_Se-hyun_0009,0,0.017140,0.016683,-0.005740
Henk_Bekedam_0001|Koichi_Haraguchi_0001,0,-0.019251,-0.018655,-0.003852
Henk_Bekedam_0001|Manuel_Gehring_0001,0,-0.051460,-0.038314,-0.044151
Henk_Bekedam_0001|Michael_Kirby_0001,0,0.014367,-0.025468,0.001293
Hiroki_Gomi_0001|Kenneth_Cooper_0001,0,-0.039114,-0.018137,-0.046589
Hiroki_Gomi_0001|Sophia_Loren_0002,0,0.067483,0.072590,0.084392
Irina_Lobacheva_0001|Steve_Allan_0001,0,-0.061710,-0.023564,-0.039943
Ismail_Cem_0001|Linda_Amicangioli_0001,0,-0.063438,-0.039724,-0.029616
Jack_Osbourne_0001|Kent_McCord_0001,0,-0.076690,-0.015925,-0.045656
Jack_Straw_0001|Manuel_Gehring_0001,0,0.115295,0.128191,0.104557
Jack_Straw_0003|Norman_Mineta_0001,0,0.085883,0.100107,0.072992
James_Ballenger_0001|Raza_Rabbani_0001,0,0.012348,0.031460,-0.003835
James_Coviello_0001|Judith_Nathan_0001,0,0.008458,0.025181,0.006752
James_Coviello_0001|Robert_F_Kennedy_Jr_0001,0,-0.015460,0.040171,-0.007915
James_Morris_0002|Silvio_Fernandez_0002,0,0.074867,0.022225,0.060746
James_Schultz_0001|Tim_Curley_0001,0,-0.024812,-0.019365,-0.000685
James_W_Kennedy_0001|John_Connolly_0001,0,-0.035095,0.005792,-0.021830
James_W_Kennedy_0001|Toutai_Kefu_0001,0,0.046686,0.063483,0.041726
James_Williams_0001|Phillip_Seymor_Hoffmann_0001,0,0.046330,0.073520,0.058297
James_Williams_0001|Shaun_Pollock_0001,0,-0.034248,-0.023185,0.003837
Jan_Ullrich_0003|Javier_Weber_0001,0,-0.099295,-0.056222,-0.080259
Jane_Menelaus_0001|Junichiro_Koizumi_0042,0,-0.101538,-0.058542,-0.058416
Jane_Menelaus_0001|Sophia_Loren_0001,0,0.012615,0.100382,0.015244
Jason_Petty_0001|Mayumi_Moriyama_0001,0,-0.057632,-0.045967,-0.059637
Jean_Todt_0001|Roger_Etchegaray_0001,0,-0.010928,0.016094,-0.018084
Jennifer_Pena_0001|Sonia_Lopez_0001,0,-0.010285,-0.010690,-0.029140
Jennifer_Pena_0001|Tony_LaRussa_0001,0,-0.012537,-0.016201,-0.022362
Jennifer_Rodriguez_0001|Terry_Gilliam_0001,0,-0.059726,-0.045607,-0.053369
Jennifer_Rodriguez_0002|Joanna_Poitier_0001,0,-0.049629,-0.023325,-0.063120
Jennifer_Rodriguez_0002|Tony_Fernandes_0001,0,0.107731,0.111072,0.100314
Jerome_Golmard_0001|Kristin_Chenoweth_0001,0,-0.053898,-0.001016,-0.038762
Jewel_Howard-Taylor_0001|Ken_Kutaragi_0001,0,0.098411,0.130366,0.120918
Jim_Ryan_0001|Luis_Berrondo_0001,0,-0.057709,-0.041986,-0.066972
Jimmy_Gobble_0001|Robert_De_Niro_0005,0,0.105588,0.149013,0.090625
Joan_Collins_0001|Zydrunas_Ilgauskas_0001,0,0.045035,0.053648,0.077217
Joan_Jett_0001|Kevin_James_0001,0,-0.014701,-0.001447,0.005502
Joanna_Poitier_0001|Michael_Moore_0001,0,-0.041676,-0.048178,-0.056839
Joe_Lieberman_0010|Joe_Mantello_0001,0,0.062951,0.095447,0.046475
Johannes_Rau_0001|Oleksandr_Moroz_0001,0,-0.036452,-0.021712,-0.023741
John_Connolly_0001|Mel_Gibson_0001,0,0.000948,-0.008414,-0.029566
John_Connolly_0001|Michael_Moore_0003,0,-0.015054,0.018517,-0.009666
John_Connolly_0001|Norman_Mineta_0001,0,-0.022861,0.006754,-0.018518
John_Connolly_0001|Uzi_Even_0001,0,0.007721,0.029870,0.017794
John_Cruz_0001|Sean_Astin_0003,0,-0.053907,-0.039562,-0.051656
John_Cruz_0001|Steven_Briggs_0001,0,0.058281,0.086704,0.036554
John_Hartson_0001|Oscar_Elias_Biscet_0002,0,0.071897,0.046845,0.045660
Joseph_Deiss_0001|Tony_Fernandes_0001,0,-0.039469,-0.054059,-0.033831
Joseph_Lopez_0001|Rick_Pitino_0001,0,0.104199,0.138234,0.102471
Julian_Fantino_0001|Quin_Snyder_0001,0,-0.034152,-0.029843,-0.029830
Julio_Cesar_Chavez_0001|Tom_Brennan_0001,0,-0.035426,-0.063148,-0.054755
Junichi_Inamoto_0001|Oleg_Romantsev_0001,0,0.144336,0.148507,0.158940
Junichiro_Koizumi_0020|Tony_Fernandes_0001,0,0.064163,0.067160,0.069618
Karen_Clarkson_0001|Kristen_Breitweiser_0003,0,-0.082779,-0.032431,-0.076685
Karol_Kucera_0001|Qian_Qichen_0001,0,-0.004342,0.002634,-0.007525
Karol_Kucera_0001|Turner_Gill_0001,0,-0.059067,-0.028153,-0.056088
Katrin_Cartlidge_0001|Tony_LaRussa_0001,0,-0.008490,-0.007369,-0.005722
Keith_Osik_0001|Pupi_Avati_0001,0,0.059992,0.085484,0.057501
Kenneth_Cooper_0001|Norman_Mineta_0001,0,-0.009390,0.058174,0.007263
Kent_McCord_0001|Natasha_Henstridge_0001,0,-0.059579,-0.005416,-0.057624
Kevin_James_0001|Roy_Halladay_0001,0,0.065856,0.085423,0.083699
Kevin_James_0001|Suzanne_Haik_Terrell_0001,0,0.033524,0.031814,0.041006
Kevin_James_0001|Yang_Jianli_0001,0,0.024970,0.036848,0.048617
Kevin_Spacey_0002|Ray_Evernham_0001,0,0.027969,-0.008741,0.020943
Koji_Uehara_0001|Rob_Moore_0001,0,-0.034358,-0.051398,-0.020693
Krishna_Bhadur_Mahara_0001|Peter_Holmberg_0001,0,-0.071787,-0.029611,-0.059197
Krishna_Bhadur_Mahara_0001|Silvio_Fernandez_0002,0,0.088068,0.109972,0.130249
Kristen_Breitweiser_0001|Tatiana_Shchegoleva_0001,0,0.093712,0.047395,0.085534
Laila_Ali_0003|Tony_Fernandes_0001,0,0.128948,0.147031,0.134778
Larry_Johnson_0001|Terry_Gilliam_0001,0,-0.066532,-0.051239,-0.102147
Larry_Johnson_0002|Marc_Racicot_0001,0,0.007017,0.013673,-0.010516
Larry_Johnson_0002|Tom_Hanusik_0001,0,-0.060544,-0.050940,-0.062034
Lars_Von_Trier_0001|Zhang_Wenkang_0002,0,0.045759,0.057129,0.035180
Leander_Paes_0001|Ralph_Firman_0001,0,0.099690,0.133758,0.121146
Leo_Ramirez_0001|Sabah_Al-Ahmad_Al-Jaber_Al-Sabah_0001,0,-0.065763,-0.026979,-0.070893
Leonardo_Del_Vecchio_0001|Maggie_Smith_0001,0,0.087176,0.096822,0.101505
Leonardo_Del_Vecchio_0001|Tatiana_Shchegoleva_0001,0,0.018746,0.009457,-0.004348
Liam_Neeson_0001|Paul_Kagame_0002,0,0.038731,0.022063,0.010387
Lokendra_Bahadur_Chand_0001|Steffeny_Holtz_0001,0,-0.052426,0.002200,-0.029559
Louis_Van_Gaal_0001|Natasha_Henstridge_0001,0,-0.028184,-0.048640,-0.029347
Lubomir_Zaoralek_0001|Luis_Berrondo_0001,0,0.045226,0.088998,0.045417
Lubomir_Zaoralek_0001|William_Umbach_0001,0,-0.061827,-0.038831,-0.083917
Luis_Berrondo_0001|Rita_Moreno_0002,0,0.097420,0.115605,0.123666
Luis_Fonsi_0001|Oscar_DLeon_0001,0,-0.074345,-0.071982,-0.085909
Luis_Fonsi_0001|Steven_Briggs_0001,0,0.043022,0.048846,0.047314
Luis_Rosario_Huertas_0001|Mary_Steenburgen_0002,0,-0.052634,-0.051960,-0.086548
Makiko_Tanaka_0001|Peter_Greenaway_0001,0,0.010757,0.024327,-0.004695
Manijeh_Hekmat_0001|Roger_Winter_0001,0,0.060770,0.053412,0.035838
Manijeh_Hekmat_0001|T_Boone_Pickens_0001,0,-0.040652,-0.006498,-0.034322
Marcelo_Salas_0002|Tara_VanDerveer_0001,0,-0.025948,-0.002493,-0.027618
Marco_Irizarry_0001|Yang_Jianli_0001,0,0.000578,0.028839,-0.022533
Mariangel_Ruiz_Torrealba_0003|Pupi_Avati_0001,0,-0.057643,-0.028361,-0.052926
Marisa_Tomei_0002|Peter_Costello_0002,0,0.001239,-0.048969,-0.000470
Mark_Polansky_0001|Miranda_Gaddis_0001,0,-0.027873,-0.018829,-0.016855
Mary_Landrieu_0003|Percy_Gibson_0001,0,0.023497,0.030459,0.020721
Mathilda_Karel_Spak_0001|Mauricio_Macri_0001,0,-0.028472,0.008761,-0.020345
Mathilda_Karel_Spak_0001|Tamara_Brooks_0002,0,0.071152,0.075502,0.045741
Matt_Welsh_0001|Randy_Johnson_0001,0,0.076780,0.083609,0.119581
Mel_Brooks_0002|Shoshana_Johnson_0001,0,-0.097718,-0.055501,-0.082710
Michael_Kirby_0001|Ranil_Wickremasinghe_0002,0,0.015440,-0.030792,0.012088
Michael_Sheehan_0001|Robert_Hanssen_0001,0,0.073711,0.094095,0.075415
Michel_Duclos_0001|Quin_Snyder_0001,0,-0.081570,-0.070904,-0.075904
Michel_Duclos_0001|Suh_Young-hoon_0001,0,0.088688,0.102207,0.095062
Mike_Gable_0001|Mohamed_Hammam_0001,0,-0.003746,0.005005,-0.024431
Mikhail_Khodorkovsky_0001|Rita_Moreno_0002,0,0.152949,0.183480,0.170543
Mireya_Moscoso_0004|San_Lan_0001,0,0.044860,0.084212,0.097916
Mohamed_Hammam_0001|Roger_Moore_0004,0,0.015240,0.030287,0.012514
Nabil_Shaath_0003|Silvie_Cabero_0001,0,-0.089605,-0.077337,-0.127596
Naomi_Hayashi_0001|Prakash_Hinduja_0001,0,0.050791,0.048270,0.043116
Natalya_Sazanovich_0001|Pupi_Avati_0004,0,0.026576,0.040730,0.013851
Nikki_Teasley_0001|Ryan_Goodman_0001,0,-0.009730,0.000468,-0.019930
Oleksandr_Moroz_0001|Robert_De_Niro_0001,0,-0.011054,0.023115,-0.031049
Oscar_DLeon_0001|Steven_Curtis_Chapman_0001,0,0.022811,0.001759,0.011955
Paul_Byrd_0001|Wolfgang_Schwarz_0001,0,0.022747,0.033404,-0.002934
Paul_Wollnough_0001|Philip_Cummings_0001,0,0.085805,0.076054,0.072790
Paul_Wollnough_0001|Yuvraj_Singh_0001,0,0.016615,-0.002866,-0.014128
Penelope_Taylor_0001|Wang_Fei_0001,0,0.133934,0.111209,0.100216
Peter_Caruana_0001|Philip_Cummings_0001,0,-0.022461,-0.013532,-0.022877
Phillip_Seymor_Hoffmann_0001|Silvio_Fernandez_0001,0,-0.095349,-0.060447,-0.087635
Phillips_Idowu_0001|Prince_Naruhito_0002,0,0.021196,0.036625,0.039145
Princess_Masako_0002|Thomas_Wilkens_0001,0,0.066582,0.048971,0.052781
Quin_Snyder_0001|Vagit_Alekperov_0001,0,-0.006414,-0.013198,-0.020067
Ranil_Wickremasinghe_0003|Stacy_Nelson_0001,0,0.009153,-0.010936,0.027738
Reina_Hayes_0001|Steffeny_Holtz_0001,0,-0.031671,-0.013909,-0.026570
Rick_Pitino_0003|Tony_Clement_0001,0,-0.091329,-0.070713,-0.089880
Ricky_Martin_0002|Roger_Etchegaray_0001,0,0.038495,0.061842,0.043505
Robert_F_Kennedy_Jr_0001|Ron_Dittemore_0001,0,-0.072072,-0.063016,-0.080524
Sidney_Poitier_0001|Svend_Aage_Jensby_0001,0,-0.051899,-0.059346,-0.061574
Abdel_Nasser_Assidi_0001|Abdel_Nasser_Assidi_0002,1,0.838649,0.808977,0.823980
Ai_Sugiyama_0001|Ai_Sugiyama_0002,1,0.687432,0.650499,0.676184
Ai_Sugiyama_0001|Ai_Sugiyama_0004,1,0.533657,0.498147,0.512224
Ai_Sugiyama_0004|Ai_Sugiyama_0005,1,0.594321,0.562667,0.559439
Aldo_Paredes_0001|Aldo_Paredes_0002,1,0.401895,0.402469,0.405471
Alejandro_Avila_0001|Alejandro_Avila_0002,1,0.542519,0.546650,0.527454
Alejandro_Avila_0001|Alejandro_Avila_0003,1,0.591411,0.590661,0.586247
Alex_Sink_0002|Alex_Sink_0003,1,0.570357,0.528501,0.557296
Allen_Iverson_0001|Allen_Iverson_0002,1,0.715527,0.704393,0.731483
Amram_Mitzna_0001|Amram_Mitzna_0002,1,0.780010,0.776379,0.761522
Andrew_Niccol_0001|Andrew_Niccol_0002,1,0.682541,0.642711,0.610863
Andy_Hebb_0001|Andy_Hebb_0002,1,0.636947,0.653971,0.641050
Anne_Krueger_0001|Anne_Krueger_0002,1,0.731929,0.715062,0.695568
Anne_McLellan_0001|Anne_McLellan_0003,1,0.481006,0.441821,0.459207
Anne_McLellan_0002|Anne_McLellan_0003,1,0.710098,0.659846,0.690900
Annette_Bening_0001|Annette_Bening_0002,1,0.760846,0.714539,0.710927
Anthony_Hopkins_0001|Anthony_Hopkins_0002,1,0.605239,0.596565,0.588594
Ariel_Sharon_0016|Ariel_Sharon_0045,1,0.723710,0.700819,0.719271
Arminio_Fraga_0001|Arminio_Fraga_0006,1,0.570966,0.528584,0.538256
Arminio_Fraga_0002|Arminio_Fraga_0004,1,0.617747,0.601249,0.625484
Arminio_Fraga_0003|Arminio_Fraga_0006,1,0.737110,0.733390,0.725618
Arminio_Fraga_0004|Arminio_Fraga_0006,1,0.763400,0.749239,0.752356
Art_Hoffmann_0001|Art_Hoffmann_0002,1,0.822033,0.797640,0.814813
Ashanti_0001|Ashanti_0003,1,0.496483,0.476187,0.480839
Ashanti_0001|Ashanti_0004,1,0.691747,0.665495,0.683730
Ashanti_0002|Ashanti_0005,1,0.583367,0.528719,0.567727
Ashanti_0003|Ashanti_0005,1,0.458087,0.449375,0.434101
Ashanti_0004|Ashanti_0005,1,0.620687,0.626365,0.617671
Augustin_Calleri_0001|Augustin_Calleri_0002,1,0.565925,0.492850,0.528755
Augustin_Calleri_0002|Augustin_Calleri_0004,1,0.606179,0.571000,0.558071
Augustin_Calleri_0003|Augustin_Calleri_0004,1,0.729380,0.696777,0.709293
Bertie_Ahern_0001|Bertie_Ahern_0002,1,0.541178,0.495729,0.509643
Bertie_Ahern_0001|Bertie_Ahern_0004,1,0.517377,0.478360,0.506334
Bertie_Ahern_0001|Bertie_Ahern_0005,1,0.615775,0.602469,0.593011
Bertie_Ahern_0002|Bertie_Ahern_0003,1,0.587395,0.577711,0.602693
Bertie_Ahern_0003|Bertie_Ahern_0005,1,0.598987,0.618918,0.589170
Bill_Clinton_0002|Bill_Clinton_0004,1,0.679631,0.661944,0.659824
Bill_Clinton_0006|Bill_Clinton_0008,1,0.476130,0.463939,0.452592
Bill_Clinton_0006|Bill_Clinton_0010,1,0.608972,0.609594,0.590794
Bill_Clinton_0008|Bill_Clinton_0010,1,0.607041,0.580816,0.561828
Bill_Clinton_0010|Bill_Clinton_0029,1,0.591622,0.573064,0.591487
Bill_Clinton_0018|Bill_Clinton_0028,1,0.490553,0.493121,0.497462
Bill_McBride_0004|Bill_McBride_0007,1,0.597002,0.529695,0.588600
Bill_McBride_0004|Bill_McBride_0010,1,0.729659,0.693607,0.708737
Bill_Parcells_0001|Bill_Parcells_0002,1,0.454075,0.437199,0.474604
Binyamin_Ben-Eliezer_0003|Binyamin_Ben-Eliezer_0005,1,0.809241,0.777558,0.804540
Binyamin_Ben-Eliezer_0005|Binyamin_Ben-Eliezer_0006,1,0.793786,0.758279,0.782823
Binyamin_Ben-Eliezer_0006|Binyamin_Ben-Eliezer_0007,1,0.670043,0.661621,0.662511
Brendan_Hansen_0001|Brendan_Hansen_0002,1,0.538812,0.555087,0.559875
Brian_Wells_0001|Brian_Wells_0002,1,0.542043,0.517837,0.537432
Carlos_Quintanilla_Schmidt_0001|Carlos_Quintanilla_Schmidt_0002,1,0.771274,0.760171,0.740543
Carolina_Moraes_0001|Carolina_Moraes_0002,1,0.644599,0.619858,0.639196
Cecilia_Bolocco_0001|Cecilia_Bolocco_0002,1,0.556878,0.560600,0.527984
Cecilia_Bolocco_0001|Cecilia_Bolocco_0003,1,0.387355,0.358654,0.344775
Cecilia_Bolocco_0002|Cecilia_Bolocco_0003,1,0.521997,0.492364,0.518489
Cesar_Gaviria_0002|Cesar_Gaviria_0004,1,0.726542,0.669576,0.689079
Cesar_Gaviria_0002|Cesar_Gaviria_0005,1,0.661016,0.638614,0.645189
Cesar_Gaviria_0003|Cesar_Gaviria_0006,1,0.640255,0.653038,0.625777
Cesar_Gaviria_0003|Cesar_Gaviria_0007,1,0.658593,0.595922,0.611527
Cesar_Gaviria_0004|Cesar_Gaviria_0006,1,0.649250,0.595310,0.594792
Charlie_Zaa_0001|Charlie_Zaa_0002,1,0.654671,0.618786,0.629126
Chita_Rivera_0001|Chita_Rivera_0002,1,0.690897,0.658833,0.662019
Christian_Longo_0001|Christian_Longo_0002,1,0.732547,0.709178,0.710962
Christian_Longo_0001|Christian_Longo_0003,1,0.801179,0.767055,0.758512
Christian_Wulff_0001|Christian_Wulff_0002,1,0.678399,0.683091,0.640175
Colin_Jackson_0001|Colin_Jackson_0002,1,0.789729,0.746552,0.762518
Darrell_Issa_0001|Darrell_Issa_0002,1,0.554767,0.523842,0.519159
Darrell_Porter_0001|Darrell_Porter_0002,1,0.356431,0.342850,0.332888
Dave_Campo_0001|Dave_Campo_0003,1,0.517144,0.491452,0.479082
David_Dodge_0001|David_Dodge_0002,1,0.569533,0.573756,0.577164
David_Heyman_0001|David_Heyman_0002,1,0.763568,0.728635,0.753826
David_Spade_0001|David_Spade_0002,1,0.470210,0.471561,0.472408
David_Wells_0001|David_Wells_0005,1,0.591588,0.611102,0.570775
David_Wells_0001|David_Wells_0006,1,0.491519,0.454879,0.492541
David_Wells_0001|David_Wells_0007,1,0.682749,0.696650,0.678343
David_Wells_0002|David_Wells_0006,1,0.607744,0.557166,0.574836
David_Wells_0005|David_Wells_0006,1,0.481416,0.466497,0.495641
Debbie_Reynolds_0001|Debbie_Reynolds_0003,1,0.740868,0.745645,0.728117
Debbie_Reynolds_0002|Debbie_Reynolds_0004,1,0.747663,0.722384,0.708671
Dexter_Jackson_0001|Dexter_Jackson_0002,1,0.591729,0.585129,0.604647
Diana_Taurasi_0001|Diana_Taurasi_0002,1,0.685321,0.649985,0.672859
Donald_Evans_0001|Donald_Evans_0002,1,0.729490,0.711686,0.704888
Duane_Lee_Chapman_0001|Duane_Lee_Chapman_0002,1,0.562949,0.549458,0.554165
Ed_Smart_0001|Ed_Smart_0003,1,0.535929,0.516983,0.522713
Eileen_Coparropa_0001|Eileen_Coparropa_0002,1,0.885119,0.848827,0.860990
Eileen_Coparropa_0001|Eileen_Coparropa_0003,1,0.643254,0.597150,0.613602
Eileen_Coparropa_0002|Eileen_Coparropa_0003,1,0.590098,0.547151,0.557599
Elizabeth_Dole_0001|Elizabeth_Dole_0003,1,0.681330,0.660238,0.662682
Elizabeth_Dole_0002|Elizabeth_Dole_0004,1,0.563357,0.548294,0.566847
Fred_Funk_0001|Fred_Funk_0002,1,0.522686,0.475043,0.507579
Gabriel_Valdes_0001|Gabriel_Valdes_0002,1,0.570215,0.537223,0.547965
Gary_Winnick_0001|Gary_Winnick_0002,1,0.568795,0.518964,0.520189
George_Karl_0001|George_Karl_0002,1,0.536865,0.548424,0.527556
George_Robertson_0002|George_Robertson_0003,1,0.817209,0.801706,0.798552
George_Robertson_0003|George_Robertson_0019,1,0.697338,0.705901,0.698226
George_Robertson_0007|George_Robertson_0019,1,0.676847,0.683455,0.665390
George_Robertson_0011|George_Robertson_0012,1,0.694891,0.671192,0.680623
George_Ryan_0001|George_Ryan_0004,1,0.598702,0.578867,0.556696
George_Ryan_0002|George_Ryan_0003,1,0.856161,0.829103,0.831107
George_W_Bush_0007|George_W_Bush_0065,1,0.648597,0.588721,0.597005
George_W_Bush_0016|George_W_Bush_0482,1,0.573828,0.546826,0.558613
George_W_Bush_0145|George_W_Bush_0150,1,0.564042,0.536180,0.552063
George_W_Bush_0145|George_W_Bush_0238,1,0.585669,0.572246,0.549593
George_W_Bush_0203|George_W_Bush_0247,1,0.699122,0.680776,0.692232
Gloria_Trevi_0001|Gloria_Trevi_0002,1,0.487517,0.479619,0.474218
Gloria_Trevi_0002|Gloria_Trevi_0003,1,0.631772,0.611727,0.616530
Gloria_Trevi_0002|Gloria_Trevi_0004,1,0.589753,0.553160,0.543992
Gordon_Campbell_0001|Gordon_Campbell_0002,1,0.613380,0.597316,0.602850
Greg_Rusedski_0001|Greg_Rusedski_0002,1,0.629802,0.640202,0.614785
Greg_Rusedski_0002|Greg_Rusedski_0003,1,0.662951,0.651542,0.632852
Greg_Rusedski_0002|Greg_Rusedski_0004,1,0.738362,0.728821,0.701544
Greg_Rusedski_0003|Greg_Rusedski_0004,1,0.754021,0.718884,0.712115
Gustavo_Kuerten_0001|Gustavo_Kuerten_0002,1,0.835261,0.815122,0.817206
Gustavo_Kuerten_0002|Gustavo_Kuerten_0003,1,0.553878,0.530463,0.537196
Guy_Hemmings_0001|Guy_Hemmings_0002,1,0.623113,0.601887,0.625122
Halle_Berry_0006|Halle_Berry_0007,1,0.810413,0.813500,0.790573
Halle_Berry_0006|Halle_Berry_0009,1,0.637294,0.631519,0.631270
Halle_Berry_0007|Halle_Berry_0009,1,0.648528,0.633075,0.653262
Heather_Mills_0002|Heather_Mills_0003,1,0.628442,0.622637,0.616425
Heather_Mills_0002|Heather_Mills_0004,1,0.643113,0.623480,0.603492
Heidi_Fleiss_0001|Heidi_Fleiss_0002,1,0.369388,0.399148,0.370803
Heidi_Fleiss_0001|Heidi_Fleiss_0003,1,0.428371,0.428319,0.405077
Henrique_Meirelles_0001|Henrique_Meirelles_0002,1,0.630048,0.621278,0.616910
Iva_Majoli_0001|Iva_Majoli_0002,1,0.654880,0.654715,0.639969
Jake_Gyllenhaal_0003|Jake_Gyllenhaal_0005,1,0.794697,0.760830,0.778201
Jake_Gyllenhaal_0004|Jake_Gyllenhaal_0005,1,0.711430,0.679646,0.671843
James_Cunningham_0001|James_Cunningham_0002,1,0.689234,0.643773,0.659906
James_Cunningham_0001|James_Cunningham_0003,1,0.564154,0.561727,0.517319
James_Cunningham_0002|James_Cunningham_0003,1,0.519623,0.514889,0.494176
James_Parker_0001|James_Parker_0002,1,0.760180,0.754472,0.743584
James_Wolfensohn_0002|James_Wolfensohn_0005,1,0.659128,0.628033,0.654089
Jason_Lezak_0001|Jason_Lezak_0002,1,0.902745,0.880174,0.876339
Jay_Rasulo_0001|Jay_Rasulo_0002,1,0.666337,0.621773,0.640173
Jean-Claude_Juncker_0001|Jean-Claude_Juncker_0002,1,0.646066,0.635861,0.629749
Jennifer_Lopez_0001|Jennifer_Lopez_0003,1,0.596355,0.577758,0.561394
Jennifer_Lopez_0002|Jennifer_Lopez_0016,1,0.518677,0.444203,0.473435
Jennifer_Lopez_0003|Jennifer_Lopez_0010,1,0.578405,0.588751,0.586396
Jennifer_Lopez_0003|Jennifer_Lopez_0014,1,0.565486,0.525203,0.530146
Jesse_Jackson_0001|Jesse_Jackson_0003,1,0.683668,0.661614,0.623703
Jesse_Jackson_0005|Jesse_Jackson_0008,1,0.617914,0.594996,0.593754
Jesse_Jackson_0007|Jesse_Jackson_0008,1,0.716233,0.703058,0.728683
Jesse_James_Leija_0001|Jesse_James_Leija_0002,1,0.606716,0.621352,0.597762
Jesse_Ventura_0002|Jesse_Ventura_0003,1,0.517199,0.512052,0.498917
Jia_Qinglin_0001|Jia_Qinglin_0002,1,0.618418,0.616609,0.598592
Jim_Tressel_0001|Jim_Tressel_0002,1,0.564796,0.531859,0.547060
Jim_Tressel_0001|Jim_Tressel_0004,1,0.599101,0.539915,0.571327
Jim_Tressel_0002|Jim_Tressel_0004,1,0.635652,0.566161,0.582270
Joan_Laporta_0001|Joan_Laporta_0006,1,0.566161,0.501251,0.561515
Joan_Laporta_0006|Joan_Laporta_0007,1,0.760369,0.745491,0.736895
Joan_Laporta_0006|Joan_Laporta_0008,1,0.594377,0.564281,0.587548
Joe_Dumars_0001|Joe_Dumars_0002,1,0.687231,0.650977,0.686145
John_Ashcroft_0003|John_Ashcroft_0005,1,0.732769,0.706660,0.702214
John_Ashcroft_0013|John_Ashcroft_0034,1,0.635384,0.612285,0.609083
John_Ashcroft_0042|John_Ashcroft_0043,1,0.339717,0.344393,0.351638
John_Bolton_0006|John_Bolton_0007,1,0.815278,0.810807,0.789085
John_Swofford_0001|John_Swofford_0002,1,0.608150,0.623914,0.580509
John_Swofford_0001|John_Swofford_0003,1,0.764825,0.755929,0.746523
John_Timoney_0001|John_Timoney_0002,1,0.736048,0.731829,0.741132
Jon_Gruden_0001|Jon_Gruden_0002,1,0.677631,0.658769,0.677392
Jon_Gruden_0002|Jon_Gruden_0005,1,0.678204,0.676713,0.667284
Jon_Gruden_0003|Jon_Gruden_0006,1,0.648425,0.597835,0.623532
Jon_Gruden_0003|Jon_Gruden_0007,1,0.570504,0.573851,0.561160
Julie_Taymor_0001|Julie_Taymor_0002,1,0.676302,0.670820,0.664613
Kamal_Kharrazi_0001|Kamal_Kharrazi_0005,1,0.744093,0.740098,0.731991
Kamal_Kharrazi_0002|Kamal_Kharrazi_0003,1,0.698679,0.700615,0.694767
Kamal_Kharrazi_0002|Kamal_Kharrazi_0006,1,0.590001,0.577364,0.608315
Karin_Stoiber_0001|Karin_Stoiber_0002,1,0.575797,0.573703,0.557377
Kim_Yong-il_0001|Kim_Yong-il_0002,1,0.649302,0.622676,0.625490
Kim_Yong-il_0001|Kim_Yong-il_0003,1,0.634386,0.628058,0.613585
Kimi_Raikkonen_0001|Kimi_Raikkonen_0003,1,0.290840,0.259081,0.287528
Kimi_Raikkonen_0002|Kimi_Raikkonen_0003,1,0.406849,0.424660,0.411990
Kjell_Magne_Bondevik_0001|Kjell_Magne_Bondevik_0003,1,0.569091,0.531073,0.531122
Kobe_Bryant_0001|Kobe_Bryant_0002,1,0.328533,0.366624,0.341983
Kurt_Warner_0001|Kurt_Warner_0002,1,0.585446,0.603925,0.579652
Kurt_Warner_0001|Kurt_Warner_0004,1,0.583679,0.598636,0.577203
Kurt_Warner_0002|Kurt_Warner_0004,1,0.756514,0.758000,0.748321
Kurt_Warner_0003|Kurt_Warner_0005,1,0.474107,0.445333,0.435836
Kwon_Yang-sook_0001|Kwon_Yang-sook_0003,1,0.716652,0.669090,0.716328
Kwon_Yang-sook_0002|Kwon_Yang-sook_0003,1,0.769317,0.755951,0.769572
Lee_Jun_0001|Lee_Jun_0002,1,0.627980,0.591375,0.608952
Leonid_Kuchma_0001|Leonid_Kuchma_0002,1,0.708565,0.701204,0.707077
Leonid_Kuchma_0001|Leonid_Kuchma_0003,1,0.702419,0.674346,0.690833
Leonid_Kuchma_0002|Leonid_Kuchma_0003,1,0.766098,0.749513,0.751447
Leonid_Kuchma_0002|Leonid_Kuchma_0005,1,0.656087,0.629541,0.645743
Leonid_Kuchma_0004|Leonid_Kuchma_0005,1,0.654374,0.599361,0.636745
Lina_Krasnoroutskaya_0001|Lina_Krasnoroutskaya_0002,1,0.430545,0.417833,0.423438
Lord_Hutton_0001|Lord_Hutton_0002,1,0.732313,0.696324,0.694856
Luiz_Felipe_Scolari_0001|Luiz_Felipe_Scolari_0002,1,0.716742,0.683780,0.668668
Lynn_Redgrave_0002|Lynn_Redgrave_0003,1,0.713457,0.705193,0.687215
Magdalena_Maleeva_0001|Magdalena_Maleeva_0002,1,0.659902,0.609756,0.649455
Magdalena_Maleeva_0001|Magdalena_Maleeva_0003,1,0.514415,0.478678,0.490633
Magdalena_Maleeva_0002|Magdalena_Maleeva_0003,1,0.690935,0.659715,0.628168
Marcelo_Ebrard_0001|Marcelo_Ebrard_0002,1,0.661205,0.607467,0.622984
Marcelo_Ebrard_0001|Marcelo_Ebrard_0003,1,0.561251,0.570463,0.538421
Marcelo_Rios_0001|Marcelo_Rios_0003,1,0.716616,0.670477,0.687526
Marcelo_Rios_0001|Marcelo_Rios_0004,1,0.667848,0.651849,0.653784
Marcelo_Rios_0002|Marcelo_Rios_0003,1,0.708700,0.665928,0.685516
Marcelo_Rios_0003|Marcelo_Rios_0004,1,0.662284,0.660344,0.636619
Marcelo_Rios_0003|Marcelo_Rios_0005,1,0.692244,0.661720,0.669708
Maria_Shriver_0001|Maria_Shriver_0007,1,0.391545,0.417311,0.411685
Maria_Shriver_0001|Maria_Shriver_0008,1,0.602924,0.573321,0.587360
Maria_Shriver_0002|Maria_Shriver_0006,1,0.556340,0.558161,0.575437
Maria_Shriver_0002|Maria_Shriver_0008,1,0.609482,0.585932,0.610348
Maria_Shriver_0003|Maria_Shriver_0008,1,0.681012,0.658496,0.697861
Marilyn_Monroe_0001|Marilyn_Monroe_0002,1,0.483532,0.463407,0.478580
Mario_Cipollini_0001|Mario_Cipollini_0002,1,0.763040,0.727515,0.722865
Mark_Hurlbert_0001|Mark_Hurlbert_0005,1,0.679640,0.667774,0.647717
Mark_Hurlbert_0002|Mark_Hurlbert_0003,1,0.817870,0.798282,0.791478
Mark_Hurlbert_0002|Mark_Hurlbert_0004,1,0.788450,0.781623,0.764551
Martin_Scorsese_0002|Martin_Scorsese_0005,1,0.548315,0.535279,0.535428
Martin_Scorsese_0003|Martin_Scorsese_0004,1,0.768332,0.723743,0.747238
Marwan_Barghouthi_0001|Marwan_Barghouthi_0002,1,0.593336,0.588009,0.586815
Michael_Bloomberg_0001|Michael_Bloomberg_0012,1,0.584998,0.561037,0.532020
Michael_Bloomberg_0003|Michael_Bloomberg_0005,1,0.568064,0.544868,0.540782
Michael_Bloomberg_0007|Michael_Bloomberg_0011,1,0.505476,0.505368,0.514418
Michael_Bloomberg_0011|Michael_Bloomberg_0013,1,0.567111,0.562349,0.561985
Michael_Chang_0001|Michael_Chang_0003,1,0.551088,0.563127,0.543996
Michael_Chang_0005|Michael_Chang_0006,1,0.378343,0.396687,0.345651
Michael_Jackson_0001|Michael_Jackson_0006,1,0.737400,0.727133,0.712245
Michael_Jackson_0002|Michael_Jackson_0003,1,0.717743,0.694893,0.725434
Michael_Jackson_0002|Michael_Jackson_0011,1,0.637652,0.603121,0.623799
Michael_Jackson_0002|Michael_Jackson_0012,1,0.625776,0.626043,0.637932
Michael_Jackson_0011|Michael_Jackson_0012,1,0.764965,0.751156,0.756684
Michael_Patrick_King_0001|Michael_Patrick_King_0002,1,0.732450,0.710565,0.716154
Michelle_Rodriguez_0001|Michelle_Rodriguez_0002,1,0.630138,0.584825,0.598467
Mike_Babcock_0001|Mike_Babcock_0002,1,0.704812,0.681082,0.672604
Mike_Martz_0001|Mike_Martz_0003,1,0.732346,0.694920,0.705245
Mike_Scioscia_0001|Mike_Scioscia_0002,1,0.679656,0.687309,0.667760
Mikulas_Dzurinda_0001|Mikulas_Dzurinda_0002,1,0.734304,0.711320,0.698870
Miroljub_0001|Miroljub_0002,1,0.739779,0.758798,0.756049
Nasser_al-Kidwa_0001|Nasser_al-Kidwa_0002,1,0.634157,0.626133,0.606876
Nick_Nolte_0001|Nick_Nolte_0002,1,0.377434,0.334378,0.363326
Nick_Nolte_0001|Nick_Nolte_0003,1,0.516983,0.444704,0.494678
Nick_Nolte_0001|Nick_Nolte_0005,1,0.426956,0.418258,0.419280
Nick_Nolte_0002|Nick_Nolte_0004,1,0.459717,0.437514,0.451055
Nick_Nolte_0003|Nick_Nolte_0004,1,0.534163,0.490625,0.517420
OJ_Simpson_0001|OJ_Simpson_0002,1,0.612695,0.608329,0.603270
Oprah_Winfrey_0001|Oprah_Winfrey_0002,1,0.415216,0.446205,0.423309
Oprah_Winfrey_0002|Oprah_Winfrey_0003,1,0.508513,0.536470,0.517963
Orlando_Bloom_0002|Orlando_Bloom_0003,1,0.381876,0.366098,0.394309
Ozzy_Osbourne_0001|Ozzy_Osbourne_0003,1,0.261899,0.275683,0.262644
Paul_Coppin_0001|Paul_Coppin_0002,1,0.535804,0.522393,0.528850
Paul_Martin_0001|Paul_Martin_0006,1,0.496479,0.511297,0.503009
Paul_Martin_0001|Paul_Martin_0007,1,0.413607,0.473573,0.441482
Paul_McNulty_0001|Paul_McNulty_0002,1,0.751410,0.722610,0.723303
Paul_ONeill_0001|Paul_ONeill_0003,1,0.640258,0.600336,0.610961
Paul_ONeill_0005|Paul_ONeill_0007,1,0.568749,0.516486,0.560824
Paul_Patton_0001|Paul_Patton_0002,1,0.688524,0.702388,0.685589
Paula_Zahn_0001|Paula_Zahn_0002,1,0.672041,0.616126,0.645898
Pierce_Brosnan_0001|Pierce_Brosnan_0005,1,0.556809,0.533263,0.510424
Pierce_Brosnan_0003|Pierce_Brosnan_0007,1,0.514317,0.479081,0.455864
Pierce_Brosnan_0006|Pierce_Brosnan_0009,1,0.480768,0.448075,0.457185
Pierce_Brosnan_0009|Pierce_Brosnan_0014,1,0.500647,0.494445,0.497471
Pierre_Pettigrew_0001|Pierre_Pettigrew_0003,1,0.706837,0.700800,0.692120
Ralf_Schumacher_0005|Ralf_Schumacher_0008,1,0.501373,0.499220,0.496523
Ricky_Barnes_0001|Ricky_Barnes_0002,1,0.484159,0.439068,0.454169
Rita_Wilson_0001|Rita_Wilson_0004,1,0.670315,0.688840,0.656486
Rob_Schneider_0001|Rob_Schneider_0002,1,0.663306,0.585474,0.632164
Robbie_Fowler_0001|Robbie_Fowler_0002,1,0.862577,0.841226,0.846415
Robert_Blake_0001|Robert_Blake_0003,1,0.425722,0.421392,0.410681
Robert_Blake_0001|Robert_Blake_0004,1,0.516458,0.509259,0.514939
Robert_Blake_0005|Robert_Blake_0006,1,0.404458,0.383977,0.379700
Rogerio_Romero_0001|Rogerio_Romero_0002,1,0.731940,0.715554,0.713205
Rupert_Grint_0001|Rupert_Grint_0003,1,0.703222,0.698503,0.679324
Salman_Rushdie_0001|Salman_Rushdie_0003,1,0.725802,0.706221,0.714708
Salman_Rushdie_0002|Salman_Rushdie_0003,1,0.654755,0.616317,0.642535
Scott_Sullivan_0001|Scott_Sullivan_0002,1,0.683510,0.653263,0.654733
Scott_Wolf_0001|Scott_Wolf_0002,1,0.782575,0.761173,0.770700
Sepp_Blatter_0001|Sepp_Blatter_0002,1,0.551928,0.567907,0.565178
Sepp_Blatter_0001|Sepp_Blatter_0003,1,0.449919,0.423547,0.402300
Sepp_Blatter_0002|Sepp_Blatter_0003,1,0.580247,0.575042,0.587728
Simon_Cowell_0001|Simon_Cowell_0002,1,0.506398,0.466134,0.473553
Slobodan_Milosevic_0001|Slobodan_Milosevic_0003,1,0.694270,0.657912,0.666413
Slobodan_Milosevic_0002|Slobodan_Milosevic_0003,1,0.659627,0.655344,0.626205
Slobodan_Milosevic_0003|Slobodan_Milosevic_0004,1,0.634271,0.595296,0.591639
Stacy_Dragila_0001|Stacy_Dragila_0002,1,0.584280,0.550979,0.584115
Stephen_Ambrose_0001|Stephen_Ambrose_0002,1,0.237127,0.238573,0.236250
Stephen_Daldry_0001|Stephen_Daldry_0002,1,0.565017,0.535264,0.502800
Stephen_Friedman_0001|Stephen_Friedman_0002,1,0.616983,0.596160,0.612516
Theo_Epstein_0001|Theo_Epstein_0002,1,0.676557,0.621831,0.645641
Thomas_Wyman_0001|Thomas_Wyman_0002,1,0.502916,0.450500,0.455322
Tim_Floyd_0001|Tim_Floyd_0002,1,0.810910,0.787107,0.763048
Tom_Watson_0001|Tom_Watson_0003,1,0.508744,0.545199,0.489943
Tom_Watson_0002|Tom_Watson_0003,1,0.590650,0.621315,0.598580
Tommy_Robredo_0001|Tommy_Robredo_0003,1,0.497715,0.432531,0.459413
Tommy_Robredo_0002|Tommy_Robredo_0003,1,0.798130,0.755858,0.788412
Tony_Parker_0001|Tony_Parker_0002,1,0.518395,0.463359,0.529653
Tony_Stewart_0001|Tony_Stewart_0006,1,0.649512,0.652443,0.628188
Tony_Stewart_0002|Tony_Stewart_0003,1,0.532384,0.547692,0.525318
Tony_Stewart_0004|Tony_Stewart_0005,1,0.390821,0.352019,0.353278
Tony_Stewart_0004|Tony_Stewart_0006,1,0.395035,0.355440,0.351739
Vladimir_Voltchkov_0001|Vladimir_Voltchkov_0002,1,0.501826,0.481210,0.469492
Wang_Yi_0001|Wang_Yi_0002,1,0.716046,0.721757,0.713974
Zafarullah_Khan_Jamali_0001|Zafarullah_Khan_Jamali_0002,1,0.653984,0.647905,0.642812
Zhu_Rongji_0001|Zhu_Rongji_0003,1,0.773757,0.783966,0.785360
Zhu_Rongji_0002|Zhu_Rongji_0008,1,0.665825,0.659639,0.674106
Aaron_Tippin_0001|Enos_Slaughter_0001,0,-0.023104,-0.025976,-0.016435
Aaron_Tippin_0001|Juan_Carlos_Ortega_0001,0,0.013691,0.055728,0.023444
Aaron_Tippin_0001|Marlon_Devonish_0001,0,0.127000,0.203654,0.171923
Adam_Ant_0001|John_Perrota_0001,0,-0.011407,-0.043933,-0.015325
Adam_Ant_0001|Noel_Forgeard_0001,0,-0.097323,-0.111895,-0.087897
Adam_Ant_0001|Richard_Regenhard_0001,0,0.074857,0.125675,0.107561
Adam_Mair_0001|Daniel_Osorno_0001,0,0.029271,0.027366,-0.006449
Adoor_Gopalakarishnan_0001|Nathalia_Gillot_0001,0,-0.011029,0.097075,0.038842
Alain_Ducasse_0001|Paul_ONeill_0002,0,-0.089029,-0.052976,-0.098242
Alan_Greer_0001|Alan_Trammell_0001,0,-0.077225,-0.066228,-0.060181
Alan_Greer_0001|Bob_Hayes_0001,0,-0.089049,-0.137341,-0.134767
Alan_Trammell_0001|Heidi_Fleiss_0002,0,0.002429,0.015797,-0.010339
Alan_Trammell_0001|Julie_Taymor_0002,0,0.051790,0.047782,0.045505
Aldo_Paredes_0001|Suzanne_Mubarak_0001,0,0.086951,0.124397,0.085041
Aldo_Paredes_0002|Zafarullah_Khan_Jamali_0001,0,-0.013141,-0.023252,-0.039609
Alecos_Markides_0001|Darryl_Stingley_0001,0,-0.078710,-0.084460,-0.106991
Alecos_Markides_0001|Wolfgang_Schneiderhan_0001,0,0.021389,0.046357,0.029267
Alejandro_Avila_0003|Benjamin_Franklin_0001,0,-0.077081,-0.087670,-0.067636
Alejandro_Avila_0003|Darrell_Porter_0001,0,-0.101976,-0.083653,-0.079288
Alek_Wek_0001|Barbara_Bodine_0001,0,0.026161,0.041772,0.016533
Alek_Wek_0001|Nasser_al-Kidwa_0001,0,0.004449,0.026211,0.032195
Alek_Wek_0001|Ray_Bradbury_0001,0,0.014032,-0.016522,-0.006796
Alina_Kabaeva_0001|Donald_Trump_0001,0,0.039586,0.074194,0.038648
Alina_Kabaeva_0001|Jayson_Williams_0002,0,-0.058913,-0.055332,-0.070865
Alyse_Beaupre_0001|Elmar_Brok_0001,0,0.031062,0.051745,0.040077
Alyse_Beaupre_0001|Helo_Pinheiro_0001,0,-0.045726,-0.043433,-0.046631
Alyse_Beaupre_0001|Hunter_Bates_0001,0,-0.066949,-0.040506,-0.077616
Ambrose_Lee_0001|Ben_Chandler_0001,0,0.045739,0.058564,0.041594
Amy_Gale_0001|Herman_Edwards_0001,0,-0.093304,-0.050043,-0.102825
Anastasia_Kelesidou_0001|Brendan_Hansen_0002,0,0.119954,0.184255,0.122118
Anastasia_Kelesidou_0001|Thomas_Wyman_0002,0,-0.039163,-0.037720,-0.020559
Andrew_Niccol_0001|Prince_Felipe_0001,0,0.090454,0.112529,0.071436
Andrew_Sabey_0001|Federico_Castelan_Sayre_0001,0,-0.193862,-0.174673,-0.160803
Andrew_Sabey_0001|Greg_Rusedski_0001,0,0.172451,0.206023,0.175772
Andy_Madikians_0001|Jon_Gruden_0001,0,-0.012564,0.015206,0.039923
Andy_Madikians_0001|Pedro_Alvarez_0001,0,0.031041,0.065390,0.002965
Andy_Madikians_0001|Pierce_Brosnan_0001,0,-0.077358,-0.052042,-0.072856
Andy_Perez_0001|Elena_Dementieva_0001,0,0.112001,0.093783,0.107648
Andy_Perez_0001|Stephen_Joseph_0001,0,-0.009606,-0.001673,-0.022988
Angie_Martinez_0001|Ruth_Pearce_0001,0,0.015347,0.023148,0.017765
Ann_Godbehere_0001|Tom_Watson_0001,0,-0.061343,0.014058,-0.060414
Anne_McLellan_0001|Tim_Howard_0001,0,0.044568,0.023012,0.022303
Annette_Bening_0001|Ross_Verba_0001,0,0.053283,0.043273,0.039417
Anthony_Hopkins_0002|Orlando_Bloom_0001,0,0.057326,0.067040,0.034680
Antonio_Bernardo_0001|Billy_Donovan_0001,0,0.086665,0.061082,0.067325
Antonio_Bernardo_0001|Dwain_Kyles_0001,0,0.126842,0.155418,0.102045
Antonio_Bernardo_0001|Elizabeth_Hill_0001,0,-0.036549,-0.022126,-0.055904
Antonio_Bernardo_0001|Guy_Hemmings_0001,0,0.046772,0.024159,0.022922
Antonio_Bernardo_0001|Kareena_Kapoor_0001,0,0.063571,0.089241,0.068503
Anzori_Kikalishvili_0001|Carlos_Quintanilla_Schmidt_0002,0,-0.028968,0.015323,-0.043935
Anzori_Kikalishvili_0001|Earl_Fritts_0001,0,0.057705,0.082791,0.083469
Anzori_Kikalishvili_0001|Salman_Rushdie_0001,0,0.030809,0.041453,0.010603
Aram_Adler_0001|Cesar_Gaviria_0003,0,-0.027350,-0.019335,-0.013643
Aram_Adler_0001|Deepa_Mehta_0001,0,0.119039,0.094047,0.147143
Arie_Haan_0001|Tony_Parker_0002,0,-0.048730,-0.010224,-0.037146
Ariel_Sharon_0030|David_Ballantyne_0001,0,0.010873,0.013318,0.065841
Art_Hoffmann_0002|Juan_Carlos_Ortega_0001,0,-0.065488,-0.053848,-0.037674
Atiabet_Ijan_Amabel_0001|John_Perrota_0001,0,0.061808,0.055010,0.040111
Augustin_Calleri_0003|Lee_Jun_0002,0,0.063906,0.095689,0.094427
Barry_Nakell_0001|Maria_Simon_0001,0,-0.010274,0.049728,0.018563
Basdeo_Panday_0001|Filippo_Volandri_0001,0,-0.043968,0.016527,-0.047879
Ben_Betts_0001|Kimi_Raikkonen_0003,0,0.038578,0.046360,0.077620
Ben_Braun_0001|Cecilia_Chang_0001,0,-0.035897,-0.031202,-0.023820
Ben_Braun_0001|Horace_Newcomb_0001,0,-0.108450,-0.099459,-0.090689
Ben_Chandler_0001|Larry_Hagman_0001,0,0.042896,0.049871,0.052743
Ben_Lee_0001|Horace_Newcomb_0001,0,-0.004562,0.003082,-0.025664
Ben_Stein_0001|David_Canary_0001,0,-0.066377,-0.064317,-0.081369
Ben_Stein_0001|Lionel_Richie_0002,0,-0.000135,-0.002779,0.000777
Bernadette_Peters_0001|Ed_Smart_0001,0,-0.061916,-0.045809,-0.056104
Bertie_Ahern_0004|Jim_Leach_0001,0,0.072787,0.083340,0.063665
Bill_OReilly_0001|Jim_Wessling_0001,0,-0.082532,-0.060371,-0.061013
Billy_Boyd_0001|Sid_Caesar_0001,0,0.028979,0.022235,0.019298
Billy_Donovan_0001|Brandon_Spann_0001,0,0.041939,0.053227,0.070220
Billy_Donovan_0001|Cabas_0001,0,-0.015473,-0.009314,-0.025538
Billy_Donovan_0001|William_Nessen_0001,0,-0.025419,-0.009923,-0.024126
Binyamin_Ben-Eliezer_0001|Jenny_Romero_0001,0,0.065037,0.079733,0.060079
Bo_Ryan_0002|Heidi_Fleiss_0003,0,-0.040020,-0.018740,-0.026713
Bob_Beauprez_0002|Hedayat_Amin_Arsala_0001,0,-0.075099,-0.047258,-0.050412
Bob_Beauprez_0002|John_Norquist_0001,0,0.109898,0.143584,0.115759
Bob_Hayes_0001|Zhu_Rongji_0008,0,0.163853,0.160984,0.178023
Brady_Rodgers_0001|Jenna_Elfman_0001,0,-0.003885,-0.009860,-0.034628
Brandon_Larson_0001|Chita_Rivera_0001,0,0.141059,0.124564,0.145756
Brendan_Hansen_0002|Dorothy_Wilson_0001,0,0.025245,0.016015,0.009840
Caio_Blat_0001|Sanja_Papic_0001,0,0.108438,0.076966,0.065536
Carlos_Quintanilla_Schmidt_0001|Nova_Esther_Guthrie_0001,0,0.034822,0.028696,0.022906
Carlos_Quintanilla_Schmidt_0002|Chris_Thomas_0001,0,0.018418,0.032157,-0.000187
Carroll_Weimer_0001|Chris_Pronger_0001,0,-0.087285,-0.057347,-0.096449
Carroll_Weimer_0001|Debbie_Reynolds_0002,0,-0.093053,-0.053468,-0.107169
Cecilia_Bolocco_0001|John_Perrota_0001,0,0.084417,0.072232,0.094470
Cecilia_Bolocco_0001|Kurt_Schottenheimer_0001,0,-0.045729,-0.003098,-0.049464
Celia_Cruz_0001|Rob_Ramsay_0001,0,-0.132386,-0.068366,-0.095044
Charlie_Zaa_0002|Theo_Epstein_0002,0,0.000592,0.031455,0.009670
Chris_Pronger_0001|Edgar_Savisaar_0001,0,0.001735,0.055999,0.035023
Christian_Longo_0002|David_Carradine_0001,0,-0.035772,-0.059588,-0.046306
Christian_Wulff_0002|Kjell_Magne_Bondevik_0003,0,0.072237,0.128432,0.088235
Cindy_Klassen_0001|Val_Ackerman_0001,0,0.120222,0.169768,0.140867
Cindy_Taylor_0001|Fabian_Vargas_0001,0,0.013480,0.021758,0.016121
Claudette_Robinson_0001|Eric_Fehr_0001,0,0.026372,0.031756,-0.004405
Clifford_Robinson_0001|Magdalena_Maleeva_0002,0,0.008266,-0.029091,-0.017902
Clifford_Robinson_0001|Shirley_Jones_0001,0,-0.054629,-0.030554,-0.020041
Clifford_Robinson_0001|Tim_Howard_0001,0,-0.166291,-0.142597,-0.146839
Colin_Jackson_0001|Marcelo_Ebrard_0003,0,0.029342,0.094097,0.057664
Colin_Jackson_0002|Hunter_Bates_0001,0,-0.121846,-0.108807,-0.086580
Columba_Bush_0001|Neil_Goldman_0001,0,-0.024254,-0.043060,-0.008064
Craig_Fitzgibbon_0001|Joe_Dumars_0001,0,-0.011275,-0.003049,-0.001123
Cristian_Barros_0001|Steve_Largent_0001,0,-0.182743,-0.115484,-0.168942
Curtis_Strange_0001|Kurt_Schottenheimer_0001,0,-0.036113,-0.047961,0.005424
Curtis_Strange_0001|Raul_Chacon_0001,0,0.045169,0.073806,0.053013
Dan_Kellner_0001|Freda_Black_0001,0,-0.093508,-0.096426,-0.103080
Dan_LaCoutre_0001|Gustavo_Kuerten_0002,0,0.046667,0.099984,0.085338
Dan_Monson_0001|Jim_Flaherty_0001,0,0.033461,0.045689,0.058796
Dan_Monson_0001|Rafael_Vinoly_0001,0,0.027500,0.044043,0.049016
Darrell_Porter_0002|Robert_Towne_0001,0,-0.003354,0.013171,0.011561
Dave_Campo_0002|Jenny_Romero_0001,0,0.035034,0.039499,0.034519
David_Ballantyne_0001|Diana_Taurasi_0002,0,-0.114800,-0.126632,-0.104957
David_Carradine_0001|Kobe_Bryant_0001,0,0.012914,0.009193,0.008407
David_Dodge_0001|Francois_Botha_0001,0,-0.020356,-0.004353,-0.041845
David_Dodge_0002|Thomas_Wyman_0002,0,0.279833,0.302194,0.292215
David_Heyman_0001|Rod_Paige_0001,0,0.159058,0.152524,0.173261
David_Oh_0001|Desiree_McKenzie_0001,0,-0.006434,-0.002598,-0.017560
David_Oh_0001|Joe_Garner_0001,0,-0.036166,-0.022134,-0.040508
David_Spade_0002|Denise_Locke_0001,0,-0.012134,0.024682,-0.001655
David_Suazo_0001|Jane_Krakowski_0001,0,0.008154,0.051594,0.032964
David_Wells_0001|Mary_Hill_0001,0,-0.050157,-0.042994,-0.057852
David_Wells_0001|Yannos_Papantoniou_0001,0,-0.023349,0.005882,-0.026729
Dawna_LoPiccolo_0001|Jean-Claude_Juncker_0002,0,0.019658,0.075520,0.042799
Debbie_Reynolds_0001|Nick_Nolte_0001,0,0.014205,-0.020998,0.001355
Deniz_Baykal_0001|Kathy_Bates_0001,0,-0.102078,-0.114110,-0.094363
Deniz_Baykal_0001|Robin_Wagner_0001,0,-0.008466,0.026775,-0.003455
Desiree_McKenzie_0001|John_Danforth_0001,0,-0.005446,0.000359,-0.026673
Dick_Devine_0001|Michael_Jackson_0009,0,-0.042075,-0.044595,-0.006883
Dinora_Rosales_0001|Robbie_Fowler_0001,0,-0.122869,-0.088988,-0.118468
Dirk_Kempthorne_0001|Janusz_Kaminski_0001,0,-0.150888,-0.098700,-0.145658
Donald_Evans_0002|Fred_Funk_0002,0,0.064447,0.099915,0.075826
Dorothy_Wilson_0001|Jim_Thome_0001,0,-0.102879,-0.083703,-0.079296
Drew_Gooden_0001|Kimi_Raikkonen_0003,0,-0.016945,0.010693,0.009145
Dwain_Kyles_0001|Gregory_Peck_0001,0,0.117111,0.172287,0.145612
Ed_Smart_0003|Jason_Gardner_0001,0,-0.031567,0.042791,-0.012094
Edgar_Savisaar_0001|Kirk_Doerger_0001,0,-0.050245,-0.038452,-0.037550
Edward_Burns_0001|Paul_ONeill_0001,0,0.121772,0.110980,0.101304
Elmar_Brok_0001|Jose_Jose_0001,0,-0.046321,-0.025302,-0.005191
Emily_Mortimer_0001|Maria_Simon_0001,0,-0.082763,-0.066569,-0.088402
Enos_Slaughter_0001|Qais_al-Kazali_0001,0,-0.003831,-0.053141,-0.018972
Eric_Fehr_0001|Lee_Jun_0002,0,0.043205,0.090197,0.050344
Eric_Fehr_0001|Tamara_Mowry_0001,0,-0.061727,-0.096134,-0.064589
Faisal_Saleh_Hayat_0001|Marwan_Barghouthi_0001,0,0.035431,0.043465,-0.003465
Federico_Castelan_Sayre_0001|Jimmy_Jimenez_0001,0,-0.076007,-0.052083,-0.071304
Fiona_Milne_0001|Hartmut_Mehdorn_0001,0,-0.046353,-0.028643,-0.055939
Fiona_Milne_0001|Josh_Kronfeld_0001,0,-0.036931,-0.012548,-0.027951
Floyd_Keith_0001|Halle_Berry_0001,0,0.018794,0.045884,0.041199
Franklin_Brown_0001|Michael_Jackson_0010,0,0.203716,0.216531,0.214354
Franklin_Brown_0001|Tamara_Mowry_0001,0,0.012654,0.046915,-0.001975
Franklin_Brown_0001|Yolanda_King_0001,0,0.028370,0.002578,0.002693
Freda_Black_0001|Rod_Paige_0001,0,0.050278,0.071957,0.040990
Fruit_Chan_0001|Kjell_Magne_Bondevik_0003,0,-0.030785,0.006341,-0.031626
Gary_Winnick_0001|Michael_Patrick_King_0002,0,-0.009679,-0.019703,-0.032422
George_Robertson_0005|Robbie_Mc_Ewen_0001,0,0.068425,0.055878,0.067252
Gloria_Trevi_0004|William_Ragland_0001,0,0.014964,0.014794,0.013272
Grace_Dodd_0001|Henrique_Meirelles_0001,0,-0.037007,-0.042322,-0.055277
Graeme_Lloyd_0001|Humberto_Coelho_0001,0,-0.042060,-0.002510,-0.061659
Graeme_Lloyd_0001|Laura_Pausini_0001,0,0.010197,0.023768,0.024112
Greg_Rusedski_0002|Horace_Newcomb_0001,0,0.046217,0.067419,0.042327
Greg_Rusedski_0003|Javier_Bardem_0001,0,-0.038255,-0.019079,-0.064521
Greg_Rusedski_0003|Marcos_Milinkovic_0001,0,0.223165,0.219916,0.209401
Gregory_Peck_0001|Jacqueline_Obradors_0001,0,-0.069450,-0.034628,-0.095434
Guillermo_Ruiz_Polanco_0001|Jon_Constance_0001,0,-0.052319,-0.001529,-0.007910
Gustavo_Kuerten_0001|Rani_Mukherjee_0001,0,-0.081311,-0.022742,-0.073061
Halle_Berry_0012|Janet_Chandler_0001,0,0.013119,0.026376,0.038732
Hartmut_Mehdorn_0001|Natanaela_Barnova_0001,0,-0.003679,0.025740,0.010591
Hartmut_Mehdorn_0001|Sanja_Papic_0001,0,0.021403,0.051268,0.015091
Hartmut_Mehdorn_0001|Svetlana_Belousova_0001,0,0.001122,0.006821,-0.002339
Haydar_Aliyev_0001|Nuon_Chea_0001,0,0.037862,0.021966,0.026523
Heather_Willson_0001|Lynn_Redgrave_0003,0,0.010792,0.030310,0.029634
Hector_Mitelman_0001|Jon_Gruden_0002,0,0.035774,0.048316,0.021080
Helo_Pinheiro_0001|Robert_Durst_0001,0,0.053105,0.035964,0.054486
Herman_Edwards_0001|Patrick_Eaves_0001,0,-0.030814,-0.028924,-0.030781
Hermogenes_Ebdane_Jr_0001|Sanja_Papic_0001,0,-0.067406,-0.013664,-0.074095
Horace_Newcomb_0001|Stephan_Eberharter_0001,0,0.030832,-0.003008,0.013397
Hugo_Colace_0001|Kim_Yun-kyu_0001,0,-0.102092,-0.070225,-0.092402
Humberto_Coelho_0001|Sue_Wicks_0002,0,-0.012503,0.046470,0.014814
Hunter_Bates_0001|Pedro_Alvarez_0001,0,-0.053460,-0.066268,-0.093200
Hunter_Bates_0001|William_Rosenberg_0001,0,-0.133785,-0.128943,-0.138752
Igor_Trunov_0001|Peter_Sejna_0001,0,-0.126288,-0.048954,-0.134641
Ivan_Stambolic_0001|Michael_Bloomberg_0018,0,-0.042443,-0.031103,-0.063124
Jack_LaLanne_0001|Yves_Brodeur_0001,0,0.017813,0.016898,0.023365
Jacqueline_Obradors_0001|Julie_Taymor_0001,0,0.116581,0.150681,0.114881
Jada_Pinkett_Smith_0002|Jenny_Romero_0001,0,0.010720,0.026746,-0.011372
James_Cunningham_0003|Stephen_Daldry_0001,0,-0.028350,0.023806,0.012086
James_Gibson_0001|Roger_Corbett_0001,0,0.163182,0.167287,0.200086
James_Parker_0001|Saeed_Mortazavi_0001,0,-0.037382,-0.006295,-0.042892
Jane_Krakowski_0001|Shingo_Suetsugu_0001,0,0.008996,0.008683,0.002602
Janice_Goldfinger_0001|Pyar_Jung_Thapa_0001,0,-0.011462,0.052667,-0.001927
Janusz_Kaminski_0001|Lisa_Stone_0001,0,0.089228,0.080899,0.079464
Jason_Lezak_0001|John_Bolton_0004,0,-0.080266,-0.069881,-0.085764
Jason_Lezak_0001|Simon_Cowell_0001,0,-0.051095,0.001838,-0.027690
Javier_Vazquez_0001|Karin_Stoiber_0002,0,0.060720,0.072013,0.052905
Jay_Rasulo_0001|Nova_Esther_Guthrie_0001,0,0.139096,0.118277,0.138909
Jean-Marc_Olive_0001|John_Timoney_0001,0,-0.035998,-0.029694,-0.039567
Jean-Marc_Olive_0001|Tino_Martinez_0001,0,-0.140498,-0.137046,-0.154905
Jeri_Ryan_0001|Nova_Esther_Guthrie_0001,0,0.008919,0.022037,0.037295
Jeri_Ryan_0001|Peter_Goldmark_0001,0,0.038864,0.039193,0.038063
Jeri_Ryan_0001|Scott_Sullivan_0002,0,-0.036172,-0.052214,-0.047001
Jeri_Ryan_0001|Skip_Prosser_0001,0,0.084107,0.098233,0.084121
Jesse_James_Leija_0002|Joaquin_Phoenix_0001,0,-0.071528,-0.037110,-0.066021
Jesse_James_Leija_0002|Nick_Nolte_0004,0,0.038942,0.045523,0.020160
Jesse_Ventura_0002|Lela_Rochon_0001,0,0.132244,0.149509,0.143623
Jessica_Biel_0001|Jim_Fassel_0001,0,0.075674,0.086066,0.090481
Jim_Flaherty_0001|Mark_Andrew_0001,0,0.032479,0.029705,0.044662
Jim_Tressel_0003|Ralf_Schumacher_0003,0,0.017558,0.040553,0.029025
Jimmy_Jimenez_0001|Miles_Stewart_0001,0,-0.047369,-0.001149,-0.035162
Jimmy_Lee_0001|Nova_Esther_Guthrie_0001,0,-0.028352,-0.007858,-0.028385
Joaquin_Phoenix_0001|Rainer_Geulen_0001,0,-0.014090,-0.025189,-0.030301
Joe_Dumars_0002|Timothy_McVeigh_0001,0,0.044553,0.039952,0.038105
John_Bolton_0014|Kim_Yun-kyu_0001,0,-0.045047,-0.029313,-0.063653
John_Kerr_0001|Li_Changchun_0001,0,-0.033513,0.008410,-0.059298
John_Swofford_0002|Sok_An_0001,0,-0.065397,-0.001822,-0.059644
Juan_Fernandez_0001|Paul_Krueger_0001,0,0.046650,0.066321,0.036307
Juan_Fernandez_0001|Suzanne_Mubarak_0001,0,-0.035838,-0.031515,-0.038655
Justin_Wilson_0001|Larry_Hagman_0001,0,-0.056401,-0.051260,-0.054342
Justin_Wilson_0001|Ray_Bradbury_0001,0,0.021863,0.028449,0.005453
Kara_Lynn_Joyce_0001|Zach_Pillar_0001,0,0.037934,0.006006,0.037394
Kim_Chinn_0001|Robert_Flodquist_0001,0,-0.058868,-0.045250,-0.063675
Kim_Chinn_0001|Ruth_Harlow_0002,0,0.064400,0.064264,0.092178
Kim_Yong-il_0002|Linda_Ham_0001,0,0.027312,0.012360,-0.002635
Kwon_Yang-sook_0003|Tommy_Robredo_0001,0,0.083450,0.082640,0.070584
Lane_Bryant_0001|Yannos_Papantoniou_0001,0,0.055894,0.088913,0.060300
Larry_Hagman_0001|Teddy_Kollek_0001,0,-0.001269,0.016319,-0.019572
Larry_Hagman_0001|Val_Ackerman_0001,0,0.016151,0.059653,0.043644
Laura_Gobai_0001|Robin_Wagner_0001,0,0.024707,-0.005821,0.029587
Laura_Pausini_0001|Thad_Matta_0001,0,-0.019853,-0.007248,-0.015792
Laura_Romero_0001|Paula_Zahn_0002,0,-0.011679,-0.045253,0.000985
Lee_Jun_0001|Ruth_Pearce_0001,0,-0.003419,0.003338,-0.011804
Lee_Jun_0002|Stephen_Friedman_0001,0,0.035381,0.056186,0.042469
Lela_Rochon_0001|Michael_Haneke_0001,0,0.026065,0.049055,0.066363
Lela_Rochon_0001|Yannos_Papantoniou_0001,0,0.031903,0.048961,0.003699
Lesley_Flood_0001|Peter_Goldmark_0001,0,0.007064,0.030756,-0.001531
Li_Changchun_0001|Pieter_Bouw_0001,0,-0.011624,0.015119,0.007347
Lina_Krasnoroutskaya_0001|Troy_Polamalu_0001,0,0.054304,0.070125,0.029670
Linda_Lingle_0001|Victor_Hanescu_0001,0,0.033816,0.032030,0.038790
Lisa_Stone_0001|Rod_Paige_0001,0,-0.053978,-0.025661,-0.052244
Lisa_Stone_0001|Scott_Sullivan_0002,0,0.030917,0.073614,0.031154
Lou_Lang_0001|Nova_Esther_Guthrie_0001,0,-0.130213,-0.082309,-0.121150
Luc_Montagnier_0001|Paul_Krueger_0001,0,0.034170,0.039529,0.031956
Luc_Montagnier_0001|Pedro_Alvarez_0001,0,0.114573,0.096677,0.079991
Luc_Montagnier_0001|Pierre_Pettigrew_0002,0,0.055248,0.082407,0.051341
Luis_Guzman_0001|Patsy_Kensit_0001,0,-0.128354,-0.158840,-0.141473
Marcelo_Ebrard_0002|Mike_Scioscia_0002,0,0.042199,0.078933,0.054416
Marcelo_Rios_0004|Maria_Shriver_0003,0,0.221723,0.174467,0.195431
Marcelo_Rios_0004|Pierre_Pettigrew_0001,0,0.008274,0.032161,-0.006666
Marcelo_Rios_0004|Saeed_Mortazavi_0001,0,-0.047906,-0.030271,-0.006569
Margaret_Thatcher_0001|Pedro_Alvarez_0001,0,-0.032953,-0.013827,-0.049345
Margaret_Thatcher_0001|Salman_Rushdie_0002,0,0.039833,0.028079,0.009173
Maria_Simon_0001|Mona_Rishmawi_0001,0,-0.068247,-0.057752,-0.097410
Maria_Simon_0001|Robert_Durst_0001,0,0.011162,0.007749,0.006328
Marlon_Devonish_0001|Patrick_Clawsen_0001,0,-0.068829,-0.068845,-0.087107
Max_von_Sydow_0001|Zhu_Rongji_0001,0,-0.122850,-0.052904,-0.099107
Mel_Karmazin_0001|Pierre_Pettigrew_0001,0,0.066101,0.045100,0.056147
Melana_Scantlin_0001|William_Ragland_0001,0,-0.014633,0.001517,-0.029066
Michael_Bloomberg_0015|Ozzy_Osbourne_0002,0,0.211758,0.208106,0.200361
Michael_J_Fox_0001|Ricky_Barnes_0001,0,0.085455,0.104783,0.121538
Michael_J_Fox_0001|Thomas_Daily_0001,0,-0.056350,-0.086120,-0.067109
Micky_Ward_0001|Takenori_Kanzaki_0001,0,0.013016,0.046200,0.008282
Mike_Babcock_0001|Tony_Parker_0002,0,0.003365,0.040082,0.028880
Mike_Martz_0005|William_Burns_0001,0,0.159711,0.128246,0.107317
Mira_Sorvino_0001|Simon_Cowell_0002,0,0.005663,0.000873,-0.020121
Mira_Sorvino_0001|Tom_Tunney_0001,0,0.111562,0.092152,0.089062
Miroljub_0002|Theo_Epstein_0001,0,0.017252,0.046404,0.047758
Mitzi_Gaynor_0001|Ruth_Harlow_0001,0,-0.043557,-0.081022,-0.070362
Mohammed_Dahlan_0001|Ronald_White_0001,0,0.044414,0.083111,0.015315
Natanaela_Barnova_0001|Nuon_Chea_0001,0,-0.033440,-0.023137,-0.029792
Noel_Forgeard_0001|Zach_Pillar_0001,0,-0.001320,0.034074,-0.010219
Normand_Legault_0001|Omar_Vizquel_0001,0,-0.062942,-0.046566,-0.055852
Normand_Legault_0001|Rupert_Grint_0003,0,0.004054,0.023528,0.023568
Nova_Esther_Guthrie_0001|Stephen_Joseph_0001,0,0.063442,0.064875,0.035782
Ontario_Lett_0001|Wallace_Capel_0001,0,-0.154061,-0.110645,-0.100362
Orlando_Bloom_0001|Ray_Liotta_0001,0,-0.009184,0.021301,-0.006153
Patrick_Clawsen_0001|Sandra_Banning_0001,0,0.043928,0.032658,0.007404
Paul_Coppin_0002|Rick_Husband_0001,0,-0.006763,0.015993,0.002078
Paul_Murphy_0001|Qazi_Hussain_Ahmed_0001,0,0.110350,0.110669,0.095461
Paul_Newman_0001|Robert_Blake_0003,0,-0.094243,-0.075672,-0.111859
Paula_Zahn_0001|Tamara_Mowry_0001,0,-0.060003,-0.035858,-0.076122
Peter_Ahearn_0001|Romain_Duris_0001,0,-0.000624,-0.005785,0.008464
Peter_Gabriel_0001|Peter_OToole_0001,0,0.058507,0.064842,0.097658
Peter_Lundgren_0001|William_Rosenberg_0001,0,-0.033833,0.036351,0.011256
Peter_OToole_0001|Qazi_Afzal_0001,0,-0.045259,-0.004934,-0.066060
Qais_al-Kazali_0001|Ringo_Starr_0001,0,0.060597,0.077413,0.066201
Randy_Brown_0001|Val_Ackerman_0001,0,-0.063086,-0.055179,-0.055565
Rani_Mukherjee_0001|Timothy_McVeigh_0001,0,-0.033298,-0.016865,-0.049866
Ringo_Starr_0001|Zach_Pillar_0001,0,0.038751,0.044082,0.053450
Roger_Corbett_0001|Tocker_Pudwill_0001,0,0.060062,0.062119,0.042601
Ruth_Harlow_0001|Virgina_Ruano_Pascal_0001,0,-0.138547,-0.129566,-0.116964
Sandra_Banning_0001|Wolfgang_Schneiderhan_0001,0,-0.057595,-0.029533,-0.042740
Scott_Wolf_0002|Troy_Polamalu_0001,0,0.005190,-0.005554,0.005823
Sergei_Alexandrovitch_Ordzhonikidze_0001|Yolanda_King_0001,0,-0.007258,0.019695,0.004733
Shane_Loux_0001|Val_Ackerman_0001,0,0.015982,0.005507,0.005367
Shawn_Marion_0001|Shirley_Jones_0001,0,0.073460,0.084493,0.051457
Slobodan_Milosevic_0002|Sok_An_0001,0,0.031341,0.112408,0.076312
